chr1	14830	14969	2	2	1	0	6	26
chr1	15463	15623	1	1	0	0	5	23
chr1	18062	18267	2	2	1	0	4	14
chr1	134338	134563	1	1	0	0	5	26
chr1	136904	137049	2	2	0	0	8	31
chr1	139848	140074	2	2	1	0	3	1
chr1	174869	677638	2	2	0	4	0	13
chr1	320654	320880	1	1	1	0	3	1
chr1	320654	324287	1	1	1	0	3	1
chr1	320939	321031	1	1	1	0	25	22
chr1	322229	324287	1	1	1	0	8	26
chr1	324061	324287	1	1	1	0	3	1
chr1	324346	324438	1	1	1	0	11	3
chr1	326988	327035	1	1	0	0	9	30
chr1	328791	329016	2	2	0	0	5	26
chr1	660704	660929	1	1	0	0	5	26
chr1	682199	684617	2	2	0	0	2	19
chr1	705093	708355	2	2	1	0	4	6
chr1	713077	1144989	2	4	0	0	10	26
chr1	788147	788770	1	1	1	0	4	22
chr1	844549	844593	2	2	0	0	14	30
chr1	844549	844949	2	2	0	0	14	30
chr1	844905	844949	2	2	0	0	14	30
chr1	849825	850182	1	1	1	4	0	31
chr1	862803	863174	1	1	0	2	0	21
chr1	865717	866418	1	1	1	5	0	14
chr1	869606	869661	1	1	0	0	8	28
chr1	869606	870137	1	1	0	0	8	28
chr1	869606	870165	1	1	0	0	8	28
chr1	869718	869997	1	1	0	0	3	19
chr1	869718	870333	1	1	0	0	1	28
chr1	869746	869997	1	1	0	0	3	19
chr1	869746	870333	1	1	0	0	1	28
chr1	869802	869997	1	1	0	0	3	19
chr1	869802	870333	1	1	0	0	1	28
chr1	869886	870333	1	1	0	0	1	28
chr1	869942	869997	1	1	0	0	2	24
chr1	869942	870053	1	1	0	0	7	23
chr1	869942	870193	1	1	0	0	7	23
chr1	869942	870305	1	1	0	0	2	24
chr1	869970	870053	1	1	0	0	7	23
chr1	869970	870193	1	1	0	0	7	23
chr1	870054	870333	1	1	0	0	1	28
chr1	870138	870333	1	1	0	0	1	28
chr1	870278	870333	1	1	0	0	1	28
chr1	870306	870333	1	1	0	0	1	28
chr1	876687	877515	1	1	1	10	0	3
chr1	880527	880897	2	2	1	7	0	1
chr1	881034	881552	2	2	1	0	3	23
chr1	883613	883869	2	2	1	3	0	9
chr1	888669	889161	2	2	1	1	0	9
chr1	892654	894308	2	2	1	4	0	4
chr1	894462	894594	2	2	1	9	0	27
chr1	899389	899486	1	1	1	2	0	1
chr1	955754	957580	1	1	1	5	0	20
chr1	970705	976044	1	1	1	0	8	2
chr1	979638	979713	1	1	1	3	0	30
chr1	983068	983155	1	1	1	7	0	6
chr1	983276	983391	1	1	1	4	0	15
chr1	983746	984246	1	1	1	2	0	7
chr1	984832	984945	1	1	1	3	0	23
chr1	985176	985282	1	1	1	8	0	29
chr1	985418	985612	1	1	1	1	0	13
chr1	986218	986632	1	1	1	2	0	15
chr1	986750	986832	1	1	1	7	0	14
chr1	989358	989827	1	1	1	4	0	5
chr1	989932	990203	1	1	1	9	0	30
chr1	1153069	1153837	2	2	1	5	0	25
chr1	1164327	1167271	2	2	1	9	0	25
chr1	1217391	1217496	1	1	1	0	1	1
chr1	1220862	1222893	0	0	0	8	0	31
chr1	1221659	1222147	1	1	1	4	0	23
chr1	1229089	1229202	2	2	1	5	0	5
chr1	1231319	1231394	2	2	1	2	0	3
chr1	1233314	1233392	2	2	1	3	0	26
chr1	1233802	1233946	2	2	1	10	0	3
chr1	1234060	1234724	2	2	1	5	0	23
chr1	1234737	1235210	2	2	1	4	0	12
chr1	1237427	1238301	2	2	1	2	0	9
chr1	1238356	1238541	2	2	1	3	0	2
chr1	1238662	1239465	2	2	1	5	1	1
chr1	1240561	1240702	0	0	0	5	0	30
chr1	1244101	1244294	1	1	1	5	0	15
chr1	1244654	1244833	1	1	1	0	9	7
chr1	1245232	1246013	1	1	1	1	0	19
chr1	1246069	1246288	1	1	1	0	4	1
chr1	1246332	1246397	2	2	0	15	0	28
chr1	1246452	1246709	1	1	1	9	0	4
chr1	1248505	1248888	2	2	1	15	0	13
chr1	1249302	1250203	2	2	1	0	5	1
chr1	1249746	1250203	2	2	1	4	5	17
chr1	1249881	1249904	1	1	0	4	0	30
chr1	1273564	1273648	2	2	1	9	0	17
chr1	1275697	1275789	2	2	1	6	0	1
chr1	1275884	1277046	2	2	1	4	0	31
chr1	1277186	1277432	2	2	1	9	0	13
chr1	1278139	1284275	2	2	1	2	0	18
chr1	1279082	1279103	2	2	0	11	0	29
chr1	1284488	1284551	0	0	0	6	0	32
chr1	1309826	1310084	2	2	1	6	0	8
chr1	1310171	1310376	2	2	1	7	0	2
chr1	1310171	1310533	2	2	1	29	0	23
chr1	1322963	1323156	2	2	1	7	0	22
chr1	1323250	1323333	2	2	1	10	0	27
chr1	1323446	1324005	2	2	1	8	0	6
chr1	1323446	1325609	2	2	1	10	0	30
chr1	1325752	1325838	2	2	1	2	0	19
chr1	1332174	1428866	1	3	0	2	0	29
chr1	1334052	1334398	2	2	1	8	0	6
chr1	1335066	1335537	1	3	1	6	0	16
chr1	1337637	1341188	2	2	1	7	0	14
chr1	1342400	1342510	2	2	1	4	0	17
chr1	1387815	1389724	1	1	1	0	17	10
chr1	1391297	1391604	1	1	1	0	9	21
chr1	1414126	1414428	1	1	1	0	16	19
chr1	1417684	1417924	1	1	1	0	1	15
chr1	1417995	1420395	1	1	1	0	17	10
chr1	1418088	1456005	0	0	0	7	0	30
chr1	1418271	1424595	2	4	0	5	0	22
chr1	1421616	1421923	1	1	1	0	9	21
chr1	1423295	1424583	1	1	1	8	0	26
chr1	1426052	1430864	1	1	1	0	11	1
chr1	1452793	1453095	1	1	1	0	16	19
chr1	1455687	1455927	1	1	1	0	1	15
chr1	1458280	1458890	1	1	1	10	0	16
chr1	1458948	1459218	1	1	1	8	0	8
chr1	1459345	1459652	1	1	1	1	9	21
chr1	1460672	1461840	1	1	1	4	7	18
chr1	1461912	1463074	1	1	1	9	0	3
chr1	1464712	1469305	1	1	1	3	11	16
chr1	1551995	1558768	1	1	1	7	0	18
chr1	1553205	1554397	0	0	0	8	0	31
chr1	1553405	1553479	0	0	0	3	0	30
chr1	1563210	1563398	1	1	1	6	0	32
chr1	1564103	1564512	1	1	1	8	0	15
chr1	1564692	1564764	1	1	1	7	0	17
chr1	1564947	1565018	1	1	1	11	1	30
chr1	1569292	1569367	1	1	1	0	5	7
chr1	1570163	1570534	1	1	1	8	0	19
chr1	1572565	1572769	2	2	1	7	2	25
chr1	1573953	1575637	2	2	1	0	7	17
chr1	1576475	1577022	2	2	1	0	3	22
chr1	1577085	1640303	0	0	0	5	0	31
chr1	1577182	1577266	2	2	1	0	6	11
chr1	1586939	1588824	2	2	1	0	4	31
chr1	1588949	1590374	2	2	1	5	0	1
chr1	1632511	1632586	1	1	1	0	5	7
chr1	1635435	1635661	2	2	1	14	0	26
chr1	1635784	1635988	2	2	1	0	2	25
chr1	1637172	1638847	2	2	1	0	7	17
chr1	1639685	1640232	2	2	1	0	3	22
chr1	1640392	1640476	2	2	1	0	6	11
chr1	1647918	1650766	2	2	1	13	0	21
chr1	1650895	1653034	2	2	1	11	0	21
chr1	1653151	1654146	2	2	1	0	4	31
chr1	1664388	1664880	1	1	0	2	0	17
chr1	1686916	1687696	2	2	1	13	0	12
chr1	1696886	1710184	2	2	1	0	3	1
chr1	1718035	1718213	0	0	0	3	0	32
chr1	1718877	1720491	2	2	1	11	0	15
chr1	1736021	1737913	2	2	1	4	0	25
chr1	1737978	1747194	2	2	1	9	0	8
chr1	1747302	1749275	2	2	1	1	0	26
chr1	1756939	1770628	2	2	1	2	0	23
chr1	1756939	1822258	2	2	0	5	0	27
chr1	1761814	1769984	2	2	0	6	0	24
chr1	1770678	1822258	2	2	1	0	1	1
chr1	1987002	1990979	1	1	1	2	0	12
chr1	2006993	2008368	0	0	0	5	0	32
chr1	2018198	2018280	2	2	0	3	0	20
chr1	2038118	2038175	1	1	0	0	6	26
chr1	2039332	2041353	0	0	0	6	0	30
chr1	2053533	2053945	1	1	0	0	1	29
chr1	2053533	2054735	1	1	0	0	1	29
chr1	2105456	2106192	1	1	1	6	0	5
chr1	2116138	2116360	1	1	1	2	0	22
chr1	2125573	2126126	2	2	1	21	0	27
chr1	2159793	2160431	0	0	0	6	0	31
chr1	2198420	2204503	1	1	0	6	0	24
chr1	2235542	2235731	1	1	1	8	0	17
chr1	2235548	2235731	1	1	1	2	0	5
chr1	2319777	2321363	2	2	1	3	0	28
chr1	2323398	2327222	1	1	1	2	0	21
chr1	2330954	2332295	1	1	1	2	0	21
chr1	2332375	2333645	1	1	1	0	7	1
chr1	2441597	2442116	2	2	1	2	0	5
chr1	2445529	2445792	2	2	1	2	0	3
chr1	2451394	2451760	2	2	1	8	7	31
chr1	2451854	2452161	2	2	1	3	0	26
chr1	2452273	2452583	2	4	1	4	0	3
chr1	2519232	2519828	1	1	1	1	0	18
chr1	2521143	2522137	2	2	0	7	0	25
chr1	2627081	2629170	1	1	0	0	4	18
chr1	2627081	2630415	1	1	0	0	4	18
chr1	2629195	2630439	1	3	0	0	4	23
chr1	2629331	2630415	1	1	0	0	4	18
chr1	2992948	3100052	0	0	0	5	0	31
chr1	3010217	3054079	0	0	0	9	0	31
chr1	3022445	3026374	0	0	0	6	0	30
chr1	3541838	3541987	1	1	1	4	0	6
chr1	3547682	3548029	2	2	1	10	0	12
chr1	3555387	3563229	2	2	1	5	0	20
chr1	3699328	3700559	2	2	1	9	0	16
chr1	3806638	3807132	2	2	1	7	0	3
chr1	3807622	3809446	2	2	1	3	0	8
chr1	4208329	5097117	1	1	0	0	6	13
chr1	4509846	5097117	1	1	0	0	6	13
chr1	5782418	6584927	1	1	0	0	8	21
chr1	5993284	5999916	0	0	0	3	0	32
chr1	6027424	6029146	2	2	1	0	1	5
chr1	6046388	6053575	2	2	0	7	0	17
chr1	6196926	6202187	2	2	1	2	0	15
chr1	6204216	6206271	2	2	1	5	0	20
chr1	6246877	6252989	2	2	1	0	3	9
chr1	6285323	6291961	2	2	1	3	0	18
chr1	6295035	6295776	2	2	1	1	0	15
chr1	6324756	6341161	2	2	1	8	0	9
chr1	6383560	6541372	2	2	0	0	3	27
chr1	6416719	7095201	2	2	0	5	0	24
chr1	6443892	6835295	1	1	0	0	6	28
chr1	6443892	7233575	1	1	0	0	6	28
chr1	6529302	6529394	2	2	1	2	0	3
chr1	6534648	6535106	2	2	1	2	0	10
chr1	6574288	6821173	1	1	0	0	8	31
chr1	6705187	6705848	2	2	1	9	0	3
chr1	6707224	6714940	2	2	0	0	8	22
chr1	6744268	6902870	1	1	0	0	5	21
chr1	6759270	7159347	1	3	0	8	0	15
chr1	7833572	7837219	1	1	1	9	0	11
chr1	8021796	8022822	1	1	1	23	9	18
chr1	8021854	8022822	1	1	1	13	0	9
chr1	8029465	8030953	1	1	1	4	0	9
chr1	8031024	8037711	1	1	1	2	0	19
chr1	8305141	8886840	1	1	0	0	6	30
chr1	8385451	8385877	1	1	1	0	2	3
chr1	8773600	8932690	2	2	0	0	6	17
chr1	8839597	8854845	2	2	0	0	2	14
chr1	8865993	8870146	2	2	0	0	3	18
chr1	8921439	8922961	0	0	0	4	0	30
chr1	8923005	8923293	2	2	1	26	0	32
chr1	8923403	8923949	2	2	1	26	0	26
chr1	8924152	8925343	2	2	1	11	0	31
chr1	8925542	8926337	2	2	1	10	0	14
chr1	8926561	8927175	2	2	1	17	0	10
chr1	8927310	8928046	2	2	1	8	0	15
chr1	8928117	8930510	2	2	1	4	0	23
chr1	8930570	8931949	2	2	1	29	14	26
chr1	8932046	8934882	2	2	1	33	17	30
chr1	8934977	8938638	2	2	1	40	0	27
chr1	9169387	10042165	2	2	0	0	5	26
chr1	9451666	9620232	2	2	0	0	6	26
chr1	9627420	9630315	1	1	1	0	1	20
chr1	9640293	9642356	1	1	1	0	4	1
chr1	9662459	9663687	0	0	0	3	0	32
chr1	9791955	9793458	2	2	1	4	0	17
chr1	9793605	9794029	2	2	1	7	0	12
chr1	9795674	9795942	2	2	1	2	0	22
chr1	9932147	9937962	2	2	1	0	8	4
chr1	9995686	10002681	2	2	0	9	0	15
chr1	10002841	10003406	2	2	1	8	0	11
chr1	10037196	10042151	2	2	0	0	5	24
chr1	10069255	10250726	1	1	0	0	5	26
chr1	10132273	10155521	1	1	0	7	0	15
chr1	10171802	10947984	1	1	0	0	4	29
chr1	10182135	10186851	1	1	1	4	0	1
chr1	10190675	10190772	1	1	1	8	0	23
chr1	10207149	10209241	1	1	1	7	0	14
chr1	10278540	10279464	1	1	0	3	0	22
chr1	10332365	10335485	1	1	1	2	0	11
chr1	10335562	10336378	1	1	1	4	0	1
chr1	10402227	10403289	1	1	1	2	0	26
chr1	10459183	10459685	1	1	1	8	0	6
chr1	10463194	10464217	1	1	1	4	0	13
chr1	10471610	10473118	1	1	1	1	0	31
chr1	10478983	10479473	1	1	1	0	6	2
chr1	10490626	10490932	1	1	1	5	0	8
chr1	10535060	10555330	1	1	1	6	0	15
chr1	10684495	10687328	1	1	1	6	0	6
chr1	10724657	10748015	2	2	0	4	0	30
chr1	10764620	10765548	2	2	1	0	1	1
chr1	11075425	11076108	2	4	0	5	0	30
chr1	11080657	11082180	1	1	1	6	0	1
chr1	11116152	11116660	2	2	1	7	0	19
chr1	11116815	11118856	2	2	1	15	0	17
chr1	11118950	11119281	2	2	1	2	0	1
chr1	11119403	11119833	2	2	1	2	0	14
chr1	11128764	11129615	2	2	1	5	0	5
chr1	11129788	11130956	2	2	1	20	0	21
chr1	11131031	11132143	2	2	1	2	0	23
chr1	11139880	11140555	2	2	1	3	0	4
chr1	11147649	11147856	2	2	1	6	0	21
chr1	11150726	11151070	2	2	1	5	0	25
chr1	11158214	11159777	2	2	1	1	0	8
chr1	11167558	11168237	2	2	1	8	0	22
chr1	11169428	11169705	2	2	1	3	0	6
chr1	11169787	11172908	2	2	1	5	0	14
chr1	11259461	11259597	2	2	1	1	0	15
chr1	11270964	11272368	2	2	1	1	0	18
chr1	11276292	11288724	2	2	1	7	0	32
chr1	11300605	11301609	2	2	1	6	0	31
chr1	11737672	11740409	2	2	1	18	0	25
chr1	11778788	12113442	1	1	0	10	0	15
chr1	11792583	12234528	2	2	0	0	8	23
chr1	11887279	11888162	1	1	1	3	0	21
chr1	12052748	12056212	1	1	1	7	0	13
chr1	12056376	12057353	1	1	1	6	0	11
chr1	12064176	12064565	1	1	1	11	0	16
chr1	12068009	12068053	2	2	0	0	7	13
chr1	12113458	13027199	1	1	0	10	0	15
chr1	12290178	12294247	1	1	1	3	0	5
chr1	12320852	12321004	1	1	1	2	0	27
chr1	12322138	12326937	1	1	1	2	0	21
chr1	12327978	12328762	1	1	1	8	0	21
chr1	12374385	12378128	1	1	1	7	0	8
chr1	12403109	12405430	1	1	1	2	0	9
chr1	12422907	12423127	1	1	1	1	0	13
chr1	13533296	13537669	1	1	0	0	5	26
chr1	13754156	13758528	1	1	0	0	5	26
chr1	13910596	13933667	1	1	1	12	0	18
chr1	15125204	15876089	0	0	0	0	7	31
chr1	15232082	16168401	2	2	0	0	6	18
chr1	15327340	16168401	2	2	0	0	6	18
chr1	15360727	15567333	1	1	0	0	10	13
chr1	15360727	15597689	1	1	0	0	10	13
chr1	15360727	15925637	1	1	0	0	10	13
chr1	15370656	15382586	1	1	1	2	0	15
chr1	15568471	16168401	2	2	0	0	6	18
chr1	15752515	15753645	1	1	1	5	0	15
chr1	15834403	15844604	2	2	1	2	0	25
chr1	15853454	15855582	1	1	1	11	0	13
chr1	15886481	16509557	2	2	0	0	6	32
chr1	15898937	16005496	2	2	0	0	5	18
chr1	15898937	16068504	2	2	0	0	5	18
chr1	15898937	16093171	2	2	0	0	5	18
chr1	15943995	15944082	0	0	0	3	0	32
chr1	15944304	15953163	1	1	1	0	5	2
chr1	15969303	16168401	2	2	0	0	6	18
chr1	15975599	16168401	2	2	0	0	6	18
chr1	16047214	16055750	0	0	0	8	0	31
chr1	16063804	16168401	2	2	0	0	6	18
chr1	16097074	16101112	1	1	1	4	0	20
chr1	16237797	16242622	1	1	1	4	0	19
chr1	16242775	16245420	1	1	1	15	0	18
chr1	16262762	16263657	1	1	1	10	0	2
chr1	16271096	16271191	2	2	1	5	0	22
chr1	16561450	16572039	2	2	0	1	0	15
chr1	16582317	16583100	2	2	1	5	0	26
chr1	16840711	16993384	0	0	0	0	3	31
chr1	16840761	16940320	2	2	0	2	0	14
chr1	16840777	16993278	1	1	0	0	5	27
chr1	16840777	16993373	1	1	0	0	5	15
chr1	16840911	16993282	1	1	0	0	16	13
chr1	16899689	16900981	2	2	1	0	8	4
chr1	16901725	16902761	2	2	1	0	6	31
chr1	16908312	16914616	1	1	0	0	5	18
chr1	16935275	16939832	2	2	1	6	0	5
chr1	16946741	16952269	2	2	0	8	0	20
chr1	16953785	16954962	2	2	1	7	0	3
chr1	16955146	16957384	2	2	1	2	0	11
chr1	16965236	16993330	1	1	0	0	1	12
chr1	16969641	16971140	2	2	1	10	0	31
chr1	16973608	16973692	1	1	0	1	0	28
chr1	16975160	16975250	1	1	1	0	12	29
chr1	16993420	17007239	1	1	0	0	11	14
chr1	17026048	17067014	2	2	0	1	0	21
chr1	17067070	17222544	0	0	0	0	3	31
chr1	17067081	17222478	2	2	0	0	5	15
chr1	17067176	17222478	2	2	0	0	5	27
chr1	17085207	17085297	2	2	1	0	12	29
chr1	17197591	17222478	2	2	0	0	1	29
chr1	17257090	17257785	1	1	1	6	0	18
chr1	17266589	17270594	1	1	1	7	0	14
chr1	17294914	17296747	1	1	1	7	0	4
chr1	17318354	17318503	2	2	1	3	0	5
chr1	17332274	17338223	2	2	1	7	0	16
chr1	17349226	17350467	2	2	1	2	0	7
chr1	17371384	17380442	2	2	1	55	0	27
chr1	17739675	17740032	2	2	1	4	0	30
chr1	17743143	17747209	2	2	1	4	0	11
chr1	17747325	17748698	2	2	1	3	1	4
chr1	17749333	17752036	2	2	1	3	8	4
chr1	17805876	17812538	1	3	0	0	4	20
chr1	18082000	18149479	1	1	1	13	0	13
chr1	19216600	19228955	2	2	1	9	0	14
chr1	19335413	19895943	2	2	0	0	5	28
chr1	19413316	19414309	2	2	1	2	0	12
chr1	19419981	19420442	2	2	1	3	0	20
chr1	19427068	19428013	2	2	1	5	0	1
chr1	19431161	19431541	2	2	1	7	0	13
chr1	19436959	19437235	2	2	1	5	0	32
chr1	19437327	19439017	2	2	1	8	0	5
chr1	19439362	19440192	2	2	1	3	0	9
chr1	19445452	19446050	2	2	1	3	0	23
chr1	19447929	19448427	2	2	1	6	0	10
chr1	19449555	19451034	2	2	1	5	0	32
chr1	19468272	19470473	2	2	1	6	0	7
chr1	19477288	19478136	2	2	1	3	0	5
chr1	19479997	19480261	2	2	1	3	0	27
chr1	19481570	19481934	2	2	1	5	0	16
chr1	19482163	19482764	2	2	1	10	0	3
chr1	19484492	19486604	2	2	1	5	0	28
chr1	19487642	19488082	2	2	1	16	0	23
chr1	19499801	19499932	2	2	1	5	0	3
chr1	19513796	19513934	2	2	1	10	0	16
chr1	19526249	19528211	2	2	1	7	0	32
chr1	19528310	19536566	2	2	1	1	0	6
chr1	19545977	19546062	2	2	1	1	0	11
chr1	19552064	19552274	2	2	0	5	0	25
chr1	19564634	19565288	2	2	1	1	0	3
chr1	19565797	19566311	2	2	1	11	0	6
chr1	19578358	19582441	1	1	0	5	0	21
chr1	19578442	19614918	1	3	0	0	1	12
chr1	19581335	19582441	1	1	1	5	1	23
chr1	19636376	19909739	2	2	0	0	6	19
chr1	19746245	19811929	2	2	1	9	0	25
chr1	19923167	19948593	1	1	0	3	0	13
chr1	19923604	19948593	1	1	1	19	5	28
chr1	19948642	19949967	1	1	1	5	0	23
chr1	19950078	19952880	1	1	1	6	0	9
chr1	20024229	20471915	2	2	0	0	5	19
chr1	20079684	20089799	2	2	0	0	5	14
chr1	20124709	20126347	2	2	1	6	0	26
chr1	20313405	20946212	0	0	0	0	4	31
chr1	20495947	20564978	0	0	0	0	7	31
chr1	20537168	21219679	2	2	0	0	11	18
chr1	20980268	20980715	2	2	1	5	0	16
chr1	20980865	20981106	2	2	1	15	0	21
chr1	20981201	20981932	2	2	1	21	0	20
chr1	20982273	20982593	2	2	1	16	0	31
chr1	20987485	20987689	2	2	1	36	0	31
chr1	21072150	21074036	2	2	1	13	0	20
chr1	21083750	21091869	2	2	1	2	0	16
chr1	21092025	21094076	2	2	1	11	0	22
chr1	21094158	21097422	2	2	1	3	0	19
chr1	21121456	21121919	1	3	0	5	0	20
chr1	21123461	21499415	2	2	0	0	5	24
chr1	21142141	21142541	1	1	0	0	5	14
chr1	21180171	21181470	2	2	1	4	0	26
chr1	21181565	21183895	2	2	1	1	0	11
chr1	21191206	21191608	2	2	1	3	0	21
chr1	21296066	21324711	2	2	0	1	0	14
chr1	21296090	21299494	2	2	1	8	0	27
chr1	21329302	21377358	2	2	1	2	0	14
chr1	21470976	21471578	2	4	0	6	0	21
chr1	21616650	21616856	2	2	1	10	0	15
chr1	22109385	22109470	2	4	1	0	5	1
chr1	22156098	22156485	2	2	1	0	1	6
chr1	22158056	22158144	2	2	1	6	0	9
chr1	22174334	22174450	2	2	1	1	0	21
chr1	22204747	22204925	2	2	1	8	0	23
chr1	22222804	22263647	2	2	1	13	0	13
chr1	22309045	22361603	1	1	0	3	0	17
chr1	22379236	22404921	1	1	1	50	6	15
chr1	22405077	22408214	1	1	1	0	7	22
chr1	22408288	22412931	1	1	1	0	4	22
chr1	22839624	22843792	1	1	1	6	0	12
chr1	22903374	22912972	1	1	1	8	0	15
chr1	22925541	22927153	1	1	1	0	1	1
chr1	23341092	23582090	1	1	0	6	0	20
chr1	23384059	23385565	1	1	1	7	0	32
chr1	23385661	23395031	1	1	1	3	0	7
chr1	23395175	23395553	1	1	1	3	0	20
chr1	23515941	23536848	1	3	0	1	0	23
chr1	23524006	24195961	2	2	0	0	4	28
chr1	23524011	24147631	1	1	0	0	4	23
chr1	23620024	23620285	0	0	0	5	0	32
chr1	23656433	23656633	0	0	0	9	0	31
chr1	23664355	23664982	2	2	1	5	0	24
chr1	23665102	23667344	2	2	1	8	0	9
chr1	23665102	23670703	2	2	1	35	10	24
chr1	23667511	23670703	2	2	1	10	0	18
chr1	23667514	23670703	2	2	1	19	0	26
chr1	23884907	23885425	2	2	1	1	0	17
chr1	23954489	23954996	1	1	1	0	1	1
chr1	24018320	24019098	1	1	1	17	0	14
chr1	24019250	24020296	1	1	1	2	0	2
chr1	24020404	24021149	1	1	1	1	0	32
chr1	24021282	24022287	1	1	1	8	0	25
chr1	24049510	24056331	1	5	0	5	0	23
chr1	24075568	24076331	1	1	1	6	0	16
chr1	24080746	24080852	1	1	1	7	0	5
chr1	24080951	24082332	1	1	1	3	0	5
chr1	24083616	24086001	1	1	1	9	0	9
chr1	24123273	24123365	2	2	1	11	0	16
chr1	24147084	24151845	2	2	1	6	4	6
chr1	24246122	24555742	2	2	0	0	7	17
chr1	24298117	24298339	2	2	1	3	0	24
chr1	24298503	24301463	2	2	1	3	0	2
chr1	24305308	24306680	2	2	1	1	0	5
chr1	24507345	24513680	2	2	1	3	0	6
chr1	24682765	25082551	2	2	0	0	8	17
chr1	24685110	24687340	2	2	1	3	0	22
chr1	24706314	24710356	2	2	1	0	1	1
chr1	24706314	24710391	2	2	1	0	1	1
chr1	24742395	24745780	1	1	1	2	0	18
chr1	24969839	24972474	1	1	1	21	0	27
chr1	24976578	24977899	1	1	1	6	0	3
chr1	24978104	24978924	1	3	1	1	0	23
chr1	24979524	24981345	1	1	1	5	0	5
chr1	24981621	24987209	1	1	1	8	0	21
chr1	24989296	24993305	1	1	1	4	0	16
chr1	24993417	24995613	1	1	1	3	0	9
chr1	24998087	24998672	1	1	1	3	0	8
chr1	25159943	25160293	2	2	0	0	1	17
chr1	25487605	25487641	0	0	0	5	0	31
chr1	25568918	25569029	2	2	1	1	0	3
chr1	25679466	25683283	1	1	1	3	0	12
chr1	25775426	25780749	1	1	1	3	0	6
chr1	26135281	26135516	1	1	1	4	0	22
chr1	26139284	26140371	1	1	1	4	0	25
chr1	26146521	26149509	1	1	1	6	0	21
chr1	26153318	26156108	1	1	1	0	4	2
chr1	26230305	26231154	2	2	1	7	0	23
chr1	26231230	26232879	2	2	1	15	0	16
chr1	26317881	26318666	2	2	0	1	0	24
chr1	26390704	27210313	2	2	0	0	5	24
chr1	26462781	26779344	2	2	0	7	0	21
chr1	26496675	26496908	1	1	1	2	0	23
chr1	26496972	26497065	1	1	1	7	0	18
chr1	26507102	26507205	1	1	1	9	0	14
chr1	26510999	26511075	1	1	1	6	0	17
chr1	26560802	26566252	1	1	1	3	0	16
chr1	26584222	26584633	1	1	1	3	0	30
chr1	26587733	26628624	1	1	0	0	7	17
chr1	26623973	26624452	2	2	1	1	0	30
chr1	26624554	26633082	2	2	1	4	0	18
chr1	26758868	26759381	1	1	1	2	0	31
chr1	26799119	26799973	1	1	1	20	0	24
chr1	26800019	26800193	1	1	1	8	0	6
chr1	26800627	26801062	1	1	1	9	0	19
chr1	26801159	26801603	1	1	1	18	0	26
chr1	26803998	26804079	1	1	0	5	0	16
chr1	26889608	26995491	1	1	0	0	5	15
chr1	26936603	26995491	1	1	0	0	5	15
chr1	27046214	27210313	2	2	0	0	5	24
chr1	27050812	27053431	0	0	0	4	0	31
chr1	27058096	27059166	1	1	1	9	0	29
chr1	27089777	27092711	1	1	1	8	0	15
chr1	27215617	27216176	2	2	1	15	0	10
chr1	27269268	27269361	1	1	1	7	1	12
chr1	27271965	27272058	1	1	1	7	0	10
chr1	27272178	27272620	1	1	1	3	0	7
chr1	27456842	27460502	2	2	0	0	1	15
chr1	27520788	28443707	1	1	0	0	4	26
chr1	27648883	27657210	1	1	1	8	0	18
chr1	27686014	27686348	2	2	1	2	0	23
chr1	27687330	27687411	2	2	1	4	0	10
chr1	27688119	27688195	2	2	1	4	0	2
chr1	27721277	27752024	2	2	0	0	2	12
chr1	27841414	27994368	1	1	0	9	0	32
chr1	27857864	27866187	2	2	0	0	1	15
chr1	27930305	27930375	2	4	0	5	0	28
chr1	28023668	28238388	1	1	0	0	4	26
chr1	28056720	28060363	0	0	0	3	0	30
chr1	28157403	28159266	1	1	1	13	6	17
chr1	28224219	28233438	2	2	1	9	0	20
chr1	28233794	28240573	2	2	1	2	0	29
chr1	28531861	28534852	2	2	1	6	0	10
chr1	28536578	28537081	2	2	1	5	0	20
chr1	28562782	28562871	1	1	1	7	0	30
chr1	28586449	28595693	1	1	1	6	0	12
chr1	28600670	28601335	1	1	1	3	0	20
chr1	28696337	28733920	1	1	1	6	0	18
chr1	28703207	28868278	1	1	0	0	4	19
chr1	28703207	29294851	1	1	0	0	4	19
chr1	28722978	28910897	1	1	0	0	11	30
chr1	28802804	28806962	1	1	1	3	0	18
chr1	28818300	28819526	1	1	1	1	0	19
chr1	28832597	28834639	1	1	1	0	14	1
chr1	28834673	28835341	1	1	1	9	14	28
chr1	28844821	28856369	1	1	1	19	0	22
chr1	28853382	28873693	2	2	0	1	0	28
chr1	28858503	28858682	1	1	1	6	0	25
chr1	28861893	28862382	1	1	1	6	0	22
chr1	28863412	28864343	1	1	1	3	0	31
chr1	28893926	28897687	1	1	1	2	0	19
chr1	29003349	29007017	1	1	0	0	1	26
chr1	29090999	29091469	2	2	0	3	0	32
chr1	29219639	29221044	1	1	0	13	0	24
chr1	29469984	29470021	1	1	0	7	0	24
chr1	29528558	29533273	2	2	1	4	0	17
chr1	29639219	29641883	1	1	1	3	0	19
chr1	31378238	31378835	2	2	0	0	1	20
chr1	31406190	31409489	2	2	1	7	0	9
chr1	31419303	31462237	1	1	0	0	2	16
chr1	31437758	31438828	2	2	1	7	0	10
chr1	31454253	31465236	2	2	1	1	0	8
chr1	31468068	31501642	2	2	1	8	0	17
chr1	31479950	31501642	2	2	1	1	0	27
chr1	31532425	31538462	2	2	1	11	0	11
chr1	31610158	31756189	2	2	0	0	10	28
chr1	31613490	31635385	2	2	0	0	1	29
chr1	31732969	31734375	2	2	1	3	0	18
chr1	31769923	31782890	1	1	1	15	0	22
chr1	32059401	32076005	1	1	0	0	1	17
chr1	32101124	32110441	2	2	1	7	0	18
chr1	32109898	32117449	1	1	1	0	1	2
chr1	32193683	32193782	2	2	1	6	0	14
chr1	32197021	32197715	2	2	1	3	0	25
chr1	32377428	32381495	2	2	1	0	1	23
chr1	32385260	32403587	2	2	1	0	2	12
chr1	32479979	32495898	1	1	1	4	0	17
chr1	32572179	33198441	2	2	0	6	0	18
chr1	32615360	32615544	1	1	0	1	0	20
chr1	32632898	32635482	1	1	1	11	0	8
chr1	32645378	32645914	1	1	1	21	0	30
chr1	32653726	32655655	1	1	1	2	0	5
chr1	32659762	32660502	1	1	1	2	0	14
chr1	32681150	32681273	2	2	1	2	0	13
chr1	32688046	32688138	1	1	1	10	0	30
chr1	32690077	32691771	1	1	1	1	0	5
chr1	32691922	32692003	1	1	1	3	0	9
chr1	32694418	32694735	1	1	1	3	0	8
chr1	32696621	32696715	1	1	1	6	0	12
chr1	32797408	32797690	1	1	1	3	0	14
chr1	32859742	32860004	2	2	1	4	0	10
chr1	32963926	32977003	2	2	0	0	2	28
chr1	33027287	33035148	2	2	0	0	1	23
chr1	33116924	33117514	1	1	1	1	0	23
chr1	33116924	33117517	1	1	1	3	0	19
chr1	33126084	33126967	2	2	0	4	0	15
chr1	33134000	33134339	1	1	1	0	2	1
chr1	33134456	33134572	1	1	1	9	0	22
chr1	33252677	33256762	2	2	1	20	0	20
chr1	33255895	33750801	1	1	0	0	5	30
chr1	33256856	33263363	2	2	1	6	0	13
chr1	33263240	33263363	2	2	1	5	0	20
chr1	33272213	33276191	2	2	1	2	0	13
chr1	33283291	33290913	1	1	1	3	0	6
chr1	33291031	33291698	1	1	1	2	0	7
chr1	33408061	33409619	2	2	1	4	0	23
chr1	33409761	33411114	2	2	1	6	0	20
chr1	33415376	33429651	2	2	1	10	0	19
chr1	33476374	33476393	0	0	0	3	0	32
chr1	33479004	33480122	2	2	1	8	0	31
chr1	33480196	33487193	2	2	1	5	0	18
chr1	33482542	33495942	1	1	0	1	0	26
chr1	33490129	33502417	2	2	0	0	11	23
chr1	33625004	33625832	2	4	0	5	0	21
chr1	33722256	33741700	1	1	1	3	0	16
chr1	33829777	33829826	2	4	0	5	0	15
chr1	34123602	34173312	2	2	0	0	1	17
chr1	35321584	35325277	2	2	1	4	0	23
chr1	35643001	35643589	2	2	1	1	0	8
chr1	35652724	35652803	2	2	1	5	0	14
chr1	35652853	35653573	2	2	1	8	0	13
chr1	35653692	35654603	2	2	1	4	0	17
chr1	35654689	35654786	2	2	1	9	0	26
chr1	35654984	35656098	2	2	1	4	0	31
chr1	35656195	35656294	2	2	1	2	0	4
chr1	35656597	35656941	2	2	1	8	0	8
chr1	35761590	35771164	1	1	0	3	0	29
chr1	35835715	35835972	1	1	1	7	0	9
chr1	35880452	36199173	0	0	0	5	0	31
chr1	35884174	35885070	1	1	1	6	0	15
chr1	36023825	36024707	1	1	1	5	0	12
chr1	36029511	36030827	1	1	1	9	0	5
chr1	36070884	36074846	2	2	1	3	0	20
chr1	36075010	36096874	2	2	1	13	0	30
chr1	36102034	36106942	2	2	1	10	0	2
chr1	36102034	36107098	2	2	0	7	0	27
chr1	36205131	36208741	2	2	1	2	0	13
chr1	36215133	36215233	2	2	1	3	0	2
chr1	36217108	36219345	2	2	1	4	0	9
chr1	36230316	36230818	2	2	1	3	0	10
chr1	36291662	36292348	1	1	1	5	0	22
chr1	36372721	36379442	1	1	1	13	0	18
chr1	36492900	36499774	1	1	1	1	0	11
chr1	36645358	36645474	1	1	1	7	0	22
chr1	36690107	36724982	1	1	1	7	0	2
chr1	36759537	36759650	1	1	1	3	0	7
chr1	36762372	36766486	1	1	1	0	3	2
chr1	36772026	36772198	1	1	1	7	0	1
chr1	36784914	36785042	1	3	1	8	0	19
chr1	36788327	36788571	2	2	1	8	0	6
chr1	36826942	36851323	2	2	1	5	0	7
chr1	36833686	36851323	2	2	1	6	0	17
chr1	37830978	37837120	2	2	0	0	1	25
chr1	37974925	37975055	2	2	1	5	0	9
chr1	37997862	37998891	2	2	0	0	10	27
chr1	38033366	38033875	2	2	1	3	0	24
chr1	38040058	38040265	2	2	1	1	0	9
chr1	38260405	38261408	1	1	1	8	0	17
chr1	38273586	38273685	0	0	0	10	0	31
chr1	38273979	38274202	1	1	1	8	0	21
chr1	38274779	39054966	2	2	0	5	0	12
chr1	38323382	38325202	2	2	1	8	0	5
chr1	38330096	38331432	2	2	1	9	0	4
chr1	38407937	38409311	2	2	1	0	1	2
chr1	38435137	38435242	2	2	1	7	0	23
chr1	38444500	38444659	2	2	1	6	0	9
chr1	38444728	38445136	2	2	1	12	0	18
chr1	38445206	38446257	2	2	1	6	3	10
chr1	38447484	38449840	2	2	1	5	0	12
chr1	38453509	38455219	2	2	1	14	0	26
chr1	38455268	38455541	2	2	1	4	0	8
chr1	38482093	38483339	1	1	1	10	0	31
chr1	38484250	38484730	1	1	1	2	0	9
chr1	38488482	38489216	1	1	1	4	0	3
chr1	38566862	38567443	2	2	0	3	0	27
chr1	39185299	39840567	1	1	0	0	7	26
chr1	39330387	39332551	2	2	1	6	0	23
chr1	39332682	39333233	2	2	1	10	0	32
chr1	39338763	39338962	2	2	1	13	0	6
chr1	39492071	39494394	1	1	1	24	0	16
chr1	39492075	39494394	1	1	1	6	0	17
chr1	39494613	39500063	1	1	1	0	7	29
chr1	39748974	39749080	1	1	1	2	0	17
chr1	39750883	39750968	1	1	1	6	0	28
chr1	39759292	39760717	1	1	1	15	0	7
chr1	39776101	39776502	1	1	1	10	0	25
chr1	39816691	39818678	1	1	1	2	0	29
chr1	39888208	39888401	1	1	1	6	0	3
chr1	39895741	39896373	1	1	1	1	0	26
chr1	39906998	39907623	1	1	1	4	0	17
chr1	39916884	39917827	1	1	1	7	0	16
chr1	39918485	39919378	1	1	1	1	0	24
chr1	39920770	39924041	1	1	1	6	0	30
chr1	39927710	39929283	1	1	1	8	0	14
chr1	39934405	39945469	1	1	1	5	0	23
chr1	40020065	40022270	2	2	0	3	0	22
chr1	40027876	40027994	2	2	1	6	0	17
chr1	40029595	40030094	2	2	1	6	0	16
chr1	40034612	40035266	2	2	1	5	0	16
chr1	40038259	40041430	2	2	1	3	0	23
chr1	40254022	40254345	0	0	0	4	0	32
chr1	40432364	40432482	1	1	1	7	0	12
chr1	40506456	40525005	1	1	1	8	0	12
chr1	40531993	40533211	1	1	1	0	3	2
chr1	40533390	40535361	1	1	1	4	0	5
chr1	40536185	40536507	1	1	1	3	0	30
chr1	40558180	40562786	2	2	1	2	0	12
chr1	40735800	40737565	1	1	1	2	0	23
chr1	40857441	40876683	2	2	0	5	0	21
chr1	41326023	41421811	1	1	0	2	0	23
chr1	41330415	41560552	2	2	0	5	0	20
chr1	41445502	41448949	1	1	1	3	0	16
chr1	41453145	41454265	1	1	1	9	0	7
chr1	41463199	41466700	1	1	1	0	1	3
chr1	41466790	41467831	1	1	1	4	0	19
chr1	41467927	41468785	1	1	1	12	0	26
chr1	41471767	41474330	1	1	1	2	0	19
chr1	41474563	41475116	1	1	1	2	0	27
chr1	41475262	41475832	1	1	1	4	0	2
chr1	41512271	41514361	2	2	1	10	0	24
chr1	42645497	42647587	2	2	1	7	0	22
chr1	43148403	43149073	1	1	1	0	4	3
chr1	43149138	43159160	1	1	1	7	0	4
chr1	43159195	43161869	1	1	1	7	0	27
chr1	43161960	43162312	1	1	1	15	0	13
chr1	43162616	43162850	1	1	1	6	18	32
chr1	43162934	43166451	1	1	1	47	7	32
chr1	43166718	43167651	1	1	1	1	25	15
chr1	43220889	43221218	2	2	1	0	3	1
chr1	43282925	43291293	1	1	1	2	0	13
chr1	43312329	43314961	1	1	1	2	0	7
chr1	43392913	43393275	2	2	1	8	0	21
chr1	43395707	43396296	2	2	1	14	0	26
chr1	43396538	43396716	2	2	1	2	0	5
chr1	43632591	43632830	2	2	1	7	0	1
chr1	43789105	43835139	2	4	0	0	1	30
chr1	43824678	43824837	1	1	1	41	0	26
chr1	43825769	43825863	1	1	1	14	0	14
chr1	43826265	43826403	1	1	1	15	0	21
chr1	43826917	43827865	1	1	1	0	2	3
chr1	43830680	43830856	2	2	1	16	0	21
chr1	43831048	43831234	2	2	1	0	6	1
chr1	43855667	43868847	1	1	1	1	0	31
chr1	43875993	43877661	1	3	1	0	16	15
chr1	43898111	43898187	1	1	1	4	0	6
chr1	43898276	43898398	1	1	1	2	0	23
chr1	43909149	43909267	1	1	1	0	7	1
chr1	43912840	43913215	1	1	1	1	0	6
chr1	43917389	43917468	2	2	1	7	0	8
chr1	43919169	43919265	2	2	1	8	0	28
chr1	44057543	44063605	0	0	0	5	0	31
chr1	44057620	44058127	1	1	1	2	0	29
chr1	44069205	44069281	1	1	1	8	0	7
chr1	44083583	44084300	1	1	1	11	0	5
chr1	44084874	44084958	1	1	1	9	0	31
chr1	44085530	44085765	1	1	1	1	0	5
chr1	44095207	44141757	1	1	0	1	0	19
chr1	44127834	44176016	1	1	0	0	9	26
chr1	44133691	44134770	1	1	1	4	0	10
chr1	44280606	44303890	1	1	1	1	0	18
chr1	44435943	44436267	1	1	1	13	0	26
chr1	44437743	44437829	1	1	1	1	0	17
chr1	44441846	44441973	1	1	1	5	0	7
chr1	44679531	44680021	1	1	1	2	0	10
chr1	44685982	44686230	1	1	1	0	2	1
chr1	44686116	44686230	1	1	1	0	2	1
chr1	45008907	45009574	2	2	0	1	0	27
chr1	45044153	45048214	0	0	0	7	0	31
chr1	45097885	45098014	1	1	1	4	0	30
chr1	45110949	45111081	1	1	1	7	0	4
chr1	45111161	45115332	1	1	1	3	0	8
chr1	45221656	45221746	1	1	1	4	0	6
chr1	45226157	45226263	1	1	1	4	0	24
chr1	45232622	45232768	1	1	1	1	0	6
chr1	45241273	45241705	1	1	1	16	9	27
chr1	45241813	45242346	1	1	1	11	0	29
chr1	45242447	45243285	1	1	1	10	6	18
chr1	45243802	45244247	1	1	1	10	0	9
chr1	45392412	45407177	2	2	1	8	0	6
chr1	45477958	45478578	1	1	1	11	0	20
chr1	45479027	45479265	1	1	1	2	0	19
chr1	45480509	45480611	1	1	1	8	0	22
chr1	45805977	45806744	1	1	1	11	3	12
chr1	45805977	45806974	1	1	1	0	3	1
chr1	45806888	45806974	1	1	1	4	0	7
chr1	45807016	45807144	1	1	1	4	0	17
chr1	45924112	45926066	2	2	0	0	1	27
chr1	45977087	45980178	2	2	1	13	0	30
chr1	45980668	45981325	2	2	1	6	0	13
chr1	46000179	46048682	2	2	0	0	1	32
chr1	46034672	46034814	1	1	1	1	0	17
chr1	46034902	46035562	1	1	1	3	0	23
chr1	46049878	46056894	1	1	1	2	0	6
chr1	46070689	46072153	1	1	1	4	0	8
chr1	46072264	46072992	1	1	1	3	0	5
chr1	46078921	46079767	1	1	1	0	4	8
chr1	46080039	46080684	1	1	1	11	0	7
chr1	46081144	46082008	1	1	1	13	0	29
chr1	46082066	46082297	1	1	1	10	0	20
chr1	46083264	46083732	1	1	1	1	0	26
chr1	46094081	46095247	2	2	1	2	0	6
chr1	46485370	46487621	1	1	1	0	2	1
chr1	46496963	46497062	1	1	1	9	0	2
chr1	46498738	46705627	1	1	0	0	7	25
chr1	46663544	46664007	2	2	1	8	0	12
chr1	46714081	46714183	1	1	1	6	0	16
chr1	46727058	46733130	1	1	1	1	0	8
chr1	46733282	46736330	1	1	1	1	0	29
chr1	46744757	46744853	2	2	1	2	0	11
chr1	46763294	46768896	0	0	0	7	0	31
chr1	46764043	46768795	2	2	1	8	0	7
chr1	46769493	46774772	1	1	1	0	4	21
chr1	46771361	46771529	0	0	0	4	0	30
chr1	46775717	46775826	1	1	1	5	0	8
chr1	46876527	46877283	1	1	1	0	5	22
chr1	46877324	46877814	1	1	1	0	5	3
chr1	46883639	46885486	1	1	0	0	12	20
chr1	47033698	47670699	1	1	0	6	0	14
chr1	47393396	47396733	2	2	0	0	1	20
chr1	47613521	47616857	1	1	0	11	1	32
chr1	47753333	47755106	2	2	1	9	0	24
chr1	47799789	47834140	1	1	1	2	0	6
chr1	47840658	47840868	1	1	1	6	0	23
chr1	48335434	48379706	0	0	0	5	0	32
chr1	51001130	51005263	2	2	1	2	0	27
chr1	51149233	51149319	0	0	0	3	0	30
chr1	51171564	51204534	2	2	1	0	8	3
chr1	51267350	51323600	2	2	1	5	0	4
chr1	51763699	51766657	1	1	0	6	0	14
chr1	51774998	51776925	2	2	1	1	0	22
chr1	51787498	51796108	2	2	1	6	0	17
chr1	51793483	51819362	2	2	0	0	1	20
chr1	51822519	51826842	2	2	1	5	0	14
chr1	52195674	52211207	1	1	1	8	0	5
chr1	52249698	52249935	1	1	1	7	0	21
chr1	52280282	52280364	2	2	1	6	0	19
chr1	52293542	52299688	2	2	1	3	0	9
chr1	52475235	52968437	1	1	0	0	6	21
chr1	52486685	52489162	2	2	1	8	0	15
chr1	52522052	52525506	1	1	1	0	2	15
chr1	52747489	52759124	1	1	1	8	0	16
chr1	52822847	52823197	2	2	1	1	0	1
chr1	52825207	52825376	2	2	1	4	0	11
chr1	52825556	52825745	2	2	1	10	0	16
chr1	52878297	52879550	1	1	1	0	10	4
chr1	53082428	53094154	1	1	0	0	1	20
chr1	53158540	53163892	2	2	1	12	0	16
chr1	53332240	53333210	1	3	1	6	0	29
chr1	53662768	53666390	1	1	1	1	0	17
chr1	53692817	53694543	2	2	1	3	0	6
chr1	53693489	53702898	1	1	0	0	5	27
chr1	53694627	53699213	2	2	1	5	0	3
chr1	53699325	53701248	2	2	1	3	0	11
chr1	53701308	53704032	2	2	1	1	0	16
chr1	53716535	53720788	2	2	1	4	0	15
chr1	53726278	53727739	2	2	1	3	0	14
chr1	54236539	54310468	1	3	0	0	4	32
chr1	54254870	54258901	2	2	1	4	0	9
chr1	54301294	54303877	2	2	1	13	5	7
chr1	54354660	54355385	2	2	1	8	0	21
chr1	54394114	54395711	2	2	1	1	0	11
chr1	54412223	54417658	1	1	1	10	0	28
chr1	54499564	54999635	1	1	0	0	5	25
chr1	54511460	54519028	2	2	1	3	0	15
chr1	54666263	54670690	1	1	1	15	0	29
chr1	54678332	54681813	1	1	1	10	0	15
chr1	54694151	54694420	2	2	1	8	0	24
chr1	54707183	54707836	2	2	1	0	7	6
chr1	54717534	54722799	2	2	1	1	0	12
chr1	55319286	55319709	2	2	1	7	0	6
chr1	55331120	55337022	2	2	1	8	0	26
chr1	55337287	55340765	2	2	1	1	0	5
chr1	55341721	55349290	2	2	1	5	0	25
chr1	55537598	55537989	2	2	1	7	0	22
chr1	55598374	55599742	2	2	1	11	0	26
chr1	55625359	55627871	2	2	1	4	0	14
chr1	59097078	59097190	2	2	0	0	11	23
chr1	59126900	59127077	2	2	1	1	0	28
chr1	59134239	59134655	2	2	1	0	5	3
chr1	59150924	59154709	2	2	1	4	0	26
chr1	59160880	59165656	2	2	1	9	0	29
chr1	59304361	59306768	2	2	1	0	1	2
chr1	60294525	60297834	1	1	1	3	0	23
chr1	60326001	60328455	1	1	1	5	0	29
chr1	60336783	60338466	1	1	1	14	0	15
chr1	61818240	61824818	1	1	1	6	0	3
chr1	62398953	62483135	2	2	0	0	9	17
chr1	62533587	63197034	2	2	0	0	6	27
chr1	62574193	62579724	1	1	1	4	0	5
chr1	62588731	62593643	1	1	1	2	0	7
chr1	62903072	62905469	1	1	1	8	0	2
chr1	62958519	62959945	2	2	1	2	0	8
chr1	63018573	63021495	2	2	1	8	0	10
chr1	63024892	63027287	2	2	1	7	0	8
chr1	63119831	63128695	2	2	1	2	0	10
chr1	63128802	63153897	2	2	1	1	0	9
chr1	63197555	64062190	1	1	0	0	7	23
chr1	63202215	63217507	1	3	0	1	0	32
chr1	63249897	63269389	1	1	1	3	0	4
chr1	63833359	63836441	1	1	1	48	0	31
chr1	63848442	63864238	1	1	0	0	3	28
chr1	63894473	63894598	1	1	1	3	0	20
chr1	64059113	64059320	0	0	0	7	0	32
chr1	64102060	64104355	1	1	1	15	0	30
chr1	65247255	65255070	1	1	1	7	0	3
chr1	65278533	65280386	1	1	1	2	0	4
chr1	65323463	65325787	2	2	1	9	0	11
chr1	65665879	65718395	2	2	0	0	6	31
chr1	65720333	65830317	1	1	1	5	0	12
chr1	65831618	65831730	1	1	1	6	0	18
chr1	65895732	65897485	1	1	1	0	9	2
chr1	67394647	67405710	1	1	1	2	0	20
chr1	67405736	67411832	1	1	1	2	0	7
chr1	67424667	67425361	1	1	1	4	0	9
chr1	67878947	67880848	2	2	1	6	0	21
chr1	67890643	67890765	2	2	1	3	0	15
chr1	67891969	67895670	2	2	1	0	3	23
chr1	68152271	68153343	1	1	1	5	0	16
chr1	68614344	68615870	2	2	1	5	0	5
chr1	68659911	68697876	2	2	1	9	0	27
chr1	68945004	68947122	2	2	1	7	0	27
chr1	68952668	68954056	2	2	1	1	0	30
chr1	70644677	70646768	2	2	1	5	0	13
chr1	70653022	70654774	2	2	1	4	0	28
chr1	70671464	70687297	1	1	1	0	1	2
chr1	70698061	70700378	1	1	1	2	0	22
chr1	70700472	70701183	1	1	1	7	0	11
chr1	70703236	70705121	1	1	1	4	0	7
chr1	70715731	70716047	1	1	1	4	0	11
chr1	70877267	70881638	1	1	1	3	0	21
chr1	71532618	71534958	2	2	1	12	0	18
chr1	71536680	71537803	2	2	1	3	0	20
chr1	74815447	75384168	1	1	0	0	5	26
chr1	75740728	75766296	2	2	1	4	0	25
chr1	76211600	76215103	1	1	1	6	0	2
chr1	76212335	76320768	1	1	0	3	0	27
chr1	76667951	76668152	1	3	0	1	0	31
chr1	76900678	77166044	1	1	0	6	0	32
chr1	77635081	77672324	2	2	1	4	0	28
chr1	77672417	77676120	2	2	1	0	2	2
chr1	78107341	78148269	2	4	1	5	0	2
chr1	78425949	78426028	2	2	1	7	0	29
chr1	78429848	78429938	2	2	1	5	0	11
chr1	84680001	84700862	1	1	1	4	0	18
chr1	84945193	84946638	1	1	1	2	0	24
chr1	84961747	84961926	1	1	1	6	0	28
chr1	85136499	85156053	2	2	1	2	0	18
chr1	85486960	85487752	2	2	1	11	0	21
chr1	85726632	85861085	1	1	0	7	0	20
chr1	86046731	86047047	1	1	1	3	0	7
chr1	86172039	86172124	2	2	1	5	0	18
chr1	87794928	87797695	1	1	1	4	0	22
chr1	87805316	87805729	1	1	1	8	0	9
chr1	89206972	89225904	1	1	1	0	1	4
chr1	89298535	89298759	1	1	1	1	0	32
chr1	89426971	89427063	2	2	1	5	0	16
chr1	90473310	90475646	1	1	1	9	0	25
chr1	90596047	91582249	1	1	0	0	7	26
chr1	91195341	91852841	2	2	0	0	5	16
chr1	91195341	91853102	2	2	0	0	8	17
chr1	91731665	91733301	2	2	1	2	0	32
chr1	91754419	91754465	0	0	0	0	5	30
chr1	91852882	92059816	1	1	0	4	0	14
chr1	91966861	91967210	1	1	1	0	9	1
chr1	91967040	91967210	1	1	1	0	9	1
chr1	92068683	92340282	2	2	0	0	6	14
chr1	92149415	92161228	2	2	1	7	0	6
chr1	92182266	92184868	2	2	1	7	0	7
chr1	92364227	92407837	2	2	0	0	10	12
chr1	92364227	92576332	2	2	0	0	10	12
chr1	92764704	92765750	1	1	1	0	3	4
chr1	93089892	93091350	2	2	1	1	0	8
chr1	93101894	93128976	2	2	1	7	0	9
chr1	93129010	93131495	2	2	1	7	0	8
chr1	93297675	93298945	1	1	1	179	13	28
chr1	93299016	93299101	1	1	1	20	0	27
chr1	93299218	93300335	1	1	1	5	0	13
chr1	93300471	93301746	1	1	1	12	0	12
chr1	93301950	93303012	1	1	1	5	16	29
chr1	93303191	93306107	1	1	1	0	20	20
chr1	93334794	93335858	2	2	0	0	1	24
chr1	93576184	93580244	1	3	1	8	0	30
chr1	93581176	93583901	1	1	1	7	0	7
chr1	93644794	93862330	2	2	0	0	4	28
chr1	93687494	93691889	1	3	1	2	0	6
chr1	93724443	93730257	1	1	1	2	0	16
chr1	93791453	93804913	2	2	1	0	1	4
chr1	93809664	94439642	1	1	0	4	0	23
chr1	93811542	93811710	0	0	0	8	0	31
chr1	93935752	94090726	2	2	0	3	0	22
chr1	94009774	94012398	1	1	1	3	0	11
chr1	94338771	94341200	2	2	1	4	0	18
chr1	94946163	94948725	1	1	1	2	0	5
chr1	94953168	94953249	1	1	1	1	0	11
chr1	94964405	94964500	1	1	1	2	0	12
chr1	94964591	94965050	1	1	1	14	0	11
chr1	95392489	95392659	0	0	0	5	0	30
chr1	95582628	95609446	1	1	0	1	0	32
chr1	97187429	97189119	1	1	1	1	0	27
chr1	97189151	97216980	1	1	1	1	0	26
chr1	97250811	97270355	1	1	1	4	0	22
chr1	100214325	100232162	2	2	0	1	0	17
chr1	100484527	100485247	0	0	0	11	0	30
chr1	100710159	100715325	2	2	0	6	0	21
chr1	100856381	100889777	1	1	1	1	0	13
chr1	101431475	101440365	1	1	1	3	0	25
chr1	105693047	105826678	2	2	0	3	0	12
chr1	108702734	109078695	2	2	0	0	9	23
chr1	109226311	109745293	2	2	0	0	7	16
chr1	109241450	109241783	1	1	1	3	0	31
chr1	109301211	109302606	1	1	1	9	0	28
chr1	109419851	109439485	1	1	0	9	0	29
chr1	109598319	109662083	1	1	0	0	6	22
chr1	109615586	109745293	2	2	0	0	7	16
chr1	109617688	109618542	2	2	1	5	0	1
chr1	109642851	109642950	0	0	0	8	0	31
chr1	109825198	109825301	2	2	1	10	0	9
chr1	109860592	109865553	2	2	1	8	0	5
chr1	109912212	109940208	2	2	1	4	0	7
chr1	109957986	109964481	2	2	1	4	0	31
chr1	109963931	110863223	0	0	0	0	7	31
chr1	109964549	109968923	2	2	1	3	0	20
chr1	109964549	109969026	2	2	0	1	0	15
chr1	110019600	110020439	1	1	1	3	0	3
chr1	110121984	110125058	1	1	1	5	0	11
chr1	110139021	110139981	1	3	1	0	3	6
chr1	110162901	110163535	1	1	1	0	2	2
chr1	110169050	110169347	1	1	1	5	0	23
chr1	110169535	110169796	1	1	1	7	0	14
chr1	110170526	110170704	1	1	1	5	0	12
chr1	110171429	110171730	1	1	1	6	0	10
chr1	110172113	110172417	1	1	1	9	0	17
chr1	110555622	110557384	1	1	1	4	0	16
chr1	110586479	110587461	1	1	1	5	0	14
chr1	110587528	110587636	1	1	1	1	0	6
chr1	110883162	110883757	0	0	0	9	0	31
chr1	111449065	111457272	1	1	0	0	1	29
chr1	111984716	111985274	2	2	1	15	0	28
chr1	111986544	111986675	2	2	1	5	0	10
chr1	111986747	111989716	2	2	1	8	0	16
chr1	111992204	111992458	1	1	1	12	0	19
chr1	111992496	111996832	1	1	1	4	0	5
chr1	111998872	111999251	1	1	1	4	0	6
chr1	112234040	112237962	1	1	1	12	0	32
chr1	112238032	112240062	1	1	1	1	0	11
chr1	112826034	113522305	1	1	0	0	8	30
chr1	112836075	112836919	1	1	0	0	1	19
chr1	112836755	112836923	1	1	0	0	1	15
chr1	112938895	112954815	1	1	1	6	0	17
chr1	113126749	113134146	2	2	1	6	0	12
chr1	113162506	113189376	1	1	1	5	0	18
chr1	113162506	113189831	1	1	1	5	0	13
chr1	113189417	113189831	1	1	1	4	0	7
chr1	113192092	113196219	1	1	1	14	0	15
chr1	113201724	113202322	1	1	1	4	0	11
chr1	113212228	113212613	1	1	1	0	4	8
chr1	113234422	113235382	1	1	1	9	0	29
chr1	113235552	113236639	1	1	1	11	0	32
chr1	113237252	113237370	1	1	1	9	0	9
chr1	113238197	113238769	1	1	1	6	0	4
chr1	113239157	113239251	1	1	1	2	0	26
chr1	113240734	113240908	1	1	1	7	0	3
chr1	113241412	113242306	1	1	1	4	0	17
chr1	113244227	113245216	0	0	0	5	0	30
chr1	113247791	113249699	2	2	1	4	0	15
chr1	113248356	113249699	2	2	1	0	1	1
chr1	113248875	113249699	2	2	1	0	1	1
chr1	113384486	113502331	1	1	0	0	3	23
chr1	113443201	113502331	1	1	0	0	3	23
chr1	113471975	113498656	2	2	1	21	13	18
chr1	113490778	113502331	1	1	0	0	3	23
chr1	113549235	113549776	1	1	0	1	0	28
chr1	114320431	114339984	2	2	1	0	2	3
chr1	114441424	114444376	2	2	0	4	0	23
chr1	114444006	114444376	2	2	1	4	0	17
chr1	114472562	114483003	1	1	1	1	0	27
chr1	114506144	114508751	1	1	1	4	0	4
chr1	114508895	114510387	1	3	1	5	0	8
chr1	114942232	114944010	2	2	1	3	0	21
chr1	114948382	114949562	2	2	1	7	0	26
chr1	114949723	114951298	2	2	1	4	0	5
chr1	115005859	115006033	2	2	1	3	0	24
chr1	115048304	115264455	2	2	0	0	5	13
chr1	115118373	115119308	2	2	1	5	0	15
chr1	115118373	115123919	2	2	1	2	0	7
chr1	115124013	115124119	2	2	1	14	0	23
chr1	115256600	115258670	2	2	1	0	1	3
chr1	115261367	115262199	2	2	1	6	3	18
chr1	115262364	115263159	2	2	1	2	0	7
chr1	115269712	115272878	2	2	1	3	0	14
chr1	115273044	115273128	2	2	1	3	0	21
chr1	115275438	115276352	2	2	1	1	0	29
chr1	115279477	115280583	2	2	1	2	0	16
chr1	115292829	115300545	2	2	1	11	0	11
chr1	115316994	115318966	2	2	1	2	0	32
chr1	115322837	115323069	2	2	1	0	1	4
chr1	116607130	116609140	1	1	1	1	0	18
chr1	116931395	116931523	1	1	1	5	0	21
chr1	116931642	116932060	1	1	1	4	0	11
chr1	116939357	116940509	1	1	1	9	0	16
chr1	116941707	116942041	1	1	1	7	0	13
chr1	116943629	116943751	1	1	1	10	0	14
chr1	116943883	116944175	1	1	1	6	0	21
chr1	116944278	116946505	1	1	1	9	0	16
chr1	117212338	118036325	2	2	0	0	6	20
chr1	117452875	117484336	1	1	1	0	7	1
chr1	117492195	117503864	1	1	1	7	0	6
chr1	117603180	117605008	1	1	1	17	0	25
chr1	117640056	117641454	1	1	1	3	0	19
chr1	117945064	117948170	1	1	1	3	0	6
chr1	118454705	118455151	2	2	1	6	0	32
chr1	118476114	118477095	1	1	1	2	0	13
chr1	118494700	118494919	1	1	1	0	1	4
chr1	119588286	119618972	2	2	1	3	0	7
chr1	120266065	120269473	1	1	1	3	0	22
chr1	120459318	120460287	2	2	1	6	0	23
chr1	120468434	120469121	2	2	1	5	0	17
chr1	120491190	120491629	2	2	1	2	0	28
chr1	120510856	120512133	2	2	1	11	0	27
chr1	120836419	120838198	2	2	1	0	16	5
chr1	142644267	142645052	0	0	0	0	4	31
chr1	142690476	142692100	2	2	0	0	2	28
chr1	142848064	142849693	1	1	0	0	2	28
chr1	143134484	143188508	2	2	0	5	0	25
chr1	143167580	143168531	2	2	0	6	0	15
chr1	143428490	143428872	0	0	0	0	5	31
chr1	143465439	143467570	2	2	1	4	3	15
chr1	143647122	143673234	2	4	0	0	1	15
chr1	143647141	143673253	2	2	0	0	1	27
chr1	143742989	143743090	0	0	0	6	0	32
chr1	143913921	143915699	1	1	1	0	16	5
chr1	144149942	144150981	1	1	1	0	6	31
chr1	144159044	144159762	1	1	1	0	8	28
chr1	144213082	144213125	1	1	1	3	5	1
chr1	144595201	144596339	0	0	0	0	7	30
chr1	144595953	144596283	1	1	1	4	0	17
chr1	144596474	144598511	1	1	0	0	1	15
chr1	144620095	144621446	1	1	1	0	2	20
chr1	144829607	144829781	0	0	0	0	9	30
chr1	144865930	144866591	2	2	1	8	0	14
chr1	144876029	144877035	2	2	1	0	7	9
chr1	144909961	144911881	2	2	1	0	2	2
chr1	144917933	144918832	2	2	1	0	2	29
chr1	145209437	145248812	1	1	1	0	6	1
chr1	145298367	145299729	1	1	1	0	2	20
chr1	145302869	145303909	1	1	1	0	6	31
chr1	145322945	145323653	1	1	1	9	0	17
chr1	145323706	145324347	1	1	1	0	2	31
chr1	145323706	145329078	1	1	0	0	3	31
chr1	145323706	145333796	1	1	0	0	3	31
chr1	145323706	145338516	1	1	0	0	3	31
chr1	145323706	145343240	1	1	0	0	1	31
chr1	145323706	145347964	1	1	0	0	1	31
chr1	145323706	145352684	1	1	0	0	1	31
chr1	145323706	145357416	1	1	0	0	1	31
chr1	145323706	145363678	1	1	0	0	1	31
chr1	145359188	145359906	1	1	1	1	0	11
chr1	145360728	145361448	1	1	1	0	1	12
chr1	145457105	145457235	2	2	1	8	0	11
chr1	145457605	145457934	2	2	1	6	0	10
chr1	145460264	145470321	2	2	1	9	0	4
chr1	145507734	145508015	1	1	1	2	0	3
chr1	145508076	145508206	1	1	1	7	0	8
chr1	145516457	145517272	1	1	1	6	0	12
chr1	145558513	145558834	1	1	1	0	1	1
chr1	145608660	145609189	2	2	1	7	0	14
chr1	145609357	145610743	2	2	1	6	0	20
chr1	145684679	145686975	1	1	1	2	0	14
chr1	145804366	145811341	2	2	1	0	4	29
chr1	145812003	145816636	2	2	1	0	2	28
chr1	145816741	145818766	2	2	1	0	9	31
chr1	145969401	146927818	1	1	0	5	0	12
chr1	146011247	146012140	1	1	1	0	2	29
chr1	146033167	146033341	0	0	0	0	9	31
chr1	146038271	146038989	2	2	1	0	8	28
chr1	146045001	146046289	2	2	1	0	8	4
chr1	146057735	146066114	2	2	1	0	4	12
chr1	146221611	146222235	2	2	1	0	2	27
chr1	146227916	146228528	2	2	1	0	2	27
chr1	146238515	146239816	2	2	1	0	8	4
chr1	146241419	146247691	2	2	0	0	1	21
chr1	146244718	146246071	2	2	1	0	2	20
chr1	146251000	146252362	2	2	1	0	2	20
chr1	146386680	146395056	1	1	1	0	4	12
chr1	146398686	146411276	1	1	0	0	1	21
chr1	146400303	146401670	1	1	1	0	2	20
chr1	146404982	146411276	1	1	0	0	1	21
chr1	146412879	146414167	1	1	1	0	8	4
chr1	146424159	146424783	1	1	1	0	2	27
chr1	146428924	146429548	1	1	1	0	2	27
chr1	146433689	146434313	1	1	1	0	2	27
chr1	146438454	146439078	1	1	1	0	2	27
chr1	146450974	146451598	1	1	1	0	2	27
chr1	146455734	146456358	1	1	1	0	2	27
chr1	146460494	146461118	1	1	1	0	2	27
chr1	146731573	146736080	1	1	1	8	0	6
chr1	146747922	146751698	1	1	1	8	0	10
chr1	147127364	147131074	2	2	1	0	12	1
chr1	147129066	147129127	0	0	0	5	0	30
chr1	147408801	147410827	1	1	1	0	9	31
chr1	147410932	147415551	1	1	1	0	2	28
chr1	147416213	147425576	1	1	1	0	4	29
chr1	147511131	147834628	2	2	0	46	11	31
chr1	147511164	147834595	1	1	0	0	5	15
chr1	147511164	147860733	1	1	0	0	5	15
chr1	147553024	147553917	1	1	1	0	2	29
chr1	147574948	147575122	0	0	0	0	9	31
chr1	147580048	147580766	2	2	1	0	8	28
chr1	147586776	147588075	2	2	1	0	8	4
chr1	147599572	147607950	2	2	1	0	4	12
chr1	147834610	147860747	2	4	0	0	1	15
chr1	147834629	147860766	2	2	0	0	1	27
chr1	148003550	148003724	0	0	0	0	9	31
chr1	148008625	148009343	2	2	1	0	1	12
chr1	148010165	148010883	2	2	1	0	1	12
chr1	148023670	148024710	2	2	1	0	6	31
chr1	148327501	148328219	2	2	1	0	8	28
chr1	148336278	148337317	2	2	1	0	6	31
chr1	148340448	148341794	2	2	1	0	2	20
chr1	148557528	148558671	0	0	0	0	7	30
chr1	148558287	148560846	1	1	1	8	0	12
chr1	148558806	148560846	1	1	0	0	1	15
chr1	148593784	148594396	1	1	1	11	0	19
chr1	148595463	148595637	0	0	0	0	9	30
chr1	148605036	149224184	2	2	0	0	5	28
chr1	148757507	148757681	0	0	0	0	9	30
chr1	148767066	149224184	2	2	0	0	5	28
chr1	148893929	149448183	2	2	0	0	4	14
chr1	149036672	149037678	0	0	1	0	7	9
chr1	149133416	149133585	1	1	0	0	1	15
chr1	149194232	149224184	2	2	0	3	1	28
chr1	149194573	149784809	2	2	0	0	6	17
chr1	149212431	149224060	1	1	0	0	23	14
chr1	149212431	149230569	1	1	0	2	0	14
chr1	149215243	149224165	2	4	0	1	0	18
chr1	149224202	149814175	2	2	0	0	5	13
chr1	149369861	149398802	2	2	1	0	7	1
chr1	149514540	149784809	2	2	0	0	6	17
chr1	149603643	150411879	1	1	0	8	0	22
chr1	149754817	149783501	2	2	1	0	7	1
chr1	149812643	149812746	1	3	0	4	0	32
chr1	149813981	149814009	0	0	0	8	0	30
chr1	149821926	149857778	0	0	0	0	4	31
chr1	149822990	149823095	0	0	0	3	0	30
chr1	149824202	149824300	1	1	0	7	0	31
chr1	149824202	149824302	1	1	0	8	0	21
chr1	149881124	149881352	2	2	1	0	4	2
chr1	149895622	149895732	2	2	1	7	0	14
chr1	149898811	149899057	2	2	1	6	0	14
chr1	149899187	149899617	2	2	1	24	0	32
chr1	150040008	150040686	1	1	1	5	0	16
chr1	150050715	150344840	2	2	0	0	4	24
chr1	150055036	150064030	1	3	0	4	0	29
chr1	150091981	150904616	2	2	0	0	6	27
chr1	150129210	150131013	1	1	1	0	3	1
chr1	150129681	150131013	1	1	1	0	3	1
chr1	150195567	150198939	2	2	1	3	0	11
chr1	150199128	150201404	2	2	1	4	0	4
chr1	150204265	150208080	2	2	1	2	0	14
chr1	150239057	150239474	2	2	1	6	0	2
chr1	150273516	150904616	2	2	0	0	6	27
chr1	150294042	150297352	1	1	1	4	0	19
chr1	150315929	150316637	1	1	1	2	0	13
chr1	150318968	150321632	1	1	1	1	0	14
chr1	150454193	150742919	1	1	0	0	6	20
chr1	150469105	150469285	1	1	1	2	0	20
chr1	150471511	150471691	1	1	1	7	0	19
chr1	150476912	150477107	1	1	1	7	0	5
chr1	150551680	150552039	2	2	0	6	0	27
chr1	150595336	150598117	2	2	1	8	0	7
chr1	150798112	150932736	1	1	0	0	5	30
chr1	150923567	150923840	1	1	1	7	0	7
chr1	150935616	150936005	1	1	1	6	0	26
chr1	150939106	150939231	2	2	1	8	0	30
chr1	150940191	150940295	2	2	1	2	0	4
chr1	150940354	150940558	2	2	1	1	0	12
chr1	150941568	150947094	2	2	1	25	0	23
chr1	150962103	151211843	1	1	0	0	4	25
chr1	150981148	150990287	1	1	1	8	0	14
chr1	150996130	151211843	1	1	0	0	4	25
chr1	151079699	151089867	1	1	1	7	0	5
chr1	151114931	151115692	0	0	0	7	0	31
chr1	151140115	151152601	2	2	0	0	1	31
chr1	151152303	151211843	1	1	0	0	4	25
chr1	151171558	151196723	1	1	1	4	0	20
chr1	151175045	151175921	0	0	0	6	0	32
chr1	151183278	151183739	1	1	0	1	0	27
chr1	151196756	151199795	1	1	1	1	0	16
chr1	151199877	151204146	1	1	1	3	0	15
chr1	151204278	151204723	1	1	1	1	0	29
chr1	151220804	151221309	0	0	0	3	0	31
chr1	151227285	151234636	1	1	1	1	5	3
chr1	151236505	151237307	1	1	1	6	0	20
chr1	151237711	151237869	1	1	1	0	6	16
chr1	151260883	151261003	1	1	1	1	0	5
chr1	151318438	151318680	2	2	1	1	0	14
chr1	151339381	151345154	2	4	0	3	0	22
chr1	151372072	151372123	1	1	0	1	0	29
chr1	151372204	151372456	1	1	1	12	0	13
chr1	151372664	151372917	1	1	1	3	0	14
chr1	151373065	151373239	1	1	1	5	0	20
chr1	151396028	151396424	2	2	1	5	0	5
chr1	151414682	151431627	2	2	1	3	0	23
chr1	151419642	151431535	0	0	0	3	0	31
chr1	151441880	151473954	2	2	0	1	0	25
chr1	151505049	151506450	1	1	1	5	0	19
chr1	151507608	151508712	1	1	0	1	0	12
chr1	151567889	151587028	2	2	0	0	5	26
chr1	151572365	151572912	1	1	0	0	2	19
chr1	151584989	151611363	1	1	1	8	0	18
chr1	151735623	151735802	2	2	1	17	0	24
chr1	151751483	151751578	2	4	1	2	0	13
chr1	151752617	151753956	2	2	1	2	0	3
chr1	151849602	151860748	2	2	1	11	0	12
chr1	151958728	151966227	2	2	1	5	0	3
chr1	153578553	154371804	2	2	0	0	5	21
chr1	153635033	153635180	2	2	1	12	0	27
chr1	153635610	153635690	2	2	1	7	0	13
chr1	153636607	153636871	2	2	1	4	0	5
chr1	153637813	153638138	2	2	1	2	0	11
chr1	153640554	153640928	2	2	1	5	0	8
chr1	153641034	153642311	2	2	1	4	0	18
chr1	153642355	153642646	2	2	1	4	0	4
chr1	153642707	153643393	2	2	1	25	0	26
chr1	153701261	153713126	1	1	1	4	0	12
chr1	153719840	153721164	1	1	1	5	0	14
chr1	153723716	153724754	1	1	1	2	0	25
chr1	153736698	153737165	1	1	1	5	0	17
chr1	153737211	153737419	1	1	1	5	0	3
chr1	153744440	153744815	1	1	1	10	0	30
chr1	153789065	153789847	2	2	1	3	0	23
chr1	153798178	153807143	1	1	0	9	0	18
chr1	153859843	153860276	0	0	0	4	0	30
chr1	153905254	153905336	2	2	1	6	0	10
chr1	153910340	153911375	2	2	1	4	0	11
chr1	153915784	153916280	0	0	0	3	0	32
chr1	153924739	153924872	2	2	1	5	0	25
chr1	153933231	153934695	2	2	1	1	0	21
chr1	153935224	153935970	2	2	1	4	0	19
chr1	153963279	153963590	1	1	1	8	0	31
chr1	153963700	153964041	1	1	1	4	20	23
chr1	153984464	154120410	1	1	0	0	6	21
chr1	154130198	154142875	2	2	1	8	0	16
chr1	154144581	154145383	2	2	1	2	0	23
chr1	154145455	154145559	2	2	1	2	0	13
chr1	154148725	154155463	2	2	1	0	12	21
chr1	154193517	154197559	1	1	1	9	0	6
chr1	154207768	154209041	1	1	1	13	0	10
chr1	154223795	154223956	1	1	1	3	0	20
chr1	154224130	154226375	1	1	1	4	0	28
chr1	154229735	154229821	1	1	1	10	0	9
chr1	154232506	154233367	1	1	1	10	0	6
chr1	154233586	154234067	1	1	1	8	0	27
chr1	154246075	154246249	1	1	1	16	0	19
chr1	154527262	154527903	2	2	1	3	0	18
chr1	154528441	154530702	2	2	1	1	3	31
chr1	154575103	154600330	2	2	1	5	0	16
chr1	154575103	154600429	2	2	1	7	0	29
chr1	154938708	154938794	2	2	1	13	0	18
chr1	154955874	154956317	1	1	1	13	0	29
chr1	154956543	154960580	1	1	1	5	0	4
chr1	154977410	154980709	2	4	0	8	0	23
chr1	155029839	155030112	1	1	1	9	0	14
chr1	155030206	155030326	1	1	1	2	0	10
chr1	155033309	155033893	1	1	1	5	0	14
chr1	155108468	155108774	1	1	1	22	0	20
chr1	155145105	155145213	2	2	1	4	0	5
chr1	155145369	155145696	2	2	1	79	0	21
chr1	155161093	155161698	2	4	1	0	16	24
chr1	155179124	155180136	1	1	1	15	0	28
chr1	155180207	155180338	1	1	1	3	0	8
chr1	155182562	155183027	1	1	1	0	6	19
chr1	155203188	155203654	1	1	1	0	6	19
chr1	155218095	155218195	2	2	1	5	0	15
chr1	155218265	155220066	2	2	1	8	0	18
chr1	155226583	155227075	2	2	1	5	0	2
chr1	155227178	155227288	2	2	1	4	0	9
chr1	155227449	155228616	2	2	1	6	0	17
chr1	155230451	155231447	2	2	1	1	0	14
chr1	155233832	155234011	2	2	1	9	0	21
chr1	155234566	155235650	2	2	1	2	0	15
chr1	155235746	155236519	2	2	1	7	0	19
chr1	155236687	155237800	2	2	1	12	0	26
chr1	155237918	155238083	2	2	1	9	0	24
chr1	155239505	155240598	2	2	1	3	0	10
chr1	155278757	155279833	1	1	1	12	0	22
chr1	155279289	155279637	2	2	0	4	0	17
chr1	155282187	155287731	1	1	1	9	0	6
chr1	155288083	155288455	1	1	1	5	0	7
chr1	155294336	155294635	1	1	1	2	0	16
chr1	155407917	155689304	1	1	0	0	11	28
chr1	155503380	155503463	2	2	0	5	0	18
chr1	155509001	155863831	2	2	0	0	6	30
chr1	155509001	155906542	2	2	0	0	6	30
chr1	155580124	155580215	1	1	1	0	4	29
chr1	155581083	155581530	1	1	1	4	1	1
chr1	155585605	155721627	0	0	0	9	0	31
chr1	155636892	155637086	1	3	0	4	0	22
chr1	155644888	155646338	2	2	1	4	0	13
chr1	155658920	155686819	0	0	0	4	0	30
chr1	155695811	155697398	1	1	1	4	0	21
chr1	155701825	155706736	1	1	1	10	0	23
chr1	155715704	155715795	1	1	1	0	4	29
chr1	155721661	155721750	2	2	1	9	0	1
chr1	155792268	155796627	2	2	1	3	0	13
chr1	155816099	155816589	1	1	0	8	0	32
chr1	155886501	155887289	2	2	1	3	0	9
chr1	155891710	155893417	2	2	1	5	0	18
chr1	155903641	155904126	2	2	1	14	0	25
chr1	155924761	155927503	2	2	1	20	0	9
chr1	155936679	155938946	2	2	1	12	0	27
chr1	155984861	155988060	2	2	1	16	0	16
chr1	156011393	156011682	2	4	0	0	1	26
chr1	156011463	156011662	2	2	1	7	0	19
chr1	156020345	156020900	2	2	1	2	0	25
chr1	156021119	156021496	2	2	1	2	0	4
chr1	156025217	156027768	1	1	1	2	0	16
chr1	156106820	156106903	1	1	1	20	0	22
chr1	156174494	156219754	1	1	0	1	0	15
chr1	156206275	156209338	1	1	1	7	0	23
chr1	156228955	156230241	2	2	1	9	0	14
chr1	156248826	156252397	2	2	1	5	0	13
chr1	156263001	156263110	2	2	1	1	0	7
chr1	156279095	156280348	2	2	1	2	0	5
chr1	156280987	156281831	2	2	1	20	0	17
chr1	156287039	156287205	2	2	1	1	0	15
chr1	156290817	156294762	2	2	1	1	0	14
chr1	156294881	156303337	2	2	1	11	0	32
chr1	156297835	156298025	1	1	0	1	0	20
chr1	156303414	156307944	0	0	1	0	8	2
chr1	156303435	156304503	2	2	1	6	0	16
chr1	156304567	156304658	2	2	1	5	0	26
chr1	156305680	156307944	2	2	1	11	8	26
chr1	156496392	156497743	2	2	1	7	0	25
chr1	156518036	156518139	2	2	1	4	0	5
chr1	156526486	156530725	2	2	1	10	0	21
chr1	156533617	156534406	2	2	1	2	0	10
chr1	156536339	156539167	2	2	1	6	0	14
chr1	156563348	156563673	1	1	1	14	0	8
chr1	156565642	156565872	2	2	1	3	0	25
chr1	156566271	156567826	2	2	1	2	0	14
chr1	156568112	156568212	2	2	1	17	0	11
chr1	156568287	156568759	2	2	1	1	0	7
chr1	156568897	156571200	2	2	1	10	0	18
chr1	156704011	156709073	1	1	0	10	0	14
chr1	156713248	156713443	2	2	1	0	3	2
chr1	156713671	156713954	2	2	1	8	0	24
chr1	156714939	156715088	2	2	1	6	0	23
chr1	156715166	156721134	2	2	1	4	0	7
chr1	156738032	156752073	1	1	1	6	0	12
chr1	156883094	156906806	1	1	0	1	0	12
chr1	156917243	156917560	2	2	1	3	0	30
chr1	156941609	156946774	2	2	1	5	0	31
chr1	156954230	156955873	2	2	1	7	0	25
chr1	157015479	157015605	1	3	0	1	0	25
chr1	159888732	159889063	2	2	1	3	0	11
chr1	159889167	159889450	2	2	1	0	5	6
chr1	159890328	159895239	2	2	1	4	0	8
chr1	159901719	159902301	2	2	1	4	0	11
chr1	160187499	160188113	2	2	1	3	0	13
chr1	160190498	160190729	0	0	0	9	0	30
chr1	160213825	160232238	2	2	1	6	0	4
chr1	160260477	160261124	2	2	1	8	0	23
chr1	160370660	160385437	1	1	1	12	0	12
chr1	161007866	161008669	2	2	1	8	0	23
chr1	161013151	161015647	2	2	1	5	0	7
chr1	161068195	161068455	1	1	1	4	0	24
chr1	161070650	161071837	2	2	1	5	0	7
chr1	161071962	161072076	2	2	1	3	0	14
chr1	161072166	161087741	2	2	1	4	6	18
chr1	161083344	161094524	1	1	0	0	1	21
chr1	161090023	161093930	1	1	1	0	6	2
chr1	161092129	161093930	1	1	1	0	6	2
chr1	161128002	161128201	1	1	1	9	0	26
chr1	161138367	161138782	1	1	1	5	0	25
chr1	161176388	161178982	1	1	1	0	6	1
chr1	161179104	161179272	1	1	1	1	0	7
chr1	161180501	161182140	1	1	1	7	0	4
chr1	161182271	161183169	1	1	1	6	0	29
chr1	161217573	161270115	1	1	0	0	5	13
chr1	161284216	161293403	1	1	1	9	0	20
chr1	161293461	161310383	1	1	1	0	5	21
chr1	161510077	161591510	1	1	0	2	2	19
chr1	161544981	161699712	2	2	0	0	11	30
chr1	161626821	161699712	2	2	0	0	11	30
chr1	161821626	161823013	1	1	1	3	0	19
chr1	162470038	162470702	1	1	1	5	0	19
chr1	162766468	162767591	1	1	1	1	0	20
chr1	163236674	163237978	0	0	0	3	0	31
chr1	164563627	164573272	1	1	0	0	5	27
chr1	164790864	164815820	1	1	1	0	2	2
chr1	165651479	165652217	2	2	1	7	0	29
chr1	165712549	165721338	2	2	1	4	0	29
chr1	165737507	165737918	2	2	1	5	0	6
chr1	166827519	166829422	2	2	1	9	0	20
chr1	166949392	167180312	2	2	0	0	5	19
chr1	167190196	167301706	1	1	1	6	0	26
chr1	167367371	167368422	1	1	1	2	0	20
chr1	167382352	167384736	1	1	1	4	0	24
chr1	167691480	167734819	1	1	1	5	0	2
chr1	167893776	167904970	2	2	1	1	0	12
chr1	168168220	168169140	1	3	1	3	0	18
chr1	168201158	168204338	1	1	1	6	0	16
chr1	169096647	169099247	1	3	1	8	0	18
chr1	169349848	169351299	1	1	1	1	0	12
chr1	169351520	169356234	1	1	1	3	0	10
chr1	169394189	169396525	2	4	1	3	0	4
chr1	169764355	169768059	1	5	1	5	0	1
chr1	169799483	169799836	1	1	1	1	0	2
chr1	169858032	169862928	2	2	1	6	0	22
chr1	170685489	171375407	1	3	0	11	0	26
chr1	171454875	171481170	1	1	1	6	0	31
chr1	171482312	171483674	1	1	1	1	0	32
chr1	171491399	171492359	1	1	1	2	0	8
chr1	171494105	171496929	1	1	1	5	0	10
chr1	171496984	171501481	1	1	1	6	0	23
chr1	171502101	171504566	1	1	1	1	0	4
chr1	171535561	171535730	1	1	1	4	0	27
chr1	171544268	171546572	1	1	1	10	0	23
chr1	171556361	171556786	1	1	1	7	0	21
chr1	171557645	171560725	1	1	1	0	11	1
chr1	171558745	171560725	1	1	1	0	11	1
chr1	172301538	172307144	2	2	0	0	6	13
chr1	172543139	172544657	1	1	1	9	0	22
chr1	173446632	173450464	1	1	1	22	0	14
chr1	173455541	173456873	1	1	1	2	0	16
chr1	173797538	173799797	1	1	1	10	0	20
chr1	173800769	173802513	1	1	1	7	0	14
chr1	173814430	173819464	1	1	1	5	0	24
chr1	173833214	173833394	2	2	1	6	0	10
chr1	173836182	173837097	2	2	1	2	7	29
chr1	173939756	173941646	2	2	1	5	0	21
chr1	174142517	174153253	2	2	0	0	1	23
chr1	174529103	174702369	1	1	0	12	0	16
chr1	174969332	174973749	1	1	1	4	0	25
chr1	174975978	174976233	1	1	1	8	0	21
chr1	174976334	174977744	1	1	1	0	1	27
chr1	174987713	174992499	2	2	1	2	0	24
chr1	176012955	176015316	2	2	1	0	3	6
chr1	176105684	176153768	2	2	0	4	0	27
chr1	178062548	178062668	2	2	1	0	1	6
chr1	178436557	178442209	1	1	1	2	0	2
chr1	178518467	178534640	1	1	0	0	4	31
chr1	179051325	179057129	2	2	0	3	0	21
chr1	179063353	179066962	1	1	1	0	3	2
chr1	179311328	179311996	1	1	1	5	0	14
chr1	180849434	180853141	1	1	1	8	0	30
chr1	181018449	181019146	1	1	1	6	0	20
chr1	182073662	183029485	0	0	0	0	4	30
chr1	182357886	182360813	2	2	1	6	0	22
chr1	182405528	182866385	1	1	0	0	6	24
chr1	182478594	182478770	2	2	0	0	5	29
chr1	182808592	182811679	1	1	1	8	0	10
chr1	182827776	182827867	1	1	1	4	0	7
chr1	182841629	182843988	1	1	1	4	0	28
chr1	182845399	182845581	1	1	1	0	1	1
chr1	182847309	182848384	1	1	1	5	0	16
chr1	182848546	182849631	1	1	1	0	4	21
chr1	182850561	182850654	1	1	1	1	0	25
chr1	182853949	182856217	1	1	1	7	0	13
chr1	183094686	183095254	1	1	1	4	0	21
chr1	183096540	183097728	1	1	1	6	0	10
chr1	183103945	183104176	1	1	1	5	0	4
chr1	183342335	183367113	1	1	0	0	8	13
chr1	183518424	183518898	1	1	1	2	0	26
chr1	183520326	183520952	1	1	1	3	0	4
chr1	183599773	183602216	2	2	1	5	0	14
chr1	183602290	183604651	2	6	1	6	0	4
chr1	184356503	184446519	1	1	1	10	0	6
chr1	184567596	184588651	1	1	1	3	0	14
chr1	184675943	184677286	2	2	1	6	0	22
chr1	184964204	184972584	1	1	0	0	1	21
chr1	185059519	185059875	2	2	0	8	0	22
chr1	185119625	185120956	2	2	1	9	0	5
chr1	185183788	185190980	1	1	1	3	0	14
chr1	185269016	185269130	2	2	1	8	0	27
chr1	185269476	185269568	2	2	1	3	0	3
chr1	185269691	185270103	2	2	1	3	0	14
chr1	185276272	185276620	2	2	1	3	0	20
chr1	185956677	185958619	1	1	1	1	0	16
chr1	186304676	186305627	2	2	1	0	1	1
chr1	186310292	186310383	2	2	1	5	0	9
chr1	186324901	186325417	2	2	1	1	0	6
chr1	186325582	186326528	2	2	1	4	0	16
chr1	186330842	186330920	2	2	1	3	0	8
chr1	186331513	186331968	2	2	1	2	0	14
chr1	186349017	186352153	1	1	1	12	0	1
chr1	186823520	186839566	1	1	1	2	0	21
chr1	192992167	192992973	2	2	1	0	2	1
chr1	192992170	192992973	2	2	1	0	2	1
chr1	192997086	192997214	2	2	1	3	0	30
chr1	192997279	192998308	2	2	1	5	0	19
chr1	192998440	192998517	2	2	1	2	0	7
chr1	193104720	193107214	1	1	1	3	0	29
chr1	193107304	193110979	1	1	1	0	6	2
chr1	193117096	193119433	1	1	1	3	0	27
chr1	193121575	193172924	1	1	1	4	0	5
chr1	193172983	193181194	1	1	1	4	0	2
chr1	193202285	193205385	1	1	1	2	0	8
chr1	197053557	197055932	2	2	1	6	0	15
chr1	197056103	197057385	2	2	1	7	0	19
chr1	197061187	197062181	2	2	1	15	0	16
chr1	197094322	197097619	2	2	1	11	0	15
chr1	198126407	198201682	1	1	1	2	0	16
chr1	200378848	200379073	2	2	1	18	0	15
chr1	200378852	200379073	2	2	1	26	0	18
chr1	200575927	200577957	2	2	1	4	0	7
chr1	200776666	200784688	1	1	1	4	0	16
chr1	200821806	200822402	1	1	1	6	0	2
chr1	201120981	201122985	2	2	1	6	0	16
chr1	201123088	201123572	2	2	1	18	0	28
chr1	201435307	201437468	2	2	1	8	0	9
chr1	201801260	202799608	2	2	0	0	10	23
chr1	201816469	201816679	1	1	1	8	0	23
chr1	201816767	201817520	1	1	1	5	0	5
chr1	201840456	201841955	1	1	1	0	3	2
chr1	201924681	201926408	1	1	1	10	0	9
chr1	201952242	201958031	1	1	1	0	5	3
chr1	201958660	201965274	1	1	1	8	0	9
chr1	201966683	201969029	1	1	1	4	0	12
chr1	201981888	201982074	1	1	1	2	0	10
chr1	202462446	202464420	1	1	1	2	0	16
chr1	202703015	202704556	2	2	1	6	0	22
chr1	202724581	202725485	2	2	1	1	0	18
chr1	202746223	202777229	2	2	1	7	5	6
chr1	202920293	202927312	2	2	1	2	0	19
chr1	202936027	202936318	2	2	1	4	0	4
chr1	203017843	203018803	1	1	1	0	6	1
chr1	203018109	203018803	1	1	1	0	6	1
chr1	203680237	203681087	1	1	1	7	0	10
chr1	203690539	203691605	1	1	1	0	1	6
chr1	203756479	203762476	1	1	0	0	1	18
chr1	203809503	203816311	1	1	1	4	0	5
chr1	203816816	203817458	1	1	1	2	0	22
chr1	204091528	204091981	1	1	1	5	0	25
chr1	204234171	204236602	2	2	1	2	0	11
chr1	204413553	204415083	2	2	1	9	0	24
chr1	204420218	204525714	2	2	0	0	3	12
chr1	204512073	204513662	1	1	1	4	0	17
chr1	205051021	205867848	2	2	0	0	7	18
chr1	205068941	205069038	2	2	1	13	0	11
chr1	205593020	205600759	2	2	1	3	0	12
chr1	205603404	205612937	2	2	0	0	1	28
chr1	205688805	205689628	2	2	1	8	0	23
chr1	205696934	205698699	2	2	1	5	0	30
chr1	205767180	205767796	2	2	1	5	0	25
chr1	206135902	206137679	2	2	1	0	16	5
chr1	206902821	206903316	1	1	1	6	0	30
chr1	206903444	206904032	1	1	1	2	0	5
chr1	206904608	206904984	1	1	1	5	0	8
chr1	207495913	207497903	1	1	1	3	0	26
chr1	207934792	207940357	1	1	1	2	0	6
chr1	208033401	208047739	1	1	0	0	5	32
chr1	208204684	208204934	2	2	1	5	0	25
chr1	208383808	208390079	2	2	1	5	0	6
chr1	208391348	208416987	2	2	1	0	8	1
chr1	209302746	209302921	1	1	0	0	1	28
chr1	209963131	209963839	2	2	1	0	2	2
chr1	210279018	210280085	1	1	0	1	0	19
chr1	211324496	211328948	1	1	0	0	10	25
chr1	211424832	211518489	2	2	0	0	7	18
chr1	211424832	211606666	2	2	0	0	7	18
chr1	212002666	212003914	2	2	1	6	0	7
chr1	212190366	212193463	2	2	1	15	0	27
chr1	212194555	212208685	2	2	1	4	0	8
chr1	212209285	212216334	1	1	1	9	0	22
chr1	212216461	212218001	1	1	1	4	0	19
chr1	212236292	212238258	1	1	1	6	0	31
chr1	212251605	212253956	1	1	1	9	0	11
chr1	212274427	212276183	1	1	1	6	0	12
chr1	212472012	212472485	2	2	0	0	1	19
chr1	212472189	212472485	2	2	0	0	1	19
chr1	212558768	212560232	2	2	1	7	0	17
chr1	212606463	212615906	1	1	1	8	0	26
chr1	212952766	212952941	1	1	0	0	1	32
chr1	213056781	213058634	1	1	1	5	0	6
chr1	213303233	213341200	1	1	1	8	0	22
chr1	213324702	213325536	2	2	0	0	1	19
chr1	214568330	214571255	2	2	1	4	0	7
chr1	214576297	214585026	2	2	1	2	0	6
chr1	214792038	214792471	1	1	1	6	0	25
chr1	214792564	214793997	1	1	1	3	0	31
chr1	214802515	214803876	1	1	1	3	0	25
chr1	214822171	214825052	1	1	1	3	0	27
chr1	214825230	214826170	1	1	1	2	0	15
chr1	214828747	214830275	1	1	1	5	0	32
chr1	214885028	215039675	1	1	0	3	0	12
chr1	215741112	215747128	1	1	1	6	0	3
chr1	215777645	215781358	1	1	1	7	0	9
chr1	215792413	215792494	1	1	1	5	0	9
chr1	217697158	217697304	2	2	0	0	5	30
chr1	217730553	217752957	0	0	0	4	0	30
chr1	217793842	217804257	2	2	1	4	0	7
chr1	217842426	217856599	1	1	1	9	0	31
chr1	218458798	218475635	1	1	1	7	0	27
chr1	218480975	218504289	1	1	1	12	0	14
chr1	220153583	220154097	2	2	1	18	0	6
chr1	220160747	220161931	2	2	1	3	0	31
chr1	220210616	220257443	1	1	0	0	1	15
chr1	220336937	220348791	2	2	0	0	5	31
chr1	220516705	220938961	2	2	0	0	5	18
chr1	220517103	220532197	1	1	0	1	0	22
chr1	220550570	220569259	2	4	0	1	0	16
chr1	222798197	222800916	1	1	1	4	0	31
chr1	222817929	222818895	1	1	1	5	0	16
chr1	222819028	222822170	1	1	1	5	0	21
chr1	222822193	222823633	1	1	1	5	0	22
chr1	222826682	222827584	1	1	1	4	0	21
chr1	222833000	222833075	1	1	1	6	0	32
chr1	222886759	222889025	1	1	1	5	0	14
chr1	222889143	222892266	1	1	1	1	0	6
chr1	222897507	222898791	1	1	1	4	0	7
chr1	222988421	222997225	1	1	1	6	0	19
chr1	223900580	223905463	1	1	1	0	1	2
chr1	223905534	223931801	1	1	1	3	0	13
chr1	223940659	223943181	1	1	1	1	0	13
chr1	223990047	223990432	2	2	1	4	0	15
chr1	223991155	223991875	2	2	1	7	0	11
chr1	224009070	224033355	2	2	1	2	0	7
chr1	224138533	224138758	1	1	0	0	5	26
chr1	224153337	224318969	2	2	0	0	4	12
chr1	224161749	224164581	2	2	0	0	4	24
chr1	224302099	224318173	1	1	1	8	5	17
chr1	224371121	224377278	1	1	1	10	0	10
chr1	224415373	224418927	2	2	1	0	3	3
chr1	224460522	224469441	1	1	0	0	5	28
chr1	224491963	224492437	2	2	0	5	0	29
chr1	224492869	224495692	2	2	1	9	0	28
chr1	224544696	224548196	1	1	1	25	0	15
chr1	224553694	224558984	1	1	1	2	0	3
chr1	224577563	224581529	2	2	1	1	0	22
chr1	224581716	224585798	2	2	1	7	0	13
chr1	224586737	224588651	2	2	1	8	0	6
chr1	224619484	224621385	2	2	1	5	0	31
chr1	225511749	226247008	2	2	0	0	10	32
chr1	225598119	225599038	2	2	1	1	0	30
chr1	225603035	225605685	2	2	1	0	7	1
chr1	225607501	225609778	2	2	1	1	0	17
chr1	225611792	225615655	2	2	1	4	13	9
chr1	225615739	225615760	2	4	0	13	0	31
chr1	225686107	225688693	2	2	1	14	0	15
chr1	225688773	225695652	2	2	1	2	0	15
chr1	225695720	225699512	2	2	1	1	0	18
chr1	225699562	225700358	2	2	1	4	0	20
chr1	225718341	225742607	2	2	1	2	0	30
chr1	225885697	225891046	1	1	0	0	4	25
chr1	225965715	225971001	1	1	1	0	2	21
chr1	225974688	225976960	1	1	0	4	0	21
chr1	225997872	226016425	1	1	1	4	0	10
chr1	226111472	226111743	2	4	1	8	0	23
chr1	226249796	226250435	1	1	1	22	18	3
chr1	226250513	226252029	1	1	1	0	12	25
chr1	226252181	226253356	1	1	1	0	17	4
chr1	226334523	226340035	2	2	1	5	0	7
chr1	226342535	226346884	2	2	1	5	0	22
chr1	226453336	226453913	2	2	1	7	0	17
chr1	226549243	226549669	2	2	1	2	0	6
chr1	226550862	226551643	2	2	1	5	0	2
chr1	226552856	226553654	2	2	1	13	0	20
chr1	226555310	226555899	2	2	1	11	0	29
chr1	226556023	226558134	2	2	1	7	0	21
chr1	226558219	226561926	2	2	1	8	0	22
chr1	226565005	226566842	2	2	1	8	0	8
chr1	226566976	226567273	2	2	1	2	0	14
chr1	226568910	226570736	2	2	1	6	0	4
chr1	226570813	226595758	0	0	0	7	0	32
chr1	226574144	226576356	2	2	1	4	0	25
chr1	226580016	226589914	2	2	1	2	0	20
chr1	226595595	226595693	2	4	0	4	0	19
chr1	227063252	227068169	1	1	1	10	0	3
chr1	227063252	227069588	1	1	1	0	1	2
chr1	227068426	227069588	1	1	1	0	1	2
chr1	227128101	227149208	1	1	1	0	2	2
chr1	227149264	227152700	1	1	1	0	2	5
chr1	227169851	227170378	1	1	1	3	0	21
chr1	227172643	227172954	1	1	1	1	0	10
chr1	227249874	227250220	0	0	0	6	0	30
chr1	227388022	227389110	2	4	0	8	0	27
chr1	227920058	227922969	0	0	0	4	0	30
chr1	227921383	227921607	2	2	1	9	0	20
chr1	227947187	227954659	1	1	1	7	0	32
chr1	228162407	228162632	2	2	0	0	5	26
chr1	228194901	228210367	1	1	1	0	2	3
chr1	228270467	228284778	1	1	1	24	0	23
chr1	228284969	228286440	1	1	1	0	1	1
chr1	228285154	228285291	1	1	1	4	0	11
chr1	228285417	228285552	1	1	1	6	1	24
chr1	228288956	228289039	2	2	1	4	0	18
chr1	228290390	228290599	2	2	1	7	0	5
chr1	228290751	228290834	2	2	1	3	0	16
chr1	228328065	228328824	1	1	1	34	0	7
chr1	228328065	228333211	1	1	1	16	0	28
chr1	228328990	228333211	1	1	1	5	0	26
chr1	228345888	228345996	0	0	0	13	0	32
chr1	228348811	228436621	1	1	0	0	5	19
chr1	228348811	228518254	1	1	0	0	5	19
chr1	228348811	228619458	1	1	0	0	5	19
chr1	228362731	228362822	1	1	1	12	0	21
chr1	228467146	228467521	1	1	1	5	0	30
chr1	228553047	228645538	1	1	0	0	3	15
chr1	228584749	228584843	2	2	1	10	0	5
chr1	228584867	228588664	2	2	1	3	0	7
chr1	228596325	228597297	1	1	1	0	1	1
chr1	228750111	228756807	1	1	0	0	5	15
chr1	228754593	228756807	1	1	0	0	5	15
chr1	228871752	228873419	1	1	1	8	0	10
chr1	229405375	229406722	2	2	1	7	0	17
chr1	229433384	229434723	1	3	1	9	0	32
chr1	229462754	229477845	2	2	1	12	0	26
chr1	229586353	229588271	2	2	1	5	0	16
chr1	229619893	229622117	2	2	1	1	0	8
chr1	229625850	229631241	2	2	1	3	0	9
chr1	229657383	229661682	2	2	1	0	12	15
chr1	229667479	229675202	2	2	1	6	0	21
chr1	229678119	229683245	2	2	1	4	0	6
chr1	229688367	229688418	0	0	0	8	0	30
chr1	229694010	229694214	0	0	0	8	0	31
chr1	230203154	230227335	1	1	1	7	0	2
chr1	230379174	230381808	1	1	1	6	0	26
chr1	230391091	230398318	1	1	1	3	0	1
chr1	230425403	230582772	2	2	0	0	5	20
chr1	230807387	230810743	1	1	1	1	0	11
chr1	230975655	230979099	2	2	1	0	3	3
chr1	230991465	231003925	2	2	1	7	0	11
chr1	231081201	231090078	2	2	1	6	0	4
chr1	231155873	231175666	2	2	1	12	0	23
chr1	231406747	231408057	1	1	1	3	0	28
chr1	231487318	231488355	1	1	1	8	0	3
chr1	233091454	233092093	0	0	0	6	0	30
chr1	233372727	233386484	2	2	1	1	0	19
chr1	233463682	233463813	0	0	0	7	0	32
chr1	233488252	233488439	1	1	0	5	0	12
chr1	233489702	233490581	1	1	1	7	0	27
chr1	233504154	233505845	2	2	0	6	0	23
chr1	233562379	233644384	0	0	0	3	0	31
chr1	234509425	234509975	1	1	1	0	5	1
chr1	234509587	234509975	1	1	1	0	5	1
chr1	234528299	234529107	2	2	1	2	0	13
chr1	234586313	234593412	2	2	1	3	0	19
chr1	234596143	234599582	2	2	1	1	0	15
chr1	234743185	234743212	2	4	0	5	0	32
chr1	234745794	234745858	1	1	0	4	0	16
chr1	235275424	235277082	2	2	1	5	0	27
chr1	235318428	235323825	2	2	1	6	0	26
chr1	235324383	235324488	2	2	1	14	0	20
chr1	235403767	235409734	2	2	1	7	0	22
chr1	235420541	235423956	2	2	1	2	0	10
chr1	235473187	235473190	0	0	1	4	0	18
chr1	235577252	235595069	2	2	0	0	11	30
chr1	235606227	235611663	1	1	1	8	0	28
chr1	235647832	235652472	2	2	1	7	0	32
chr1	235772953	235785753	2	2	0	0	2	25
chr1	235840489	235840779	2	2	1	1	0	17
chr1	235950674	235952000	2	2	1	10	0	5
chr1	236097682	236102941	1	1	0	1	0	12
chr1	236189442	236192849	2	2	1	6	0	26
chr1	236193051	236195700	2	2	1	1	0	12
chr1	236305690	236305729	0	0	0	4	0	31
chr1	236352640	236354141	0	0	0	5	0	31
chr1	236368551	236371349	1	1	1	1	0	1
chr1	236393551	236396127	2	2	1	3	0	12
chr1	236396140	236399088	2	2	1	3	0	12
chr1	236717040	236717897	2	2	1	2	0	5
chr1	236755934	236757311	2	2	1	1	0	12
chr1	236757415	236758839	2	2	1	6	0	26
chr1	236760277	236761177	2	2	1	7	0	30
chr1	236766677	236767253	2	2	1	8	0	22
chr1	236767428	236767721	2	2	1	17	0	13
chr1	236992569	236995265	1	1	1	2	0	6
chr1	236995379	236998846	1	1	1	2	0	26
chr1	237001900	237013643	1	1	1	8	0	17
chr1	237013824	237015820	1	1	1	4	0	27
chr1	237015938	237016247	1	1	1	7	0	20
chr1	237023223	237024424	1	1	1	6	0	29
chr1	237025644	237026753	1	3	1	2	0	16
chr1	237037141	237038025	1	1	1	9	0	1
chr1	237044137	237048420	1	1	1	7	0	27
chr1	237048520	237049591	1	1	1	3	0	18
chr1	237165348	237766477	2	2	0	6	0	13
chr1	237197526	238168516	2	2	0	0	5	12
chr1	237741318	237766555	1	1	0	1	0	18
chr1	239196599	239817922	0	0	0	4	0	31
chr1	241519127	241520198	2	2	1	1	0	9
chr1	241680617	241682890	2	2	1	1	0	7
chr1	242048810	242052766	1	1	1	3	0	9
chr1	243216310	243216535	1	1	0	0	5	26
chr1	243242355	243245191	2	2	1	0	10	31
chr1	243428884	244003253	1	1	0	0	10	12
chr1	243777042	243778397	2	2	1	8	0	4
chr1	244013362	244013598	1	1	0	0	1	17
chr1	244217778	244217889	1	1	0	4	0	25
chr1	244596017	244963664	1	1	0	5	0	30
chr1	244601071	244614936	2	2	1	15	0	15
chr1	245005361	245005496	1	1	1	4	0	27
chr1	245017806	245018274	2	2	1	24	0	24
chr1	245018347	245018725	2	2	1	11	0	18
chr1	245018911	245019205	2	4	1	15	0	13
chr1	245019461	245019758	2	4	1	2	0	2
chr1	245019928	245020029	2	2	1	11	0	28
chr1	245021020	245021312	2	2	1	5	0	30
chr1	245021577	245022030	2	2	1	7	0	5
chr1	245022144	245022576	2	2	1	1	0	8
chr1	245026033	245026918	2	2	1	19	0	12
chr1	245026033	245026975	2	2	1	33	0	19
chr1	245027359	245027594	0	0	0	3	0	30
chr1	245366028	246344027	2	2	0	8	0	28
chr1	247081680	247094879	2	2	1	7	0	7
chr1	247486533	247491984	2	2	1	6	0	13
chr2	1093939	1094038	1	1	1	5	0	3
chr2	1653448	1657399	2	2	1	8	0	31
chr2	3193280	3195989	2	2	0	7	0	21
chr2	3197938	3200651	2	2	1	1	0	23
chr2	3517748	3523138	2	2	1	1	0	8
chr2	3593462	3595520	2	2	1	4	0	14
chr2	3622941	3623181	1	1	1	4	22	17
chr2	3623039	3623181	1	1	1	5	0	21
chr2	3623275	3623406	1	1	1	0	12	18
chr2	3623479	3624076	1	1	1	4	0	2
chr2	3624221	3625299	1	1	1	0	5	24
chr2	3625365	3627699	1	1	1	12	0	27
chr2	9576491	9580619	1	1	1	8	0	17
chr2	9731645	9770287	2	2	1	3	0	23
chr2	9770664	9771069	2	2	1	14	0	27
chr2	9983689	9985348	1	1	1	5	0	17
chr2	10043368	10288143	0	0	0	0	4	30
chr2	10263185	10263513	1	1	1	9	0	20
chr2	10263658	10263862	1	1	1	6	0	10
chr2	10269080	10269167	1	1	1	4	0	5
chr2	10585176	10585280	2	2	1	5	0	26
chr2	10585391	10588246	2	2	1	1	0	22
chr2	10799377	10803084	2	2	1	4	0	21
chr2	10924453	10925059	2	2	1	1	0	4
chr2	10927566	10928822	2	2	1	1	0	16
chr2	10930016	10930844	2	2	1	3	0	32
chr2	10930955	10952852	2	2	0	1	0	21
chr2	10932052	10933221	2	2	1	11	0	21
chr2	10933329	10937206	2	2	1	2	0	18
chr2	10942767	10952803	2	2	1	17	0	26
chr2	11332839	11333904	2	2	1	1	0	18
chr2	11335152	11337305	2	2	1	4	0	10
chr2	11361484	11362208	2	2	1	2	0	5
chr2	11362301	11364447	2	2	1	8	0	22
chr2	11389925	11426664	2	2	1	6	0	21
chr2	11593925	11597304	2	2	1	7	0	23
chr2	11759046	11761030	1	1	1	0	2	5
chr2	11886798	11895872	1	1	0	4	0	21
chr2	11911806	11913745	1	1	1	9	0	12
chr2	12857137	12857377	1	1	1	10	0	25
chr2	15555844	15557650	2	2	1	1	0	11
chr2	15693598	15694184	2	2	1	2	0	13
chr2	15735321	15735613	1	1	1	18	0	18
chr2	15735678	15736857	1	1	1	1	0	22
chr2	15736888	15737498	1	1	1	1	0	13
chr2	15752052	15752275	2	2	0	0	1	19
chr2	16132514	16538968	1	1	0	0	5	23
chr2	17947957	17950004	1	1	1	3	0	7
chr2	18741799	18741834	0	0	0	6	0	30
chr2	20453776	20454623	2	2	1	1	0	27
chr2	20458133	20460097	2	2	1	12	0	8
chr2	20518407	20527070	2	2	1	4	0	16
chr2	20527140	20550357	2	2	1	0	6	2
chr2	20527140	20550570	2	2	1	8	0	9
chr2	21863971	22764534	2	4	0	0	7	12
chr2	23608652	23698429	1	1	1	4	0	3
chr2	23698538	23785021	1	1	1	0	4	3
chr2	23828917	24733193	1	1	0	0	9	20
chr2	24571158	24602128	2	2	0	0	1	27
chr2	24703803	24995984	1	3	0	0	6	26
chr2	24938752	25018964	2	2	0	0	12	21
chr2	24981026	24991089	1	1	0	5	0	30
chr2	25022714	25037244	1	1	1	20	0	28
chr2	25042984	25043252	2	2	1	0	9	2
chr2	25050893	25053577	2	2	1	6	0	2
chr2	25064537	25065122	2	2	1	4	0	31
chr2	25065254	25095438	2	2	1	3	0	5
chr2	25358509	25359391	1	1	1	3	0	29
chr2	25469179	25469488	2	2	1	8	0	22
chr2	25645503	26259314	1	1	0	4	0	14
chr2	25851254	25861882	2	2	1	7	0	6
chr2	25875531	25896254	2	2	1	6	0	18
chr2	26163649	26278891	1	1	0	0	5	21
chr2	26232998	26246202	1	1	0	0	1	25
chr2	26457224	26459722	2	2	1	2	0	21
chr2	26462012	26467397	2	2	1	2	0	14
chr2	26467859	26477114	1	1	1	12	0	15
chr2	26477343	26486247	1	1	1	3	0	27
chr2	26573972	27350393	1	3	0	0	6	27
chr2	26587809	26590013	1	1	1	3	0	21
chr2	26819490	26861694	2	2	0	1	0	25
chr2	27164940	27170260	1	1	0	8	0	24
chr2	27170986	27172119	0	0	0	3	0	30
chr2	27248901	27249147	1	1	1	2	0	17
chr2	27259461	27259572	1	1	1	1	0	2
chr2	27261684	27261914	1	1	1	12	0	26
chr2	27294332	27294468	2	2	1	4	0	15
chr2	27319670	27320370	1	1	1	6	0	12
chr2	27324313	27324363	2	4	1	0	2	11
chr2	27354700	27354877	2	2	1	3	0	2
chr2	27354951	27355097	2	2	1	5	0	21
chr2	27428962	27429350	2	2	1	3	0	6
chr2	27446617	27446784	1	1	1	6	0	25
chr2	27446898	27447212	1	1	1	3	0	18
chr2	27448795	27448998	1	1	1	6	0	12
chr2	27464096	27464189	1	1	1	6	0	20
chr2	27466161	27466283	1	1	1	7	0	13
chr2	27466611	27536203	1	1	0	2	0	14
chr2	27532850	27535081	2	2	1	0	2	2
chr2	27535640	27535860	2	2	1	4	0	9
chr2	27545390	27545918	2	2	1	3	0	17
chr2	27591007	27591238	2	2	1	5	0	4
chr2	27591601	27591872	2	2	1	3	0	10
chr2	27592417	27592742	2	2	1	12	0	29
chr2	27596179	27596727	1	1	1	3	0	24
chr2	27598577	27598712	1	1	1	15	0	29
chr2	27604673	27604992	2	2	1	7	0	22
chr2	27606468	27606818	2	2	1	7	0	15
chr2	27658095	27659619	1	1	1	4	0	10
chr2	27663808	27663993	1	1	1	5	0	15
chr2	27670502	27670678	2	2	1	2	0	14
chr2	27701024	27702375	2	2	1	0	8	2
chr2	27823683	27824222	1	1	1	8	0	29
chr2	27865387	27870702	1	1	1	5	0	30
chr2	27878470	27880211	2	2	1	2	0	14
chr2	28038159	28038537	0	0	0	3	0	32
chr2	28938788	29003201	2	2	0	0	2	17
chr2	29004709	29006772	1	1	1	2	0	21
chr2	29011676	29016728	1	1	1	1	0	9
chr2	29137075	29140758	1	1	1	9	0	31
chr2	29148020	29149333	1	1	1	6	0	7
chr2	30670250	30748452	1	1	1	1	0	14
chr2	32262853	32642135	2	2	0	6	0	19
chr2	32605359	32613817	1	1	1	2	0	12
chr2	32641232	32654213	1	1	1	6	0	23
chr2	32744014	32749954	1	3	1	2	0	32
chr2	32750696	32754717	1	1	1	9	0	4
chr2	32771933	33241876	1	1	0	0	15	22
chr2	32809062	32810710	1	1	0	0	1	29
chr2	32830142	32895136	1	1	0	0	2	32
chr2	33037683	33042523	1	1	1	2	0	22
chr2	33141413	33141469	1	1	0	0	1	18
chr2	33141413	33141509	1	1	0	0	2	21
chr2	33141413	33141554	1	1	0	0	1	18
chr2	33141413	33141625	1	1	0	0	1	18
chr2	33141413	33141666	1	1	0	0	1	18
chr2	33749887	33763309	2	2	0	0	7	25
chr2	33810512	33810596	2	2	1	6	0	24
chr2	33820705	33824235	2	2	1	4	0	12
chr2	37027363	37578899	2	2	0	0	6	31
chr2	37120188	37133578	1	1	0	0	1	18
chr2	37201666	37215635	2	2	0	0	5	32
chr2	37215636	37216459	2	2	0	7	0	31
chr2	37322662	37323350	1	1	1	13	0	21
chr2	37376083	37384050	2	2	1	7	0	28
chr2	37376167	37384050	2	2	1	0	1	4
chr2	37376401	37384050	2	2	1	0	1	1
chr2	37381786	37423046	2	2	0	0	1	24
chr2	37423664	37426846	1	1	1	7	0	25
chr2	37430152	37438141	2	2	1	0	1	6
chr2	37443352	37443458	2	2	1	8	0	7
chr2	37458904	37459248	1	1	1	4	0	13
chr2	38152569	38156404	1	1	1	0	5	2
chr2	38874079	38874881	1	1	0	0	2	22
chr2	38972330	38973285	2	2	1	5	0	23
chr2	38972330	38973835	2	2	1	3	0	19
chr2	38973322	38973835	2	2	1	5	0	6
chr2	38975300	38975720	2	2	1	4	0	11
chr2	38977337	38978370	2	2	1	14	0	25
chr2	39224180	39224393	2	2	1	10	0	5
chr2	39250367	39251150	2	2	1	5	0	1
chr2	39519968	39520370	2	2	1	4	0	11
chr2	39520410	39526883	2	2	1	4	0	15
chr2	39998781	40006253	2	2	1	4	0	9
chr2	42282534	42284360	1	1	1	5	0	13
chr2	42483771	42490317	1	1	1	0	13	3
chr2	42488435	42490317	1	1	1	0	13	3
chr2	42578500	42580351	2	2	1	2	0	23
chr2	42727321	42915286	2	2	0	5	0	23
chr2	42795914	42797576	1	1	1	1	0	10
chr2	42836725	42867312	1	1	1	6	0	20
chr2	43033318	43035024	1	1	0	0	1	14
chr2	43427611	44233787	2	4	0	0	5	32
chr2	43768456	43776348	2	2	1	2	0	29
chr2	43779479	43783483	2	2	1	0	2	1
chr2	43779479	43787372	2	2	1	0	2	1
chr2	43819556	43823069	2	2	1	3	0	9
chr2	44139698	44145163	2	4	1	4	0	32
chr2	44161436	44161892	2	2	1	9	0	9
chr2	44176799	44177711	2	2	1	12	0	11
chr2	44202357	44203281	2	2	1	3	0	1
chr2	44573530	44588518	2	2	1	2	0	18
chr2	44589285	44599854	1	1	1	5	0	8
chr2	45612991	46140480	1	1	0	0	5	14
chr2	46074302	46076661	0	0	0	10	0	31
chr2	46752476	46753413	2	4	0	5	0	24
chr2	47156232	48101282	1	1	0	0	5	22
chr2	47206169	48133321	1	1	0	0	7	20
chr2	47251499	47256362	1	1	1	2	0	28
chr2	47273571	47277087	1	1	1	1	0	23
chr2	47389802	47397872	2	2	1	15	0	21
chr2	47391096	47416024	1	3	0	4	0	18
chr2	47397904	47403579	2	2	1	50	5	23
chr2	47580858	47608053	2	2	0	0	3	15
chr2	47580858	47623120	2	2	0	0	3	15
chr2	47650360	47654820	2	4	0	3	0	13
chr2	48010610	48025749	1	1	1	0	3	1
chr2	48023203	48025749	1	1	1	3	0	3
chr2	48046218	48047500	2	2	1	4	0	5
chr2	48109855	48112670	1	5	0	1	0	20
chr2	53970967	54153597	1	1	0	0	3	19
chr2	53995159	53999043	1	1	1	3	0	2
chr2	53999080	54001278	1	1	1	4	0	8
chr2	54014510	54021481	1	1	1	2	0	23
chr2	54128697	54131161	2	2	1	4	0	23
chr2	54164678	54167092	2	2	1	8	0	17
chr2	54839472	54843343	1	1	1	5	0	8
chr2	54853372	54855233	1	1	1	4	0	22
chr2	54872591	54873064	1	1	1	3	0	7
chr2	54876328	54876751	1	3	1	5	0	18
chr2	54877127	54880745	1	1	1	3	0	28
chr2	55086839	55090919	1	1	1	5	0	25
chr2	55459845	55459943	1	1	1	17	0	25
chr2	55460009	55460498	1	1	1	1	1	24
chr2	55461341	55461966	1	1	1	4	0	24
chr2	55462099	55462563	1	1	1	0	2	12
chr2	55495876	55496304	2	2	1	8	0	18
chr2	55546141	55549663	2	2	1	2	0	12
chr2	55771211	55771355	1	1	1	8	0	12
chr2	55882089	55883265	2	2	1	1	0	25
chr2	55883356	55883439	2	2	1	1	0	7
chr2	55961431	56022657	1	1	0	0	5	27
chr2	58421409	58425728	2	2	1	10	0	5
chr2	58453920	58456948	2	2	1	5	0	23
chr2	58982792	59549315	1	1	0	5	0	13
chr2	59549366	59732575	2	2	0	3	0	14
chr2	59549366	60078726	2	2	0	4	0	14
chr2	61272987	61275606	1	1	1	3	0	32
chr2	61576421	61577394	2	2	1	1	0	6
chr2	61607497	61610403	2	2	1	7	0	5
chr2	61706102	61708319	2	2	1	9	0	5
chr2	61710227	61711071	2	2	1	6	0	2
chr2	61719334	61719459	2	2	1	3	0	4
chr2	61753657	61760906	2	2	1	2	0	17
chr2	61761039	61764696	2	2	1	4	0	20
chr2	62100429	62103229	2	2	1	2	0	2
chr2	62103370	62104054	2	2	1	1	0	30
chr2	62106147	62107420	2	2	1	3	0	30
chr2	62112208	62115515	2	2	1	7	0	23
chr2	63101668	63169852	1	1	1	2	0	17
chr2	63386041	63610618	1	1	0	0	8	31
chr2	63816181	63821621	1	1	1	3	0	9
chr2	63832007	63832413	1	1	1	11	0	20
chr2	64068367	64083439	1	1	1	9	0	18
chr2	64598476	64802638	2	4	0	4	0	31
chr2	64681716	64682477	1	1	1	7	0	6
chr2	64686698	64687000	1	3	0	7	0	22
chr2	65473874	65478160	1	1	1	0	2	2
chr2	65478234	65480861	1	1	1	1	0	17
chr2	65480999	65482678	1	1	1	3	0	17
chr2	66794644	66795798	1	3	1	11	0	13
chr2	67624468	67624730	0	0	0	10	0	32
chr2	68693606	68694342	2	2	0	6	0	20
chr2	68771360	68777612	2	2	0	0	1	26
chr2	69569382	69573035	2	2	1	2	0	17
chr2	69601246	69603100	2	2	0	3	0	15
chr2	69759295	69769654	2	2	1	0	2	3
chr2	69859016	69898061	1	1	0	1	0	24
chr2	70033631	70035037	1	1	1	1	0	21
chr2	70223330	70642401	0	0	0	0	7	31
chr2	70355905	70390519	1	1	0	0	2	31
chr2	70444127	70451685	2	2	1	7	0	32
chr2	70488519	70502090	1	1	1	0	8	2
chr2	70515325	70520749	2	2	1	2	0	15
chr2	70516505	70520749	2	2	1	0	4	21
chr2	71216947	71218959	2	2	1	12	0	13
chr2	71300725	71302684	1	1	1	0	1	2
chr2	71361236	71361755	1	1	1	1	0	2
chr2	71607696	71615752	1	1	1	3	0	12
chr2	71635378	71645731	1	1	1	0	5	4
chr2	71635910	71645731	1	1	1	0	5	4
chr2	71645770	71649943	1	1	1	0	5	22
chr2	71655782	71658456	1	1	1	2	0	25
chr2	71660414	71661871	1	1	1	3	0	3
chr2	72741810	72742171	2	2	1	8	0	3
chr2	73447319	73447788	1	1	1	6	0	7
chr2	73457342	73460221	2	2	1	18	0	23
chr2	73461513	73466770	1	1	1	1	0	11
chr2	73467672	73470131	1	1	1	1	0	5
chr2	73471844	73474889	1	1	1	11	0	27
chr2	73476308	73476946	1	1	1	6	0	17
chr2	73652031	73653580	1	1	1	5	0	7
chr2	73826649	73827804	1	1	1	7	0	6
chr2	74077641	74086380	1	1	1	4	0	14
chr2	74082472	74082507	0	0	0	7	0	31
chr2	74288510	74288607	2	2	0	0	3	26
chr2	74372431	74374947	2	2	1	2	0	10
chr2	74406999	74413645	1	3	0	0	1	22
chr2	74588764	74589178	2	2	1	4	0	22
chr2	74589269	74589776	2	2	1	3	0	2
chr2	74590555	74592201	2	2	1	9	0	2
chr2	74593146	74593370	2	2	1	5	0	24
chr2	74594548	74594822	2	2	1	7	0	27
chr2	74596619	74597091	2	2	1	5	0	1
chr2	74598304	74598663	2	2	1	7	0	32
chr2	74605373	74618920	2	2	1	9	0	22
chr2	74682302	74682532	1	1	1	5	0	12
chr2	74682726	74682944	1	1	1	8	0	7
chr2	74687177	74687347	1	1	1	6	0	4
chr2	74711647	74713339	1	1	0	1	0	19
chr2	74733380	74733858	2	2	1	0	2	2
chr2	74753964	74754067	2	2	1	15	0	17
chr2	74754491	74754597	2	2	1	1	0	1
chr2	74756410	74756488	2	2	1	9	0	5
chr2	74756627	74756706	2	2	1	16	0	22
chr2	74757949	74758037	1	1	1	3	0	29
chr2	74782581	74782701	1	1	1	6	0	12
chr2	75113521	75113616	1	1	1	9	0	15
chr2	75373480	75380259	2	2	0	0	3	27
chr2	75874037	75874227	1	1	1	2	0	21
chr2	78891580	78928778	2	2	0	0	2	20
chr2	81635906	82229586	1	1	0	0	5	26
chr2	82706433	82749083	2	2	1	0	1	7
chr2	84668229	84668370	2	2	1	7	0	7
chr2	84676877	84686296	2	2	1	2	0	3
chr2	84928464	84930518	1	1	1	0	1	2
chr2	85549882	85552037	2	2	1	0	2	3
chr2	85554809	85555039	2	2	1	3	0	18
chr2	85571472	85571716	2	2	1	7	0	28
chr2	85578145	85578802	2	2	1	2	0	2
chr2	85766502	85768205	1	1	1	9	0	25
chr2	85769871	85770023	1	1	1	3	0	7
chr2	85770158	85770792	1	1	1	5	0	18
chr2	85780621	85781265	2	2	1	0	4	1
chr2	85788549	85788581	0	0	0	3	0	32
chr2	85831566	85842373	2	2	0	0	7	29
chr2	85838910	85839000	2	2	1	7	0	24
chr2	85846413	85848607	1	1	1	5	0	20
chr2	85850906	85852661	1	1	1	5	0	10
chr2	86254647	86255007	2	2	1	7	0	22
chr2	86308102	86308723	2	2	1	5	0	24
chr2	86327296	86332822	2	2	1	6	0	23
chr2	86333475	86335472	1	1	1	4	0	25
chr2	86352206	86352577	1	1	1	7	0	8
chr2	86355115	86357770	1	1	1	1	0	10
chr2	86361501	86361961	1	1	1	3	0	13
chr2	86397965	86398330	2	2	1	8	0	12
chr2	86406746	86408421	2	2	1	1	0	15
chr2	86408496	86422460	2	2	1	4	0	11
chr2	86491165	86564601	2	2	1	0	6	2
chr2	86668568	86669140	1	1	1	15	0	24
chr2	86756521	86769374	2	2	1	8	0	19
chr2	87112665	87127236	2	2	0	0	4	28
chr2	87203823	87204702	1	1	1	0	1	19
chr2	87280116	87282780	2	2	1	0	2	2
chr2	87365581	87367949	1	1	1	0	2	2
chr2	87390152	87391706	1	1	1	0	2	24
chr2	87787914	87788756	0	0	0	0	8	30
chr2	87906298	88741968	2	2	0	7	0	15
chr2	88013769	88016130	1	1	1	0	2	2
chr2	88091861	88092740	2	2	1	0	1	19
chr2	88913372	88926484	2	2	1	8	0	10
chr2	91693708	91693709	0	0	1	0	1	3
chr2	91788327	91835784	0	0	0	5	0	31
chr2	95500857	95501804	2	2	0	1	0	18
chr2	95783691	95787478	2	2	1	14	0	20
chr2	96498235	96498759	2	2	0	0	9	26
chr2	96521929	96523056	2	2	1	0	6	22
chr2	96546248	96546342	2	2	1	1	0	7
chr2	96546372	96548049	2	2	1	1	0	28
chr2	96581920	96583602	2	2	1	7	1	24
chr2	96599691	96641706	1	1	0	0	4	12
chr2	96601275	96601363	2	2	1	1	0	1
chr2	96601393	96604576	2	2	1	1	0	29
chr2	96614345	96616496	2	2	1	11	0	23
chr2	96679200	96679873	0	0	0	4	0	30
chr2	96851377	96852119	2	6	0	5	0	26
chr2	96852653	96852954	2	2	1	4	0	7
chr2	96858899	96858979	2	2	1	4	0	13
chr2	96859091	96860695	2	2	1	4	0	9
chr2	96860746	96861078	2	2	1	8	0	18
chr2	96932228	96933058	1	1	1	2	0	8
chr2	96933475	96933573	1	1	1	3	0	3
chr2	96943689	96943974	2	2	1	3	0	27
chr2	96944450	96944546	2	2	1	3	0	10
chr2	96949091	96949272	2	2	1	2	0	24
chr2	96949452	96949550	2	2	1	3	0	28
chr2	96950324	96950917	2	2	1	8	0	5
chr2	96952223	96952425	2	2	1	6	0	19
chr2	96952899	96953176	2	2	1	9	0	27
chr2	96955118	96955536	2	2	1	4	0	5
chr2	96963275	96963374	2	2	1	3	0	16
chr2	96965166	96966735	2	2	1	2	0	4
chr2	96967455	96968896	2	2	1	7	0	12
chr2	96969069	96970442	2	2	1	5	0	28
chr2	97007633	97007787	1	1	1	3	0	20
chr2	97017759	97019043	1	1	1	4	0	24
chr2	97019136	97019920	1	1	1	5	0	17
chr2	97276621	97276800	2	2	1	3	0	2
chr2	97302923	97304019	2	2	1	7	0	15
chr2	97528244	97609766	1	1	0	0	5	29
chr2	97757450	97760437	2	2	1	5	0	20
chr2	97795040	97835017	2	2	0	0	4	12
chr2	97810450	97812222	1	1	1	7	0	8
chr2	97849392	97851052	1	1	1	1	0	18
chr2	97879185	97879278	1	1	1	0	3	26
chr2	97909767	97910893	1	1	1	0	6	22
chr2	97911809	97913212	1	1	1	0	3	6
chr2	97932374	97936424	1	1	0	0	7	16
chr2	98106651	98106856	1	1	0	0	3	19
chr2	98119590	98119713	0	0	0	7	0	31
chr2	98126197	98127600	2	2	1	0	3	6
chr2	98128516	98129642	2	2	1	0	6	22
chr2	98160326	98160419	2	2	1	0	3	26
chr2	98167944	98169630	2	2	1	0	1	24
chr2	98262653	98263529	1	1	1	14	0	5
chr2	98273424	98273614	2	2	1	3	0	23
chr2	98274780	98274889	2	2	1	1	0	11
chr2	98421669	98421838	2	2	1	3	0	10
chr2	99494492	100202272	2	2	0	0	4	18
chr2	99802718	99804639	1	1	1	8	0	5
chr2	99938673	99949484	2	2	1	0	1	1
chr2	99944117	99949484	2	2	1	0	1	1
chr2	99960107	100126283	2	2	0	0	3	17
chr2	99999385	100006180	1	1	1	8	0	11
chr2	100011347	100013222	1	1	1	3	0	29
chr2	100015373	100015769	1	1	1	7	0	28
chr2	100020279	100020906	2	2	1	11	0	28
chr2	100029414	100035289	2	2	1	2	0	4
chr2	100896392	100898631	0	0	0	7	0	31
chr2	100925688	100937876	2	2	1	4	0	22
chr2	101386447	102193520	2	2	0	0	8	12
chr2	101618778	101619163	1	1	1	101	0	27
chr2	101619271	101620619	1	1	1	8	0	3
chr2	101620746	101622420	1	1	1	9	0	24
chr2	101622534	101622811	1	1	1	0	5	11
chr2	101873386	101876385	2	2	0	1	0	22
chr2	102314600	102314934	1	1	1	3	0	4
chr2	102486878	102487955	1	1	1	0	3	2
chr2	105954144	105956039	1	1	1	5	0	9
chr2	106433071	106471503	1	1	1	10	0	25
chr2	106433071	106471506	1	1	1	8	0	12
chr2	107029742	107032305	2	2	1	0	2	10
chr2	107049742	107050683	2	2	1	0	1	19
chr2	108478197	108479137	1	1	1	0	1	19
chr2	108991888	109358497	1	3	0	7	0	29
chr2	109065737	109066088	1	1	1	6	0	25
chr2	109128469	109150388	2	2	1	6	0	2
chr2	109293155	109294434	1	1	1	1	0	26
chr2	109336135	109345587	1	1	1	9	0	1
chr2	109370428	109371360	1	1	1	0	1	19
chr2	109384845	109388156	1	1	1	0	5	1
chr2	109403372	109404487	1	1	1	0	1	4
chr2	109763626	109874992	0	0	0	10	0	31
chr2	110039096	110040122	0	0	0	7	0	30
chr2	110602820	110605386	1	1	1	0	2	10
chr2	111281275	111283841	2	2	1	0	2	10
chr2	111399381	111399695	2	2	1	3	0	27
chr2	111399812	111406810	2	2	1	3	0	4
chr2	111702734	111714910	1	1	0	0	1	13
chr2	112218575	112219414	0	0	0	0	8	30
chr2	112558449	112560004	2	2	1	0	2	24
chr2	112580178	112582542	2	2	1	0	2	2
chr2	112638427	112641518	2	2	1	7	0	2
chr2	113135832	113138400	2	2	1	0	2	10
chr2	113343692	113343776	1	1	1	4	0	32
chr2	113403707	113404139	1	1	1	2	0	4
chr2	113404740	113404900	1	1	1	9	0	24
chr2	114222751	114228609	1	1	1	0	7	8
chr2	114352739	114352945	1	1	1	0	4	14
chr2	114356044	114356183	1	1	1	0	6	26
chr2	114396768	115042169	1	1	0	4	0	27
chr2	114399058	114399357	1	1	1	0	1	7
chr2	114399723	114400766	1	1	1	0	1	1
chr2	114647901	114670748	1	1	1	8	0	24
chr2	114691964	114697535	1	1	1	4	0	19
chr2	114699937	114709055	1	1	1	1	0	31
chr2	114709423	114713199	1	1	1	1	0	5
chr2	115552847	115556474	1	1	0	0	3	13
chr2	117075958	117152264	2	4	0	4	0	14
chr2	118572439	118575019	1	1	1	1	0	9
chr2	118698874	118701599	2	2	1	1	0	20
chr2	119998799	119998997	2	2	0	2	0	16
chr2	120124637	120125763	1	1	1	8	1	17
chr2	120436802	120438407	1	1	1	9	0	23
chr2	120704151	120709548	1	1	1	7	0	24
chr2	121010557	121036193	1	1	1	1	0	6
chr2	121493862	121554866	1	1	1	4	0	9
chr2	121520997	121522821	0	0	0	4	0	32
chr2	121997226	121999934	2	2	1	4	0	18
chr2	122488681	122489671	2	2	1	6	1	31
chr2	122513422	122514815	1	3	1	7	0	5
chr2	122519101	122520580	1	1	1	4	2	5
chr2	122610111	122623318	1	1	0	0	4	23
chr2	128017025	128018803	2	2	1	2	0	22
chr2	128050423	128051088	2	2	1	1	0	8
chr2	128051295	128051629	2	2	1	5	0	16
chr2	128249665	128250856	2	2	1	10	0	22
chr2	128525868	128526506	2	2	1	8	0	3
chr2	128712919	128744358	2	2	1	5	0	16
chr2	128757420	128757629	2	2	1	5	0	15
chr2	128783873	128785513	2	2	1	17	0	30
chr2	128814364	128819832	2	2	0	0	3	28
chr2	128878031	128878772	1	1	1	5	0	29
chr2	128885950	129195427	1	1	0	8	0	24
chr2	130433179	131272668	2	2	0	0	8	13
chr2	130796365	130929979	2	2	0	0	5	14
chr2	130897916	130898730	2	2	0	0	13	20
chr2	130918846	130921946	2	2	1	3	0	1
chr2	130930074	130930197	2	2	1	6	0	26
chr2	130932574	130934126	2	2	1	13	0	7
chr2	130939870	130940226	0	0	0	11	0	32
chr2	130940026	130940199	1	1	1	11	0	14
chr2	131100509	131100658	1	1	1	5	0	27
chr2	131102286	131102948	1	1	1	6	0	2
chr2	131103848	131103928	1	1	1	7	0	22
chr2	131810589	131812844	2	2	1	13	0	25
chr2	131884360	131888293	1	1	1	7	0	1
chr2	131888334	131890474	1	1	1	7	0	24
chr2	132249598	132249779	2	2	1	6	0	10
chr2	132254867	132256439	1	1	1	3	0	5
chr2	132266867	132267512	0	0	0	7	0	32
chr2	132289376	132290161	1	1	1	8	0	32
chr2	132289376	132290190	1	1	0	0	13	20
chr2	132431447	132431776	2	2	0	10	0	20
chr2	132592044	132592143	2	2	1	0	3	11
chr2	132826898	132827517	2	2	0	0	1	24
chr2	132827150	132828549	1	1	0	0	7	15
chr2	132828073	132828549	1	1	0	0	7	15
chr2	132927863	133038344	1	1	0	0	6	14
chr2	132996642	133038989	1	1	0	0	1	12
chr2	133004321	133038989	1	1	0	0	1	12
chr2	133012908	133015712	2	2	0	0	1	13
chr2	133013366	133037409	1	1	0	1	0	20
chr2	133887684	133971287	2	2	1	8	0	26
chr2	134858630	135296030	2	2	0	4	0	16
chr2	134893199	135786881	1	1	0	0	4	18
chr2	134909480	134909607	2	2	0	0	5	30
chr2	134909520	134909607	2	2	0	0	5	30
chr2	135033217	135033434	2	2	0	3	0	13
chr2	135100156	135828258	1	1	0	8	0	15
chr2	136399175	136402948	1	1	1	0	2	1
chr2	136476256	136476670	0	0	0	0	5	30
chr2	136499582	136505836	1	1	1	6	3	32
chr2	136519482	136527338	1	1	1	2	0	13
chr2	136528306	136529989	1	1	1	7	0	8
chr2	136536650	136537752	1	1	1	7	0	8
chr2	136615575	136616870	2	2	1	3	0	30
chr2	136736937	136740966	2	2	1	4	0	17
chr2	138628095	138790017	1	1	0	0	5	15
chr2	141407959	141451317	2	2	0	0	5	21
chr2	143743591	143746413	1	1	1	0	2	5
chr2	143903443	143991242	1	1	0	6	0	22
chr2	144749252	144749474	1	1	0	0	1	24
chr2	144749349	144749474	1	1	0	0	1	24
chr2	145268035	145268542	0	0	0	4	0	31
chr2	148693268	148695714	2	2	1	0	6	2
chr2	148710094	148712915	2	2	1	4	0	23
chr2	149818634	149829849	1	1	1	7	0	17
chr2	150443664	150444177	2	2	1	6	0	13
chr2	151343970	151344062	2	2	1	19	0	17
chr2	151586827	152027431	2	2	0	0	4	26
chr2	151826520	152640353	2	2	0	0	5	28
chr2	151983576	152640353	2	2	0	0	5	28
chr2	152266548	152266927	1	1	1	0	1	2
chr2	152293518	152293754	1	1	1	1	0	20
chr2	152313135	152314274	1	1	1	8	0	16
chr2	152314478	152315324	1	1	1	2	0	21
chr2	152322635	152324513	1	1	1	5	0	5
chr2	152823071	152905942	1	1	0	0	4	25
chr2	153486239	153486338	1	3	1	12	0	13
chr2	153512913	153514402	2	2	1	7	0	32
chr2	153519687	153520168	2	2	1	2	0	18
chr2	153547493	153549551	2	2	1	11	0	3
chr2	153549583	153551055	2	2	1	16	0	31
chr2	153551137	153571063	2	2	1	7	0	4
chr2	158716692	158732307	2	2	1	0	3	3
chr2	159348477	159348664	0	0	0	9	0	31
chr2	159488454	159490581	1	1	1	2	0	27
chr2	159530513	159533250	1	1	1	0	3	3
chr2	159825295	159857591	1	1	1	4	0	11
chr2	159989222	159989293	2	2	0	6	0	16
chr2	160074142	160075748	1	1	1	2	0	17
chr2	160082291	160084329	1	1	1	9	0	27
chr2	161174739	161223726	2	2	1	0	2	12
chr2	162224415	162226617	1	1	1	11	0	15
chr2	163204253	163208847	1	1	1	9	0	30
chr2	164824393	165067926	1	1	0	0	5	25
chr2	165383646	165404169	2	2	1	3	0	28
chr2	169313129	169404105	1	1	1	6	0	21
chr2	169417833	169487494	1	1	1	4	0	17
chr2	169571640	169574381	1	1	1	2	0	4
chr2	169723203	169726932	2	2	0	0	2	25
chr2	169745802	169745896	2	2	1	3	0	30
chr2	170175395	170177286	2	2	1	5	0	32
chr2	170460205	170460535	1	1	1	2	0	6
chr2	170462657	170463613	1	1	1	5	0	2
chr2	170590598	170591522	1	1	1	11	0	19
chr2	170642123	170643200	1	1	0	2	0	16
chr2	170657537	170661983	1	1	1	9	0	20
chr2	170665413	170666792	1	1	1	0	2	1
chr2	170667834	170668177	1	1	1	2	0	11
chr2	170732460	170734003	1	1	1	5	0	29
chr2	170761804	170762540	1	1	1	0	5	3
chr2	171571809	171572191	1	1	0	3	0	15
chr2	171819457	171822299	1	1	1	1	0	4
chr2	171859397	172013560	2	2	0	0	8	12
chr2	171960722	172730837	1	1	0	0	4	30
chr2	171974368	172016799	2	2	1	0	2	1
chr2	172120825	172706990	0	0	0	5	0	30
chr2	172188441	172752077	1	1	0	0	5	19
chr2	172188441	172969322	1	1	0	0	5	19
chr2	172584929	172585226	1	1	1	7	0	5
chr2	172586364	172600558	1	1	1	1	0	14
chr2	172756679	172756725	1	3	0	1	0	13
chr2	172779018	172782046	1	1	1	5	0	22
chr2	172780431	172782046	1	1	0	3	0	21
chr2	172822039	172822307	1	1	1	3	0	12
chr2	172831699	172831730	2	4	0	6	0	18
chr2	172964935	172967093	0	0	0	3	0	30
chr2	172965673	172966189	2	2	1	6	0	10
chr2	174229718	174230179	1	1	1	1	0	8
chr2	174777995	174783320	2	2	1	6	0	16
chr2	174783421	174829322	2	4	0	2	0	25
chr2	174820961	174828488	2	2	1	7	0	11
chr2	174825439	174881869	2	2	0	0	6	26
chr2	174828603	174829132	2	2	0	6	0	21
chr2	174828612	174829132	2	2	1	0	7	2
chr2	174940256	174943695	2	2	1	2	0	24
chr2	175094180	175113179	2	2	1	6	0	14
chr2	175111544	175113179	2	2	1	4	0	10
chr2	175215474	175216346	2	2	1	1	0	2
chr2	175245444	175245531	2	2	1	1	0	11
chr2	175245543	175246431	2	2	1	1	0	11
chr2	175703734	175756108	0	0	0	3	0	32
chr2	175869809	175869933	2	2	1	5	0	15
chr2	176044907	176046082	2	2	1	5	0	8
chr2	176046195	176046383	2	2	1	8	0	16
chr2	176802243	176803040	2	2	1	1	0	9
chr2	176988314	176988661	1	1	1	7	0	10
chr2	177001728	177012352	1	1	0	11	0	16
chr2	177012379	177014466	1	1	0	11	0	23
chr2	178077534	178080266	1	1	1	0	3	4
chr2	178077600	178080266	1	1	1	0	7	8
chr2	178080625	178080705	1	1	1	3	7	20
chr2	178080917	178081230	1	1	1	4	0	32
chr2	178081321	178081403	1	1	1	4	4	25
chr2	178081476	178081635	1	1	1	1	0	7
chr2	178081669	178082432	1	1	1	1	0	27
chr2	178082574	178083764	1	1	1	0	11	30
chr2	178084018	178084976	0	0	0	0	5	30
chr2	178084043	178084135	1	1	1	8	0	18
chr2	178084201	178084262	1	1	0	0	2	30
chr2	178099000	178129259	2	2	1	7	0	17
chr2	178810646	178811733	1	1	0	0	1	23
chr2	178811100	178811733	1	1	0	0	1	23
chr2	178811279	178811733	1	1	0	0	1	23
chr2	178811606	178811733	1	1	0	0	1	23
chr2	179236961	179238616	1	1	1	10	0	20
chr2	179301047	179306336	2	2	1	0	6	5
chr2	179360388	179363937	1	1	1	8	0	29
chr2	180618136	180618627	0	0	0	7	0	30
chr2	180838530	180842916	2	2	1	2	0	21
chr2	180858182	180871796	2	2	1	3	0	23
chr2	181845187	181845668	1	1	1	0	6	1
chr2	181845274	181845668	1	3	1	0	6	1
chr2	181845701	181846744	1	1	1	2	6	23
chr2	181848821	181922419	1	1	1	0	6	11
chr2	183154137	183836080	2	2	0	0	4	17
chr2	183154137	184103986	2	2	0	0	4	17
chr2	183595835	183597225	1	1	1	8	0	2
chr2	183799094	184146256	2	2	0	4	0	24
chr2	183850956	183853757	2	2	1	7	0	4
chr2	183888645	183902719	2	2	1	9	0	21
chr2	187019050	187019245	2	2	0	0	2	17
chr2	187351185	187359959	1	1	1	3	0	4
chr2	187366153	187367222	1	1	1	1	0	20
chr2	187516817	187519376	1	1	1	2	0	3
chr2	187533648	187534427	1	1	1	3	0	18
chr2	188344118	188372545	1	1	0	0	1	15
chr2	189156894	189248489	1	1	1	6	0	24
chr2	190117447	190137345	2	2	0	0	1	32
chr2	190530178	190530766	1	1	1	2	0	15
chr2	190647850	190648994	2	2	1	7	0	19
chr2	191155212	191161538	2	2	0	2	0	23
chr2	191208805	191224764	1	1	1	5	0	13
chr2	191402756	191686035	1	1	0	0	4	12
chr2	191514087	191523883	1	1	1	6	0	19
chr2	191662251	192281512	2	4	0	0	8	29
chr2	191781723	191781967	1	1	0	2	0	30
chr2	191848467	191849035	2	2	1	0	2	2
chr2	192228602	192228883	1	1	1	5	0	15
chr2	196522006	196544755	1	1	1	8	0	15
chr2	196578278	196581360	1	1	1	5	0	6
chr2	197171337	197171853	2	2	1	2	0	9
chr2	197504503	197521356	1	1	1	0	4	3
chr2	197511229	197521356	1	1	1	0	4	3
chr2	197539073	197540866	1	1	1	1	0	7
chr2	198270197	198272721	2	2	1	0	10	3
chr2	198352761	198353040	2	2	1	1	0	10
chr2	198353216	198353725	2	2	1	2	0	25
chr2	198353972	198354920	2	2	1	0	5	13
chr2	198355021	198358047	2	2	1	0	1	24
chr2	198358217	198358880	2	2	1	3	0	30
chr2	198358975	198359380	2	4	1	5	0	27
chr2	198359477	198360017	2	2	1	6	0	13
chr2	198360101	198361863	2	2	1	0	7	16
chr2	198363575	198364505	2	2	1	8	1	13
chr2	198365164	198365797	1	1	1	21	0	24
chr2	198365963	198367762	1	1	1	10	2	22
chr2	198380871	198388347	1	1	1	0	4	2
chr2	198400355	198404834	1	1	1	6	0	24
chr2	198561022	198561196	2	2	0	0	4	32
chr2	200137396	200173482	2	2	1	5	0	12
chr2	200320820	200322061	2	2	1	1	0	11
chr2	201676714	201677930	1	1	1	4	2	23
chr2	201680241	201680389	1	1	1	11	0	29
chr2	201721535	201721613	2	2	1	1	0	22
chr2	201754115	201756640	1	1	1	13	0	24
chr2	201881894	201886781	2	2	1	5	0	31
chr2	201888763	201910218	2	2	1	3	0	14
chr2	201935158	201964177	2	2	0	0	1	32
chr2	202136345	202137360	1	1	1	6	0	13
chr2	202137666	202139611	1	1	1	8	0	27
chr2	202503769	202504983	2	2	1	14	0	5
chr2	202504989	202505615	2	2	1	14	0	5
chr2	202505648	202507331	2	2	1	13	1	13
chr2	202505648	202508081	2	2	1	0	1	1
chr2	202591590	202591934	2	2	1	3	0	25
chr2	203120103	203128491	2	2	0	0	1	30
chr2	203149205	203152382	1	1	1	1	0	8
chr2	203162630	203164956	1	1	1	8	0	29
chr2	203167781	203168108	1	1	1	3	0	22
chr2	203215148	203458841	1	1	0	0	8	26
chr2	203292474	203315187	1	1	0	0	1	29
chr2	203423404	203458841	1	1	0	0	8	26
chr2	203772683	203776158	2	2	1	5	0	21
chr2	203921557	204122892	2	2	0	0	7	17
chr2	204009884	204013713	1	1	1	5	0	16
chr2	204034575	204036650	1	1	1	2	0	21
chr2	204223712	204367519	1	1	0	0	4	21
chr2	204259570	204260378	1	1	1	9	0	9
chr2	204424216	204670665	2	2	0	9	0	19
chr2	204447842	204457667	1	1	0	2	0	12
chr2	204482255	204504800	2	2	0	1	0	30
chr2	206037106	206041168	1	1	1	1	0	30
chr2	206197451	206890366	1	1	0	8	0	12
chr2	206997830	207003208	2	2	1	0	6	3
chr2	207014650	207017142	2	2	1	3	0	20
chr2	207025435	207026069	1	1	1	5	0	6
chr2	207221229	207265819	2	2	0	0	1	22
chr2	207221628	207265819	2	2	0	0	1	22
chr2	207231118	207268213	2	2	0	1	0	13
chr2	207406859	207407976	1	1	1	8	0	21
chr2	207454239	207457340	1	1	1	7	0	16
chr2	208446885	208486529	2	2	1	0	4	1
chr2	208478168	208486529	2	2	1	0	4	1
chr2	208811237	208841374	2	2	1	4	0	19
chr2	209104728	209106717	2	2	1	8	0	3
chr2	211336801	211341039	2	2	1	3	0	2
chr2	212385546	212392910	0	0	0	3	0	30
chr2	214149344	214160787	1	1	1	5	0	10
chr2	215528692	215565214	1	1	0	7	0	27
chr2	216176885	216177220	1	1	1	4	0	8
chr2	216182957	216184387	1	1	1	3	0	17
chr2	216184455	216189963	1	1	1	6	0	5
chr2	216190053	216190709	1	1	1	5	0	1
chr2	216203631	216209501	1	1	1	4	0	15
chr2	216242986	216243852	2	2	1	1	0	5
chr2	216861189	216877955	2	2	1	3	14	4
chr2	216974181	216977738	1	1	1	10	1	22
chr2	216982518	216983765	1	1	1	10	0	22
chr2	216990755	216992258	1	1	1	5	0	25
chr2	216992398	216995597	1	1	1	6	0	15
chr2	216997111	217001810	1	1	1	5	0	4
chr2	217002903	217005908	1	1	1	7	0	29
chr2	217006043	217012805	1	1	1	12	0	8
chr2	217024885	217026701	1	1	1	9	0	6
chr2	217069120	217069910	1	1	1	2	0	3
chr2	217289672	217289713	2	4	0	4	0	12
chr2	217363601	217363992	1	1	1	4	0	30
chr2	217364122	217364671	1	1	1	16	1	19
chr2	217364755	217366063	1	1	1	1	0	1
chr2	217438736	217503214	1	3	0	0	4	15
chr2	217543938	217559161	2	2	1	0	1	1
chr2	219105530	219682057	2	2	0	0	7	29
chr2	219129332	219129742	2	2	1	7	0	18
chr2	219129898	219130093	2	2	1	9	0	20
chr2	219130670	219130786	2	2	1	3	0	26
chr2	219130871	219131165	2	2	1	6	0	19
chr2	219132337	219134104	2	2	1	2	0	20
chr2	219146905	219157188	2	4	1	20	0	19
chr2	219433702	219445283	1	1	1	3	0	14
chr2	219524467	219525661	1	1	1	3	0	13
chr2	219527403	219527605	1	1	1	4	0	31
chr2	219529597	219529877	2	2	1	2	0	2
chr2	219533403	219536652	2	2	1	2	0	18
chr2	219538489	219538601	1	1	1	5	0	30
chr2	219538680	219540065	1	1	1	0	4	2
chr2	219540197	219540751	1	1	1	7	0	17
chr2	219558707	219558986	1	1	1	8	0	26
chr2	219559359	219561312	1	1	1	5	0	21
chr2	219609957	219610413	1	1	1	1	0	28
chr2	219611918	219612012	1	1	1	1	0	9
chr2	219763310	220435828	2	2	0	6	0	12
chr2	220078225	220078311	2	2	1	4	0	24
chr2	220085615	220085801	2	2	1	4	0	18
chr2	220092776	220094256	2	2	1	10	0	24
chr2	220093208	220094256	2	2	1	3	0	10
chr2	220093897	220094256	2	2	1	5	0	22
chr2	220094623	220094949	1	1	1	18	0	11
chr2	220144241	220144519	1	1	1	11	0	14
chr2	220251501	220251613	2	2	1	10	0	16
chr2	220310410	220312698	1	1	1	0	1	5
chr2	220415565	220416250	2	2	1	10	0	14
chr2	220426731	220427123	2	2	1	3	0	26
chr2	220428350	220429963	2	2	1	10	0	12
chr2	220431849	220431994	2	2	1	8	0	6
chr2	220433047	220434942	2	2	1	11	0	27
chr2	220467499	220470329	1	1	1	3	0	6
chr2	220473511	220473818	1	1	1	7	0	2
chr2	221672663	221697235	1	1	0	0	4	24
chr2	223436742	223464646	2	2	1	1	0	25
chr2	223493608	223494831	2	2	1	10	0	7
chr2	223725977	223752547	1	1	1	0	3	4
chr2	223787868	223789173	1	1	1	2	0	29
chr2	223791961	224620268	1	1	0	0	4	18
chr2	223791961	224626162	1	1	0	0	4	18
chr2	223791961	224731271	1	1	0	0	4	18
chr2	223793655	223795338	1	1	1	7	1	23
chr2	224102874	224499722	1	1	0	0	4	15
chr2	224102878	224499722	1	1	0	0	4	15
chr2	224102882	224499722	1	1	0	0	4	15
chr2	224623468	224629929	2	2	1	1	0	7
chr2	224642587	224702164	2	2	1	12	0	19
chr2	224680800	224758219	2	4	0	3	0	32
chr2	224763788	224765899	2	2	1	8	0	26
chr2	224777044	224782659	2	2	1	2	0	30
chr2	224822369	224824250	1	1	1	6	0	2
chr2	225221571	225225075	2	2	0	0	1	19
chr2	225343063	225346608	2	2	1	1	0	29
chr2	227700804	227729319	1	1	1	3	0	3
chr2	227974003	227976393	2	2	1	2	0	4
chr2	228110181	228986920	2	2	0	7	0	12
chr2	228337305	228356262	1	1	1	5	0	31
chr2	228389632	228395806	1	1	1	4	0	17
chr2	228395927	228398264	1	1	1	5	0	14
chr2	228398475	228399560	1	1	1	1	0	9
chr2	228906101	228974421	2	2	0	8	0	24
chr2	230045519	230045650	2	2	0	0	21	27
chr2	230045681	230045706	2	2	0	0	2	15
chr2	230655968	230656581	2	4	1	2	0	15
chr2	230661499	230662405	2	2	1	5	0	20
chr2	230664100	230666967	2	2	1	3	0	12
chr2	230678748	230678948	2	2	1	2	0	28
chr2	230724291	230744697	2	2	1	9	0	9
chr2	230744845	230787597	2	2	0	2	0	15
chr2	230837520	231724897	2	2	0	0	4	13
chr2	230864121	230871089	1	1	0	0	5	24
chr2	230911439	230914476	2	2	1	5	0	18
chr2	231081644	231084588	2	2	1	6	0	4
chr2	231604487	231609284	1	1	0	0	5	25
chr2	231943462	231944249	1	1	1	2	0	25
chr2	232030001	232030584	1	1	1	3	0	22
chr2	232057850	232321155	2	4	0	4	0	13
chr2	232156157	232160910	1	1	1	3	10	20
chr2	232319979	232320111	2	2	1	17	0	16
chr2	232320336	232320720	2	2	1	9	0	19
chr2	232320848	232321341	2	2	1	14	0	23
chr2	232323101	232323711	2	2	1	8	0	31
chr2	232323837	232324862	2	2	1	6	0	31
chr2	232325005	232325188	2	2	1	7	0	31
chr2	232325276	232325379	2	2	1	29	0	27
chr2	232325578	232326250	2	2	1	16	0	27
chr2	232326729	232327910	2	2	1	12	4	30
chr2	232328028	232328493	2	2	0	8	0	22
chr2	232328028	232328853	2	2	1	7	0	24
chr2	232328028	232329046	2	2	1	37	3	30
chr2	232401365	232448387	1	1	0	0	1	26
chr2	232573291	232576629	2	2	0	6	0	19
chr2	232573462	232576057	1	1	1	6	3	22
chr2	232575299	232576057	1	1	0	10	0	13
chr2	232575387	232576057	1	1	1	0	6	1
chr2	232576694	232577152	1	1	1	15	0	30
chr2	232577227	232577513	1	1	1	61	11	29
chr2	232659062	232660815	1	1	1	3	0	27
chr2	232879690	232880223	1	1	1	8	0	31
chr2	233114057	233127916	1	1	1	7	0	18
chr2	233405422	233407132	1	1	1	0	1	1
chr2	233415455	233421125	1	1	1	4	0	8
chr2	233421241	233422593	1	1	1	6	0	19
chr2	233612455	233613696	1	1	1	9	0	30
chr2	233684696	233697566	1	1	1	5	0	13
chr2	233770647	233771224	1	1	0	0	1	32
chr2	233770778	233771228	1	1	0	0	1	28
chr2	234169656	234169983	0	0	0	9	0	30
chr2	234355443	234356732	1	1	1	6	0	18
chr2	234365642	234365866	1	1	1	5	0	29
chr2	234750852	234752850	2	2	1	9	0	17
chr2	234851016	235338626	2	2	0	0	5	16
chr2	235220802	235227987	2	2	0	0	1	30
chr2	236117181	236880168	2	2	0	0	4	15
chr2	236178320	236375544	1	1	0	0	5	28
chr2	236444903	236444996	0	0	0	6	0	32
chr2	236570979	236571005	2	2	0	4	0	31
chr2	236617882	236626200	1	1	1	8	0	22
chr2	237998638	238002732	1	1	1	1	0	5
chr2	238004528	238005464	1	1	1	0	1	16
chr2	238617274	238657006	1	1	1	5	0	7
chr2	238657043	238657841	1	1	1	5	0	22
chr2	238662123	238664737	1	1	1	9	0	29
chr2	238768371	238785865	1	1	1	0	6	3
chr2	239071480	239072377	1	1	1	2	0	4
chr2	239074326	239076512	1	1	1	0	3	3
chr2	239102973	239103445	2	2	1	7	0	11
chr2	239261592	239261813	1	1	1	0	3	25
chr2	239261851	239264644	1	1	1	0	3	3
chr2	239353369	239355024	1	1	1	6	0	4
chr2	240098260	240111528	2	2	1	2	0	30
chr2	240118371	240118414	1	1	0	9	0	20
chr2	240231310	240231362	0	0	0	6	0	31
chr2	240960830	240964643	2	2	1	2	1	3
chr2	240961758	240964643	2	2	1	8	0	23
chr2	241070506	241073349	2	2	1	3	0	7
chr2	241073423	241075638	2	2	1	0	4	1
chr2	241450373	241450434	0	0	0	15	0	30
chr2	241452360	241459778	2	2	1	7	0	20
chr2	241508532	241511839	1	1	1	7	0	18
chr2	241526470	241537304	1	1	1	0	4	1
chr2	241534127	241534440	1	1	1	3	0	15
chr2	241534722	241537304	1	1	1	0	4	1
chr2	241535939	241537304	1	1	1	0	4	1
chr2	241536360	241537304	1	3	1	0	4	1
chr2	241661302	241661872	2	2	1	7	0	14
chr2	241676586	241679474	2	2	1	9	0	17
chr2	241682402	241683358	2	2	1	7	0	1
chr2	241684935	241685154	2	2	1	4	0	20
chr2	241685327	241685455	2	2	1	11	0	21
chr2	241689965	241697776	2	2	1	4	3	18
chr2	241700795	241702135	2	2	1	5	1	4
chr2	241706439	241706682	2	2	1	7	0	24
chr2	241708626	241709043	2	2	1	7	0	19
chr2	241709124	241710387	2	2	1	5	0	26
chr2	241712674	241713599	2	2	1	6	0	21
chr2	241713679	241715267	2	2	1	5	0	32
chr2	241723234	241724405	2	2	1	2	0	32
chr2	241726071	241726169	1	1	0	0	1	12
chr2	241726135	241726169	1	1	0	0	1	12
chr2	241737230	241759538	2	2	1	11	0	21
chr2	242066867	242072288	2	2	1	2	0	16
chr2	242082490	242088828	2	2	1	6	0	19
chr2	242089963	242092890	1	1	1	8	0	13
chr2	242102817	242105751	1	1	1	4	0	11
chr2	242169377	242169567	2	2	1	7	0	14
chr2	242169685	242170173	2	2	1	6	0	19
chr2	242171077	243008116	2	2	0	8	0	27
chr2	242175010	242176029	2	2	1	5	0	11
chr2	242179236	242179315	2	2	1	2	0	9
chr2	242179538	242181874	2	2	1	9	0	30
chr2	242182094	242186166	2	2	1	0	1	1
chr2	242187764	242189255	2	2	1	4	0	22
chr2	242189396	242192371	2	2	1	6	0	2
chr2	242192451	242192807	2	2	1	1	0	1
chr2	242196222	242202283	2	2	1	5	0	1
chr2	242202342	242203862	2	2	1	7	0	11
chr2	242206322	242207891	2	2	1	25	0	23
chr2	242207957	242254984	2	2	1	0	2	1
chr2	242208689	242254984	2	2	1	0	2	1
chr2	242283313	242285580	1	1	1	7	0	27
chr2	242347031	242350447	1	1	1	8	0	27
chr2	242436410	242437006	1	3	0	12	0	23
chr2	242437103	242437649	2	2	1	10	0	32
chr2	242438590	242438671	2	2	1	8	0	18
chr2	242441124	242447420	2	2	1	20	0	11
chr2	242590751	242592721	1	1	1	10	0	17
chr2	242625293	242626068	2	2	1	1	0	12
chr2	242651487	242662353	1	1	1	2	0	19
chr2	242662490	242662624	1	1	1	5	0	19
chr2	242870762	242871026	2	2	0	0	8	13
chr2	242870762	242871230	2	2	0	0	8	13
chr2	242870762	242871259	2	2	0	0	8	13
chr2	242870762	242871436	2	2	0	0	8	13
chr3	3216954	3221304	2	2	1	2	0	26
chr3	4355446	4357895	1	1	1	2	0	5
chr3	4562779	4669446	1	1	1	9	0	27
chr3	4563826	4563849	1	1	0	4	0	20
chr3	4698911	4699807	1	1	0	7	0	18
chr3	5230000	5231089	1	1	1	0	2	1
chr3	5230000	5236893	1	1	1	0	2	1
chr3	5241381	5243437	1	1	1	0	9	2
chr3	6401261	6791842	2	2	0	0	11	23
chr3	8955405	8977554	2	2	1	5	0	20
chr3	9000686	9005018	2	2	1	3	0	3
chr3	9005064	9005108	1	1	0	2	0	24
chr3	9433511	9439107	2	2	1	1	0	7
chr3	9470694	9471510	1	1	1	11	0	27
chr3	9485102	9486731	1	1	1	4	0	20
chr3	9488992	9489369	1	1	1	4	0	20
chr3	9515222	9516132	1	1	1	13	0	17
chr3	9516267	9516751	1	1	1	4	0	30
chr3	9783124	9783708	1	1	1	5	0	10
chr3	9786193	9786691	1	1	1	6	0	24
chr3	9796570	9798154	1	1	1	0	11	2
chr3	9809466	9811515	2	2	1	0	7	2
chr3	9834809	9839342	1	1	1	6	0	21
chr3	10012346	10015311	2	2	1	7	0	9
chr3	10059756	10065243	2	2	1	1	0	6
chr3	10081530	10083306	1	1	1	2	0	2
chr3	10094182	10101977	1	1	1	4	0	7
chr3	10183872	10188197	1	1	1	0	9	3
chr3	10193646	10195024	0	0	0	7	0	30
chr3	10201849	10216922	2	2	0	0	1	19
chr3	10346841	10347242	2	2	1	4	0	7
chr3	10354415	10357004	2	2	1	6	0	3
chr3	11600302	11600805	2	2	1	3	0	18
chr3	11600930	11606270	2	2	1	0	1	3
chr3	11796419	11802279	2	2	0	0	2	16
chr3	11843032	11843478	0	0	0	4	0	30
chr3	11922644	12706559	2	2	0	0	4	22
chr3	12196575	13089138	2	2	0	0	6	21
chr3	12205331	12246108	1	1	0	0	8	18
chr3	12626753	12627179	2	2	1	6	0	27
chr3	12636640	12640183	0	0	0	8	0	32
chr3	12637924	12714644	2	2	0	0	14	28
chr3	12650423	12650731	2	2	1	5	0	1
chr3	12881030	12881640	2	2	1	3	0	11
chr3	12881742	12882992	2	2	1	35	13	18
chr3	12962097	12963619	2	2	1	0	1	2
chr3	13359282	13360571	2	2	1	3	0	22
chr3	13360656	13360729	2	2	1	6	0	21
chr3	13368938	13370270	2	2	1	4	1	3
chr3	13383384	13383497	2	2	0	4	0	24
chr3	13393685	13395053	2	2	1	11	0	9
chr3	13395608	13399721	2	2	1	15	0	28
chr3	13419063	13420411	2	2	1	0	5	4
chr3	13420481	13421062	0	0	1	3	0	16
chr3	13438989	13441224	2	2	1	2	0	27
chr3	13441362	13461559	2	2	1	5	0	26
chr3	14171062	14172321	1	1	1	7	0	4
chr3	14174096	14174365	1	1	1	4	0	8
chr3	14220382	14223059	1	1	1	26	0	25
chr3	14708455	14708930	1	1	1	4	0	23
chr3	14770196	14798877	1	1	1	0	1	8
chr3	15057762	15062259	1	1	1	9	0	26
chr3	15079645	15080628	1	1	1	4	0	13
chr3	15100983	15106567	2	2	1	1	0	8
chr3	15159616	15780058	2	2	0	4	0	13
chr3	15298621	15300337	2	2	1	5	0	29
chr3	15318710	15486776	2	2	0	0	5	32
chr3	15318710	16159862	2	2	0	0	5	32
chr3	15372074	15373777	2	2	1	3	0	20
chr3	15631120	15633106	2	2	1	1	0	11
chr3	15751244	15752717	2	2	1	7	0	26
chr3	16444493	16444609	0	0	0	10	0	30
chr3	17162581	17341143	1	1	0	0	6	32
chr3	18164336	18164355	2	2	0	3	0	30
chr3	20019896	20025199	1	1	1	1	0	17
chr3	20225527	20227439	2	2	1	0	4	1
chr3	23930751	23931999	1	1	1	6	0	17
chr3	23958665	23959340	1	1	1	6	10	23
chr3	23958731	23959340	1	1	1	5	7	8
chr3	23959523	23959930	1	1	1	8	0	29
chr3	23960068	23960686	1	1	1	11	0	27
chr3	24231826	24270428	2	2	1	4	1	23
chr3	24231826	24338716	2	2	1	0	1	2
chr3	25675506	25677426	2	2	1	4	0	2
chr3	25686947	25705719	2	2	1	8	0	2
chr3	27856920	28797398	1	1	0	5	0	13
chr3	28085930	28092811	1	1	0	0	5	18
chr3	29155119	29665036	1	1	0	0	6	22
chr3	31816641	32762055	1	1	0	0	7	32
chr3	31994270	31994820	1	5	0	2	0	29
chr3	32127279	32168771	2	2	0	1	0	14
chr3	32148251	32169567	1	1	1	4	0	4
chr3	32157326	32203915	1	1	0	0	1	22
chr3	32317648	32381830	2	2	0	4	0	17
chr3	32339589	32339634	0	0	0	7	0	31
chr3	32483506	32490945	1	1	1	4	0	12
chr3	32533379	32544099	2	2	1	10	0	27
chr3	32578597	32582528	2	2	1	4	0	31
chr3	32638967	32649904	1	1	0	0	6	32
chr3	32731383	32986459	1	1	0	0	11	20
chr3	32732182	33503402	1	1	0	0	4	20
chr3	32745455	32746302	1	1	1	2	0	10
chr3	32776469	32778901	1	1	1	5	0	3
chr3	32778983	32800949	1	1	1	3	0	10
chr3	33063148	33065742	2	2	1	4	0	8
chr3	33441775	33442453	2	2	1	5	0	18
chr3	33853619	33855050	1	1	1	5	0	15
chr3	33883567	33885603	1	1	1	2	0	3
chr3	34274273	34297193	1	1	0	1	0	15
chr3	37035155	37038109	1	1	1	0	1	2
chr3	37170641	37190384	2	2	1	11	0	10
chr3	37214518	37216029	2	2	1	0	6	2
chr3	37388788	37396591	1	1	1	1	0	22
chr3	38266196	38271177	1	1	1	5	0	27
chr3	38287713	38289158	1	1	1	6	0	18
chr3	38495866	38518777	1	1	1	7	0	12
chr3	38519784	38519865	1	1	1	5	0	23
chr3	38616943	38618151	2	2	1	3	0	12
chr3	39093565	39104540	1	1	1	3	0	22
chr3	39121300	39125645	1	1	1	4	0	21
chr3	39127102	39129618	1	1	1	3	0	24
chr3	39448256	39449111	1	1	1	0	7	6
chr3	39449278	39450096	1	1	1	3	0	10
chr3	39450216	39452244	1	1	1	0	14	32
chr3	39452491	39453139	1	1	1	0	7	3
chr3	39453269	39453386	1	1	1	5	1	29
chr3	39453553	39453764	1	1	1	0	4	10
chr3	40352548	40352960	1	1	1	11	0	26
chr3	40498855	40499380	1	1	1	16	0	23
chr3	40503153	40503429	1	1	1	3	0	28
chr3	41237198	41265511	1	1	1	0	1	1
chr3	41240273	41265511	1	1	1	0	1	1
chr3	41241162	41265511	1	1	1	18	8	22
chr3	41241873	41265511	1	1	1	0	1	1
chr3	41263837	41265511	1	1	1	0	1	1
chr3	41265573	41266016	1	1	1	6	0	20
chr3	41268844	41274831	1	1	1	2	1	9
chr3	41953152	41954298	2	2	1	2	0	22
chr3	42226294	42229536	1	1	1	0	5	2
chr3	42573362	42573733	1	1	1	6	0	8
chr3	42610566	42623337	2	2	1	0	4	1
chr3	42621086	42623337	2	2	1	0	4	1
chr3	42642271	42642475	1	1	1	4	0	15
chr3	42681243	42683992	1	1	1	3	0	3
chr3	42685496	42687379	1	1	1	1	0	16
chr3	42827655	42835648	2	2	1	5	0	9
chr3	42835768	42845927	2	2	1	7	0	17
chr3	42875695	42875976	2	2	0	0	1	14
chr3	43328168	43341245	1	1	1	11	0	14
chr3	43569105	43579112	2	2	0	0	3	21
chr3	43759350	43759934	1	1	1	1	0	9
chr3	43871428	44559251	1	1	0	6	0	27
chr3	44822415	44826336	1	1	1	10	0	12
chr3	44856569	44867530	1	1	1	7	0	9
chr3	44902694	45042736	1	3	0	3	0	31
chr3	44934094	44946404	2	2	0	0	1	15
chr3	45000953	45017424	2	2	1	4	0	11
chr3	45658503	45741291	1	1	0	0	9	27
chr3	45730990	45744929	1	1	1	12	0	16
chr3	45870108	45872404	2	2	1	3	0	31
chr3	46965159	46966945	2	2	1	9	0	28
chr3	46993051	47827972	0	0	0	9	0	30
chr3	47030248	47030331	1	1	1	11	0	27
chr3	47046390	47462389	1	1	0	0	6	15
chr3	47047110	47047227	1	1	1	1	0	16
chr3	47047338	47047435	1	1	1	2	0	26
chr3	47168154	47205343	2	2	1	4	0	15
chr3	47185449	48079133	2	2	0	0	5	24
chr3	47189930	47190263	0	0	0	12	0	32
chr3	47204754	47227357	1	1	0	0	1	13
chr3	47250060	47258640	2	2	0	0	1	31
chr3	47448858	47448994	1	1	1	4	0	28
chr3	47454118	47454195	1	1	1	8	0	23
chr3	47460013	47460144	2	2	1	7	0	2
chr3	47462520	47463931	2	2	1	12	0	25
chr3	47484582	47517288	2	2	1	4	0	20
chr3	47672382	47876160	1	1	0	0	7	25
chr3	47734791	47742767	2	2	1	1	0	19
chr3	47846911	47852146	1	1	1	6	0	29
chr3	47861261	47863715	0	0	0	12	0	31
chr3	47866563	47891473	0	0	0	5	0	32
chr3	47866738	47868836	1	1	1	16	0	14
chr3	47888839	47888921	1	1	1	7	0	15
chr3	47890041	47890113	1	1	1	1	0	8
chr3	47891260	47891356	1	1	1	8	0	20
chr3	48040370	48130262	2	2	1	3	0	21
chr3	48200946	48205796	2	2	1	4	0	8
chr3	48218933	48219343	2	2	1	7	0	15
chr3	48229706	48229859	2	2	1	9	0	24
chr3	48282705	48289114	1	1	1	8	0	25
chr3	48295036	48296035	2	2	0	3	0	16
chr3	48444370	48445004	0	0	0	8	0	32
chr3	48454030	48454150	2	2	1	4	0	11
chr3	48457169	48457439	2	2	1	8	0	11
chr3	48459773	48459857	2	2	1	8	0	4
chr3	48464357	48464913	2	2	1	3	0	21
chr3	48481723	48481812	1	1	1	6	0	9
chr3	48493306	48495699	1	1	1	1	0	6
chr3	48505532	48505980	1	1	1	2	0	6
chr3	48510586	48510759	2	2	1	7	0	4
chr3	48511243	48514418	2	2	1	6	0	13
chr3	48607934	48608071	2	2	1	2	0	22
chr3	48612155	48612229	2	2	1	2	0	4
chr3	48612560	48612639	2	2	1	7	0	3
chr3	48614205	48614316	2	2	1	6	0	29
chr3	48617491	48617732	2	2	1	3	0	25
chr3	48638001	48638112	2	2	1	4	0	24
chr3	48638552	48638784	2	2	1	6	0	12
chr3	48641077	48641665	2	2	1	5	0	5
chr3	48646736	48646984	2	2	1	3	0	15
chr3	48677993	48678756	2	2	1	2	0	21
chr3	48716170	48716309	2	2	1	8	0	20
chr3	48717663	48718719	2	2	1	9	0	22
chr3	48732855	48754589	2	2	1	10	0	24
chr3	48845118	48884767	2	2	1	6	0	6
chr3	48895446	48941882	1	1	0	0	1	29
chr3	48943125	48949864	2	2	0	0	3	27
chr3	48956432	48960180	1	1	1	6	0	32
chr3	49041694	49042293	1	1	1	6	0	20
chr3	49051727	49051815	1	1	1	3	0	31
chr3	49052152	49052257	1	1	1	5	0	17
chr3	49060202	49060308	1	1	1	0	1	6
chr3	49062703	49063756	2	2	1	9	0	8
chr3	49065966	49066190	2	2	1	1	0	19
chr3	49136126	49136317	2	2	1	15	0	8
chr3	49136865	49136942	2	2	1	7	0	23
chr3	49137525	49137622	2	2	1	1	0	23
chr3	49139906	49140777	2	2	1	6	0	13
chr3	49141406	49141756	2	2	1	1	0	4
chr3	49147796	49147880	2	2	0	6	0	15
chr3	49148297	49148382	2	2	1	4	0	21
chr3	49149247	49149343	2	2	1	3	0	18
chr3	49151527	49151606	2	2	1	10	0	29
chr3	49153073	49153156	2	2	1	3	0	26
chr3	49153378	49153479	2	2	1	7	0	32
chr3	49155004	49155089	2	2	1	9	0	25
chr3	49156715	49158188	2	2	1	7	0	27
chr3	49161065	49161160	2	2	1	6	0	18
chr3	49170097	49170224	2	2	1	10	0	23
chr3	49181620	49181730	2	2	1	9	0	3
chr3	49360596	49401598	2	2	0	0	9	27
chr3	49360596	49489507	2	2	0	0	9	27
chr3	49413025	49449252	2	2	1	6	0	20
chr3	49562314	50136591	1	1	0	0	6	23
chr3	49695630	49697918	1	1	1	8	0	9
chr3	49712743	49713126	1	1	1	4	0	15
chr3	49722940	49723028	2	2	1	0	12	29
chr3	49736256	49736412	1	1	1	8	0	18
chr3	49737016	49737100	1	1	1	3	0	18
chr3	49738143	49738923	1	1	1	3	0	5
chr3	49739344	49739515	1	1	1	8	0	9
chr3	49751431	49751522	1	1	1	7	0	14
chr3	49751608	49753007	1	1	1	6	0	24
chr3	49753148	49753254	1	1	1	3	0	5
chr3	49753444	49753534	1	1	1	9	0	6
chr3	49756038	49757943	1	1	1	0	6	2
chr3	49879373	49879885	2	2	1	6	0	14
chr3	49959666	49971986	1	1	0	1	0	16
chr3	49978515	50000008	1	3	1	0	1	5
chr3	50030780	50031886	1	1	0	7	0	16
chr3	50050026	50245931	1	1	0	0	6	31
chr3	50097180	50098388	1	1	1	1	0	12
chr3	50103936	50106122	1	1	1	2	0	31
chr3	50106198	50107887	1	1	1	5	0	25
chr3	50126463	50127814	1	1	1	5	0	9
chr3	50145581	50145664	1	1	1	5	0	21
chr3	50151533	50151612	1	1	1	7	0	9
chr3	50289971	50290455	1	1	1	1	0	4
chr3	50326143	50326230	2	2	1	6	0	5
chr3	50327060	50327142	2	2	1	6	0	21
chr3	50327904	50327990	2	2	1	4	0	29
chr3	50328111	50329647	2	2	1	1	0	27
chr3	50615005	50615256	1	1	1	6	0	16
chr3	50684635	50685324	1	1	1	0	1	5
chr3	50816190	50879105	1	1	1	4	0	8
chr3	51145552	51268641	2	2	0	0	6	13
chr3	51145552	51282903	2	2	0	0	6	13
chr3	51145552	51660542	2	2	0	0	6	13
chr3	51286967	51287016	1	1	0	2	0	15
chr3	51412019	51413178	1	1	1	7	0	28
chr3	51422868	51423638	1	1	1	98	0	22
chr3	51451498	51452077	2	2	1	4	0	15
chr3	51575667	51624382	1	1	1	2	0	13
chr3	51661771	51663349	1	1	1	9	0	30
chr3	51667776	51667917	1	1	1	8	0	27
chr3	51970572	51971207	2	2	1	5	0	3
chr3	52017606	52018062	1	1	1	5	0	14
chr3	52022843	52022926	1	1	1	9	0	20
chr3	52028143	52029057	2	2	1	12	4	11
chr3	52029123	52029440	2	2	1	7	0	5
chr3	52029486	52029872	2	2	1	42	2	28
chr3	52185117	52188370	2	2	1	9	0	17
chr3	52233457	52236522	1	1	1	7	0	16
chr3	52265248	52265459	2	2	1	5	0	4
chr3	52276771	52732495	0	0	0	0	7	31
chr3	52288727	52290728	0	0	0	7	0	31
chr3	52301035	52304727	2	2	1	0	6	12
chr3	52325128	52325760	1	1	1	0	4	1
chr3	52325939	52326275	1	1	1	0	3	1
chr3	52397161	52398653	1	1	1	11	0	5
chr3	52491943	52492677	1	1	1	0	1	2
chr3	52492861	52504874	1	1	1	4	0	18
chr3	52504924	52505829	1	1	1	7	0	16
chr3	52511659	52512112	1	1	1	5	0	22
chr3	52518654	52519793	1	1	1	4	0	22
chr3	52521580	52523432	0	0	0	7	0	30
chr3	52561948	52562028	2	2	1	6	0	23
chr3	52563351	52567521	2	2	1	5	0	29
chr3	52588896	52595782	2	2	1	3	0	19
chr3	52610715	52613069	2	2	1	8	0	6
chr3	52620705	52621368	2	2	1	5	0	31
chr3	52682459	52685757	2	2	1	4	0	10
chr3	52713740	52719764	2	2	1	5	0	13
chr3	52716250	52719764	2	2	1	9	0	7
chr3	52721632	52722124	1	1	1	6	0	11
chr3	52727824	52728052	1	1	1	7	0	29
chr3	52800392	52802353	2	2	1	3	0	18
chr3	52858021	52858205	2	2	1	13	0	30
chr3	53138507	53139179	0	0	0	5	0	31
chr3	53154038	53155714	2	2	1	6	0	10
chr3	53217598	53218889	1	1	1	6	0	31
chr3	53259948	53260771	2	2	1	0	6	2
chr3	53274365	53275147	2	2	1	5	0	22
chr3	53338321	53346270	2	2	1	7	0	1
chr3	53854636	53855673	2	2	1	4	0	11
chr3	53903244	54097636	1	1	0	0	3	15
chr3	53908392	53909974	2	2	1	12	0	3
chr3	53911779	53912383	2	2	1	8	0	29
chr3	53922511	53925796	2	2	1	16	2	18
chr3	53925088	53925796	2	2	1	0	2	1
chr3	55609430	55613045	0	0	0	6	0	31
chr3	56601082	56626997	1	1	1	0	9	2
chr3	56700413	56702424	2	2	1	3	0	32
chr3	57261966	57269593	1	1	1	14	0	9
chr3	57570192	57582800	2	2	1	5	0	3
chr3	57692771	57974361	0	0	0	4	0	30
chr3	57742070	57742274	1	1	1	8	0	9
chr3	57745106	58554065	1	1	0	4	0	25
chr3	57747149	58249011	1	1	0	0	4	17
chr3	58065272	58110610	2	2	0	10	0	14
chr3	58110233	58111307	1	1	1	1	0	11
chr3	58118659	58120342	1	1	1	6	0	26
chr3	58134580	58135576	1	1	1	2	0	20
chr3	58292145	58296233	1	1	1	6	0	2
chr3	58313921	58333722	2	2	0	1	0	17
chr3	58335144	58359957	1	1	0	0	3	12
chr3	58376387	58376873	1	1	1	2	0	5
chr3	58417712	58419357	2	2	1	13	0	25
chr3	58419412	58419494	2	2	1	20	0	22
chr3	58875876	58876002	2	2	0	1	0	23
chr3	60164097	60369784	2	2	0	0	4	29
chr3	60848401	61002759	1	1	0	0	4	18
chr3	60898430	60899731	0	0	0	4	0	30
chr3	60945389	60961890	0	0	0	5	0	30
chr3	61027772	61186290	2	2	1	3	0	26
chr3	61573841	61573864	1	1	0	4	0	13
chr3	61735208	61760136	1	3	0	2	0	21
chr3	62253495	62254709	1	1	1	2	0	6
chr3	62468973	62469162	1	1	0	6	0	20
chr3	62751660	62860263	2	2	1	8	0	5
chr3	63825450	63849447	2	2	1	6	0	21
chr3	63898902	63938054	1	1	1	7	0	11
chr3	63960528	63964463	0	0	0	3	0	30
chr3	64163058	64537133	2	2	0	0	6	23
chr3	64430245	64431006	2	2	1	0	1	2
chr3	65350401	65350527	2	2	1	3	0	24
chr3	65387146	65415194	2	2	1	5	0	17
chr3	67660021	67704926	2	2	1	2	0	17
chr3	69027587	69028818	2	2	1	7	0	20
chr3	69082856	69084173	2	2	1	0	3	2
chr3	69129305	69129484	2	2	1	4	0	16
chr3	69151208	69153614	1	1	1	2	0	14
chr3	69243025	69244172	2	2	1	1	0	17
chr3	71101778	71102786	2	2	1	3	0	13
chr3	71630849	71632721	2	2	1	10	0	3
chr3	72800359	73614891	0	0	0	0	4	32
chr3	72861946	72864500	2	2	1	2	0	6
chr3	72967969	72970818	1	3	0	5	0	30
chr3	73006504	73016697	1	1	1	1	0	20
chr3	73059940	73612434	2	4	0	0	5	24
chr3	73114293	73114547	1	1	1	3	0	24
chr3	73434937	73437118	2	2	1	6	0	29
chr3	75482022	75484165	0	0	1	0	1	7
chr3	75714355	75714677	1	1	1	6	0	24
chr3	76668319	76767329	1	1	0	0	4	15
chr3	76706404	76767329	1	1	0	0	4	15
chr3	78735068	78737797	2	2	1	1	0	1
chr3	78742507	78763546	2	2	1	1	0	18
chr3	86996218	87017739	2	2	1	7	0	8
chr3	87295059	87299024	1	1	1	13	0	24
chr3	88133631	88136693	0	0	0	6	0	30
chr3	88269943	88915386	1	3	0	10	0	24
chr3	90336972	90400486	2	2	0	0	2	21
chr3	93755599	93758723	1	1	1	5	0	12
chr3	96336324	96372082	1	1	0	0	1	16
chr3	97686477	97691224	2	2	1	2	0	22
chr3	98530164	98530311	2	2	1	5	0	9
chr3	100053643	100057930	1	1	1	2	0	1
chr3	100060006	100064428	1	1	1	0	2	3
chr3	100428276	100432486	1	1	1	20	0	13
chr3	100467329	100467350	2	2	0	2	0	21
chr3	101280848	101283613	1	1	1	6	0	9
chr3	101293124	101298633	1	1	1	7	0	10
chr3	101298849	101304280	1	1	1	0	8	23
chr3	101401752	101404661	2	2	1	0	1	5
chr3	101404773	101405325	2	2	1	1	0	23
chr3	101405402	101405515	2	2	1	19	2	23
chr3	101443564	101445437	1	1	1	18	0	5
chr3	104659779	104761280	2	4	0	4	0	32
chr3	105086326	105238910	1	1	1	3	0	16
chr3	107241955	107245173	1	1	1	6	0	27
chr3	107776417	107777183	2	2	1	8	0	6
chr3	107886712	107910367	2	2	1	2	0	6
chr3	107925544	107932777	2	2	1	1	0	12
chr3	108276262	108278603	2	2	1	4	0	26
chr3	108285486	108287001	2	6	1	2	0	4
chr3	109026218	109041217	1	1	0	0	5	25
chr3	110420573	110522068	1	1	0	0	4	24
chr3	110958346	110959171	1	1	0	0	1	27
chr3	111698051	111700630	1	1	1	7	0	21
chr3	111988925	111993743	2	2	1	0	1	2
chr3	112262954	112267379	2	2	1	5	0	20
chr3	113465006	113465067	1	1	0	8	0	13
chr3	113514787	113517089	1	1	1	3	0	17
chr3	113658844	113659086	1	1	1	0	1	1
chr3	119394081	119396050	2	2	1	1	0	28
chr3	120118807	120121654	2	2	1	0	7	1
chr3	120128510	120129798	2	2	1	1	0	19
chr3	120169594	120169743	2	2	1	6	0	17
chr3	120354110	120546696	1	1	0	0	8	30
chr3	120461642	120469369	1	1	1	4	0	3
chr3	121209987	121336633	1	1	0	0	3	14
chr3	121254350	121336633	1	1	0	0	3	14
chr3	121411429	121412587	2	2	1	7	0	4
chr3	121514414	121515964	2	2	1	4	0	10
chr3	121553327	121553812	2	2	1	8	0	27
chr3	122090648	122102020	2	2	1	11	5	24
chr3	122121730	122123104	1	1	1	1	0	9
chr3	122437806	122439101	1	1	1	9	0	14
chr3	122786054	122808014	1	1	1	9	0	14
chr3	122798260	122957275	2	2	0	0	8	30
chr3	123247322	123286608	2	2	1	4	0	17
chr3	123419853	123420284	2	2	1	0	6	1
chr3	124085743	124085871	2	2	0	0	8	28
chr3	124085743	124086047	2	2	0	0	8	28
chr3	124085743	124086676	2	2	0	0	8	28
chr3	124085921	124086047	2	2	0	0	8	28
chr3	124085921	124086676	2	2	0	0	8	28
chr3	124086550	124086676	2	2	0	0	8	28
chr3	124483405	124485072	2	2	1	6	0	21
chr3	125183460	125203143	1	1	0	0	6	29
chr3	125249425	125250704	2	2	1	2	0	8
chr3	125271524	125279222	2	2	1	2	0	17
chr3	125635563	125637706	1	1	1	0	1	7
chr3	125752522	125769785	2	2	1	0	4	1
chr3	125775357	125786789	2	2	1	0	4	3
chr3	126446030	126449403	1	1	1	1	0	27
chr3	126501802	126501885	0	0	0	7	0	30
chr3	126733675	126734026	1	1	1	8	0	13
chr3	126747184	126747835	1	1	1	12	0	29
chr3	126748380	126748716	1	1	1	7	0	20
chr3	127295920	127298582	2	2	1	5	0	6
chr3	127317316	127318160	1	1	1	21	0	28
chr3	127325181	127325452	1	1	1	5	0	7
chr3	127327360	127327674	1	1	1	13	0	32
chr3	127336925	127337869	1	1	1	7	0	27
chr3	127348133	127358087	1	1	1	5	0	26
chr3	127774595	127775551	1	1	1	1	0	9
chr3	127779055	127779350	1	1	1	1	0	17
chr3	127786456	127786825	1	1	1	6	0	25
chr3	127800253	127801325	2	2	1	1	0	8
chr3	127806652	127816142	2	2	1	3	0	24
chr3	127819588	127820401	2	2	1	15	0	32
chr3	127831864	127838170	2	2	1	5	0	7
chr3	127838258	127842426	2	2	1	7	0	12
chr3	128005278	128620172	1	1	0	4	0	12
chr3	128208259	128208621	1	1	1	1	0	17
chr3	128215281	128215380	0	0	0	3	0	31
chr3	128356949	128363761	2	2	1	7	0	16
chr3	128363827	128369382	2	2	1	7	0	29
chr3	128364447	128364474	1	1	0	7	0	28
chr3	128612500	128614152	1	1	1	5	0	18
chr3	128673355	128674212	1	1	0	0	9	12
chr3	128859496	128884705	2	2	0	0	12	26
chr3	128868361	129241565	1	1	0	0	4	18
chr3	128870877	129400625	2	2	0	0	4	30
chr3	128890121	128890288	2	2	1	1	0	18
chr3	128890382	128890476	2	2	1	0	13	1
chr3	128890382	128890494	2	2	1	0	13	1
chr3	128890382	128890497	2	2	1	5	13	11
chr3	128890615	128902618	2	2	1	8	0	24
chr3	128968590	128969524	1	1	1	1	0	9
chr3	128969578	128971123	1	3	1	1	0	3
chr3	128971799	128973510	1	3	1	8	0	15
chr3	128973587	128973827	1	1	1	1	0	26
chr3	128976471	128976569	1	1	1	9	0	7
chr3	128984636	128985866	1	1	1	2	0	4
chr3	129034087	129034349	2	4	0	15	0	24
chr3	129108794	129211470	2	6	0	6	0	16
chr3	129170842	129176764	1	1	1	0	3	2
chr3	129260631	129503789	1	5	0	4	0	18
chr3	129275272	129275459	2	2	1	4	0	19
chr3	129277419	129278462	2	2	1	0	5	4
chr3	129294406	129294608	2	2	1	5	0	14
chr3	129390108	129546645	2	2	1	3	0	11
chr3	129716661	129928811	2	2	0	0	6	25
chr3	130399910	130400334	2	2	1	3	0	4
chr3	130656308	130659473	1	1	1	6	0	8
chr3	130672821	130673855	1	1	1	4	0	5
chr3	130683890	130685988	1	1	1	1	0	30
chr3	130715641	130716449	1	1	1	3	0	7
chr3	131178683	131187259	2	2	0	0	1	22
chr3	131181720	131186934	2	2	1	1	0	7
chr3	131188618	131190014	2	2	1	3	0	19
chr3	131220769	131221638	2	2	1	1	0	2
chr3	132189928	132190055	2	2	0	0	4	15
chr3	132218653	132219637	1	1	1	4	0	32
chr3	132277930	132278676	2	2	1	4	0	16
chr3	132337617	132338311	2	2	1	4	0	4
chr3	133175354	133238150	1	1	0	0	7	24
chr3	133175354	133390390	1	1	0	0	7	24
chr3	133175354	133769164	1	1	0	0	7	24
chr3	133175360	133177306	1	1	0	0	7	18
chr3	133238527	133243499	2	2	0	1	0	17
chr3	133318140	133341267	2	2	0	0	1	13
chr3	133327541	133327716	2	2	1	5	0	8
chr3	133337278	133338998	2	2	1	1	0	12
chr3	133530044	133534433	1	1	1	4	0	18
chr3	133941384	133969266	2	2	1	7	0	13
chr3	134201774	134204793	2	2	1	6	0	7
chr3	135969245	135969273	1	1	0	6	0	27
chr3	136016915	136019871	1	1	1	9	0	5
chr3	136076023	136551088	2	2	0	0	6	23
chr3	136099318	136330226	1	1	0	0	4	29
chr3	136219139	136221469	2	2	1	8	0	27
chr3	136485784	136504836	2	2	0	0	1	25
chr3	138382872	138383877	2	2	1	1	0	21
chr3	138482076	138518614	1	1	0	1	0	25
chr3	139063041	139065719	1	1	1	1	0	5
chr3	139081360	139085409	2	2	1	9	0	13
chr3	139092651	139093330	2	2	1	8	0	13
chr3	140675534	140678304	1	1	1	1	0	11
chr3	141206059	141231004	1	1	1	15	0	23
chr3	141293336	141294435	1	1	0	5	0	26
chr3	141382114	141385621	1	1	1	0	1	1
chr3	141622591	141626008	1	1	1	2	0	27
chr3	141667153	141668933	1	1	0	5	0	26
chr3	141712428	141713861	2	2	1	2	0	29
chr3	142137452	142137656	2	2	1	2	0	15
chr3	142241684	142242834	2	2	1	8	0	3
chr3	142280264	142281073	2	2	1	2	0	14
chr3	142315352	142346657	1	1	1	4	0	18
chr3	142740225	142740314	1	1	1	5	0	14
chr3	142757046	142757735	1	1	1	8	0	25
chr3	142766307	142766688	2	2	0	0	1	32
chr3	142772637	142773784	1	1	1	1	0	25
chr3	142994241	143111362	1	1	0	0	8	15
chr3	148369943	148558560	2	2	0	3	0	12
chr3	148703918	148704007	2	4	0	0	1	26
chr3	148847728	148847984	1	1	1	1	0	6
chr3	149534217	149534806	0	0	0	4	0	30
chr3	150337946	150905883	2	2	0	0	4	12
chr3	150484646	150543022	2	2	0	2	0	24
chr3	150722213	150779975	2	4	0	2	0	27
chr3	150905922	150905941	1	1	0	0	2	17
chr3	150959657	151067846	1	1	1	0	3	2
chr3	153076876	153082984	2	2	0	0	2	31
chr3	153998459	153998551	2	2	1	0	6	3
chr3	153998459	154000976	2	2	1	0	6	3
chr3	154002459	154002602	2	2	1	4	0	24
chr3	154003775	154403561	1	1	0	20	0	13
chr3	154042201	154042224	2	2	0	3	0	24
chr3	154698112	155240997	2	2	0	0	4	22
chr3	154698112	155410803	2	2	0	0	4	22
chr3	154856026	154857979	1	1	1	6	0	7
chr3	155497155	155524138	2	2	0	0	1	23
chr3	155520381	155523927	2	2	1	9	0	28
chr3	155574968	156402303	2	2	0	0	5	27
chr3	155574968	156504599	2	2	0	0	5	27
chr3	155629069	155632207	1	1	1	1	0	3
chr3	157155704	157160154	1	1	1	5	0	14
chr3	158364087	158364531	1	1	1	2	0	7
chr3	159430730	159516328	2	2	0	0	2	31
chr3	160117486	160118609	1	1	1	1	0	20
chr3	160117538	160118415	1	1	1	0	1	2
chr3	160117538	160118609	1	1	1	6	0	3
chr3	160129873	160130113	1	1	1	5	0	14
chr3	160130242	160131260	1	1	1	2	0	19
chr3	160137332	160138527	1	1	1	19	0	21
chr3	160141629	160142654	1	1	1	6	0	26
chr3	160142808	160143861	1	1	1	1	0	19
chr3	160150304	160150813	1	1	1	4	0	23
chr3	160166584	160167504	2	2	1	2	0	10
chr3	160227660	160231864	2	2	1	5	0	20
chr3	160253686	160254583	2	2	1	3	0	25
chr3	160280539	160280687	0	0	0	6	0	31
chr3	160939120	160939781	1	1	1	7	0	2
chr3	160942853	160945034	1	1	1	8	0	22
chr3	161146998	161147251	1	3	1	0	2	2
chr3	161147252	161161388	1	1	1	0	6	1
chr3	167090739	167097425	2	2	1	3	0	28
chr3	167443262	167452219	2	2	1	4	0	28
chr3	167747825	167750307	2	2	1	9	0	16
chr3	167761318	167762615	2	2	1	3	0	1
chr3	167762670	167764737	2	2	1	3	0	8
chr3	167766154	167812886	2	2	1	4	0	21
chr3	168830663	168833170	2	2	1	2	0	18
chr3	169191461	169199244	1	1	0	0	7	14
chr3	169491251	169492052	1	1	1	1	0	9
chr3	169684647	169693395	1	1	1	27	0	12
chr3	169756004	169756702	1	1	1	7	0	2
chr3	169847341	169854206	2	2	1	1	0	19
chr3	169977847	169981166	1	1	1	2	0	28
chr3	170099130	170102320	1	1	1	1	0	28
chr3	170786787	170789011	2	2	1	2	0	13
chr3	170893120	170895114	2	2	1	4	0	10
chr3	170912425	170928904	2	2	1	0	3	2
chr3	171109089	171109131	0	0	0	4	0	30
chr3	171851337	171944660	1	1	1	7	0	6
chr3	172080636	172096059	1	1	1	11	0	29
chr3	172468648	172472298	1	1	1	5	0	13
chr3	172478054	172479399	1	1	1	1	0	22
chr3	172523660	172525559	1	1	1	2	0	16
chr3	173322882	173525469	1	1	1	9	0	17
chr3	173361612	173361766	2	4	0	4	0	30
chr3	176756223	176763916	2	2	1	1	5	5
chr3	176816330	176914908	2	2	1	3	0	4
chr3	176941179	177045325	1	1	0	0	8	15
chr3	177014354	177034852	2	2	0	0	4	29
chr3	177154223	177445898	2	2	0	4	0	14
chr3	178785598	178789382	2	2	1	2	0	4
chr3	179096603	179103356	1	1	1	5	0	14
chr3	179138716	179143931	2	2	1	5	0	11
chr3	179193474	179335142	0	0	0	0	6	32
chr3	179287689	179287854	1	1	1	4	0	9
chr3	179288030	179291156	1	1	1	8	0	1
chr3	179304421	179305717	1	1	1	1	0	13
chr3	179311684	179316462	2	2	1	6	2	18
chr3	179320586	179322314	2	2	1	5	0	20
chr3	179445726	179445824	2	2	0	0	5	30
chr3	179445726	179445873	2	2	0	0	2	18
chr3	179840492	179879714	1	1	0	1	0	14
chr3	180323626	180324040	1	1	1	0	1	3
chr3	180324161	180324268	1	1	1	4	0	13
chr3	180686043	180687945	1	1	1	4	1	5
chr3	180705885	180705965	2	2	1	14	0	17
chr3	180705885	180707387	2	2	1	0	1	2
chr3	180706018	180707387	2	2	1	0	1	2
chr3	181430044	181430114	0	0	1	0	2	5
chr3	181451172	181458110	2	2	0	4	0	19
chr3	182511323	182511454	1	3	0	1	0	21
chr3	182538165	182545907	1	1	1	5	0	6
chr3	182554963	182559862	1	1	1	4	0	23
chr3	182683542	182698274	2	2	1	11	0	21
chr3	182722652	182723821	2	2	0	1	0	15
chr3	183325999	183326802	1	1	0	0	1	19
chr3	183433051	183435438	1	1	1	6	0	21
chr3	183516778	183518253	1	1	1	1	0	18
chr3	183585849	183602509	2	2	1	4	0	13
chr3	183683046	183683164	2	4	1	4	0	23
chr3	183700413	183700561	2	2	1	2	0	1
chr3	183700796	183701222	2	2	1	0	8	1
chr3	183881515	183882054	1	1	1	7	0	19
chr3	183884764	183885367	1	1	1	10	0	30
chr3	183892748	183894738	1	1	1	9	0	16
chr3	183898773	183898872	1	1	1	3	0	22
chr3	183904069	183904294	1	1	1	5	0	11
chr3	183960465	183960600	2	2	1	3	0	5
chr3	183963601	183966569	2	2	1	1	0	1
chr3	183991476	184027227	1	1	0	0	8	32
chr3	184017696	184018067	1	1	1	4	0	20
chr3	184023944	184024137	1	1	1	5	0	3
chr3	184026356	184026495	1	1	1	7	0	16
chr3	184032463	184033276	1	1	1	36	0	30
chr3	184032463	184035108	1	1	1	8	0	6
chr3	184033334	184033550	1	1	1	4	6	12
chr3	184033645	184033919	1	1	1	7	0	21
chr3	184034007	184035108	1	1	1	12	0	15
chr3	184035286	184035534	1	1	1	8	0	1
chr3	184035605	184037476	1	1	1	17	0	17
chr3	184037590	184038417	1	1	1	3	0	21
chr3	184038511	184038714	1	1	1	3	1	2
chr3	184040239	184040331	1	1	1	16	0	32
chr3	184040519	184040608	1	1	1	2	0	9
chr3	184041030	184041195	1	1	1	4	0	11
chr3	184041766	184041988	1	1	1	6	0	4
chr3	184042136	184042665	1	1	1	8	0	15
chr3	184042903	184043056	1	1	1	6	0	24
chr3	184043740	184044314	1	1	1	2	0	14
chr3	184044772	184045003	1	1	1	3	0	1
chr3	184045237	184045373	1	1	1	4	0	18
chr3	184045493	184045617	1	1	1	9	0	18
chr3	184046545	184046696	1	1	1	7	0	7
chr3	184049598	184049733	1	1	1	24	0	4
chr3	184049875	184052514	1	1	1	22	0	16
chr3	184059606	184059853	1	1	1	5	0	4
chr3	184072103	184072335	2	2	1	11	0	11
chr3	184280142	184289105	1	1	1	1	0	2
chr3	184298406	184298516	1	1	1	0	1	1
chr3	184429517	184429625	0	0	0	9	0	32
chr3	184573607	184577772	1	1	1	8	0	21
chr3	184612714	184616352	1	1	1	1	0	24
chr3	184742573	185505302	2	2	0	0	6	16
chr3	185336658	185503432	2	2	0	3	0	20
chr3	185637285	185638891	2	2	1	10	0	28
chr3	185638976	185639798	2	2	1	4	0	19
chr3	185639915	185641583	2	2	1	8	0	13
chr3	185641773	185643251	2	2	1	0	7	2
chr3	185643415	185655612	2	2	1	0	1	4
chr3	185644523	185655612	2	2	1	10	0	26
chr3	185649641	185655612	2	2	1	5	0	14
chr3	186501429	186502220	1	1	1	5	0	3
chr3	186502486	186502750	1	1	1	1	0	7
chr3	186505374	186505591	1	1	1	4	0	4
chr3	186505374	186506913	1	1	0	6	0	13
chr3	187452696	187463197	2	2	1	0	5	2
chr3	188490081	189443649	2	2	0	0	6	13
chr3	190945972	190946503	2	2	0	3	0	30
chr3	191098064	191098475	1	1	1	3	0	4
chr3	191098521	191098616	1	1	1	3	0	16
chr3	192053254	192078216	2	2	1	6	0	18
chr3	193311199	193332511	1	1	1	4	0	19
chr3	193315262	194101792	2	2	0	0	10	24
chr3	193731183	193759834	2	2	0	1	0	28
chr3	194126380	194126780	0	0	0	4	0	32
chr3	194133018	194134487	2	2	1	7	0	19
chr3	194150504	194150800	2	2	1	7	0	19
chr3	194344425	194346625	2	2	1	0	5	5
chr3	194349239	194353807	2	2	1	1	0	16
chr3	194947586	194968500	2	2	1	0	1	1
chr3	195250585	195251616	2	2	1	7	0	13
chr3	195395513	195398002	1	1	1	0	8	16
chr3	195398172	195399354	1	1	1	0	8	19
chr3	195415669	195425900	1	1	1	6	0	7
chr3	195460866	195792647	1	1	0	0	14	28
chr3	195525315	196046730	2	2	0	0	5	26
chr3	195611905	195613847	2	2	1	8	0	12
chr3	195626280	196202812	2	2	0	0	5	22
chr3	195702772	195703953	2	2	1	0	8	19
chr3	195704123	195706614	2	2	1	0	8	16
chr3	195803994	195808913	2	2	1	71	0	32
chr3	195836514	196155518	2	2	0	4	0	18
chr3	195969918	195969961	1	3	0	2	0	25
chr3	196528899	196529887	1	1	1	3	0	24
chr3	196537525	196539089	1	1	1	5	0	14
chr3	196807989	196812450	2	2	1	4	0	6
chr3	197024107	197024414	2	2	1	5	0	19
chr3	197333506	197628200	1	1	0	4	0	15
chr3	197368251	197370186	2	2	0	0	2	26
chr3	197368533	197370186	2	2	0	0	2	26
chr3	197369192	197370186	2	2	0	0	2	26
chr3	197369521	197370186	2	2	0	0	2	26
chr3	197369615	197370186	2	2	0	0	2	26
chr3	197369756	197370186	2	2	0	0	2	26
chr3	197547302	197549701	1	1	1	0	1	1
chr3	197547302	197553748	1	1	1	4	1	3
chr3	197554070	197554138	1	1	0	0	7	31
chr3	197554070	197554184	1	1	0	0	7	31
chr3	197554162	197554184	1	1	0	0	7	31
chr3	197585777	197592293	1	1	1	2	0	19
chr3	197593798	197637637	1	1	0	1	0	27
chr3	197596464	197596793	2	2	0	0	3	21
chr3	197596464	197596883	2	2	0	0	3	21
chr3	197628220	197806118	1	1	0	4	0	19
chr3	197630431	197692344	0	0	0	6	0	30
chr3	197677093	197677806	1	1	1	18	0	30
chr3	197677171	197677806	1	1	1	20	0	30
chr3	197681019	197682620	1	1	1	3	0	26
chr3	197762915	197765437	1	1	1	2	0	24
chr3	197908930	197912219	1	1	1	0	4	6
chr3	197932717	197935134	1	1	0	0	2	19
chr3	197943062	197945194	1	1	0	0	14	14
chr3	197943134	197945194	1	1	0	0	7	26
chr3	197946852	197946948	1	1	0	0	1	23
chr3	197946901	197947142	1	1	0	0	1	31
chr3	197947047	197947434	1	1	0	0	9	30
chr3	197947094	197947142	1	1	0	0	1	31
chr4	458777	459355	0	0	0	3	0	31
chr4	667756	668000	2	2	1	23	0	20
chr4	701267	701841	2	2	0	0	1	17
chr4	701338	701841	2	2	0	0	1	18
chr4	701446	701841	2	2	0	0	1	18
chr4	701482	701841	2	2	0	0	1	28
chr4	701626	701841	2	2	0	0	1	18
chr4	701698	701841	2	2	0	0	1	28
chr4	701734	701841	2	2	0	0	1	18
chr4	701770	701841	2	2	0	0	1	18
chr4	724458	724758	1	1	1	11	0	6
chr4	850077	850132	2	2	0	0	1	19
chr4	853511	858909	2	2	1	8	0	30
chr4	877797	1791953	1	1	0	5	0	12
chr4	880745	880792	1	1	0	0	1	12
chr4	880745	880863	1	1	0	0	1	12
chr4	905576	906522	2	2	1	2	0	29
chr4	956402	956559	2	2	1	2	0	1
chr4	981031	981596	1	1	1	1	0	20
chr4	984198	985932	2	4	0	6	0	28
chr4	997901	998047	1	1	1	11	0	8
chr4	1094858	1101039	2	2	1	1	0	7
chr4	1206212	1206700	2	2	1	5	0	7
chr4	1207394	1208130	2	2	1	6	0	28
chr4	1222132	1231970	2	2	1	5	0	19
chr4	1230400	1230539	2	2	0	0	1	19
chr4	1230400	1230609	2	2	0	0	1	19
chr4	1230878	1231402	2	2	0	0	7	26
chr4	1230878	1231437	2	2	0	0	7	26
chr4	1230878	1231472	2	2	0	0	7	26
chr4	1230983	1231017	2	2	0	0	3	21
chr4	1230983	1231087	2	2	0	0	3	21
chr4	1230983	1231192	2	2	0	0	3	21
chr4	1230983	1231332	2	2	0	0	3	21
chr4	1230983	1231437	2	2	0	0	3	21
chr4	1230983	1231472	2	2	0	0	3	21
chr4	1230983	1231542	2	2	0	0	3	21
chr4	1230983	1231682	2	2	0	0	3	21
chr4	1231228	1231402	2	2	0	0	1	19
chr4	1235304	1242703	2	2	0	6	0	30
chr4	1241136	1241174	1	1	0	7	0	29
chr4	1283771	1305766	1	1	1	5	0	6
chr4	1599463	2530973	2	2	0	0	4	23
chr4	1651642	1652064	1	1	0	0	1	27
chr4	1651671	1652064	1	1	0	0	1	27
chr4	1651700	1652064	1	1	0	0	1	27
chr4	1651729	1652064	1	1	0	0	1	27
chr4	1651758	1652064	1	1	0	0	1	27
chr4	1651787	1651811	1	1	0	0	7	27
chr4	1651787	1651894	1	1	0	0	7	27
chr4	1651787	1652064	1	1	0	0	1	27
chr4	1651841	1651894	1	1	0	0	7	27
chr4	1651841	1652064	1	1	0	0	1	27
chr4	1651924	1652064	1	1	0	0	1	27
chr4	1651982	1652064	1	1	0	0	1	27
chr4	1652011	1652064	1	1	0	0	1	27
chr4	1713655	1713927	2	4	1	0	1	3
chr4	1723371	1725147	1	1	1	5	0	15
chr4	1737053	1737457	1	1	1	1	0	22
chr4	1739056	1739324	1	1	1	1	0	5
chr4	1740159	1740371	2	6	0	4	0	20
chr4	1741730	1742552	1	1	1	7	0	21
chr4	1742714	1746244	1	1	1	7	0	5
chr4	1746352	1746438	1	1	1	5	0	7
chr4	1746560	1746674	1	1	1	7	0	29
chr4	1795193	1795559	1	1	1	7	0	8
chr4	1803264	1803346	1	1	1	1	0	15
chr4	1807204	1807285	1	1	1	25	0	30
chr4	1808662	1808842	1	1	1	18	0	15
chr4	1897605	1897744	1	1	0	3	0	26
chr4	1932498	1936870	1	1	1	1	8	32
chr4	1936990	1940177	1	1	1	2	0	8
chr4	1955252	1956887	1	1	1	8	0	29
chr4	1978407	1980364	1	1	1	12	0	17
chr4	1985841	1986534	2	2	1	8	0	22
chr4	2061615	2062724	1	1	1	2	0	11
chr4	2130984	2132959	2	2	1	7	0	5
chr4	2252429	2252810	2	2	1	7	0	25
chr4	2514859	2515396	1	1	1	0	3	4
chr4	2845752	2877622	1	1	1	2	0	6
chr4	2932527	2932653	2	4	0	2	0	26
chr4	2933391	2933551	2	2	1	4	0	11
chr4	2940520	2942028	1	1	1	0	7	1
chr4	2940520	2948599	1	1	1	0	7	1
chr4	2941071	2941253	2	2	1	1	0	5
chr4	2943457	2943918	2	2	1	3	0	21
chr4	2948275	2949252	2	2	1	4	0	15
chr4	2952973	2954001	2	2	1	0	4	2
chr4	2955373	2956150	2	2	1	1	0	31
chr4	2956925	2956980	2	2	0	0	3	30
chr4	3105611	3107083	1	1	1	8	0	6
chr4	3129332	3131650	1	1	1	6	0	6
chr4	3156147	3158798	1	1	1	6	0	24
chr4	3227532	3238872	0	0	0	4	0	31
chr4	3237126	3237291	1	1	1	6	0	2
chr4	3240337	3240544	1	1	1	9	0	27
chr4	3310817	3311081	1	1	0	0	4	28
chr4	3310817	3311134	1	1	0	0	4	28
chr4	3310817	3311400	1	1	0	0	4	28
chr4	3310817	3311609	1	1	0	0	4	28
chr4	3310817	3311662	1	1	0	0	4	28
chr4	3311507	3311609	1	1	0	0	4	28
chr4	3311507	3311662	1	1	0	0	4	28
chr4	3521921	3526633	2	2	1	8	0	8
chr4	3954901	3957050	2	2	1	0	1	7
chr4	4237984	4239553	2	2	1	0	10	2
chr4	4285523	4288245	2	2	1	4	0	22
chr4	4288300	4291762	2	2	1	8	0	21
chr4	4861512	4861545	1	1	0	3	0	19
chr4	4862096	4864427	1	1	1	7	0	32
chr4	5731118	5733151	1	1	1	3	0	4
chr4	5735163	5743442	1	1	1	4	0	5
chr4	6198344	6212935	1	3	0	1	0	25
chr4	6473509	6473535	0	0	0	3	0	30
chr4	6621772	6622914	1	1	1	5	0	14
chr4	6642436	6642554	1	1	1	19	0	23
chr4	6642986	6643456	1	1	1	4	0	12
chr4	6878485	6882513	1	1	1	4	0	4
chr4	6989077	6995910	1	1	1	12	0	16
chr4	7002979	7006570	1	1	1	8	0	8
chr4	7573318	8480904	1	1	0	0	8	14
chr4	8079171	8480904	1	1	0	0	8	14
chr4	8089371	8480904	1	1	0	0	8	14
chr4	8321066	8480904	1	1	0	0	8	14
chr4	8455439	8456307	2	2	1	1	0	13
chr4	8870072	8872946	2	2	1	6	0	6
chr4	9155118	9157249	1	1	1	0	1	7
chr4	9504497	10491538	2	2	0	0	11	12
chr4	10089565	10089916	2	2	1	3	0	22
chr4	11231655	11239054	1	1	0	3	0	16
chr4	13462453	13475941	2	2	1	7	0	8
chr4	13481151	13485699	2	2	1	6	0	13
chr4	13584361	13588019	2	2	1	0	3	1
chr4	13588100	13589322	2	2	1	12	0	16
chr4	13610293	13610918	2	2	1	5	0	7
chr4	13616435	13616935	2	2	1	2	0	5
chr4	15929442	15969103	1	1	0	0	4	15
chr4	16647035	16944739	2	2	0	0	7	23
chr4	17579191	17581446	1	1	1	5	0	20
chr4	17616437	17621523	1	1	1	4	0	8
chr4	17819077	17819561	1	1	1	1	0	21
chr4	17839425	17841298	1	1	1	8	0	29
chr4	17844003	17844924	1	1	1	6	0	28
chr4	17964673	17974442	2	2	1	2	0	15
chr4	20253590	20254488	1	3	0	3	0	18
chr4	20258367	20259490	1	1	1	2	0	28
chr4	20259563	20270432	1	1	1	3	0	15
chr4	20487895	20490441	1	1	1	5	0	18
chr4	20550752	20552449	1	1	1	3	0	18
chr4	20598279	20599887	1	1	1	3	0	31
chr4	22776891	22784424	2	2	0	0	10	31
chr4	23557549	23568379	1	1	0	1	0	28
chr4	24529665	24531223	2	2	1	1	0	14
chr4	24531394	24534486	2	2	1	6	0	5
chr4	24541923	24542462	2	2	1	5	0	16
chr4	24556567	24557873	2	2	1	6	0	4
chr4	25258297	25260658	1	1	1	2	0	25
chr4	25378967	25379039	1	1	1	0	4	1
chr4	25558454	25718652	1	1	0	0	5	27
chr4	25676252	25677756	1	1	1	0	1	4
chr4	25836946	25848915	2	2	1	2	0	16
chr4	26322438	26387974	1	1	1	7	0	4
chr4	26353068	26353103	1	3	0	5	0	21
chr4	26430483	26431519	1	1	1	3	0	6
chr4	36216103	36230203	2	2	1	3	0	5
chr4	36675469	37599473	1	1	0	4	0	15
chr4	37339120	37378217	1	1	0	1	0	12
chr4	37828436	37831585	1	1	1	6	0	14
chr4	37927206	38308970	1	3	0	4	0	31
chr4	37979151	37987866	1	1	0	5	0	26
chr4	38473098	38997270	1	1	0	0	4	18
chr4	38673941	38674307	2	2	0	9	0	18
chr4	38869456	38879691	1	1	1	1	0	9
chr4	39191402	39196163	1	1	1	7	0	18
chr4	39456270	39456483	2	2	1	1	0	28
chr4	39456565	39458025	2	2	1	0	3	26
chr4	39458159	39459205	2	2	1	0	25	10
chr4	39459302	39459813	2	2	1	4	1	15
chr4	39459930	39460013	2	2	1	0	3	28
chr4	39460061	39460510	2	2	1	15	0	32
chr4	39515805	39522970	2	2	1	12	0	18
chr4	39523140	39528902	2	2	1	4	0	15
chr4	39811827	39991513	1	1	0	0	3	16
chr4	39821673	40290207	0	0	0	0	4	31
chr4	39856149	39859884	1	1	0	8	0	32
chr4	39874765	39875908	2	2	1	4	0	7
chr4	39878774	39881347	2	2	1	0	5	2
chr4	39911959	39915230	2	2	1	7	0	30
chr4	39927554	39928394	2	2	1	6	0	7
chr4	39929785	39978059	2	2	1	4	0	10
chr4	39969385	40525474	2	2	0	0	8	15
chr4	40081395	40190337	2	4	0	0	8	17
chr4	40124833	40125779	1	1	1	3	0	4
chr4	40125826	40127753	1	1	1	2	0	15
chr4	40718179	40912368	2	2	0	11	0	19
chr4	41259027	41259131	1	1	1	20	0	29
chr4	41259144	41259625	1	1	1	7	0	6
chr4	41259755	41262663	1	1	1	7	0	2
chr4	41262815	41263731	1	1	1	2	0	28
chr4	41263818	41263892	1	1	1	2	0	12
chr4	41266179	41270003	1	1	1	8	0	7
chr4	41946944	41951318	1	1	1	6	0	6
chr4	42734727	42765927	2	2	0	1	0	12
chr4	42734727	43118551	2	2	0	4	0	13
chr4	48196299	48196662	1	1	0	7	0	17
chr4	48219352	48379426	2	2	0	0	10	32
chr4	48380078	48381706	1	1	1	2	0	3
chr4	48473612	48664345	1	1	0	0	6	22
chr4	48833267	48834636	1	1	1	0	1	2
chr4	48853993	48859229	1	1	1	3	0	17
chr4	48859383	48862741	1	1	1	2	0	8
chr4	48901943	48906500	2	2	1	3	0	21
chr4	52744021	52752733	1	1	1	5	0	10
chr4	54167573	54198220	1	1	0	0	5	17
chr4	54167573	54434119	1	1	0	0	5	17
chr4	54167573	54593160	1	1	0	0	5	17
chr4	54167573	54604259	1	1	0	0	5	17
chr4	54167573	54837140	1	1	0	0	5	17
chr4	54218934	54231270	2	2	1	16	0	32
chr4	54440256	54457554	2	2	1	0	8	4
chr4	56371137	56397658	1	1	0	0	1	14
chr4	56496628	56502247	2	2	1	6	0	19
chr4	56878152	56883813	1	1	1	4	0	7
chr4	56890781	56897525	1	1	1	4	0	6
chr4	57176391	57176422	1	1	0	8	0	29
chr4	57302095	57302427	1	1	1	1	0	7
chr4	57302142	57302427	1	1	1	1	0	3
chr4	57302495	57307828	1	1	1	12	0	22
chr4	57313040	57314583	1	1	1	5	0	8
chr4	57357735	57360114	1	1	0	11	0	31
chr4	57366862	57367849	1	1	1	0	3	2
chr4	57677961	57686701	2	2	1	3	0	11
chr4	57686746	57687773	2	2	1	3	0	10
chr4	57714998	57716835	1	1	0	0	7	32
chr4	57786037	57796006	1	1	1	0	7	3
chr4	57845171	57852519	1	1	1	8	0	2
chr4	57890279	57891051	1	1	1	1	0	18
chr4	59237496	59271336	2	2	0	1	0	15
chr4	68409914	68411055	2	2	1	11	0	10
chr4	68529666	68530906	2	2	1	9	0	1
chr4	68562426	68566766	2	2	1	13	0	21
chr4	69203169	69203289	2	2	1	1	0	29
chr4	70084512	70296685	1	1	0	4	0	17
chr4	71227887	71232360	1	1	1	0	1	4
chr4	71250282	71255379	1	1	1	0	1	4
chr4	71529686	71675195	2	2	0	0	7	16
chr4	71571012	71628235	1	1	1	5	0	9
chr4	71604312	72242152	2	2	0	6	0	13
chr4	71628410	71629268	1	1	1	1	0	3
chr4	71629387	71630191	1	1	1	1	0	3
chr4	71639290	71640884	1	1	1	1	0	8
chr4	71668701	71670064	1	1	1	0	8	1
chr4	71859395	71859448	1	1	0	14	0	20
chr4	71889424	71891532	1	1	1	5	0	21
chr4	73959946	73962833	2	2	1	7	0	23
chr4	73984568	73985878	2	2	1	2	0	28
chr4	73987477	73990629	2	2	1	10	0	22
chr4	73991030	74000833	2	2	1	8	0	11
chr4	74000983	74007457	2	2	1	4	0	25
chr4	76555415	76555612	0	0	0	8	0	31
chr4	76790888	76796173	1	1	0	0	2	19
chr4	76881346	76882180	2	2	1	7	0	4
chr4	76902624	76903085	2	2	1	4	0	11
chr4	77065446	77065542	2	2	1	4	0	26
chr4	77065627	77069460	2	2	1	6	0	5
chr4	77936171	77940317	1	1	1	2	0	27
chr4	77949915	77951935	1	1	1	0	2	3
chr4	77969816	77976302	2	2	1	4	0	29
chr4	78784034	78792897	1	1	1	5	0	18
chr4	79166480	79173545	1	1	1	8	0	27
chr4	79199032	79724615	2	2	0	0	12	20
chr4	79205703	79207558	1	1	1	0	7	3
chr4	79236889	79238521	1	1	1	1	0	27
chr4	81284039	81504246	1	1	1	5	0	21
chr4	82348947	82353452	2	2	1	4	0	20
chr4	83275308	83276456	2	2	1	4	0	24
chr4	83278049	83278465	2	2	1	6	0	32
chr4	83278598	83279811	2	2	1	1	0	9
chr4	83280793	83292680	2	2	1	2	0	27
chr4	83280793	83294598	2	2	1	9	0	26
chr4	83292738	83294598	2	2	1	6	0	20
chr4	83294935	83295021	2	2	0	6	0	14
chr4	83347787	83348342	2	2	1	6	0	12
chr4	83348718	83349170	2	2	1	8	0	13
chr4	83770131	83772583	2	2	1	3	0	24
chr4	83772758	83774722	2	2	1	7	0	26
chr4	83895120	84607988	0	0	0	0	5	31
chr4	84367240	84367987	2	2	1	5	0	22
chr4	85638170	85639574	2	2	1	1	0	1
chr4	85760793	85775844	2	2	0	1	0	23
chr4	87684344	87685745	1	3	1	2	0	20
chr4	87685878	87686547	1	1	1	4	0	10
chr4	87694112	87695525	1	1	1	3	0	30
chr4	87718083	87720253	1	1	1	7	0	10
chr4	87726523	87728712	1	1	1	1	0	13
chr4	90171385	90228765	2	2	1	5	2	3
chr4	90525289	91164630	2	2	0	0	4	25
chr4	90743540	90749293	2	2	1	7	0	17
chr4	90749336	90756697	2	2	1	7	0	6
chr4	95199669	95199766	1	1	1	7	0	32
chr4	95200202	95201742	1	1	1	4	0	27
chr4	95373147	95376397	1	1	1	2	0	1
chr4	95583689	95585128	1	1	1	3	0	10
chr4	99051870	100007893	0	0	0	0	10	31
chr4	100006368	100009839	2	2	1	1	0	10
chr4	100870098	100870429	2	2	1	2	0	6
chr4	100870544	100870819	2	2	1	1	0	17
chr4	100870898	100871324	2	2	1	13	0	18
chr4	101213650	101552434	2	2	0	12	0	12
chr4	102060242	102977902	2	2	0	0	10	24
chr4	102198142	102198165	2	2	0	5	0	20
chr4	103579400	103581640	1	1	0	0	1	15
chr4	103730861	103730948	2	2	1	0	8	7
chr4	103731013	103747641	2	2	1	0	8	31
chr4	103736477	103915110	1	1	0	0	7	27
chr4	103747794	103748583	2	2	1	4	0	16
chr4	103747794	103748891	2	2	1	0	2	1
chr4	103790345	103806372	1	1	1	3	0	15
chr4	103806486	103826670	2	2	1	0	4	2
chr4	103988750	103997340	2	2	1	0	9	1
chr4	103988750	103998304	2	2	1	0	9	1
chr4	104057517	104059507	2	2	1	6	0	22
chr4	104064564	104065487	2	2	1	1	0	13
chr4	104065776	104066206	2	2	1	2	0	14
chr4	104067265	104068512	2	2	1	8	0	19
chr4	104068804	104070000	2	2	1	4	0	17
chr4	104080482	104081781	2	2	1	5	0	24
chr4	104084711	104095892	2	2	1	5	0	26
chr4	104107019	104115385	2	2	1	3	0	1
chr4	104115452	104115530	2	2	1	2	0	31
chr4	104115599	104115759	2	2	1	1	0	12
chr4	104858441	104858760	2	2	0	0	6	29
chr4	107246276	107248607	1	1	1	4	0	29
chr4	109000771	109004511	2	2	1	5	0	4
chr4	109506452	109524491	1	1	0	4	0	19
chr4	109541757	109543106	1	1	1	7	0	10
chr4	109543361	109543670	1	1	1	14	0	28
chr4	109543775	109546283	1	1	1	6	3	9
chr4	109822329	109839327	2	2	1	9	0	25
chr4	110221809	110222878	2	2	1	7	0	22
chr4	110446098	110446501	1	1	1	2	0	7
chr4	110619499	110624511	2	2	1	2	0	14
chr4	111026785	111119402	2	2	1	2	0	17
chr4	113174413	113175902	1	1	1	3	0	27
chr4	113461281	113461976	2	2	1	3	0	22
chr4	113568112	113568189	1	1	1	4	0	1
chr4	113568284	113568354	1	1	1	6	0	12
chr4	114095674	114117523	1	1	1	7	0	27
chr4	114680571	114682159	2	2	1	8	0	24
chr4	119200293	119200543	1	1	1	6	0	12
chr4	119517178	119518248	1	1	1	15	0	31
chr4	119526975	119529812	1	1	1	0	10	31
chr4	119548448	119549190	1	1	0	7	0	20
chr4	119825104	120031908	2	2	0	0	4	26
chr4	122599106	122599569	2	2	1	5	0	20
chr4	122607528	122617735	2	2	1	5	0	17
chr4	122617780	122618017	2	2	1	19	0	26
chr4	122725915	122728694	1	1	1	7	0	11
chr4	122739333	122739954	2	2	1	2	0	4
chr4	124308787	124781528	2	2	0	0	6	19
chr4	124526185	124781530	2	2	0	0	6	21
chr4	128722393	128722939	1	1	1	1	0	14
chr4	128748580	128751792	1	1	1	4	0	32
chr4	128978571	129195601	1	1	0	5	0	28
chr4	128995674	128996088	1	1	1	1	0	22
chr4	129038867	129073550	1	1	0	0	1	13
chr4	129193673	129208527	2	2	1	11	0	29
chr4	129506429	129539761	2	2	0	0	1	27
chr4	129732552	129752887	1	1	1	2	0	10
chr4	129886474	129891532	2	2	1	2	0	24
chr4	139939814	139941904	1	1	0	6	0	25
chr4	140211247	140213683	2	2	1	0	1	1
chr4	140213764	140216196	2	2	1	9	0	31
chr4	140216301	140216885	2	2	1	3	0	17
chr4	140258107	140262065	1	1	1	4	0	26
chr4	140264115	140265339	1	1	1	2	0	13
chr4	140273480	140273542	2	4	0	3	0	25
chr4	140281783	140282877	1	1	1	2	0	10
chr4	140384275	140384389	1	1	0	5	0	28
chr4	140759551	140761721	1	1	0	2	0	23
chr4	141146060	141544283	1	3	0	13	0	29
chr4	141294872	141300274	1	1	1	3	0	29
chr4	141446725	141448619	1	1	1	7	0	10
chr4	141448649	141456886	1	1	1	7	0	26
chr4	141607617	141622657	2	2	1	7	0	11
chr4	146017264	146019271	2	2	1	2	0	11
chr4	146038567	146041083	1	1	1	1	0	7
chr4	146095897	146100966	2	2	1	0	6	15
chr4	146560731	146563514	1	1	1	1	0	12
chr4	146813568	146823317	2	2	1	5	0	4
chr4	147096923	147108425	1	1	0	2	0	23
chr4	148787968	148796171	1	1	1	5	0	25
chr4	148944565	148968042	1	1	1	7	0	23
chr4	151738410	151749331	2	2	1	1	1	23
chr4	151821370	151826989	2	2	1	8	0	12
chr4	151850218	151935578	2	2	1	3	0	18
chr4	152021741	152022126	1	1	1	2	0	28
chr4	152022238	152024022	1	1	1	0	1	1
chr4	152024232	152025328	1	1	1	0	6	21
chr4	152025439	152025623	1	1	1	6	0	6
chr4	152176240	152176289	2	2	0	0	4	27
chr4	153252021	153253747	2	2	1	9	0	17
chr4	154315489	154318370	1	1	1	0	1	5
chr4	154425353	155127485	2	2	0	0	8	28
chr4	154510160	154512204	1	1	1	10	0	18
chr4	154533553	154541907	1	1	1	1	0	27
chr4	154547378	154548756	1	1	1	3	0	2
chr4	154717061	154879369	1	1	0	0	4	19
chr4	156297067	156297922	2	2	1	1	0	6
chr4	156588118	156588497	1	1	1	0	1	3
chr4	156588373	156588497	1	1	1	3	0	6
chr4	157694046	157731988	2	2	1	5	0	16
chr4	159131739	159132604	1	1	1	4	0	31
chr4	159161094	159311726	1	1	0	0	5	19
chr4	160025384	160107793	1	1	1	6	0	17
chr4	160264557	160265187	1	1	1	6	0	16
chr4	160265212	160266257	1	1	1	6	0	20
chr4	160861119	160861234	2	2	0	1	0	27
chr4	164067017	164069492	2	2	1	2	0	29
chr4	164415957	164428184	1	1	1	3	0	8
chr4	165900671	165915601	2	2	0	0	1	24
chr4	165900677	165943839	2	2	0	0	1	30
chr4	166006841	166009619	2	2	1	2	0	7
chr4	166234519	166235177	1	1	1	2	0	21
chr4	166248917	166254491	1	1	1	8	0	11
chr4	167088717	167108338	1	1	0	0	2	32
chr4	170032425	170500912	2	4	0	5	0	17
chr4	170190459	170192009	2	2	1	5	0	2
chr4	170542215	170557063	1	1	1	6	0	12
chr4	170584769	170586907	1	1	0	3	0	20
chr4	170628418	170634229	1	1	1	2	0	10
chr4	170999735	171008266	2	2	1	0	7	1
chr4	171008400	171009546	2	2	1	2	0	15
chr4	173193318	173488790	2	2	0	5	0	18
chr4	174090113	174169130	1	1	1	4	0	15
chr4	174253390	174253971	2	2	1	1	0	9
chr4	174254147	174254219	2	2	1	8	0	27
chr4	174254366	174254650	2	2	1	4	0	13
chr4	174254821	174255396	2	2	1	6	0	16
chr4	174254821	174255422	2	4	1	11	0	10
chr4	175205095	175220222	1	1	1	1	0	16
chr4	175216124	175216172	1	1	0	0	1	17
chr4	176917179	176917588	0	0	0	8	0	30
chr4	176943697	176983327	1	1	0	0	1	14
chr4	178231264	178243612	1	1	1	2	0	12
chr4	179923953	180241879	2	4	0	0	9	12
chr4	181865830	181866185	1	1	0	0	1	29
chr4	181865959	181866185	1	1	0	0	1	29
chr4	181866138	181866185	1	1	0	0	1	29
chr4	183836729	183838463	2	2	1	3	0	3
chr4	184207213	184210545	1	1	1	2	0	16
chr4	184657275	184657673	2	2	0	0	5	23
chr4	184657275	184657966	2	2	0	0	5	23
chr4	184844778	184845008	1	1	0	3	0	32
chr4	184951049	185543738	2	2	0	0	4	20
chr4	185178433	185221178	2	2	0	1	0	12
chr4	185504031	185507346	1	1	0	0	4	31
chr4	185556573	185559554	2	2	1	3	0	29
chr4	185616556	185618800	2	2	1	9	0	31
chr4	185652123	185655169	2	2	1	6	0	2
chr4	186097206	186111296	2	2	1	1	0	1
chr4	186112367	186124938	2	2	1	9	0	6
chr4	187527368	187530336	2	2	1	2	0	7
chr4	188286356	188286458	1	1	0	1	0	14
chr4	188644559	188693154	1	1	0	0	1	24
chr4	189018316	189020188	2	2	1	2	1	7
chr4	189160658	189164110	2	2	0	0	6	23
chr4	190000881	190014555	2	2	0	0	10	25
chr4	191002750	191003685	1	3	1	2	0	2
chr5	218534	220354	1	1	1	0	4	1
chr5	218534	223596	1	1	1	17	4	10
chr5	225678	225997	1	1	1	19	0	32
chr5	228449	230990	1	1	1	3	0	17
chr5	231116	233591	1	1	1	6	0	17
chr5	233761	235258	1	1	1	4	0	9
chr5	236715	240472	1	1	1	5	0	17
chr5	272888	304291	1	1	1	0	2	5
chr5	311518	314531	1	1	1	7	0	3
chr5	443406	446264	1	1	1	8	0	4
chr5	446465	447647	1	1	1	6	0	15
chr5	465388	465832	1	1	1	4	0	21
chr5	477965	479896	1	1	1	0	6	1
chr5	648339	648440	1	1	0	2	0	17
chr5	648428	649896	1	1	0	0	5	19
chr5	648428	650011	1	1	0	0	5	19
chr5	648428	650277	1	1	0	0	5	19
chr5	648943	649896	1	1	0	0	5	19
chr5	648943	650011	1	1	0	0	5	19
chr5	648943	650277	1	1	0	0	5	19
chr5	650184	650277	1	1	0	0	5	19
chr5	669620	1504799	0	0	0	7	0	32
chr5	681690	773788	1	1	0	0	12	25
chr5	819728	821975	2	2	1	3	0	22
chr5	846579	846774	2	2	0	10	0	24
chr5	848776	850495	2	2	1	1	0	8
chr5	858324	858508	1	1	0	0	6	30
chr5	858379	858439	2	2	0	1	0	14
chr5	864684	865528	2	2	1	5	0	24
chr5	865697	870587	2	2	1	7	0	28
chr5	870691	871640	2	2	1	7	0	21
chr5	871680	876215	2	2	1	5	4	20
chr5	876328	878469	2	4	1	4	0	16
chr5	884186	886706	2	2	1	3	0	28
chr5	889281	889701	2	2	1	6	0	11
chr5	900665	901455	1	1	1	5	0	9
chr5	916089	917122	1	1	1	5	0	25
chr5	1032328	1033486	1	1	1	7	0	16
chr5	1035589	1036224	1	1	1	0	6	1
chr5	1035589	1036371	1	1	1	0	6	1
chr5	1061108	1061269	2	2	0	0	2	19
chr5	1074787	1075485	2	2	1	19	0	7
chr5	1076352	1076808	2	2	1	5	0	29
chr5	1078874	1079512	0	0	1	6	0	18
chr5	1085589	1087017	2	2	1	4	0	26
chr5	1253947	1254482	2	4	1	1	0	31
chr5	1283415	1283475	2	2	0	1	0	30
chr5	1283829	1284077	2	2	0	0	1	15
chr5	1318569	1320730	2	2	1	7	0	25
chr5	1320847	1321749	2	2	1	13	0	7
chr5	1323027	1323901	2	2	1	6	0	1
chr5	1334499	1335171	2	2	1	15	0	19
chr5	1335290	1338018	2	2	1	15	0	23
chr5	1339121	1341785	2	2	1	7	0	21
chr5	1341976	1344465	2	2	1	6	0	5
chr5	1576425	1579391	2	2	1	3	0	29
chr5	1602851	1632959	2	2	1	0	2	5
chr5	1619725	1620511	1	1	0	0	11	15
chr5	1623200	1623247	2	2	0	8	0	27
chr5	1799062	1799905	2	2	1	73	0	26
chr5	1801664	1802434	1	1	1	29	0	22
chr5	1802489	1814452	1	1	1	0	4	1
chr5	1814576	1815964	1	1	1	5	0	12
chr5	5423113	5436530	1	1	1	3	0	27
chr5	5437228	5440007	1	5	1	6	0	7
chr5	5440027	5441224	1	1	1	6	0	19
chr5	5457855	5460548	1	1	1	3	0	28
chr5	6600346	6602573	2	2	1	5	0	14
chr5	6604390	6604717	2	2	1	4	0	15
chr5	6604799	6605385	2	2	1	3	0	30
chr5	6632870	6632996	2	2	1	2	0	11
chr5	6713719	6713764	0	0	0	3	0	31
chr5	6713969	6714027	0	0	0	4	0	32
chr5	6714081	6714164	0	0	0	5	0	30
chr5	6714813	6737622	1	1	1	5	0	17
chr5	6722975	6723142	2	2	0	4	0	18
chr5	7300499	7300519	2	2	0	0	1	16
chr5	7869329	7870882	1	1	1	9	0	29
chr5	8334566	8334690	2	2	1	0	1	1
chr5	8457880	8460045	1	1	1	19	0	23
chr5	10250558	10254256	1	1	1	4	16	14
chr5	10250558	10254907	1	1	1	0	16	5
chr5	10261024	10261671	1	1	1	7	0	3
chr5	10290894	10307736	2	2	1	10	0	25
chr5	10382056	10387105	1	1	1	3	0	8
chr5	10414615	10415599	1	1	1	3	0	21
chr5	10638281	10649377	1	1	1	12	0	15
chr5	13174082	13372146	2	2	0	3	0	26
chr5	13999153	14150439	1	1	0	0	9	24
chr5	14114417	14150439	1	1	0	0	9	24
chr5	14207426	14207510	2	2	0	3	0	20
chr5	14369009	14369482	1	1	1	6	0	14
chr5	14387742	14387840	1	1	1	3	0	19
chr5	14388789	14389397	1	1	1	12	0	29
chr5	14390410	14391009	1	1	1	1	0	6
chr5	14391100	14394146	1	1	1	4	0	18
chr5	14420131	14461127	1	1	1	3	0	32
chr5	14461421	14462863	1	1	1	5	0	5
chr5	14497127	14497955	1	1	1	3	0	13
chr5	14678885	14681572	1	1	1	2	0	30
chr5	14713777	14716814	2	2	1	6	0	16
chr5	16463380	16463590	2	2	1	3	0	2
chr5	16671088	16671530	2	2	1	7	0	11
chr5	16680214	16681417	2	2	1	5	0	31
chr5	16704795	16711016	2	2	1	5	0	25
chr5	16758336	16761572	2	2	1	4	0	3
chr5	16764506	16766188	2	2	1	4	0	5
chr5	16779758	16780632	2	2	1	1	0	28
chr5	16792487	16794166	1	1	0	9	0	23
chr5	17108973	17121438	2	2	0	0	1	31
chr5	17504695	17617439	2	2	0	0	5	19
chr5	20054230	20122276	1	1	0	2	0	13
chr5	20376357	20378434	2	2	0	0	3	32
chr5	21482089	21482905	1	1	0	0	9	25
chr5	21495292	21497130	1	1	1	0	9	24
chr5	23076146	23789245	1	1	0	6	0	20
chr5	25738586	25835561	1	1	0	0	2	13
chr5	29330045	30210989	1	1	0	0	8	13
chr5	31423052	31424533	2	2	1	4	0	20
chr5	31448715	31449387	2	2	1	3	0	6
chr5	31474633	31475144	2	2	0	2	0	24
chr5	31486670	31493313	2	2	1	3	0	10
chr5	31493401	31495392	2	2	1	3	0	3
chr5	31518687	31518774	0	0	0	4	0	30
chr5	31531633	31532096	2	2	1	17	0	30
chr5	31541510	31545752	1	1	1	5	0	10
chr5	31545820	31551399	1	1	1	5	0	8
chr5	31752739	32431141	2	2	0	5	0	22
chr5	31906518	32484363	1	1	0	0	5	26
chr5	31932542	31959583	1	1	0	0	3	31
chr5	32012743	32805775	2	2	0	0	7	28
chr5	32041093	32208050	1	1	0	8	0	30
chr5	32085204	32600852	1	1	0	0	9	17
chr5	32404203	32406878	2	2	1	4	0	23
chr5	32417898	32419925	2	2	1	0	5	1
chr5	32422864	32425705	0	0	0	3	0	30
chr5	32444435	32444727	2	2	1	15	0	24
chr5	32489567	32805775	2	2	0	0	7	28
chr5	32585732	32588617	1	1	1	32	0	12
chr5	33440883	33441151	1	1	1	0	2	2
chr5	33440898	33441151	1	3	1	0	2	2
chr5	33441250	33445429	1	1	1	7	0	19
chr5	33448838	33453393	1	1	1	2	0	4
chr5	33455172	33455691	1	1	1	8	0	17
chr5	33456172	33456253	1	1	1	2	0	14
chr5	33461401	33461771	1	1	1	1	0	13
chr5	33461850	33462010	1	1	1	14	0	30
chr5	33462112	33462203	1	1	1	2	0	4
chr5	33463931	33466975	1	1	1	5	5	12
chr5	33998933	34005860	2	2	1	0	8	1
chr5	34004840	34005860	2	2	1	0	8	1
chr5	34006005	34007877	2	2	1	7	0	31
chr5	34191476	34192286	2	2	0	0	9	25
chr5	34191476	34193102	2	2	0	0	9	25
chr5	34191792	34192599	2	2	0	0	1	12
chr5	34656581	34686976	1	1	1	18	0	29
chr5	34687061	34757572	1	1	1	6	0	21
chr5	34918581	34919944	1	1	1	4	0	27
chr5	34922874	34923105	1	1	1	44	0	31
chr5	34923157	34923237	1	1	1	11	0	31
chr5	34923340	34924951	1	1	1	3	0	4
chr5	34925081	34925330	1	1	1	2	0	31
chr5	34936372	34937430	1	1	1	0	7	2
chr5	34939115	34941200	1	1	1	3	0	4
chr5	34949783	34950274	1	1	1	1	0	18
chr5	36152373	36152872	1	1	1	1	0	21
chr5	36153145	36163746	1	1	1	7	0	18
chr5	36168550	36170445	1	1	1	10	0	9
chr5	36207368	36211945	2	2	1	5	0	21
chr5	36679963	36680496	1	1	1	11	0	26
chr5	36877281	36953719	1	1	1	1	0	19
chr5	36898805	37391009	1	1	0	0	9	12
chr5	37000673	37000918	1	1	1	3	0	28
chr5	37003450	37006458	1	1	1	5	0	22
chr5	37024822	37026330	1	1	1	9	0	10
chr5	37069224	37251366	2	2	0	0	3	26
chr5	37087791	37251366	2	2	0	0	3	26
chr5	37111142	37251366	2	2	0	0	3	26
chr5	37132681	37251366	2	2	0	0	3	26
chr5	37196099	37198803	2	2	1	4	0	25
chr5	37247848	37249346	2	2	1	10	0	13
chr5	37294568	37298969	2	2	1	6	0	3
chr5	37299671	37301538	2	2	1	5	0	19
chr5	37307535	37309230	2	2	1	8	0	29
chr5	37341875	37388450	2	2	0	1	0	29
chr5	37342749	37348606	2	2	1	9	0	9
chr5	37347580	37356526	2	2	0	0	2	27
chr5	37358254	37363989	2	2	1	8	0	20
chr5	37392223	37396476	1	1	1	0	5	1
chr5	37634558	37635324	2	2	0	8	0	18
chr5	37701245	37703050	1	1	1	6	0	17
chr5	38506735	38510565	2	2	1	4	0	22
chr5	38996985	39002636	2	2	1	5	0	10
chr5	40765341	40767567	2	2	1	3	0	9
chr5	40832676	40834282	2	2	1	4	6	32
chr5	40834368	40834572	2	2	1	17	0	26
chr5	40834709	40835284	2	2	1	1	0	26
chr5	43030399	43031239	2	2	0	4	0	23
chr5	43055027	43910593	2	2	0	0	4	14
chr5	43087398	43087565	2	2	0	0	1	15
chr5	43170855	43372590	2	4	0	4	0	28
chr5	43284730	43716415	1	1	0	0	9	20
chr5	43298237	43298619	2	2	1	5	0	10
chr5	43307927	43313457	2	2	1	10	0	16
chr5	43556102	43556683	2	2	1	3	0	14
chr5	43675773	43677826	1	1	1	12	0	11
chr5	44809666	44811110	1	1	1	2	0	17
chr5	44813385	44815014	1	1	1	5	0	21
chr5	49724062	49736873	2	2	1	5	0	8
chr5	52404474	52405541	2	2	1	6	0	25
chr5	52764504	52809354	1	1	0	0	1	15
chr5	53231810	53383736	2	2	0	0	6	16
chr5	53467759	53606124	2	2	1	0	4	3
chr5	53467759	53606261	2	2	1	0	4	3
chr5	54581245	54581523	2	2	1	0	3	2
chr5	54593227	54594418	2	2	1	2	0	16
chr5	54594493	54603214	2	2	1	6	0	11
chr5	54618293	54619959	1	1	1	4	0	17
chr5	54675024	54683801	1	1	1	2	0	17
chr5	54693355	54696060	1	1	1	3	0	4
chr5	54992191	54992318	2	2	0	0	1	15
chr5	55237648	55238497	2	2	1	1	0	2
chr5	55427405	56410156	2	2	0	0	7	26
chr5	55768385	56444422	1	1	0	0	4	27
chr5	56208962	56209700	1	1	1	0	1	3
chr5	56231579	56233404	2	2	1	3	0	1
chr5	56280938	56524341	2	4	0	0	5	18
chr5	56470039	56471274	1	1	1	1	0	6
chr5	56507525	56522993	2	2	0	0	7	27
chr5	56545404	56546780	1	1	1	3	0	7
chr5	56557110	56558420	1	1	1	2	0	11
chr5	57352960	57372395	1	1	0	6	0	13
chr5	57835251	57835639	1	1	0	0	1	24
chr5	59859696	60680698	2	2	0	7	0	25
chr5	59938687	59940571	2	2	1	4	0	24
chr5	60083259	60095006	2	2	1	6	0	3
chr5	60095058	60139986	2	2	1	6	0	7
chr5	61643995	61645892	1	1	1	1	0	4
chr5	61645948	61648414	1	1	1	1	0	6
chr5	61811329	61821968	1	1	1	8	0	7
chr5	61832609	61833035	1	1	1	5	0	2
chr5	62095902	62103732	1	1	0	0	5	27
chr5	64267640	64272961	1	1	1	4	0	29
chr5	64748746	64755996	2	2	1	2	0	30
chr5	64847464	64848319	2	2	1	5	0	26
chr5	64863443	64865458	1	1	1	3	0	23
chr5	64920934	64931127	1	1	1	11	0	3
chr5	65018242	65054393	1	1	1	5	0	15
chr5	65221779	65221904	1	1	0	5	0	27
chr5	65307956	65309376	1	1	1	5	0	12
chr5	65310554	65317149	1	1	1	5	0	2
chr5	65344610	65346610	1	1	1	3	0	10
chr5	65440366	65449290	1	1	1	4	0	13
chr5	65455163	65457936	1	1	1	3	0	32
chr5	65458421	65459619	1	1	1	9	0	11
chr5	65470870	65473341	1	1	1	6	1	21
chr5	65470870	65473344	1	1	1	1	0	31
chr5	66430517	66432390	1	1	1	6	0	9
chr5	66488004	67470578	1	1	0	0	6	25
chr5	68390166	68396633	1	1	1	5	0	15
chr5	68409055	68410246	1	1	1	3	0	3
chr5	68412430	68413065	1	1	1	5	0	11
chr5	68463906	68463999	1	1	1	5	0	30
chr5	68464171	68467096	1	1	1	7	0	18
chr5	68470941	68471223	1	1	1	7	0	5
chr5	68662423	68665289	2	2	1	29	14	20
chr5	68665761	68666861	1	1	1	5	0	1
chr5	68683517	68807616	2	4	0	0	8	29
chr5	68834366	68846249	2	2	0	0	4	25
chr5	68834738	68923488	1	1	0	0	8	12
chr5	68834738	69779123	1	1	0	0	8	12
chr5	68856070	68858499	1	1	1	10	0	31
chr5	68856070	68860926	1	1	1	0	21	19
chr5	68858598	68860926	1	1	1	0	3	27
chr5	68862036	68862415	1	1	1	0	5	5
chr5	68862453	68862793	1	1	1	0	5	23
chr5	68864035	68868271	1	1	1	0	2	27
chr5	68875692	68878192	1	1	1	0	16	12
chr5	68882184	68886154	1	1	1	0	2	18
chr5	68936194	68938031	2	2	1	0	9	24
chr5	69197308	69198114	2	2	0	0	10	29
chr5	69206390	69209984	1	1	1	0	9	13
chr5	69210070	69211907	1	1	1	0	9	24
chr5	69361912	69363120	1	1	1	0	5	27
chr5	69399869	69401816	2	2	0	0	8	27
chr5	69414371	70384812	2	2	0	0	8	12
chr5	69497870	69499707	2	2	1	0	9	24
chr5	69515920	69517757	2	2	1	0	9	24
chr5	69711217	69716075	1	1	1	0	21	19
chr5	69713747	69716075	1	1	1	0	3	27
chr5	69717185	69717561	0	0	1	0	5	5
chr5	69717599	69717939	1	1	1	0	5	23
chr5	69719181	69723411	1	1	1	0	2	27
chr5	69730850	69733357	1	1	1	0	16	12
chr5	69737346	69741309	1	1	1	0	2	18
chr5	69805628	69807250	1	1	0	0	3	29
chr5	69812310	69814147	2	2	1	0	7	18
chr5	70072374	70073180	2	2	0	0	10	29
chr5	70081453	70085034	1	1	1	0	9	13
chr5	70085120	70086958	1	1	1	0	9	24
chr5	70237336	70238544	1	1	1	0	5	27
chr5	70275325	70277282	2	2	0	0	8	27
chr5	70275325	70402160	2	2	0	0	8	27
chr5	70283634	70408520	1	1	0	0	3	25
chr5	70289844	70384812	2	2	0	0	8	12
chr5	70333374	70337348	2	2	1	0	2	18
chr5	70341335	70343832	2	2	1	0	16	12
chr5	70351285	70355516	2	2	1	0	2	27
chr5	70356758	70357098	2	2	1	0	5	23
chr5	70357136	70357514	2	2	1	0	5	5
chr5	70358624	70360951	2	2	1	0	3	27
chr5	70358624	70363481	2	2	1	0	21	19
chr5	70400194	70402160	2	2	0	0	8	27
chr5	70498255	70500092	2	2	1	0	7	18
chr5	70503958	70516108	2	2	1	15	0	10
chr5	70516284	70518121	2	2	1	0	7	18
chr5	70757754	70759884	1	1	1	5	0	16
chr5	70759945	70761922	1	1	1	4	0	2
chr5	70779724	70782310	1	1	1	4	0	10
chr5	70785510	70786810	1	1	1	1	0	30
chr5	70797481	70798425	1	1	1	5	0	14
chr5	70798619	70800447	1	1	1	1	0	1
chr5	70809235	70810770	1	1	1	1	0	18
chr5	70820151	70828134	1	1	1	6	0	23
chr5	70828255	70834868	1	1	1	2	0	13
chr5	70834906	70835383	1	1	1	2	0	15
chr5	70852753	70855808	1	1	1	6	0	17
chr5	70890942	70891059	1	1	0	1	0	28
chr5	70948582	70952569	1	1	1	5	0	27
chr5	71146796	71146815	1	1	0	0	18	26
chr5	71146828	71146847	0	0	0	8	0	30
chr5	71146869	71146912	0	0	0	7	0	30
chr5	71403543	71411524	1	1	1	0	2	1
chr5	71557124	71633591	1	3	0	0	6	27
chr5	71609986	71616007	2	4	1	6	0	20
chr5	71612754	71613339	0	0	0	0	3	32
chr5	72109805	72820758	2	2	0	1	6	28
chr5	72151751	72157634	1	1	1	2	0	13
chr5	72168548	72171441	1	1	1	1	0	16
chr5	72173174	72178293	1	1	1	8	0	15
chr5	72183050	72183904	1	1	1	10	1	17
chr5	72185785	72187636	1	1	1	0	4	1
chr5	72195909	72196800	1	1	1	4	0	6
chr5	72354352	72359667	1	1	1	0	7	4
chr5	72378960	72631344	2	2	0	0	7	17
chr5	72743299	72743299	0	0	1	15	0	18
chr5	72794384	72794958	1	1	1	23	0	27
chr5	72795028	72798312	1	1	1	5	0	11
chr5	72800229	72801016	1	1	1	0	2	13
chr5	72863260	72864059	1	1	1	4	0	7
chr5	73193919	73197008	1	1	1	3	0	17
chr5	74064944	74065038	1	1	1	4	0	16
chr5	74135999	74137369	2	2	1	1	0	4
chr5	74137505	74161989	2	2	1	9	0	26
chr5	74566766	74567082	1	1	0	0	6	21
chr5	74633126	74638407	1	1	1	4	0	12
chr5	74643135	74645866	1	1	1	0	6	2
chr5	74655382	74655809	1	1	1	1	0	19
chr5	74807740	74842834	1	1	1	6	0	22
chr5	74986388	74988220	2	2	1	4	0	18
chr5	75884799	75885439	1	1	1	6	0	2
chr5	76061688	76092790	1	1	0	0	1	26
chr5	76330346	76331365	1	1	1	3	0	16
chr5	76344098	76344760	1	1	1	5	0	2
chr5	76406004	77307100	2	2	0	0	4	16
chr5	76621555	76624822	1	1	1	5	0	30
chr5	76745696	76747115	2	2	1	7	0	1
chr5	76747172	76749641	2	2	1	7	0	2
chr5	76785398	76787994	2	2	1	1	0	5
chr5	76987324	76989090	2	2	1	3	0	6
chr5	76989178	77004066	2	2	1	6	0	29
chr5	77004173	77072028	2	2	1	11	0	28
chr5	77228499	77238410	2	2	0	0	1	26
chr5	77458776	77461433	2	2	1	9	0	16
chr5	77563420	77590275	2	2	1	4	0	7
chr5	77684739	77711343	1	1	1	2	0	32
chr5	78404887	78464439	1	1	0	11	0	20
chr5	78936789	78936927	1	1	1	5	0	5
chr5	79282931	79284061	2	2	1	2	0	32
chr5	79442058	79443067	2	2	1	10	0	15
chr5	79470871	79473136	2	2	1	1	0	8
chr5	79498873	79551714	2	2	1	2	0	15
chr5	79613465	79626098	2	2	0	0	13	23
chr5	79613465	79832071	2	2	0	0	13	23
chr5	79744224	79745409	1	1	1	7	0	26
chr5	79946427	79946610	0	0	0	0	3	32
chr5	79949877	79950222	2	2	1	0	8	19
chr5	80040435	80057364	1	1	1	6	0	18
chr5	80419587	80422892	1	1	1	3	0	21
chr5	80597490	80600559	1	1	1	12	1	30
chr5	80597518	80600559	1	1	1	0	1	1
chr5	80597875	80600559	1	1	1	0	1	1
chr5	80744645	80756873	2	2	1	4	0	6
chr5	81354422	81460217	1	1	1	6	0	23
chr5	81572075	81572216	2	2	1	9	0	27
chr5	81573672	81574138	2	2	1	22	0	31
chr5	82352974	82357695	2	2	1	2	0	8
chr5	82357731	82360826	2	2	1	2	1	22
chr5	82381561	82382095	0	0	0	3	0	31
chr5	82400878	82406846	1	1	1	15	0	15
chr5	82407023	82491588	1	1	1	6	0	27
chr5	82789751	82807921	1	1	1	2	0	25
chr5	83356304	83360518	2	2	1	2	0	19
chr5	85913871	85915169	1	1	1	10	0	21
chr5	86225889	86356659	1	1	0	0	3	13
chr5	86690922	86695210	2	2	1	4	0	32
chr5	87531410	88124659	2	4	0	0	150	12
chr5	89518968	89788484	1	1	0	9	0	12
chr5	89971263	89971896	1	1	1	5	0	27
chr5	89980013	89981596	1	1	1	8	0	10
chr5	90001397	90002047	1	1	1	3	0	19
chr5	90836357	90836480	0	0	0	3	0	30
chr5	93955877	93964515	1	1	1	1	0	1
chr5	94831165	94832820	2	2	0	3	0	13
chr5	94886355	94890639	2	2	1	17	0	23
chr5	95114910	95115157	1	1	0	2	0	22
chr5	95297477	95297516	2	2	0	5	0	28
chr5	95297741	95644427	1	1	1	0	65	6
chr5	96036692	96037455	1	1	0	4	0	32
chr5	96038620	96058342	1	1	1	4	0	10
chr5	96058403	96063192	1	1	1	8	0	11
chr5	96093359	96097977	1	1	1	1	0	18
chr5	97486824	97597316	1	1	0	0	4	28
chr5	98217080	98217678	2	2	1	3	0	10
chr5	102444419	102455767	2	2	1	7	0	10
chr5	102594598	102601608	1	1	1	9	0	17
chr5	102895170	102895743	2	2	1	4	0	11
chr5	106680612	107440685	1	1	0	0	9	16
chr5	106763211	107006189	2	2	1	6	0	15
chr5	106903735	107047149	2	2	0	0	5	19
chr5	108677323	108677552	1	3	0	8	0	12
chr5	110446653	110446868	1	1	1	7	0	20
chr5	110448853	110454710	1	1	1	2	0	11
chr5	110835805	110836699	2	2	1	6	0	23
chr5	112197115	112200153	1	1	1	0	4	2
chr5	112198281	112200153	1	1	1	0	4	2
chr5	112222881	112238076	2	2	1	2	0	18
chr5	112256954	112257769	2	2	1	7	0	8
chr5	112389657	112399680	2	2	1	6	0	15
chr5	112421008	112437435	2	2	1	2	0	25
chr5	112876814	112878064	1	1	1	2	0	13
chr5	114607324	114610912	2	2	1	2	0	31
chr5	114861315	114878646	2	2	1	0	2	1
chr5	114952143	114956131	2	2	1	6	0	20
chr5	114961680	114968552	2	2	1	0	2	2
chr5	115177804	115202366	1	1	1	8	0	29
chr5	116038069	116135549	2	2	0	0	6	24
chr5	116038069	116152442	2	2	0	0	6	24
chr5	118185634	119020594	0	0	0	7	0	32
chr5	118280345	118323988	2	2	1	3	0	28
chr5	118456835	118464905	1	1	1	1	0	13
chr5	118469874	118469962	1	1	1	12	0	19
chr5	118788329	118792009	1	1	1	0	1	1
chr5	118809711	118810095	1	1	1	3	0	24
chr5	122717895	122718430	2	2	1	5	0	25
chr5	123977099	123979203	2	2	1	2	0	6
chr5	124060029	124060806	1	5	0	3	0	19
chr5	125887830	125889978	2	2	1	3	7	8
chr5	125909177	125911738	1	1	0	0	2	24
chr5	125912904	125918542	2	2	1	4	0	11
chr5	126112945	126113052	1	1	1	0	9	3
chr5	126113560	126140467	1	1	1	10	0	8
chr5	126137360	126137405	1	5	0	2	0	21
chr5	126146043	126147464	1	1	1	4	0	30
chr5	126147591	126154613	1	1	1	2	0	11
chr5	126154835	126156601	1	1	1	11	0	29
chr5	126168494	126171914	1	1	1	5	0	19
chr5	126407378	126409142	2	2	1	5	0	5
chr5	126862471	126865985	1	1	1	3	0	3
chr5	127474601	127477521	1	1	1	2	0	10
chr5	127516687	127518546	1	1	1	2	0	19
chr5	127599349	127607690	2	2	1	4	0	3
chr5	127642896	127644938	2	2	1	0	5	10
chr5	127668727	127670410	2	2	1	5	0	12
chr5	127673815	127674624	2	2	1	1	0	4
chr5	130495305	130498264	2	2	1	8	0	18
chr5	130498370	130500787	2	2	1	7	0	28
chr5	130698310	130700830	0	0	0	5	0	32
chr5	130940387	130970654	2	2	1	7	0	23
chr5	131539846	131543400	2	2	1	2	0	23
chr5	131545025	131545976	2	2	1	4	0	6
chr5	131810837	131810888	0	0	0	5	0	32
chr5	131940692	131944306	1	1	1	2	0	28
chr5	132098338	132099397	2	2	1	5	0	14
chr5	132101222	132112799	2	2	1	1	0	2
chr5	132267915	132269838	2	2	1	6	0	23
chr5	132354896	132358532	2	2	1	0	4	3
chr5	132409022	132409684	1	1	1	8	0	6
chr5	132412591	132422473	1	1	1	2	0	5
chr5	132424248	132424746	1	1	1	6	0	26
chr5	132431943	132432852	1	1	1	2	0	4
chr5	133308554	133309481	2	2	1	2	0	21
chr5	133313507	133315219	0	0	0	5	0	31
chr5	133328710	133340337	2	2	1	10	0	4
chr5	133451079	133451599	1	1	1	3	0	31
chr5	133477996	133478411	1	1	1	1	0	13
chr5	133496822	133502860	2	2	1	4	0	28
chr5	133509714	133512545	2	2	1	1	0	4
chr5	133554013	134129723	1	1	0	6	0	12
chr5	133561684	133561717	2	4	0	3	0	20
chr5	133655189	133657481	2	2	1	5	0	10
chr5	133744338	134069747	2	2	0	10	0	14
chr5	133745694	133747306	2	2	1	3	0	13
chr5	133860121	133871547	1	1	1	3	0	25
chr5	133862244	133862276	1	1	0	1	0	19
chr5	133976620	134604443	0	0	0	6	0	31
chr5	134007577	134010304	1	1	1	3	0	7
chr5	134065581	134080000	1	1	0	1	0	29
chr5	134094646	134099593	1	1	1	7	0	4
chr5	134114475	134136585	0	0	0	8	0	30
chr5	134124282	134126159	1	1	1	5	0	16
chr5	134126243	134130539	1	1	1	4	0	23
chr5	134162711	134164348	1	1	1	9	0	21
chr5	134185870	134186250	2	2	0	2	0	18
chr5	134229346	134231983	1	1	1	4	0	21
chr5	134696298	134705095	2	2	1	1	0	21
chr5	134705294	134705725	2	2	1	4	0	5
chr5	134724817	134734751	2	2	1	9	0	22
chr5	136476384	136602698	2	2	1	4	0	29
chr5	136974840	136975548	2	2	1	0	1	5
chr5	137210092	137777551	1	1	0	0	5	31
chr5	137219311	137223848	2	2	1	10	0	20
chr5	137295904	137298093	2	2	1	2	0	2
chr5	137401941	137491067	1	1	0	0	4	29
chr5	137506602	137506726	2	2	1	3	0	30
chr5	137513357	137514284	2	2	1	4	0	29
chr5	137514892	137515348	1	1	1	29	0	24
chr5	137517418	137518011	1	1	1	1	0	32
chr5	137518151	137518274	1	1	1	1	0	29
chr5	137521742	137521982	1	1	1	5	0	31
chr5	137522121	137522784	1	1	1	3	0	16
chr5	137534472	137536795	2	2	1	3	0	18
chr5	137536929	137537031	2	2	1	7	0	21
chr5	137548753	137548840	2	2	1	3	0	2
chr5	137677103	137677497	1	1	1	1	0	1
chr5	137681299	137682390	1	1	1	3	0	1
chr5	137756652	137759763	1	1	1	1	0	22
chr5	137760031	137761099	1	1	1	7	0	20
chr5	137762755	137762877	1	1	1	3	0	12
chr5	137777151	137779275	1	1	1	7	0	13
chr5	137848644	137849256	2	2	1	8	0	18
chr5	137849396	137853249	2	2	1	4	0	26
chr5	137854557	137878521	2	2	1	43	0	23
chr5	137878626	137878785	2	2	1	13	0	31
chr5	137882349	137882349	0	0	1	1	0	19
chr5	137893186	137893557	2	2	1	7	0	20
chr5	137903412	137904613	2	2	1	7	0	10
chr5	137904739	137906648	2	2	1	4	0	18
chr5	138211428	138215883	1	1	1	0	1	1
chr5	138221982	138223178	1	1	1	6	0	12
chr5	138614098	138614739	1	1	1	6	0	13
chr5	138629495	138642927	1	1	1	10	0	24
chr5	138644017	138650363	1	1	1	4	0	28
chr5	138654723	138655022	1	1	1	0	1	20
chr5	138657719	138658151	1	1	1	6	0	30
chr5	138699612	138700252	1	1	1	2	0	8
chr5	138773248	138775094	2	2	1	8	0	11
chr5	138941401	138979956	1	1	1	6	0	6
chr5	138966136	138967050	1	1	0	0	2	25
chr5	138980021	138994170	1	1	1	10	0	31
chr5	138994203	138994281	1	1	1	6	0	2
chr5	139661119	139682625	2	2	1	8	0	14
chr5	139714334	139715456	2	2	1	8	0	29
chr5	139781859	139815688	1	1	1	0	5	2
chr5	139818203	139819703	1	1	1	3	0	18
chr5	139820728	139825326	1	1	1	0	3	1
chr5	139889767	139892412	1	1	1	11	0	18
chr5	139903826	139905580	1	1	1	4	0	2
chr5	139944444	139945457	1	1	1	0	10	7
chr5	139945557	139946149	1	1	1	7	0	21
chr5	140019194	140019323	1	3	1	0	4	2
chr5	140019198	140019323	1	1	1	0	4	2
chr5	140034313	140035413	1	1	1	2	0	14
chr5	140038750	140038899	1	1	1	3	0	19
chr5	140038919	140039340	1	1	1	3	0	17
chr5	140039781	140040342	1	1	1	3	0	23
chr5	140046699	140047818	1	1	0	6	0	13
chr5	140054719	140056238	2	2	1	0	5	2
chr5	140056482	140056573	2	2	1	1	0	23
chr5	140056702	140056911	2	2	1	1	0	11
chr5	140057339	140057492	2	2	1	2	0	10
chr5	140057339	140062684	2	2	1	4	0	4
chr5	140058713	140059372	2	2	1	1	0	23
chr5	140070530	140070799	2	2	1	7	0	11
chr5	140073866	140075092	1	1	1	6	0	5
chr5	140076992	140077153	1	1	1	2	0	21
chr5	140080064	140080403	1	1	1	5	0	31
chr5	140111178	141073104	1	1	0	6	0	13
chr5	140242018	140242689	0	0	0	4	0	32
chr5	140896576	140903709	2	2	1	10	0	21
chr5	140908150	140908268	2	2	1	15	0	7
chr5	140908841	140909169	2	2	1	15	0	17
chr5	140958193	140958654	2	4	1	1	0	20
chr5	141005332	141005579	2	2	1	8	0	20
chr5	141016198	141016302	2	2	1	5	0	22
chr5	141019217	141019486	1	1	1	9	0	8
chr5	141028876	141028961	2	2	1	2	0	1
chr5	141050968	141051136	2	2	1	7	0	12
chr5	141059390	141059529	2	2	1	5	0	15
chr5	141348733	141350268	1	1	1	18	0	21
chr5	141353308	141357867	1	1	1	1	0	23
chr5	141354521	141357867	1	1	1	1	0	10
chr5	141387466	141391476	2	2	1	6	0	13
chr5	141515383	141517298	1	1	1	4	0	12
chr5	141520195	141524135	1	1	1	7	0	14
chr5	141640812	142481682	1	3	0	4	0	15
chr5	145506109	145508234	2	2	1	4	0	16
chr5	145508346	145508540	2	2	1	9	0	23
chr5	145523114	145523829	2	2	1	4	0	26
chr5	145524101	145524186	2	2	1	3	0	3
chr5	145531566	145532736	2	2	1	6	0	23
chr5	145557229	145562050	2	2	1	39	0	24
chr5	145608601	145609279	1	1	1	2	0	9
chr5	145637446	145653629	2	2	0	0	1	31
chr5	145643813	145653629	2	2	0	0	1	31
chr5	145649148	145650516	1	1	1	3	0	14
chr5	145826972	145834618	1	1	1	4	0	26
chr5	145834801	145838576	2	4	0	1	0	16
chr5	145834845	145836745	1	1	1	0	8	4
chr5	145838901	145843113	1	1	1	9	0	24
chr5	145849308	145850198	1	1	1	1	0	28
chr5	145859475	145859590	1	1	1	3	0	1
chr5	145859658	145860712	1	1	1	1	0	32
chr5	145862291	145863102	1	1	1	3	0	5
chr5	145878250	145882937	1	1	1	5	0	8
chr5	146775285	146777228	2	2	1	8	0	8
chr5	147803681	147805084	1	1	1	2	0	32
chr5	148902815	148915430	0	0	0	0	5	32
chr5	148944304	148945500	2	4	0	4	0	23
chr5	149246790	149551131	2	2	0	7	0	13
chr5	149246798	149283771	2	2	0	2	0	19
chr5	149340543	149357190	1	1	1	0	7	3
chr5	149380743	149384413	1	1	1	1	0	22
chr5	149410403	149412016	1	1	1	9	0	20
chr5	149420443	149421347	1	1	1	6	0	3
chr5	149737418	149740718	1	1	1	15	0	30
chr5	149740775	149743675	1	1	1	17	0	28
chr5	149743816	149747406	1	1	1	8	0	5
chr5	149748466	149749091	1	1	1	10	0	11
chr5	149753950	149754179	1	1	1	3	0	28
chr5	149754375	149754516	1	1	1	11	0	17
chr5	149756184	149758467	1	1	1	0	7	3
chr5	149769587	149771106	1	1	1	3	0	24
chr5	149771740	149772267	1	1	1	9	0	20
chr5	149772354	149772934	1	1	1	7	0	9
chr5	149772810	149774190	1	3	0	7	0	29
chr5	149773116	149775844	1	1	1	19	0	16
chr5	149778015	149778584	1	1	1	9	0	13
chr5	149778634	149779372	1	1	1	3	0	13
chr5	149823917	149825171	2	2	1	30	0	12
chr5	149827299	149829054	2	2	1	7	0	20
chr5	149827299	149829265	2	2	1	17	0	26
chr5	150080060	150080493	2	2	1	6	0	21
chr5	150111052	150112929	2	2	1	3	0	5
chr5	150405055	150406460	1	1	1	7	0	28
chr5	150410235	150411847	2	2	1	7	0	32
chr5	150410309	150411847	2	2	1	3	0	10
chr5	150429509	150431725	2	2	1	0	1	2
chr5	150444693	150460440	2	2	1	7	0	10
chr5	150512133	150512654	2	2	1	16	0	32
chr5	150514045	150515816	2	2	1	3	0	14
chr5	151047162	151049224	2	2	1	5	0	9
chr5	151077651	151125399	2	2	0	0	4	17
chr5	151151598	151166163	1	1	1	8	0	32
chr5	151180431	151183445	1	1	1	6	0	28
chr5	153418572	153429116	1	1	1	2	0	17
chr5	153780419	153780593	0	0	0	6	0	30
chr5	153801059	154711864	2	2	0	0	6	30
chr5	153937964	154275300	0	0	0	8	0	30
chr5	153999247	154002050	1	1	0	0	5	23
chr5	154145692	154162677	0	0	0	9	0	31
chr5	154172357	154173154	1	1	1	5	0	10
chr5	154173561	154173659	1	1	1	16	0	4
chr5	154173823	154174734	1	1	1	4	0	8
chr5	154179320	154179432	1	1	1	2	0	32
chr5	154179603	154181566	1	1	1	1	0	18
chr5	154185593	154188018	1	1	1	7	0	4
chr5	154191201	154193446	1	1	1	3	0	3
chr5	154287379	154291286	2	2	1	2	0	22
chr5	154320699	154320776	1	1	1	10	0	31
chr5	156738790	156741351	1	1	1	5	0	30
chr5	156742103	156746769	1	1	1	10	0	17
chr5	156757859	156760334	1	1	1	6	0	10
chr5	156760455	156766064	1	1	1	5	0	8
chr5	156774231	156784591	2	2	0	0	1	17
chr5	156810368	156816196	1	1	1	4	0	18
chr5	156816436	156817528	1	1	1	8	0	15
chr5	156983259	157127756	2	2	0	0	3	20
chr5	157165003	157166328	1	1	1	1	0	13
chr5	157290982	157318805	1	1	0	1	0	15
chr5	157806991	157966762	1	1	0	7	0	21
chr5	158009812	158010134	1	1	0	0	1	15
chr5	158009812	158010408	1	1	0	0	1	15
chr5	158637040	158637948	1	1	1	0	5	1
chr5	158697652	158699030	1	1	1	2	0	3
chr5	159436201	159437506	1	1	1	13	0	24
chr5	159830472	159831446	2	2	1	5	0	12
chr5	159838504	159919126	1	1	0	0	3	24
chr5	159848899	159849308	1	1	1	8	0	31
chr5	159854881	159855608	1	1	1	3	0	25
chr5	159923037	159937602	2	2	0	0	1	22
chr5	162008594	162275753	0	0	0	11	0	30
chr5	162887429	162890861	1	1	1	0	1	1
chr5	162887745	162890861	1	1	1	0	1	1
chr5	162930431	162939007	1	1	1	2	0	8
chr5	166161607	166185078	2	2	0	1	0	13
chr5	167855147	167855711	1	1	1	2	0	27
chr5	167913549	167915606	1	1	1	4	0	7
chr5	167933837	167937585	1	1	1	4	0	4
chr5	167997177	168708273	0	0	0	0	5	30
chr5	169023706	169025479	1	1	1	5	0	3
chr5	170815011	170817054	1	1	1	0	22	19
chr5	170818429	170818709	1	1	1	5	0	11
chr5	170818804	170819713	1	1	1	3	0	22
chr5	170819821	170819917	1	1	1	3	7	22
chr5	170819983	170827156	1	1	1	0	3	27
chr5	170827215	170827842	1	1	1	4	7	25
chr5	170827930	170832305	1	1	1	7	0	30
chr5	170830933	170831056	2	2	0	0	4	15
chr5	170832408	170833400	1	1	1	4	0	30
chr5	171150756	172102110	2	2	0	0	5	26
chr5	171483814	171495824	1	1	0	0	5	29
chr5	171491817	171509329	2	2	1	2	0	12
chr5	171661363	171710599	2	2	1	1	0	31
chr5	172261437	172315701	1	1	1	5	8	11
chr5	172353573	172359438	1	1	1	5	0	9
chr5	172386472	172386867	1	1	1	1	0	6
chr5	172410968	172421777	1	1	1	14	0	17
chr5	172750434	172752870	2	2	1	4	0	25
chr5	172753014	172755045	2	2	1	4	0	24
chr5	174722618	175481256	2	2	0	0	4	15
chr5	174940594	174943616	1	1	1	14	0	12
chr5	175378961	175379023	0	0	0	3	0	30
chr5	175388155	175388275	2	2	1	0	7	10
chr5	175392159	175394113	2	2	1	0	7	14
chr5	175749429	175751631	1	1	1	4	0	4
chr5	175838042	175838410	2	2	0	2	0	16
chr5	175860422	175861007	1	1	0	0	2	19
chr5	175916029	175919194	1	1	1	1	0	12
chr5	175937952	175939617	1	1	0	0	6	26
chr5	175958632	175959004	2	2	1	6	0	19
chr5	175959131	175959366	2	2	1	2	0	16
chr5	176420062	176505786	2	4	0	4	0	26
chr5	176444703	176488071	2	2	0	1	0	22
chr5	176449915	176468126	1	1	1	12	0	26
chr5	176468872	176471389	1	1	1	0	3	7
chr5	176560636	176562087	1	1	1	6	0	21
chr5	176560954	176562087	1	1	1	7	0	21
chr5	176561247	176562087	1	1	1	11	0	4
chr5	176562202	176562941	1	1	1	7	0	7
chr5	176619021	176631120	1	1	1	6	0	25
chr5	176662947	176666756	1	1	1	0	3	3
chr5	176673798	176675181	1	1	1	4	0	32
chr5	176696809	176700672	1	1	1	2	0	21
chr5	176761405	176764136	2	2	1	4	8	5
chr5	176764252	176764363	2	2	1	3	0	26
chr5	176764526	176764706	2	2	1	2	0	23
chr5	176764787	176765488	2	2	1	3	0	2
chr5	176765607	176778173	2	2	1	5	0	14
chr5	176829461	176829550	2	2	1	3	0	8
chr5	176853899	176857671	1	1	0	11	0	14
chr5	176853899	176857872	1	1	1	12	0	17
chr5	176859312	176859706	1	1	1	5	0	13
chr5	176861106	176861902	1	1	1	6	0	4
chr5	176861941	176862032	1	1	1	11	0	9
chr5	176863532	176867700	1	1	1	5	0	22
chr5	176886270	176886603	2	2	1	4	0	11
chr5	176894334	176894481	2	2	1	1	0	18
chr5	176897296	176897337	1	3	0	9	0	28
chr5	176917908	176918010	2	2	1	10	0	29
chr5	176919679	176923417	2	2	1	4	0	23
chr5	176939395	176939496	2	2	1	7	0	30
chr5	176942823	176942929	2	2	1	11	0	19
chr5	176943449	176943725	2	2	1	0	2	1
chr5	176943518	176943725	2	2	1	0	2	1
chr5	176943837	176943919	2	2	1	11	0	31
chr5	176947183	176948974	2	2	1	7	0	18
chr5	176963747	176964873	2	2	1	2	0	15
chr5	177019677	177020650	1	1	1	9	0	16
chr5	177020777	177021139	1	1	1	8	0	20
chr5	177027182	177037042	2	2	0	8	0	30
chr5	177027262	177031179	1	1	1	8	0	17
chr5	177051276	177051375	0	0	0	7	0	30
chr5	177303690	177305644	1	1	1	0	7	14
chr5	177309532	177309652	1	1	1	0	7	10
chr5	177313452	177313795	0	0	0	6	0	31
chr5	177565398	177569583	1	1	1	7	0	32
chr5	177570258	177570447	1	1	0	0	3	20
chr5	177573281	177574533	1	1	1	7	0	7
chr5	177576840	177577888	2	2	1	3	5	13
chr5	177576840	177580491	2	2	1	0	5	1
chr5	177580562	177580658	2	2	1	12	0	4
chr5	177584100	178554189	1	1	0	4	0	15
chr5	177631547	177631664	1	3	0	6	0	14
chr5	177631567	177631622	1	1	0	7	0	30
chr5	177631742	177631815	1	1	1	29	0	19
chr5	177632048	177632842	1	1	1	12	0	5
chr5	177633012	177633732	1	1	1	14	0	22
chr5	177634227	177636330	1	1	1	2	0	30
chr5	177636434	177637132	1	1	1	0	2	1
chr5	177636434	177637553	1	1	1	0	2	1
chr5	177636449	177637553	1	1	1	7	0	12
chr5	177637274	177637553	1	1	1	0	1	1
chr5	177658831	177659492	2	2	1	0	6	1
chr5	178610749	178612762	2	2	0	9	0	29
chr5	179020647	179021866	1	1	1	1	0	24
chr5	179025823	179028892	1	1	1	0	1	1
chr5	179041961	179042546	2	2	1	3	0	8
chr5	179041961	179043126	2	2	1	3	0	23
chr5	179043220	179043869	2	2	1	0	7	2
chr5	179043220	179044021	2	2	1	0	7	2
chr5	179045062	179045145	2	2	1	7	0	25
chr5	179045325	179046269	2	2	1	8	0	8
chr5	179046409	179047892	2	2	1	5	0	31
chr5	179050166	179050595	2	2	1	9	0	17
chr5	179050166	179050636	2	2	1	16	0	25
chr5	179053647	179253209	1	1	0	0	4	20
chr5	179053647	179767556	1	1	0	0	4	20
chr5	179126051	179132679	1	1	1	4	0	13
chr5	179126104	179131155	1	1	1	0	1	1
chr5	179126104	179132679	1	1	1	20	1	23
chr5	179132806	179135250	1	1	1	0	6	2
chr5	179132854	179133258	1	1	1	0	6	1
chr5	179132854	179135239	1	1	1	0	6	1
chr5	179133333	179134132	1	1	1	22	0	31
chr5	179135382	179135978	1	1	1	5	6	22
chr5	179143296	179146668	1	1	1	1	0	6
chr5	179146783	179147404	1	1	1	1	0	3
chr5	179147562	179149804	1	1	1	6	0	11
chr5	179150021	179150660	1	1	1	20	0	30
chr5	179150781	179151657	1	1	1	4	0	17
chr5	179151785	179153680	1	1	1	3	0	3
chr5	179173435	179848194	1	1	0	0	6	15
chr5	179173435	180130028	1	1	0	0	6	15
chr5	179225435	179225512	2	2	1	4	0	10
chr5	179227954	179228333	2	4	1	8	0	24
chr5	179230031	179230412	2	2	1	0	1	1
chr5	179230031	179231940	2	2	1	0	8	2
chr5	179230031	179233192	2	2	1	0	8	2
chr5	179280277	179280377	2	2	1	1	0	17
chr5	179291129	179292253	2	2	1	2	0	15
chr5	179298531	179299891	2	2	1	4	0	22
chr5	179302188	179302919	2	2	1	14	0	4
chr5	179315313	179318378	2	2	1	3	0	7
chr5	179321615	179326188	2	2	1	7	0	6
chr5	179337481	179492689	1	1	0	0	5	14
chr5	179610607	180224189	2	2	0	10	0	22
chr5	179610966	179623294	1	1	0	1	0	14
chr5	179707609	179718847	2	2	1	6	0	28
chr5	179763578	179765492	2	2	1	4	0	8
chr5	179977118	179980385	1	1	1	0	4	4
chr5	179980472	179991488	1	1	1	6	0	12
chr5	180042455	180042602	2	2	0	1	0	17
chr5	180058779	180076487	2	2	1	7	0	30
chr5	180529329	180649393	2	2	0	11	0	16
chr5	180664043	180664608	2	2	1	27	0	31
chr5	180664720	180665098	2	2	1	8	0	12
chr5	180665240	180666066	2	2	1	37	0	30
chr5	180666178	180666486	2	2	1	9	0	32
chr5	180666583	180668491	2	2	1	24	0	30
chr5	180668640	180669173	2	4	1	25	0	21
chr5	180669346	180670691	2	2	1	36	0	22
chr5	180687653	180688469	2	2	0	4	0	23
chr5	180688386	180690628	1	1	1	2	0	5
chr5	180738074	180740829	1	1	0	0	2	19
chr5	180744397	180747495	1	1	1	0	4	2
chr5	180747554	180747646	1	1	1	0	25	22
chr5	180748844	180750902	1	1	1	0	8	26
chr5	180750961	180751053	1	1	1	0	11	3
chr5	180755406	180755631	2	2	0	0	5	26
chr6	345929	348102	1	1	1	5	0	10
chr6	549292	553853	2	2	1	6	0	17
chr6	562846	564032	2	2	1	7	0	19
chr6	572645	576756	2	2	1	6	0	19
chr6	599226	610097	2	2	1	7	0	20
chr6	2766679	2768924	1	1	1	7	0	2
chr6	2855925	2876526	2	2	1	0	1	4
chr6	3000320	3006701	1	1	1	2	0	20
chr6	3156387	3157640	2	2	1	0	4	7
chr6	3226904	3227720	2	2	1	0	4	7
chr6	3320102	3320182	0	0	0	9	0	31
chr6	3410577	3415985	2	2	1	7	0	17
chr6	3416090	3456139	2	2	1	8	0	10
chr6	3737431	3738295	2	2	1	1	0	1
chr6	4021701	4031792	1	1	1	20	0	30
chr6	4032990	4037630	1	1	1	3	0	25
chr6	4037805	4041005	1	1	1	16	0	11
chr6	4133936	4135744	2	2	1	12	0	17
chr6	4388159	4428210	2	2	0	3	0	12
chr6	4777042	4891946	1	1	1	3	0	25
chr6	4996512	4996553	0	0	0	3	0	31
chr6	5285668	5285742	0	0	0	5	0	32
chr6	5703144	5704509	0	0	0	4	0	30
chr6	7279848	7737207	1	1	0	0	5	27
chr6	7299621	7413487	1	1	0	0	4	14
chr6	7397006	7398930	1	1	1	4	0	5
chr6	7398974	7401190	1	1	1	4	0	17
chr6	7404261	7404650	1	1	1	2	0	16
chr6	7578120	7578696	1	1	1	7	0	19
chr6	7584997	7585103	1	1	0	6	0	26
chr6	7590647	7593966	1	1	1	8	0	26
chr6	7884722	7886193	2	2	1	3	0	26
chr6	7910485	7910530	1	3	0	5	0	27
chr6	7965222	8042111	2	2	0	0	3	32
chr6	8026659	8041371	2	2	1	2	0	24
chr6	8062850	8064497	2	2	1	4	0	8
chr6	8097701	8102667	2	2	1	1	0	9
chr6	8560663	9008548	2	2	0	4	0	19
chr6	10724867	10725193	1	1	1	5	0	18
chr6	10725271	10726139	1	1	1	6	0	14
chr6	10919000	11117640	2	2	0	0	4	30
chr6	11099639	11117640	2	2	0	0	4	30
chr6	12131176	12136023	1	1	1	0	7	1
chr6	13574857	13579682	1	1	1	4	0	22
chr6	13612070	13614608	2	2	0	4	0	16
chr6	13615854	13615940	0	0	1	0	2	6
chr6	13615857	13615943	1	1	1	0	2	3
chr6	13641540	13642710	2	2	1	2	0	27
chr6	15487774	15496362	1	1	1	6	0	10
chr6	15523451	15524756	2	2	1	7	0	11
chr6	15533627	15546272	0	0	1	1	0	8
chr6	16249650	16278332	2	2	0	2	0	14
chr6	16266575	16266733	2	2	0	2	0	26
chr6	16486341	16522857	2	2	1	2	0	18
chr6	17410990	17635540	2	2	0	0	6	16
chr6	17514186	17539499	1	1	1	12	0	3
chr6	17648137	17649393	2	2	1	0	8	2
chr6	17706883	17707094	1	1	0	2	0	20
chr6	17736994	18074759	0	0	0	8	0	31
chr6	17849721	17850553	2	2	1	3	0	17
chr6	18104819	18130451	1	1	0	0	1	15
chr6	18225962	18226404	2	2	1	1	0	22
chr6	18236832	18237611	2	2	1	4	0	28
chr6	18250071	18255961	2	2	1	2	0	3
chr6	18256083	18256591	2	2	1	3	0	15
chr6	18264228	18264615	2	2	1	8	0	9
chr6	19838874	19839440	1	1	1	14	0	25
chr6	20073331	20855561	2	4	0	0	5	21
chr6	20144547	20151415	2	2	1	16	0	18
chr6	20534806	20535581	1	1	1	13	0	20
chr6	20649609	20739749	1	1	1	3	0	2
chr6	20739847	20781375	1	1	0	4	0	12
chr6	24408673	24409688	1	1	1	5	0	10
chr6	24489726	24495194	2	4	1	0	6	1
chr6	24522286	24530121	0	0	0	0	5	32
chr6	24523138	24534315	0	0	0	4	0	30
chr6	24653382	24654639	2	2	1	1	0	21
chr6	24658963	24666753	2	2	1	2	0	15
chr6	24775341	24777449	1	1	1	5	0	29
chr6	24776421	24854241	0	0	0	8	0	31
chr6	24780969	24781704	1	1	1	8	0	30
chr6	25285138	25420341	1	1	1	3	0	31
chr6	25666292	25775281	1	1	0	0	9	17
chr6	26032017	26032293	0	0	0	8	0	32
chr6	26124428	26124861	1	3	0	10	0	18
chr6	26125767	26915817	1	1	0	5	0	20
chr6	26189202	26189280	0	0	0	13	0	30
chr6	26189891	26588702	1	3	0	5	0	25
chr6	26281816	26285261	2	2	1	9	0	7
chr6	26311464	26312015	1	1	0	0	6	22
chr6	26442635	27302768	1	1	0	0	8	12
chr6	26595191	27586038	1	1	0	0	4	13
chr6	26851297	26853137	2	2	1	0	9	24
chr6	27143536	27158662	1	1	0	0	2	21
chr6	27183026	27777923	1	1	0	0	5	15
chr6	27356855	27358758	1	1	1	7	0	24
chr6	27521213	27640249	2	2	0	0	22	19
chr6	27676083	27851881	2	2	0	0	8	30
chr6	27745733	27777919	2	2	0	0	2	19
chr6	28116603	28117260	1	1	1	6	0	12
chr6	28120163	28120833	1	1	1	5	0	1
chr6	28183634	28185821	2	4	0	5	0	30
chr6	28217613	28219335	2	2	1	8	0	15
chr6	28359520	28360678	2	2	1	2	0	30
chr6	28403385	28403635	2	2	1	4	0	6
chr6	28954010	28954089	1	1	1	10	0	8
chr6	29589595	29589880	2	2	1	10	0	13
chr6	29596885	29598234	2	2	1	7	0	5
chr6	29600163	29600626	2	2	1	10	0	1
chr6	29686706	29686880	1	1	0	0	1	17
chr6	29855564	29910661	1	3	0	0	3	24
chr6	29910404	29910533	1	1	1	11	0	2
chr6	29912869	29913010	1	1	1	3	0	16
chr6	30029795	30030000	1	1	1	4	0	1
chr6	30157813	30164292	2	2	1	2	0	19
chr6	30166662	30409562	1	3	0	0	4	13
chr6	30313351	30314208	1	1	1	2	0	21
chr6	30457373	30457502	1	1	1	14	0	16
chr6	30459431	30460180	1	1	1	6	0	19
chr6	30521335	30522351	2	2	1	3	0	9
chr6	30524043	30524093	0	0	0	0	4	32
chr6	30545691	30545849	1	1	1	7	0	23
chr6	30550285	30550842	1	1	1	1	0	14
chr6	30551668	30551968	1	1	1	1	0	14
chr6	30553121	30553334	1	1	1	4	0	22
chr6	30554083	30554250	1	1	1	8	0	21
chr6	30554489	30557464	1	1	1	2	0	28
chr6	30572513	30572770	2	2	1	8	0	31
chr6	30573813	30573914	2	2	1	6	0	1
chr6	30577733	30584254	2	2	1	7	0	7
chr6	30585721	30587269	1	1	1	6	0	16
chr6	30587767	30590608	1	1	1	1	0	20
chr6	30590676	30592659	1	1	1	20	0	14
chr6	30595298	30595412	1	1	1	1	0	25
chr6	30608200	30609952	1	1	1	7	0	8
chr6	30613752	30613843	1	1	1	4	0	2
chr6	30618878	30619042	1	1	1	3	0	30
chr6	30624537	30624728	2	2	1	2	0	16
chr6	30638730	30638812	2	2	1	1	0	8
chr6	30668410	30670329	2	2	1	6	0	15
chr6	30682956	30684860	2	2	1	2	0	4
chr6	30688341	30690313	1	1	1	13	1	22
chr6	30857208	30858749	1	1	1	3	0	17
chr6	30876951	30877211	1	1	1	2	0	13
chr6	30877317	30877708	1	1	1	1	0	5
chr6	30882122	30882581	1	1	1	7	0	12
chr6	30882122	30882586	1	1	1	3	0	7
chr6	30884027	30884654	1	1	1	10	0	9
chr6	30884737	30884881	1	1	1	4	0	15
chr6	30888214	30888444	1	1	1	3	0	12
chr6	30888919	30889006	1	1	1	13	0	12
chr6	30889469	30889701	1	1	1	4	0	26
chr6	30890552	30890674	1	1	1	11	0	13
chr6	30890754	30890880	1	1	1	7	0	1
chr6	31116289	31116394	2	2	1	3	0	4
chr6	31118343	31118501	2	2	1	4	0	25
chr6	31124722	31124799	2	2	1	5	0	21
chr6	31237863	31237986	2	2	1	3	0	24
chr6	31239126	31239375	2	2	1	5	0	24
chr6	31239267	31239667	1	3	0	0	2	27
chr6	31239646	31239775	2	2	1	8	0	3
chr6	31323251	31324921	2	4	0	0	5	29
chr6	31324220	31324464	2	2	1	7	0	8
chr6	31475078	31475176	1	1	1	1	0	10
chr6	31498975	31499072	2	2	1	9	0	20
chr6	31499183	31500556	2	2	1	13	0	24
chr6	31503263	31504276	2	2	1	4	0	10
chr6	31504461	31506539	2	2	1	2	0	27
chr6	31506633	31506923	2	2	1	11	0	17
chr6	31508312	31509726	2	2	1	9	0	21
chr6	31508344	31509726	2	2	1	0	1	2
chr6	31508442	31509726	2	2	1	11	0	5
chr6	31515529	31515939	1	1	1	6	0	30
chr6	31588636	31590466	1	1	1	25	0	6
chr6	31590679	31591508	1	1	1	7	0	6
chr6	31591687	31592037	1	1	1	7	0	27
chr6	31592138	31592226	1	1	1	7	0	29
chr6	31592300	31592947	1	1	1	3	0	17
chr6	31593092	31593236	1	1	1	10	0	24
chr6	31593389	31593568	1	1	1	6	0	9
chr6	31593649	31593796	1	1	1	4	0	27
chr6	31593940	31594548	1	1	1	15	0	32
chr6	31594640	31594758	1	1	1	5	0	30
chr6	31594976	31595541	1	1	1	2	0	9
chr6	31598579	31598915	1	1	1	1	0	1
chr6	31602335	31602529	1	1	1	12	0	28
chr6	31603243	31603358	1	1	1	7	0	11
chr6	31603527	31603743	1	1	1	3	0	26
chr6	31604723	31604818	1	1	1	3	0	5
chr6	31608084	31608161	2	2	1	6	0	12
chr6	31608482	31608568	2	2	1	6	0	21
chr6	31609006	31609096	2	2	1	1	0	2
chr6	31609200	31609315	2	2	1	8	0	2
chr6	31609370	31609552	2	2	1	3	0	13
chr6	31609723	31609888	2	2	1	12	0	17
chr6	31610893	31611666	2	2	1	4	0	18
chr6	31615604	31616453	2	2	1	3	0	2
chr6	31616529	31616687	2	2	1	9	0	16
chr6	31616742	31616975	2	2	1	9	0	3
chr6	31617173	31617286	2	2	1	1	0	25
chr6	31634681	31635644	1	1	1	0	4	2
chr6	31663375	31720371	2	2	0	0	8	24
chr6	31669908	31670926	2	2	1	2	0	13
chr6	31683188	31683278	1	1	1	2	0	26
chr6	31683402	31685357	1	1	1	8	1	5
chr6	31700176	31701342	2	2	1	7	0	21
chr6	31701450	31701612	2	2	1	4	0	18
chr6	31704128	31707040	2	2	1	0	3	1
chr6	31707840	31708939	1	1	0	0	2	22
chr6	31728617	31728961	1	1	1	3	0	18
chr6	31728617	31728964	1	1	1	4	0	16
chr6	31745440	31746743	2	2	1	6	10	5
chr6	31747314	31747384	2	2	1	8	0	3
chr6	31748716	31748795	2	2	1	8	0	20
chr6	31749384	31749467	2	2	1	2	0	14
chr6	31749539	31749623	2	4	1	3	0	17
chr6	31749730	31749863	2	2	1	6	0	27
chr6	31749955	31750061	2	2	1	5	0	4
chr6	31750411	31750497	2	2	1	3	0	20
chr6	31759515	31759647	2	2	1	7	0	26
chr6	31760898	31762607	2	2	1	5	6	25
chr6	31766285	31773851	2	2	1	4	0	9
chr6	31829228	31829775	2	2	1	1	0	17
chr6	31850563	31850670	2	2	1	7	0	1
chr6	31855739	31855817	2	2	1	8	0	10
chr6	31926992	31927073	1	1	1	2	0	1
chr6	31930363	31930490	1	1	1	3	0	26
chr6	31930869	31931189	1	1	1	8	0	14
chr6	31933791	31934485	1	1	1	7	0	26
chr6	31934624	31934780	1	1	1	0	4	2
chr6	31934919	31935049	1	1	1	2	0	3
chr6	31935860	31936104	1	1	1	3	0	28
chr6	31936005	31936039	1	1	0	0	5	28
chr6	31939459	31939705	2	2	1	3	0	2
chr6	31939994	31940078	1	1	1	0	2	1
chr6	31946776	31947190	1	1	1	2	0	5
chr6	31947331	31948227	1	1	1	7	0	29
chr6	32059118	32129725	2	2	0	0	6	27
chr6	32086919	32087600	2	2	1	3	0	26
chr6	32088902	32089039	2	2	1	1	0	22
chr6	32122961	32123464	1	1	1	6	0	9
chr6	32146429	32147317	1	1	1	2	0	19
chr6	32147337	32147427	1	1	1	2	0	2
chr6	32150979	32151052	2	4	1	0	5	1
chr6	32150979	32151100	2	2	1	0	5	1
chr6	32154679	32155018	2	2	1	7	1	15
chr6	32155560	32155742	2	2	1	5	0	16
chr6	32797867	32798043	2	2	1	4	0	7
chr6	32798584	32800109	2	2	1	3	0	12
chr6	32813563	32814844	2	2	1	3	0	13
chr6	32936834	32939371	1	1	1	10	0	7
chr6	32940705	32942238	1	1	1	7	0	30
chr6	32942543	32942797	1	1	1	8	0	25
chr6	32942543	32943160	1	1	1	6	0	3
chr6	32947910	32948118	1	1	1	7	0	19
chr6	32948242	32948358	1	1	1	5	0	25
chr6	33138945	33139047	2	2	1	4	0	18
chr6	33162607	33162721	2	2	1	5	0	22
chr6	33166242	33166945	2	2	1	1	0	1
chr6	33170884	33171317	1	1	1	4	0	17
chr6	33176422	33176541	1	1	1	23	0	25
chr6	33179780	33180074	1	1	1	3	0	17
chr6	33231881	33232150	2	2	1	4	0	3
chr6	33232678	33234333	2	2	1	1	0	21
chr6	33235775	33235884	2	2	1	1	0	9
chr6	33238061	33239681	2	2	1	8	0	20
chr6	33239900	33240404	1	1	1	30	0	22
chr6	33240504	33243573	1	1	1	5	0	16
chr6	33243661	33243741	1	1	1	13	4	25
chr6	33244045	33244167	1	1	1	16	20	20
chr6	33247388	33247540	2	2	1	2	0	6
chr6	33248300	33248450	2	2	1	4	0	6
chr6	33257406	33257546	1	1	1	4	0	14
chr6	33258022	33258102	1	1	1	1	0	4
chr6	33261477	33261571	2	2	1	3	0	19
chr6	33264242	33264374	2	2	1	4	0	2
chr6	33281642	33281781	2	2	1	9	0	13
chr6	33284763	33285429	2	2	1	7	0	4
chr6	33289755	33290638	2	2	1	10	0	11
chr6	33371145	33371261	1	1	1	2	0	17
chr6	33378993	33380024	1	1	1	6	0	6
chr6	33380367	33380474	1	1	1	3	0	7
chr6	33385473	33385735	2	2	1	16	0	18
chr6	33385473	33385863	2	2	1	5	0	17
chr6	33391376	33393574	1	1	1	7	0	16
chr6	33403391	33405444	1	1	1	3	0	29
chr6	33406697	33408329	1	1	1	12	0	17
chr6	33543706	33545311	2	2	1	0	4	31
chr6	33545413	33547801	2	2	1	6	0	19
chr6	33635742	33636291	1	1	1	11	9	31
chr6	33648232	33648331	1	1	1	16	0	29
chr6	33650422	33650983	1	1	1	4	0	20
chr6	33651946	33652133	1	1	1	1	0	15
chr6	33652721	33653135	1	1	1	8	0	7
chr6	33657188	33657810	1	1	1	1	0	7
chr6	33657976	33658693	1	1	1	1	0	29
chr6	33669198	33679325	2	2	1	0	2	1
chr6	34001747	34132086	2	2	0	0	7	16
chr6	34204741	34204980	1	1	1	10	0	29
chr6	34204741	34208513	1	1	1	7	0	30
chr6	34205095	34208513	1	1	1	14	0	26
chr6	34208693	34210488	1	1	1	4	0	7
chr6	34365488	34365917	1	1	0	0	5	29
chr6	34365615	34365917	1	1	0	0	5	29
chr6	34385325	34386145	2	2	1	5	4	9
chr6	34386202	34389506	2	2	1	0	50	31
chr6	34389585	34392445	2	2	1	27	8	17
chr6	34392618	34392848	2	2	1	0	5	18
chr6	34392999	34393572	2	2	1	2	4	18
chr6	34392999	34393808	2	2	1	15	0	29
chr6	34589576	34600153	1	1	0	0	6	22
chr6	34725329	34725688	1	1	1	16	0	26
chr6	34725732	34730371	1	1	1	6	0	24
chr6	34738173	34741222	1	1	1	0	2	8
chr6	34760072	34789429	1	1	1	3	0	13
chr6	34789733	34791033	1	1	1	3	0	22
chr6	34918255	35112576	2	2	0	0	4	26
chr6	34950605	34950889	1	1	1	0	1	5
chr6	34950992	34951100	1	1	1	1	0	17
chr6	34965188	34965248	1	5	0	4	0	25
chr6	35047446	35047597	1	1	1	7	0	3
chr6	35051281	35051897	1	1	1	3	0	12
chr6	35150158	35185030	2	4	0	0	1	12
chr6	35254177	35255422	1	1	1	1	0	10
chr6	35352305	35352831	1	1	0	0	3	17
chr6	35436217	35436575	1	1	1	20	0	31
chr6	35436651	35436723	1	1	1	2	0	16
chr6	35436805	35437157	1	1	1	3	0	20
chr6	35586988	35587908	2	4	1	11	0	4
chr6	35837679	35838057	2	2	1	1	0	22
chr6	35888306	35888820	2	2	1	2	0	11
chr6	36042536	36136512	1	1	0	8	0	27
chr6	36098479	36099047	1	1	1	22	0	24
chr6	36106558	36106655	1	1	1	1	0	31
chr6	36492241	36493367	2	2	1	10	0	13
chr6	36562259	36564537	1	1	1	3	0	7
chr6	36568968	36569484	1	1	1	4	0	24
chr6	36938250	36938422	2	2	1	4	0	9
chr6	36938471	36940478	2	2	1	7	0	8
chr6	36938708	36938787	1	1	0	8	0	32
chr6	36945027	36945409	2	2	1	5	0	22
chr6	36945468	36945853	2	2	1	4	0	27
chr6	36949449	36953628	2	2	1	0	2	3
chr6	37132062	37132946	1	1	0	0	8	28
chr6	37273529	37434142	2	2	0	0	4	22
chr6	37339351	37342395	1	1	1	4	0	8
chr6	37401154	37403399	1	1	1	6	0	18
chr6	37411927	37414066	1	1	1	4	0	22
chr6	37439681	37440194	1	1	1	2	0	9
chr6	37441378	37442299	1	1	1	2	0	7
chr6	37488372	37812761	2	2	0	0	5	17
chr6	37739700	37889775	1	1	0	0	4	22
chr6	37787793	37897734	1	1	1	7	0	7
chr6	37793431	37820997	2	2	0	4	0	24
chr6	37814602	37837053	2	2	0	0	1	32
chr6	38648928	38710161	2	2	0	0	3	21
chr6	38650652	38652149	2	2	1	3	0	6
chr6	38652291	38654667	2	2	1	4	0	13
chr6	39175214	39215975	1	1	0	0	1	25
chr6	39877700	39880007	2	2	1	5	0	9
chr6	39881173	39881517	2	2	1	0	1	9
chr6	39881580	39883811	2	2	1	0	4	19
chr6	41553256	41554746	1	1	1	5	0	14
chr6	41732877	41970687	1	1	0	0	4	31
chr6	41755564	41756969	1	1	1	21	0	21
chr6	41757075	41757305	1	1	1	9	0	29
chr6	41799193	41815326	2	2	0	0	4	31
chr6	41836645	41837351	1	3	1	1	0	13
chr6	41895275	41897869	1	1	1	8	0	5
chr6	41898507	41899133	1	1	1	7	0	2
chr6	41899295	41899465	1	1	1	2	0	7
chr6	41904434	41904972	2	2	1	6	0	25
chr6	41905133	41908107	2	2	1	7	0	18
chr6	41908324	41909189	2	2	1	4	0	23
chr6	41918695	42094065	2	2	0	3	0	28
chr6	41921796	41937748	2	4	0	0	1	28
chr6	41960330	41973182	1	3	0	4	0	22
chr6	42018890	42019094	1	1	1	0	1	5
chr6	42178335	42179518	2	2	1	5	0	3
chr6	42181931	42182017	2	2	1	5	0	14
chr6	42580030	42582808	1	1	1	5	0	21
chr6	42682721	42701284	1	1	0	0	1	17
chr6	42847690	42848598	1	1	1	4	3	28
chr6	42847690	42851188	1	1	1	4	0	25
chr6	42850117	42920857	1	1	0	0	4	17
chr6	42905578	42905827	1	1	1	6	0	28
chr6	42933844	42933979	2	2	1	0	2	2
chr6	42976966	42977059	1	1	1	2	0	5
chr6	42981128	42981523	2	2	1	0	4	1
chr6	42981128	42981635	2	2	0	6	0	25
chr6	42982087	42984871	1	1	1	5	0	1
chr6	42985085	42985590	1	1	1	0	3	1
chr6	43017898	43017997	2	2	1	8	0	21
chr6	43023357	43023634	2	2	1	3	0	16
chr6	43025972	43027023	2	2	1	6	0	21
chr6	43034822	43038091	1	1	1	4	0	17
chr6	43041704	43042359	1	1	1	2	0	19
chr6	43099903	43100158	1	1	1	8	0	7
chr6	43114437	43126554	1	1	1	8	0	26
chr6	43146224	43146543	1	1	1	5	0	4
chr6	43147054	43147432	0	0	0	8	0	32
chr6	43160947	43163806	1	1	1	6	0	10
chr6	43387137	43391309	1	1	0	0	3	31
chr6	43389049	43391309	1	1	0	0	3	31
chr6	43414185	43414985	1	1	1	0	1	2
chr6	43469426	43469612	1	1	0	0	2	13
chr6	43481372	43483332	2	2	1	9	0	12
chr6	43487577	43487803	1	1	1	7	0	32
chr6	43487577	43488012	1	1	1	0	11	1
chr6	43487924	43488012	1	1	1	0	11	1
chr6	43488166	43488362	1	1	1	9	0	20
chr6	43491744	43492208	2	2	1	2	0	24
chr6	43495470	43495896	2	2	1	4	0	13
chr6	43519191	43521109	2	2	1	6	0	10
chr6	43550280	43550314	1	1	0	7	0	23
chr6	43589905	43590369	2	2	1	11	0	22
chr6	43591533	43591669	2	2	1	8	0	4
chr6	43591806	43592246	2	2	1	5	0	22
chr6	43594686	43596713	2	2	1	3	0	13
chr6	43639644	43642938	2	2	1	12	0	29
chr6	44081947	44084277	2	2	1	7	0	7
chr6	44114665	44115113	1	1	1	7	0	24
chr6	44119746	44120329	1	1	1	2	0	6
chr6	44121581	44121809	1	1	1	9	0	16
chr6	44121826	44122493	1	1	0	9	0	16
chr6	44198219	44198304	1	1	1	3	0	8
chr6	44198403	44198547	1	1	1	2	0	18
chr6	44200166	44200543	1	1	1	9	0	24
chr6	44214792	44214820	0	0	0	7	0	30
chr6	44214933	44216366	1	1	1	4	8	18
chr6	44216514	44217113	1	1	1	0	7	23
chr6	44217572	44217757	1	1	1	8	0	23
chr6	44217892	44218027	1	1	1	6	0	6
chr6	44218337	44218784	1	1	1	12	0	19
chr6	44219346	44219473	1	1	1	7	0	26
chr6	44219622	44219735	1	1	1	2	0	9
chr6	44220005	44220781	1	1	1	12	0	22
chr6	44268449	44268892	2	2	1	2	0	3
chr6	44269202	44269796	2	2	1	5	0	14
chr6	44269908	44270127	2	2	1	2	0	32
chr6	44272271	44272381	2	2	1	4	0	23
chr6	44392321	44393839	1	1	1	11	0	16
chr6	44394462	44397449	1	1	1	6	0	28
chr6	44397648	44413391	1	1	1	6	0	5
chr6	44657108	45347316	2	2	0	8	0	16
chr6	45459852	45479982	1	1	1	3	0	6
chr6	45922982	45983216	2	2	1	1	0	7
chr6	47445765	47445836	1	1	0	3	0	29
chr6	49403337	49407918	2	2	1	5	0	15
chr6	49427219	49430815	2	2	1	1	0	9
chr6	49431167	49437871	1	1	1	7	0	22
chr6	49439897	49440502	1	1	1	1	0	4
chr6	52129585	52130032	2	2	1	2	0	8
chr6	52130943	52131408	2	2	1	4	0	8
chr6	52131495	52132662	2	2	1	7	0	22
chr6	52132767	52133883	2	2	1	4	0	24
chr6	52138155	52138539	2	2	1	2	0	26
chr6	52146974	52147450	2	2	1	5	0	17
chr6	52884158	52895862	2	2	1	6	0	19
chr6	52925845	52926393	2	2	1	6	0	4
chr6	52941342	52943596	1	1	1	0	6	2
chr6	52957346	52957531	1	1	1	6	0	5
chr6	53135526	53138017	2	2	1	1	0	13
chr6	53374049	53377560	2	2	0	7	0	32
chr6	53385712	53409306	2	2	0	0	10	28
chr6	53707026	53743790	1	1	1	6	0	21
chr6	56324066	56324928	2	2	1	6	0	4
chr6	56327955	56328362	2	2	1	6	0	3
chr6	56335081	56335903	2	2	1	5	0	21
chr6	56342287	56346847	2	2	1	4	0	16
chr6	56347676	56350109	2	2	1	6	0	29
chr6	56362306	56362653	2	2	1	5	0	3
chr6	56362852	56365877	2	2	1	3	0	22
chr6	56366034	56366317	2	2	1	5	0	30
chr6	56458992	56462537	2	2	1	4	0	21
chr6	56462805	56463273	2	2	1	3	0	29
chr6	56463508	56464866	2	2	1	3	0	9
chr6	56476395	56479153	2	2	1	6	0	14
chr6	56492960	56494047	2	2	1	5	0	19
chr6	56504410	56504493	2	2	1	1	0	1
chr6	56564544	56566685	2	2	1	3	0	12
chr6	56759793	56759968	2	2	0	0	1	22
chr6	56911575	56912110	1	1	1	3	0	19
chr6	56955073	56955608	1	1	1	7	0	12
chr6	57006894	57011887	1	1	1	2	0	6
chr6	57366793	57581044	2	2	0	0	5	13
chr6	64288934	64289161	1	1	1	13	0	21
chr6	64289237	64289961	1	1	1	5	0	14
chr6	64346056	64356431	1	1	1	1	0	13
chr6	64412530	64413425	1	1	1	2	0	4
chr6	64553609	64562991	2	2	0	0	1	22
chr6	72126263	72127022	2	2	1	6	0	21
chr6	73447755	73447785	1	1	0	13	0	22
chr6	74050312	74096994	1	3	0	1	0	19
chr6	74191968	74192171	1	1	1	3	0	19
chr6	74192344	74201956	1	1	1	4	0	17
chr6	74202076	74207458	1	1	1	7	0	7
chr6	74227636	74228908	0	0	0	0	4	30
chr6	74227658	74227752	2	2	1	18	48	32
chr6	74227988	74228076	2	2	1	11	0	18
chr6	74228334	74228420	2	2	1	18	51	19
chr6	74228572	74228654	2	2	1	0	3	31
chr6	74228952	74229059	2	2	1	5	23	24
chr6	74229240	74229605	2	2	1	13	21	21
chr6	74229780	74230722	2	2	1	7	28	32
chr6	74370306	74370481	2	2	0	0	4	32
chr6	75947705	75950016	2	2	1	13	0	20
chr6	76151389	76151437	2	2	0	0	1	31
chr6	76312293	76331247	1	1	1	0	6	4
chr6	76540263	76542558	1	1	1	7	0	22
chr6	76602408	76617321	1	1	1	7	0	22
chr6	79577609	79595094	1	1	1	0	5	2
chr6	79679891	79680497	2	2	1	1	0	15
chr6	79692835	79695068	2	2	1	4	5	32
chr6	79698067	79700584	2	2	1	4	0	25
chr6	79725501	79726260	2	2	1	5	0	4
chr6	79728877	79735235	2	2	1	1	0	26
chr6	80714431	80715558	1	1	1	10	3	27
chr6	80714549	80715558	1	1	1	0	3	2
chr6	80717749	80718102	1	1	1	4	0	5
chr6	82901597	82904195	2	2	1	1	0	19
chr6	82920628	82921083	2	2	1	2	0	27
chr6	83849831	83849939	1	1	1	4	0	4
chr6	83937197	83938544	2	2	1	10	0	20
chr6	83938651	83947435	2	2	1	1	0	10
chr6	84056054	84061782	2	2	1	6	0	18
chr6	84077896	84078757	0	0	0	4	0	30
chr6	84383967	84422764	2	2	0	0	8	18
chr6	84603342	84618727	1	1	1	8	0	8
chr6	84630895	84632156	1	1	1	5	0	11
chr6	84632190	84634188	1	1	1	5	0	21
chr6	85472467	85473141	2	2	1	1	1	9
chr6	86322642	86324698	2	2	1	12	0	27
chr6	86328658	86328985	2	2	1	5	0	23
chr6	86350283	86352514	2	2	0	3	0	17
chr6	86387594	86387671	2	2	1	8	0	10
chr6	87079623	87793789	1	1	0	0	4	22
chr6	87555541	87593940	1	1	0	0	3	25
chr6	87797926	87804730	2	2	1	0	7	1
chr6	87943246	87953192	1	1	1	5	0	5
chr6	87955363	87964367	1	1	1	5	0	18
chr6	88058625	88060111	1	1	1	0	1	2
chr6	88182738	88187079	1	1	1	11	0	7
chr6	88265224	88272419	2	2	1	4	0	18
chr6	88272504	88273847	2	2	1	2	0	10
chr6	88279309	88299639	2	2	1	19	0	19
chr6	88299911	88304070	1	1	1	3	0	12
chr6	88318948	88321806	1	1	1	2	0	12
chr6	88367737	88372720	1	1	1	16	0	28
chr6	88387686	88391337	2	2	1	4	0	8
chr6	88411849	88411904	0	0	0	4	0	30
chr6	89898435	89935931	1	1	0	9	0	14
chr6	89909040	89934717	1	1	0	1	0	13
chr6	90039677	90042804	2	2	1	10	0	19
chr6	90310581	90316400	2	2	0	1	0	13
chr6	90334789	90503218	1	1	0	0	5	17
chr6	90347602	90348122	2	2	1	6	0	1
chr6	90354877	90356258	2	2	1	1	0	14
chr6	90417196	90418214	2	2	1	5	0	16
chr6	90442495	90448044	2	2	1	1	0	4
chr6	90459471	90460072	2	2	1	4	0	2
chr6	90461302	90463230	2	2	1	3	0	4
chr6	90463342	90463801	2	2	1	4	0	17
chr6	90486415	90489930	2	2	1	3	0	7
chr6	90539654	90556280	1	1	1	1	0	10
chr6	90555275	90567737	1	1	0	0	1	31
chr6	93513796	93771207	2	2	0	0	5	14
chr6	93956704	93964364	2	2	1	5	0	20
chr6	96025515	96034277	1	1	1	7	0	11
chr6	97720939	97726724	2	2	1	6	0	6
chr6	97726775	97729112	2	2	1	6	0	9
chr6	99857221	99858616	2	2	1	0	5	7
chr6	99936172	99936556	2	2	1	3	0	16
chr6	99958107	99963267	2	2	1	2	0	27
chr6	101215222	101246588	2	2	1	1	0	6
chr6	101247449	101248175	2	2	1	2	0	27
chr6	101315915	101328936	2	2	1	11	0	4
chr6	102068139	102069823	1	1	1	0	1	6
chr6	105234152	105234187	1	1	0	9	0	30
chr6	105303105	105315727	1	1	0	0	1	32
chr6	105405136	105405973	1	1	1	2	0	30
chr6	105444211	105444701	2	6	0	1	0	19
chr6	105610036	105627707	2	2	1	1	1	4
chr6	107040176	107050748	2	2	1	0	6	2
chr6	107354808	107357832	1	1	0	0	2	22
chr6	107504346	107520129	1	1	0	0	1	30
chr6	108227785	108227886	2	2	1	2	0	24
chr6	108267229	108268473	2	4	0	0	3	30
chr6	108535827	108544153	2	2	1	3	0	8
chr6	108731926	109151754	1	1	0	0	6	14
chr6	108768500	108798067	1	1	1	2	0	11
chr6	109323547	109330561	2	2	1	12	0	4
chr6	109368369	109368417	1	1	0	0	4	32
chr6	110425203	110863870	2	2	0	0	13	13
chr6	111086667	111614202	1	1	0	0	4	25
chr6	111280456	111281616	1	1	1	0	3	3
chr6	111337060	111345385	1	1	1	9	0	14
chr6	111494043	111498414	1	1	1	7	0	20
chr6	111699047	111701184	2	2	1	1	0	8
chr6	111806065	111824498	1	1	1	1	0	30
chr6	112017660	112021306	2	2	1	3	0	15
chr6	112101839	112167791	2	2	1	5	0	29
chr6	112575306	112575746	0	0	0	5	0	31
chr6	114009011	114097504	2	2	0	0	4	28
chr6	114264671	114265443	2	2	1	4	0	14
chr6	117997128	117997163	1	1	0	0	3	27
chr6	117997249	118014204	1	1	1	0	1	8
chr6	118245290	118245321	1	1	0	0	3	31
chr6	118606502	118635190	1	1	1	3	0	16
chr6	119324788	119327611	2	2	1	1	0	19
chr6	120244486	120583447	1	1	0	0	8	13
chr6	120831882	121468825	2	2	0	0	4	21
chr6	122403774	122532786	2	2	0	0	5	17
chr6	122740375	122741279	1	1	1	4	0	3
chr6	123170291	123170418	2	2	0	0	4	15
chr6	123569484	124225154	2	2	0	0	4	28
chr6	124325609	124520473	0	0	0	4	0	30
chr6	125475117	125541223	1	1	1	0	7	1
chr6	125614056	125619859	2	2	1	7	0	20
chr6	125709958	125710259	2	2	0	0	1	17
chr6	126202350	126203571	1	1	1	1	0	7
chr6	126204912	126204949	0	0	0	5	0	31
chr6	126278325	126288032	1	1	1	11	0	2
chr6	126301067	126344609	2	6	0	4	0	25
chr6	127588241	127601375	1	1	1	1	0	1
chr6	127611423	127635960	2	2	1	2	3	14
chr6	128304523	128306865	2	2	1	0	4	3
chr6	130363947	130370426	1	1	1	3	0	14
chr6	130387634	130389474	1	1	1	4	0	2
chr6	130519093	131033104	2	2	0	0	7	15
chr6	131184859	131186675	2	2	1	10	0	26
chr6	131201347	131206235	2	2	1	3	0	14
chr6	131222321	131225604	2	2	1	6	0	26
chr6	131247850	131384294	2	2	1	1	0	5
chr6	131277640	131384294	2	2	1	25	1	18
chr6	131490414	131520600	1	1	1	5	0	6
chr6	132185712	132186005	1	1	1	5	0	10
chr6	132824728	132834145	2	2	1	18	0	21
chr6	133135753	133135870	1	1	1	21	0	20
chr6	133135922	133136110	1	1	1	20	0	18
chr6	133137703	133138098	1	1	1	0	1	11
chr6	133138201	133138618	1	1	1	0	5	17
chr6	133802738	133804169	1	1	1	4	0	2
chr6	135308930	135314895	2	2	1	7	0	32
chr6	135315014	135317914	2	2	1	3	0	20
chr6	135371786	135375786	2	2	1	5	0	21
chr6	135461382	135661432	2	2	0	0	6	16
chr6	135752453	135754164	2	2	1	1	0	8
chr6	135784445	135786951	2	2	1	6	0	7
chr6	135813430	135818720	2	2	1	3	0	18
chr6	135818388	135818720	2	2	1	7	0	15
chr6	136590751	136593132	2	2	1	1	0	5
chr6	136594326	136596669	2	2	1	4	0	6
chr6	136597647	136599002	2	2	1	7	0	5
chr6	136603826	136610850	2	2	1	2	0	13
chr6	136621482	136835659	1	1	0	0	4	22
chr6	136665377	136666993	2	2	1	3	0	3
chr6	136683841	136686872	2	2	1	4	0	16
chr6	136693764	136698892	2	2	1	3	0	1
chr6	136704920	136709530	2	2	1	8	0	16
chr6	137528215	137540379	2	2	1	3	0	11
chr6	138413406	138417490	2	2	1	3	0	32
chr6	138638517	138640839	1	1	1	9	0	2
chr6	138725735	138726281	1	1	1	6	0	7
chr6	139269051	139308666	2	2	1	0	1	2
chr6	139464805	139894413	2	2	0	0	6	25
chr6	139569047	139576700	2	2	1	5	0	26
chr6	141774090	142336919	2	2	0	0	7	15
chr6	141774090	142342584	2	2	0	0	7	15
chr6	142691366	142703087	1	1	1	0	9	3
chr6	144086936	144093394	1	1	1	1	0	4
chr6	144095353	144098464	1	1	1	9	0	31
chr6	144098521	144104355	1	1	1	3	0	9
chr6	144181691	144183240	1	1	1	5	0	13
chr6	144837524	144837946	1	1	1	3	0	19
chr6	144843308	144844151	1	1	1	1	0	18
chr6	144852339	144854220	1	1	1	8	0	31
chr6	145075935	145079064	1	1	1	6	0	11
chr6	145149992	145156915	1	1	1	4	0	23
chr6	146261938	146262758	2	2	1	13	0	18
chr6	146802152	147742583	1	1	0	0	8	20
chr6	146874257	146877164	1	1	0	0	1	27
chr6	148664360	148711269	1	1	1	0	1	1
chr6	149639152	149691044	1	1	1	5	0	17
chr6	149752152	150045801	2	2	0	0	4	18
chr6	149786297	150133956	2	2	0	0	6	17
chr6	149918778	149919359	2	2	1	1	0	22
chr6	149959697	149969604	2	2	1	5	0	1
chr6	149961932	149962254	2	2	0	0	7	20
chr6	150005729	150016209	2	2	1	5	0	19
chr6	150045830	150047464	2	2	1	0	9	3
chr6	150067199	150067511	2	2	1	1	0	23
chr6	150071093	150092297	1	1	1	7	0	13
chr6	151187186	151197225	1	1	1	9	0	9
chr6	151195981	151199469	2	2	0	0	2	19
chr6	151355737	151358100	1	1	1	3	0	2
chr6	151360639	151371412	2	2	0	0	9	26
chr6	151388186	151478071	1	1	0	2	0	18
chr6	151413724	151422661	1	1	1	6	0	22
chr6	152552703	152553250	2	2	1	3	0	2
chr6	152690750	152694171	2	2	1	0	1	2
chr6	154390599	154612254	0	0	0	0	5	30
chr6	157222660	157256599	1	1	1	2	0	27
chr6	157731482	157731923	2	2	0	0	2	23
chr6	157731482	157731957	2	2	0	0	2	23
chr6	157731516	157733811	2	2	0	0	1	14
chr6	157732084	157734490	2	2	0	0	1	29
chr6	157732288	157734490	2	2	0	0	1	29
chr6	157732390	157734490	2	2	0	0	1	29
chr6	157732662	157734490	2	2	0	0	1	29
chr6	157732900	157734490	2	2	0	0	1	29
chr6	157733172	157734490	2	2	0	0	1	29
chr6	157733744	157734490	2	2	0	0	1	29
chr6	158244479	158288578	1	1	1	13	0	8
chr6	158358556	158359664	1	1	1	3	0	7
chr6	158565453	158567813	2	2	1	7	0	24
chr6	158576384	158579304	2	2	1	4	0	32
chr6	158591571	158613008	1	1	1	10	0	3
chr6	158660635	158660683	2	2	0	0	1	27
chr6	158660635	158661389	2	2	0	0	1	27
chr6	158660811	158661389	2	2	0	0	4	32
chr6	158660989	158661389	2	2	0	0	1	27
chr6	158986304	158988311	1	3	0	3	0	19
chr6	158988598	158993038	0	0	0	4	0	31
chr6	158993335	158993370	0	0	0	6	0	30
chr6	158994556	159001971	1	1	1	8	0	29
chr6	158997133	158997249	0	0	0	5	0	30
chr6	159026380	159028275	1	1	1	11	0	1
chr6	159029496	159029690	1	1	1	2	0	1
chr6	159046787	159049439	1	1	1	2	0	30
chr6	159062393	159065713	2	2	1	11	0	12
chr6	159188111	159188292	2	2	1	3	0	3
chr6	159239199	159240348	2	2	1	13	0	29
chr6	160148736	160157289	1	1	1	2	0	19
chr6	160183175	160183950	1	1	1	4	0	11
chr6	160188219	160189542	1	1	1	3	0	17
chr6	160200294	160200658	2	2	1	1	0	23
chr6	160205100	160205697	2	2	1	35	0	23
chr6	160206529	160206931	2	2	1	4	0	7
chr6	160453746	160453973	1	1	1	4	0	3
chr6	160464321	160465545	1	1	1	12	0	8
chr6	160479157	160479937	1	1	1	5	0	23
chr6	160493917	160494244	1	1	1	1	0	5
chr6	160500820	160501160	1	1	1	4	0	25
chr6	161518209	161519309	1	1	1	0	1	2
chr6	163855748	164675837	0	0	0	5	0	32
chr6	165436244	165582300	2	2	0	0	3	15
chr6	165473966	165823048	1	1	0	0	4	12
chr6	165809949	165826988	2	2	1	9	0	9
chr6	165823102	165848769	2	2	0	1	0	13
chr6	167162335	167162574	2	2	0	0	1	28
chr6	167162335	167162910	2	2	0	0	1	28
chr6	167162447	167162574	2	2	0	0	1	28
chr6	167162447	167162910	2	2	0	0	1	28
chr6	167162511	167162574	2	2	0	0	1	25
chr6	167162511	167162910	2	2	0	0	1	25
chr6	167162559	167162910	2	2	0	0	1	28
chr6	167162703	167162910	2	2	0	0	1	28
chr6	167162751	167162910	2	2	0	0	1	28
chr6	167317804	167318178	1	5	0	3	0	18
chr6	167399951	167400071	0	0	0	3	0	31
chr6	167402852	167402895	0	0	0	3	0	31
chr6	167436124	167438269	1	1	1	6	0	23
chr6	167446131	167447362	1	1	1	5	0	8
chr6	168265427	168271065	1	1	1	5	0	10
chr6	168290007	168291541	1	1	1	4	0	29
chr6	168291710	168297557	1	1	1	3	0	21
chr6	170114939	170115803	2	2	1	1	0	17
chr6	170151760	170153959	1	1	1	5	0	26
chr6	170615931	170626457	1	1	1	11	0	10
chr6	170632348	170639536	1	1	1	1	0	18
chr6	170707450	170707917	1	1	0	0	5	28
chr6	170707450	170708264	1	1	0	0	5	28
chr6	170707450	170708769	1	1	0	0	5	28
chr6	170707450	170708962	1	1	0	0	5	28
chr6	170708072	170708264	1	1	0	0	5	28
chr6	170708072	170708769	1	1	0	0	5	28
chr6	170708072	170708962	1	1	0	0	5	28
chr6	170708111	170708264	1	1	0	0	5	28
chr6	170708111	170708769	1	1	0	0	5	28
chr6	170708111	170708962	1	1	0	0	5	28
chr6	170708874	170709067	1	1	0	0	5	20
chr6	170708874	170709262	1	1	0	0	5	20
chr6	170846429	170852688	2	2	1	0	6	1
chr6	170847658	170860103	1	1	0	0	6	31
chr6	170858202	170862217	2	2	1	6	0	20
chr6	170866172	170870878	1	1	1	6	0	14
chr6	170892836	170893386	2	2	1	1	0	15
chr7	288397	295814	1	1	1	0	7	4
chr7	591108	618892	2	2	1	0	7	4
chr7	716958	720192	2	2	1	16	0	20
chr7	756484	766240	2	2	1	0	5	1
chr7	761221	1482255	1	1	0	0	5	17
chr7	769485	780455	1	1	1	4	0	16
chr7	858717	858785	2	4	0	4	0	24
chr7	881768	882842	1	1	1	3	0	14
chr7	882870	882977	1	1	1	3	0	24
chr7	905705	908985	1	1	1	2	0	24
chr7	912200	912851	1	1	1	3	0	23
chr7	916438	925692	1	1	1	5	0	6
chr7	926288	927006	1	1	1	3	0	1
chr7	948797	948830	2	2	0	0	8	19
chr7	948797	948898	2	2	0	0	8	19
chr7	948865	948898	2	2	0	0	8	19
chr7	1037441	1040105	2	2	1	0	13	2
chr7	1066664	1067893	2	2	1	3	0	9
chr7	1197894	1199599	2	2	1	8	0	25
chr7	1389986	1482255	1	1	0	0	5	17
chr7	1510329	1510481	2	2	1	7	0	18
chr7	1513997	1514340	2	2	1	3	0	4
chr7	1514475	1515583	2	2	1	2	0	5
chr7	1518143	1518361	2	2	1	6	0	1
chr7	1520078	1520470	2	2	1	2	0	5
chr7	1521125	1522181	2	2	1	8	0	31
chr7	1521343	1521378	2	2	0	0	2	26
chr7	1523807	1524733	2	2	1	5	0	20
chr7	1526738	1526955	2	2	1	2	0	23
chr7	1527086	1527395	2	2	1	15	0	15
chr7	1532743	1533389	2	2	1	5	0	30
chr7	1534530	1535068	2	2	1	6	0	2
chr7	1534530	1535791	2	2	0	6	0	17
chr7	1535901	1536773	2	2	1	9	0	13
chr7	1539658	1539805	2	2	1	3	0	4
chr7	1543638	1543958	2	2	1	10	0	8
chr7	1830602	1840322	1	1	0	0	1	17
chr7	1910687	1910737	2	2	0	0	1	18
chr7	1910687	1910839	2	2	0	0	1	18
chr7	1910687	1910966	2	2	0	0	1	18
chr7	1910687	1911017	2	2	0	0	1	18
chr7	1910687	1911068	2	2	0	0	1	18
chr7	1910687	1911220	2	2	0	0	1	18
chr7	1938565	2035845	2	2	0	0	4	25
chr7	1938565	2035883	2	2	0	0	4	25
chr7	2237441	2289717	2	2	0	2	0	12
chr7	2255923	2257596	2	2	1	6	0	23
chr7	2262390	2265044	2	2	1	0	1	2
chr7	2262390	2269618	2	2	1	3	1	10
chr7	2262390	2272506	2	2	1	0	1	2
chr7	2279343	2281796	2	2	1	14	0	25
chr7	2281892	2284197	1	1	1	2	0	16
chr7	2317941	2338979	2	2	1	0	1	2
chr7	2386304	2391388	2	2	0	0	13	28
chr7	2395056	2400344	1	1	1	6	0	22
chr7	2411485	2412307	1	3	1	5	0	18
chr7	2412431	2414162	1	1	1	6	0	10
chr7	2414242	2415023	1	1	1	3	0	19
chr7	2415163	2416584	1	1	1	5	0	11
chr7	2418878	2419028	1	1	1	11	0	6
chr7	2419147	2419838	1	1	1	3	0	30
chr7	2419147	2419913	1	1	1	2	0	14
chr7	2577754	2578134	1	1	0	8	0	27
chr7	2671913	2686486	1	1	1	17	0	26
chr7	2686657	2686775	1	1	1	4	0	25
chr7	2689623	2691820	1	1	1	11	0	14
chr7	2834778	2883486	2	2	1	8	0	17
chr7	3621867	3621896	1	1	0	0	1	20
chr7	3621882	3621956	1	1	0	0	1	27
chr7	3621882	3622001	1	1	0	0	1	27
chr7	3621882	3622061	1	1	0	0	1	27
chr7	3622032	3622061	1	1	0	0	1	27
chr7	4281546	4285307	1	1	1	3	0	12
chr7	4799227	4800694	1	1	1	3	0	15
chr7	4800920	4801814	1	1	1	7	0	3
chr7	4824680	4825045	1	1	1	5	0	16
chr7	4825084	4825152	1	1	1	5	0	11
chr7	4826060	4827264	1	1	1	0	9	3
chr7	4828583	4829462	1	1	1	0	1	5
chr7	5017900	5017972	0	0	0	7	0	31
chr7	5235457	5278824	1	1	0	0	3	17
chr7	5360058	5360162	2	2	1	6	0	20
chr7	5393574	5393792	2	4	0	4	0	22
chr7	5415856	5416477	2	2	1	7	0	2
chr7	5417656	5427302	2	2	1	6	0	4
chr7	5430260	5433281	2	2	0	1	0	28
chr7	5440777	5440820	1	5	0	1	0	25
chr7	5461121	5463071	2	2	1	7	0	20
chr7	5567523	5567634	2	2	1	17	1	25
chr7	5567817	5567911	2	2	1	0	1	18
chr7	5568351	5568791	2	2	1	2	1	30
chr7	5569032	5569165	2	2	1	50	0	19
chr7	5569295	5570154	2	2	1	19	0	11
chr7	5796156	5829431	1	3	0	3	0	18
chr7	5938551	5939914	1	1	1	0	8	20
chr7	5952586	5958497	1	1	1	0	7	3
chr7	5958532	5959479	1	1	1	0	7	13
chr7	6068329	6068548	2	2	1	1	0	24
chr7	6080851	6082563	2	2	1	6	0	14
chr7	6084795	6951830	1	1	0	0	5	19
chr7	6205442	6210165	2	2	1	10	0	19
chr7	6251402	6456799	1	1	0	0	7	17
chr7	6414402	6426842	1	1	1	4	0	31
chr7	6426915	6431554	1	1	1	0	5	22
chr7	6438734	6438760	0	0	0	9	0	30
chr7	6441659	6441946	1	1	1	0	6	12
chr7	6452515	6452596	2	2	1	6	0	24
chr7	6554506	6558289	2	2	0	0	3	18
chr7	6623063	6624646	1	1	1	3	0	15
chr7	6641070	6957324	1	1	0	0	10	23
chr7	6678773	6681455	1	1	1	5	0	10
chr7	6682396	6682594	1	1	1	11	0	32
chr7	6725805	6951830	1	1	0	0	5	19
chr7	6844687	6845634	2	2	1	0	7	13
chr7	6845669	6851582	2	2	1	0	7	3
chr7	6864369	6865708	2	2	1	0	8	20
chr7	7677604	7678700	2	2	1	2	0	17
chr7	8734857	8775800	1	1	0	1	0	15
chr7	10816371	10818215	1	1	0	2	0	18
chr7	10973320	10977716	2	2	1	8	1	18
chr7	10977775	10978434	2	2	1	4	0	1
chr7	10978524	10979642	2	2	1	1	0	6
chr7	11068446	11075266	1	1	1	3	0	16
chr7	12751162	13141632	1	3	0	0	10	32
chr7	16714214	16720925	1	1	1	6	0	21
chr7	16793656	16815835	1	1	1	7	0	23
chr7	16815947	16823065	1	5	0	1	0	19
chr7	19247448	19396085	2	2	0	0	4	21
chr7	22093604	22130018	1	1	0	1	0	16
chr7	22550334	22551251	0	0	0	0	4	30
chr7	22876006	23870277	0	0	0	0	9	30
chr7	23016428	23016959	2	2	1	4	0	30
chr7	23052157	23052733	2	6	0	1	0	24
chr7	23227473	23588381	0	0	0	0	7	32
chr7	23387354	23390923	2	2	1	0	2	12
chr7	23391206	23401152	2	2	1	0	3	6
chr7	23508162	23508854	2	2	1	0	7	2
chr7	23545433	23545756	2	2	1	3	0	22
chr7	23561460	23571035	2	2	1	0	6	1
chr7	23562052	23571407	2	2	1	3	0	20
chr7	24398385	24854522	1	1	0	0	9	15
chr7	24892254	24901231	2	2	1	5	0	28
chr7	24905857	24910350	2	2	1	1	0	6
chr7	24932241	25019504	2	2	1	9	0	30
chr7	25163747	25164818	2	2	1	11	0	14
chr7	25998320	26423785	2	2	0	0	7	24
chr7	26231959	26232114	2	2	1	15	0	26
chr7	26232198	26232870	2	2	1	15	0	28
chr7	26233315	26235466	2	2	1	9	7	27
chr7	26235530	26236020	2	2	1	22	0	25
chr7	26236102	26236176	2	2	1	10	0	25
chr7	26236638	26236934	2	2	1	5	0	8
chr7	26237082	26237241	2	2	1	7	0	16
chr7	26237353	26237450	2	2	1	3	0	17
chr7	26237353	26240191	2	2	1	5	0	24
chr7	26237487	26240191	2	2	1	10	0	20
chr7	26241182	26242590	1	1	1	9	0	5
chr7	26241447	26242590	1	1	1	16	0	20
chr7	26242643	26245987	1	1	1	15	0	26
chr7	26246131	26248012	1	1	1	5	0	3
chr7	26248176	26251281	1	1	1	4	0	16
chr7	26253521	26976777	2	2	0	0	6	22
chr7	26325503	26423785	2	2	0	0	7	24
chr7	26779584	26883648	2	2	1	2	0	18
chr7	26809797	27219625	1	1	0	0	4	13
chr7	27004677	27751625	1	1	0	6	0	22
chr7	27169265	27178927	0	0	0	5	0	30
chr7	27180159	27191193	1	1	1	6	0	27
chr7	27185537	27186926	2	2	1	13	0	15
chr7	27204587	27204759	2	2	1	4	0	17
chr7	27563965	27564047	1	1	0	4	0	20
chr7	28461729	28463720	0	0	0	7	0	32
chr7	28534618	28547233	1	1	1	0	4	2
chr7	28610156	28758369	1	1	1	9	0	18
chr7	29160688	29186044	2	2	1	5	0	24
chr7	30302074	30304816	1	1	0	0	4	16
chr7	30536852	30538418	2	2	1	5	0	20
chr7	30616327	30618846	2	2	1	0	15	1
chr7	30617708	30618846	2	2	1	1	1	2
chr7	30618745	30618846	2	2	1	0	15	1
chr7	30618931	30624945	2	2	1	1	0	11
chr7	30638514	30639562	1	1	1	5	0	27
chr7	30640817	30642649	1	1	1	4	0	17
chr7	30668286	30671063	1	1	1	9	0	27
chr7	32528957	32529931	2	2	1	31	0	31
chr7	32919555	32931147	2	2	1	7	0	18
chr7	32997407	33014228	1	1	1	11	0	17
chr7	33102026	33102060	2	2	0	11	0	23
chr7	33744416	33762852	2	2	0	0	1	17
chr7	34890156	35198243	1	1	0	0	8	29
chr7	34977732	34978887	2	2	1	2	0	5
chr7	35161221	35163609	2	2	1	0	1	28
chr7	35624229	35631511	2	2	0	0	1	22
chr7	35734145	35734420	1	1	0	5	0	12
chr7	35840881	35871101	1	1	1	15	0	5
chr7	35840883	35872407	0	0	1	0	3	1
chr7	35871645	35872407	1	1	1	2	0	3
chr7	36078818	36274035	2	2	0	0	3	27
chr7	36374788	36396510	2	2	1	4	0	23
chr7	36429654	36435874	1	1	1	6	0	3
chr7	36450776	36455366	1	1	1	5	0	4
chr7	38908854	38937690	2	2	1	4	0	19
chr7	39610227	39611875	1	1	1	0	3	3
chr7	39822399	39828080	1	1	1	1	0	8
chr7	39831251	39831342	1	1	1	0	19	22
chr7	39990299	39991317	0	0	0	7	0	30
chr7	42262895	42276569	2	2	1	11	0	15
chr7	42964397	42966134	2	2	1	9	0	19
chr7	43688252	43769027	2	2	1	13	0	13
chr7	43705322	43769027	2	2	1	11	0	18
chr7	43908674	43908906	2	2	1	6	0	12
chr7	44023042	44023793	0	0	0	0	6	32
chr7	44027488	44027684	2	2	1	0	19	27
chr7	44027847	44053191	2	2	1	0	4	11
chr7	44028339	44029665	2	2	0	7	0	14
chr7	44030262	44030487	0	0	0	4	0	30
chr7	44033511	44214664	2	2	0	0	4	16
chr7	44033511	44379235	2	2	0	0	4	16
chr7	44033511	44860072	2	2	0	0	4	16
chr7	44033511	44866304	2	2	0	0	4	16
chr7	44033511	44874519	2	2	0	0	4	16
chr7	44053239	44054204	2	2	0	0	3	20
chr7	44053279	44054204	2	2	1	0	5	12
chr7	44053279	44056032	2	2	1	0	3	29
chr7	44056123	44058659	2	2	1	0	4	29
chr7	44063359	44076834	2	2	0	1	0	22
chr7	44079969	44080177	2	2	1	0	1	12
chr7	44096503	44097380	1	1	1	12	0	26
chr7	44098583	44098952	1	1	1	11	0	17
chr7	44112046	44112076	1	1	0	2	0	23
chr7	44154996	44155364	2	2	1	4	0	8
chr7	44155872	44156028	2	2	1	3	0	18
chr7	44157664	44161432	2	2	1	5	0	14
chr7	44161709	44163109	2	2	1	47	0	26
chr7	44161882	44163109	2	2	1	25	0	20
chr7	44467303	44524566	2	2	1	4	0	8
chr7	44524884	44530007	2	2	1	4	0	18
chr7	44547941	44633400	1	1	0	0	4	18
chr7	44606124	44607716	2	2	1	3	0	9
chr7	44608803	44609407	2	2	1	5	0	5
chr7	44609503	44609613	2	2	1	11	0	23
chr7	44609728	44610356	2	2	1	10	0	29
chr7	44613344	44613434	2	2	1	15	0	19
chr7	44621174	44621321	2	2	1	11	0	7
chr7	44663476	44755318	2	2	0	0	10	21
chr7	44667338	44740569	1	1	0	0	3	24
chr7	44836393	44838845	1	1	1	0	9	20
chr7	44838504	44838845	1	1	1	9	0	26
chr7	44838877	44838990	1	1	1	0	5	25
chr7	44839080	44839300	1	1	1	0	17	9
chr7	44839474	44840885	1	1	1	0	8	24
chr7	44874162	44875127	2	2	1	7	0	21
chr7	44882954	44887567	2	2	1	9	0	4
chr7	45022922	45023420	2	2	1	1	0	1
chr7	45058785	45948445	2	2	0	0	8	25
chr7	45140972	45141101	2	2	1	8	0	9
chr7	45145364	45148425	2	2	1	7	0	18
chr7	45148887	45151237	2	2	0	5	0	23
chr7	45799504	45805791	0	0	0	5	0	30
chr7	45850888	45851728	0	0	0	3	0	31
chr7	45851587	45851630	1	1	0	0	1	12
chr7	45851938	45852048	0	0	0	9	0	31
chr7	45852715	45852812	1	1	0	0	3	14
chr7	47336812	47341783	2	2	1	11	0	26
chr7	47682020	48215099	2	2	0	0	5	15
chr7	48139030	48408377	2	2	0	0	5	19
chr7	48139030	48799355	2	2	0	0	5	19
chr7	54570076	55297436	1	1	0	0	4	15
chr7	54825288	54826850	2	2	1	7	0	23
chr7	54825288	54826854	2	2	1	7	0	25
chr7	55479783	55492946	1	1	1	0	2	1
chr7	55588824	55639963	2	2	1	0	9	7
chr7	55809576	55809979	2	2	0	0	18	31
chr7	55809850	55809979	2	2	0	0	11	31
chr7	56019624	56020871	1	1	1	3	0	15
chr7	56123491	56124003	1	1	1	2	0	5
chr7	56124108	56125685	1	1	1	3	0	4
chr7	56132072	56136174	1	1	1	4	0	8
chr7	56138980	56150728	1	1	0	0	8	20
chr7	56142430	56144526	1	1	1	8	0	6
chr7	56144583	56145794	1	1	1	3	0	18
chr7	56170705	56171918	2	2	1	7	5	24
chr7	56172169	56174056	2	2	1	6	2	16
chr7	56435001	56437847	0	0	0	11	0	31
chr7	56435064	56438533	1	1	0	0	6	26
chr7	56435064	56439831	1	1	0	0	6	26
chr7	56435064	56441125	1	1	0	0	6	26
chr7	56435064	56442422	1	1	0	0	1	26
chr7	56435308	56440803	2	2	0	0	8	31
chr7	56435308	56442047	2	2	0	0	21	32
chr7	56435310	56435806	2	2	0	0	3	32
chr7	56435679	56440803	2	2	0	0	1	22
chr7	56436031	56436905	2	2	0	0	11	31
chr7	56436031	56439359	2	2	0	0	11	31
chr7	56436031	56440657	2	2	0	0	11	31
chr7	56436031	56441950	2	2	0	0	11	31
chr7	56436033	56436762	2	2	0	0	24	15
chr7	56438110	56439407	2	2	0	0	36	32
chr7	56438110	56440705	2	2	0	0	36	32
chr7	56438208	56442047	2	2	0	0	21	32
chr7	56439165	56439831	1	1	0	0	6	26
chr7	56439165	56441125	1	1	0	0	6	26
chr7	56439165	56442422	1	1	0	0	1	26
chr7	56439457	56440803	2	2	0	0	8	31
chr7	56439506	56442047	2	2	0	0	21	32
chr7	56440463	56441125	1	1	0	0	6	26
chr7	56440463	56442422	1	1	0	0	1	26
chr7	56440755	56440803	2	2	0	0	8	31
chr7	56441757	56442422	1	1	0	0	6	26
chr7	56640993	56776803	2	2	0	0	6	13
chr7	57220463	57370527	1	1	0	0	5	19
chr7	57939754	57953888	2	2	0	0	12	15
chr7	57942317	57953888	2	2	0	0	12	15
chr7	57943170	58033687	2	2	0	0	4	17
chr7	57945728	58033687	2	2	0	0	4	17
chr7	57996169	58016564	1	1	0	0	3	13
chr7	58029540	58034316	1	1	0	0	2	24
chr7	58029540	58042731	1	1	0	0	1	24
chr7	62632059	62691635	1	1	0	0	5	32
chr7	63577534	64576880	1	1	0	0	6	30
chr7	64317096	64317144	1	1	0	0	8	30
chr7	64853815	64863253	1	1	1	2	0	15
chr7	65152393	65680811	1	3	0	0	5	14
chr7	65198826	65484611	1	1	0	0	12	30
chr7	65338246	65338335	1	1	0	11	11	21
chr7	65399834	66049254	1	1	0	4	0	26
chr7	65432895	65439281	2	2	1	1	0	4
chr7	65439692	65441001	2	2	1	7	0	30
chr7	65540844	65541025	1	1	1	4	0	26
chr7	65547439	65547866	1	1	1	7	0	4
chr7	65579958	65592690	1	1	1	0	3	1
chr7	65997570	66717672	1	1	0	5	0	23
chr7	66000979	66001006	0	0	0	4	0	30
chr7	66131190	66132384	1	1	0	5	0	19
chr7	66386449	66406834	1	1	1	11	0	9
chr7	66480821	66485885	1	1	0	0	3	24
chr7	66565624	66835424	0	0	0	0	5	30
chr7	67280953	68190758	1	1	0	0	6	30
chr7	67296431	67304275	2	2	0	0	7	32
chr7	67429088	68236489	1	3	0	0	5	21
chr7	67542710	67825278	0	0	0	5	0	31
chr7	68166214	68274899	0	0	0	5	0	31
chr7	68475376	68493522	2	2	0	0	1	18
chr7	69860294	69872809	1	1	0	0	1	14
chr7	69960661	69960896	2	2	0	0	4	20
chr7	69960742	69960896	2	2	0	0	4	20
chr7	69960823	69960896	2	2	0	0	4	20
chr7	70065454	70189623	1	1	0	0	5	22
chr7	70475179	70481055	1	1	0	0	3	30
chr7	71402667	72368833	1	1	0	0	4	26
chr7	71811756	72169442	2	2	0	0	4	30
chr7	71965386	71977918	2	2	0	0	5	32
chr7	71988636	71999319	2	2	0	6	0	14
chr7	72344386	72781797	1	1	0	0	4	13
chr7	72361650	72384301	1	1	1	0	6	1
chr7	72363506	72363538	2	2	0	0	8	29
chr7	72396304	72396799	1	1	1	10	0	19
chr7	72397016	72397339	1	1	1	7	0	2
chr7	72397502	72398922	1	1	1	0	9	12
chr7	72412483	72417661	0	0	0	0	6	31
chr7	72413519	72711892	2	2	0	0	5	14
chr7	72416471	72417783	1	5	0	0	4	15
chr7	72416919	72417085	2	2	0	0	8	22
chr7	72419348	72419430	2	2	1	0	2	3
chr7	72445488	72790783	1	1	0	0	4	26
chr7	72448294	72449125	2	2	0	0	5	14
chr7	72449285	72543559	2	2	0	0	4	29
chr7	72468888	72469198	2	2	1	0	5	30
chr7	72470383	72473543	2	2	1	0	11	5
chr7	72483807	72486857	1	1	1	0	2	10
chr7	72511870	72514919	1	1	1	0	2	10
chr7	72551799	72781797	1	1	0	0	4	13
chr7	72581449	72781797	1	1	0	0	4	13
chr7	72590963	72593126	1	1	1	0	4	11
chr7	72596189	72597154	1	1	1	0	8	27
chr7	72608768	72609675	1	1	1	0	7	14
chr7	72632745	72781797	1	1	0	0	4	13
chr7	72698116	72698386	2	2	0	0	1	30
chr7	72710856	72716050	0	0	0	0	6	31
chr7	72714859	72716172	1	5	0	0	4	15
chr7	72715307	72715473	2	2	0	0	8	22
chr7	72722551	72722694	2	2	1	8	0	2
chr7	72858460	72861593	2	2	1	12	0	29
chr7	72880732	72883846	2	2	1	6	0	18
chr7	72988453	72988712	2	2	1	6	0	29
chr7	72988844	72992749	2	2	1	14	0	4
chr7	73030508	73062075	2	2	0	4	0	19
chr7	73098004	73098096	1	1	1	8	0	20
chr7	73112025	73112161	1	1	1	10	0	5
chr7	73198276	74106344	1	1	0	5	0	26
chr7	73585397	73586012	0	0	0	3	0	30
chr7	73588773	73601940	1	1	1	15	4	32
chr7	73604068	73604151	1	1	1	0	7	16
chr7	73676693	73866092	1	1	0	0	6	32
chr7	73870799	73883199	1	1	0	0	1	27
chr7	73961912	74681922	1	1	0	0	7	15
chr7	73961912	74896175	1	1	0	0	7	15
chr7	74072395	74103457	1	1	1	6	0	13
chr7	74078209	74078246	0	0	0	9	0	31
chr7	74131271	74143123	1	1	1	6	0	11
chr7	74144633	74146819	1	1	1	0	4	11
chr7	74147004	74148264	1	1	1	2	0	16
chr7	74149875	74150841	1	1	1	0	8	27
chr7	74162454	74163361	1	1	1	0	7	14
chr7	74299148	74299454	2	2	1	0	5	30
chr7	74300639	74303803	2	2	1	0	11	5
chr7	74612762	74613669	2	2	1	0	7	14
chr7	74625281	74626246	2	2	1	0	8	27
chr7	74629309	74631471	2	2	1	0	4	11
chr7	74679066	75015617	1	1	0	0	4	29
chr7	74707703	74710752	2	2	1	0	2	10
chr7	74893323	75015617	1	1	0	0	4	29
chr7	74921968	74925017	2	2	1	0	2	10
chr7	74949990	74953039	2	2	1	0	2	10
chr7	74978011	74981056	2	2	1	0	2	10
chr7	74991359	74994523	1	1	1	0	11	5
chr7	74995708	74996017	1	1	1	0	5	30
chr7	75015777	75016607	1	1	0	0	5	14
chr7	75039744	75042066	1	1	0	8	0	32
chr7	75041755	75041913	2	2	0	5	0	25
chr7	75045470	75045553	1	1	1	0	2	3
chr7	75047193	75052378	0	0	0	0	6	30
chr7	75047771	75047933	1	1	0	0	8	22
chr7	75068503	75070231	2	2	1	0	9	9
chr7	75070394	75070709	2	2	1	1	0	3
chr7	75070926	75071418	2	2	1	0	6	12
chr7	75101756	75101788	1	1	0	0	8	29
chr7	75105365	75146478	1	1	0	3	0	21
chr7	75127320	75128554	1	1	1	0	7	2
chr7	75270560	75292717	1	1	0	1	0	28
chr7	75298469	75470151	1	1	0	0	8	30
chr7	75533338	75570218	2	2	0	0	1	26
chr7	75544498	75583306	1	1	1	9	0	12
chr7	75609807	75610365	1	1	1	9	0	27
chr7	75610491	75610834	1	1	1	8	0	21
chr7	75612955	75613055	1	1	1	3	0	25
chr7	75615387	75615476	1	1	1	8	0	20
chr7	75636532	75637308	1	1	0	0	8	32
chr7	75653090	75653461	0	0	0	3	0	31
chr7	75677545	75677893	1	1	1	4	0	13
chr7	75891760	76232934	1	1	0	0	4	22
chr7	75933183	75933300	1	1	1	3	0	1
chr7	76027115	76054368	1	1	1	0	1	3
chr7	76069929	76071158	1	1	1	0	4	14
chr7	76130423	76629988	2	2	0	4	0	22
chr7	76179179	76180736	1	1	1	0	1	1
chr7	76239533	76240770	2	2	1	0	4	14
chr7	76255533	76256024	2	2	1	0	6	12
chr7	76626248	76626294	1	1	0	3	0	13
chr7	77166963	77200394	1	1	1	9	0	25
chr7	77314646	77325488	2	2	1	0	4	1
chr7	77326373	77365726	1	1	1	5	0	18
chr7	77346304	77346480	2	6	0	3	0	17
chr7	77365844	77378740	1	1	1	1	0	20
chr7	77694980	77708263	2	2	1	2	0	1
chr7	79763885	79764343	1	1	1	0	6	1
chr7	79764595	79818266	1	1	1	1	0	16
chr7	80456804	80457900	2	2	1	2	0	27
chr7	81579825	81588590	2	2	1	4	0	6
chr7	81611944	81613950	2	2	1	2	0	10
chr7	81776085	82241918	2	2	0	0	5	29
chr7	81891433	82750416	1	1	0	0	4	22
chr7	81978966	82072680	2	2	1	5	0	10
chr7	82064795	82065039	0	0	0	3	0	32
chr7	82195358	82754302	2	2	0	0	7	26
chr7	83119591	83241893	2	2	1	0	14	2
chr7	83119591	83245927	2	4	1	0	14	2
chr7	83119591	83270647	2	2	1	0	14	2
chr7	83119591	83277743	2	2	1	0	14	2
chr7	83640614	83643524	2	2	1	11	0	13
chr7	86815297	86817407	1	1	1	6	0	22
chr7	87135360	87138590	2	2	1	5	0	14
chr7	87190704	87195385	2	2	1	4	0	17
chr7	87489956	87505410	2	2	1	6	0	16
chr7	89859351	89861650	1	1	1	0	5	1
chr7	89859351	89867412	1	1	1	0	5	1
chr7	90374144	90374174	2	2	0	0	1	31
chr7	91614944	91815580	1	1	0	0	10	16
chr7	91614944	92551054	1	1	0	0	10	16
chr7	91632550	91641742	1	1	1	1	0	12
chr7	91641957	91643562	1	1	1	5	0	16
chr7	91706322	91707009	1	1	1	1	0	11
chr7	91722631	91724336	1	1	1	4	0	10
chr7	91761187	91763486	2	2	1	9	0	4
chr7	91763535	91763621	1	1	0	5	0	23
chr7	91972547	91974291	1	1	1	4	0	3
chr7	92096562	92321563	1	3	0	0	4	15
chr7	94163115	94164620	1	1	1	6	0	22
chr7	94285893	94292645	1	1	1	7	0	13
chr7	94292742	94298493	1	1	1	0	7	3
chr7	95034801	95035430	2	2	1	3	0	10
chr7	95926264	95951253	2	2	1	11	0	21
chr7	96285898	96324109	2	2	0	1	0	16
chr7	96324204	96338999	2	2	1	4	0	20
chr7	96869642	96907622	1	1	0	0	1	14
chr7	97362048	97363034	1	1	1	5	0	30
chr7	97499126	97501662	2	2	1	6	0	4
chr7	97706666	98274059	2	2	0	0	6	17
chr7	97854415	97857325	2	2	1	5	0	10
chr7	97874006	97874196	2	2	1	6	0	12
chr7	97939905	97941408	2	2	1	4	0	7
chr7	98014067	98014789	1	1	0	0	5	18
chr7	98476261	98478712	1	1	1	18	0	13
chr7	98478874	98479597	1	1	1	2	0	5
chr7	98508043	98508132	1	1	1	3	0	26
chr7	98508895	98509644	1	1	1	2	0	12
chr7	98509837	98513345	1	1	1	1	0	7
chr7	98520679	98521268	0	0	0	5	0	30
chr7	98522887	98524789	1	1	1	2	0	9
chr7	98524990	98527611	1	1	1	3	0	16
chr7	98534901	98535272	1	1	1	0	3	2
chr7	98547205	98547282	1	1	1	3	0	17
chr7	98547886	98548498	1	1	1	7	0	8
chr7	98560051	98562251	1	1	1	12	0	21
chr7	98563519	98564663	1	1	1	11	0	23
chr7	98565322	98567734	1	1	1	5	0	29
chr7	98573892	98574105	1	1	1	7	0	21
chr7	98581083	98581715	1	1	1	5	0	1
chr7	98597843	99165473	1	3	0	8	0	32
chr7	98626131	98626746	0	0	0	5	0	30
chr7	98775013	98848170	2	2	0	0	4	24
chr7	98803280	98848170	2	2	0	0	4	24
chr7	98931041	98935803	1	1	1	6	0	19
chr7	98984413	98985661	1	1	1	5	0	22
chr7	98988877	98990293	1	1	1	9	0	20
chr7	98990500	98991651	1	1	1	0	9	2
chr7	98998048	99001020	2	2	1	1	0	11
chr7	99002577	99006158	2	2	1	9	0	14
chr7	99006628	99007656	1	1	1	1	0	18
chr7	99032892	99036314	2	2	1	14	0	3
chr7	99116442	99116741	1	3	0	0	1	24
chr7	99621931	99627483	1	1	1	3	0	14
chr7	99669836	99672757	2	2	1	4	0	22
chr7	99686690	99686912	1	1	1	7	0	19
chr7	99688954	99689042	1	1	1	5	0	16
chr7	99690757	99690914	2	2	1	4	0	19
chr7	99691025	99691795	2	2	1	5	0	10
chr7	99691965	99693009	2	2	1	13	0	13
chr7	99693791	99694923	2	2	1	6	0	11
chr7	99695572	99695763	2	2	1	10	0	9
chr7	99696339	99696645	2	2	1	8	0	9
chr7	99697377	99697636	2	2	1	4	0	1
chr7	99697717	99698886	2	2	1	3	0	3
chr7	99700584	99701031	1	1	1	4	0	6
chr7	99709453	99709544	2	2	1	5	0	12
chr7	99709877	99710420	2	2	1	2	0	6
chr7	99746599	99747121	1	1	1	20	0	19
chr7	99751141	99751489	1	1	1	4	0	11
chr7	99875297	100113733	2	2	0	0	10	32
chr7	99933844	99935801	1	1	1	1	0	25
chr7	99933961	99935801	1	1	1	9	0	18
chr7	99935888	99936395	1	1	1	1	0	9
chr7	99943592	99947339	1	1	1	4	0	16
chr7	99950102	99950186	1	1	1	10	0	11
chr7	99950538	99950619	1	1	1	1	0	13
chr7	99950894	99950995	1	1	1	4	0	17
chr7	99951636	99952765	1	1	1	11	0	30
chr7	99952864	99954372	1	1	1	8	0	16
chr7	99954507	99955842	1	1	1	9	0	31
chr7	99956703	99956959	1	1	1	5	0	14
chr7	100031013	100031124	1	1	1	5	0	22
chr7	100038406	100038728	0	0	0	7	0	30
chr7	100072064	100074899	2	2	1	10	0	32
chr7	100075931	100076416	2	2	1	5	0	18
chr7	100153359	100159881	1	1	1	2	0	2
chr7	100173632	100173860	2	2	1	12	0	28
chr7	100175364	100175444	2	2	1	4	0	16
chr7	100175882	100176021	2	2	1	4	0	13
chr7	100180083	100183503	2	2	1	14	0	31
chr7	100222918	100241758	1	1	0	0	1	32
chr7	100271547	100273799	1	1	1	8	0	29
chr7	100272587	100272628	2	2	0	12	0	31
chr7	100273946	100274157	1	1	1	9	0	28
chr7	100275442	100275720	1	1	1	4	0	6
chr7	100280106	100280212	2	2	1	9	0	6
chr7	100281542	100281642	2	2	1	7	0	12
chr7	100281961	100282072	2	2	1	8	0	32
chr7	100282770	100282966	2	2	1	3	0	29
chr7	100283105	100283596	2	2	1	32	1	26
chr7	100284057	100284271	2	2	1	8	0	20
chr7	100284443	100284628	2	2	1	12	0	20
chr7	100285507	100285603	2	2	1	1	0	3
chr7	100285931	100286073	2	2	0	5	0	19
chr7	100287179	100291559	2	2	0	8	0	18
chr7	100338925	100339456	2	2	0	0	1	23
chr7	100338976	100339456	2	2	0	0	1	23
chr7	100339154	100339456	2	2	0	0	1	23
chr7	100402902	100403193	0	0	0	5	0	31
chr7	100410617	100410716	2	2	1	4	0	12
chr7	100416267	100417178	2	2	1	5	0	25
chr7	100457855	100459013	1	1	0	7	0	17
chr7	100458885	100459013	1	1	1	6	0	17
chr7	100464249	100464361	1	1	0	3	0	27
chr7	100465611	100465729	1	1	1	9	0	22
chr7	100465856	100466116	1	1	1	5	0	28
chr7	100468086	100468195	1	1	1	9	0	3
chr7	100470367	100470793	1	1	1	2	0	4
chr7	100472950	100473193	1	1	1	3	0	14
chr7	100479035	100479279	1	1	1	13	0	25
chr7	100482460	100482543	1	1	1	4	0	6
chr7	100483563	100483867	1	1	1	12	0	1
chr7	100484057	100484415	1	1	1	3	0	25
chr7	100485481	100485662	0	0	1	2	0	10
chr7	100859828	100859975	2	2	1	8	0	14
chr7	100861499	100865884	1	1	1	26	0	28
chr7	100866056	100866757	1	1	1	1	0	1
chr7	100866838	100866953	1	1	1	8	0	20
chr7	100879972	100880017	1	1	0	3	0	13
chr7	100882638	100882748	0	0	0	7	0	31
chr7	100883529	100884110	2	2	1	3	0	5
chr7	100887421	100888240	2	2	1	6	0	15
chr7	100957387	100957684	2	2	1	0	4	6
chr7	101273023	101273415	2	2	0	0	1	13
chr7	101273023	101295460	2	2	0	4	0	16
chr7	101273023	101328834	2	2	0	0	4	16
chr7	101273023	101340836	2	2	0	6	0	15
chr7	101273023	101380933	2	2	0	3	0	15
chr7	101273023	101433483	2	2	0	5	0	16
chr7	101273023	101722472	2	2	0	0	5	14
chr7	101273023	101921824	2	2	0	6	0	16
chr7	101273023	101921829	2	2	0	5	0	15
chr7	101273023	101953352	2	2	0	0	5	14
chr7	101273023	101957155	2	2	0	0	7	15
chr7	101273023	101975669	2	2	0	5	0	16
chr7	101273023	102215346	2	2	0	6	0	16
chr7	101273025	102090610	2	2	0	5	0	18
chr7	101273028	101445467	2	2	0	0	4	20
chr7	101273031	101402090	2	2	0	0	6	19
chr7	101386801	101427204	1	1	0	0	1	13
chr7	101459374	101559394	1	1	1	7	0	31
chr7	101476057	101476170	2	4	0	9	0	16
chr7	101505077	101505540	2	2	0	3	0	20
chr7	101540658	102067971	1	1	0	0	5	19
chr7	101558068	101564392	2	2	0	0	4	15
chr7	101559506	101671377	1	1	1	3	0	6
chr7	101616538	101618101	2	2	0	3	0	19
chr7	101671426	101713618	1	1	1	3	0	12
chr7	101740782	101747615	1	1	1	2	0	20
chr7	101840586	101842081	1	1	1	5	0	25
chr7	101843453	101844639	1	1	1	8	0	4
chr7	102006524	102016269	1	1	1	7	0	25
chr7	102107927	102108165	1	1	1	6	0	8
chr7	102110094	102110188	1	1	1	3	0	5
chr7	102114132	102114777	2	2	1	3	0	1
chr7	102114983	102116627	2	2	1	0	3	13
chr7	102115489	102115751	0	0	0	0	7	32
chr7	102116718	102119254	2	2	1	0	4	29
chr7	102135123	102135327	2	2	1	0	1	12
chr7	102177311	102178060	0	0	0	0	6	32
chr7	102180539	102181539	2	2	1	0	1	25
chr7	102181751	102181947	2	2	1	0	19	27
chr7	102182110	102207443	2	2	1	0	8	11
chr7	102182269	102281380	2	2	0	0	4	23
chr7	102182507	102281618	1	1	0	0	10	26
chr7	102184534	102184773	0	0	0	0	32	31
chr7	102185477	102284581	0	0	0	6	0	32
chr7	102197232	102296316	1	1	0	0	8	23
chr7	102197670	102198913	1	1	1	0	7	2
chr7	102201460	102300566	1	1	0	9	0	28
chr7	102206426	102305501	0	0	0	3	0	30
chr7	102207491	102208456	2	2	0	0	3	20
chr7	102207531	102208456	2	2	1	0	5	12
chr7	102207531	102210281	2	2	1	0	3	29
chr7	102208632	102210281	2	2	1	0	3	13
chr7	102234292	102234496	2	2	1	0	1	12
chr7	102276416	102277166	0	0	0	0	6	32
chr7	102279647	102280650	2	2	1	0	1	25
chr7	102280862	102281058	2	2	1	0	19	27
chr7	102281221	102306523	2	2	1	0	8	11
chr7	102283639	102283867	0	0	0	0	32	31
chr7	102296754	102297997	1	1	1	0	7	2
chr7	102306571	102307536	2	2	0	0	3	20
chr7	102306611	102307536	2	2	1	0	5	12
chr7	102306611	102309361	2	2	1	0	3	29
chr7	102307712	102309361	2	2	1	0	3	13
chr7	102308218	102308480	0	0	0	0	7	31
chr7	102330202	102330406	2	2	1	0	1	12
chr7	102423588	102423964	0	0	0	6	0	30
chr7	102904324	102935803	1	1	0	0	9	13
chr7	102929841	103259299	2	2	0	0	6	15
chr7	102953091	102953393	2	2	1	3	0	32
chr7	102956536	102957276	2	2	1	4	0	25
chr7	102960126	102960202	2	2	1	2	0	22
chr7	102982402	102985005	2	2	1	13	0	11
chr7	102988229	102994367	1	1	1	8	0	8
chr7	102994406	102995314	1	1	1	4	0	8
chr7	102995397	102996140	1	1	1	1	0	8
chr7	103002536	103003132	1	1	1	2	0	1
chr7	103131277	103132399	2	2	1	0	2	6
chr7	103159028	103939091	2	2	0	0	6	24
chr7	104719411	104722134	1	1	1	1	0	11
chr7	104722245	104730455	1	1	1	5	0	16
chr7	104746451	104746968	1	1	1	12	0	25
chr7	104773346	104773450	2	2	1	6	0	8
chr7	104782938	104783530	2	2	1	1	0	27
chr7	104809713	104844074	2	2	1	0	3	5
chr7	105029150	105029237	2	2	1	12	0	4
chr7	105146721	105148561	2	2	1	5	0	7
chr7	105201757	105221448	2	2	0	1	0	29
chr7	106565358	106579042	2	2	0	0	1	31
chr7	106666034	107349099	1	1	0	0	11	20
chr7	106938792	106964884	2	2	1	3	0	15
chr7	107220747	107221090	1	1	1	0	4	2
chr7	107220747	107221203	1	1	1	0	4	2
chr7	107383849	107384503	2	2	1	0	1	1
chr7	107389493	107393855	1	1	1	1	0	27
chr7	107601775	107601993	2	2	1	4	0	14
chr7	107615544	107615678	2	2	1	3	0	11
chr7	107684342	107684688	2	2	1	0	1	5
chr7	111487183	111503427	2	2	1	2	0	12
chr7	111624446	111629069	2	2	1	11	0	6
chr7	112758217	112758582	2	2	1	2	0	24
chr7	114562427	114563136	1	3	0	4	0	19
chr7	115280698	116128948	2	2	0	0	4	12
chr7	116371914	116380003	1	1	1	3	0	16
chr7	116415166	116417442	1	1	1	11	2	2
chr7	120590979	120591217	1	1	1	7	0	26
chr7	120609259	120610741	1	1	1	4	0	9
chr7	122056219	122078394	2	2	1	5	0	23
chr7	122473582	122480326	2	4	0	2	0	20
chr7	123182275	123185664	2	2	1	5	0	15
chr7	123197503	123197828	2	2	1	9	0	30
chr7	123324635	123329095	2	2	1	7	0	23
chr7	123334923	123335876	2	2	1	12	0	30
chr7	124503695	124510964	2	2	1	5	0	8
chr7	125558173	125560110	1	1	1	0	1	4
chr7	127229218	127229538	1	1	1	2	0	20
chr7	127292506	127326666	1	1	1	2	0	18
chr7	127339008	127341216	1	1	1	7	0	14
chr7	127484478	127527954	1	1	1	5	0	7
chr7	127695074	128337738	2	2	0	0	5	13
chr7	127963645	127964611	2	2	1	3	0	14
chr7	128034416	128034509	2	2	1	5	0	18
chr7	128034654	128034942	2	2	1	9	0	7
chr7	128035088	128035184	2	2	1	7	0	31
chr7	128038668	128040148	2	2	1	2	0	18
chr7	128040591	128040870	2	4	1	0	2	2
chr7	128040946	128041068	2	2	1	4	0	21
chr7	128041171	128043759	2	2	1	4	0	7
chr7	128232072	128248171	1	1	1	0	5	1
chr7	128248268	128249540	1	1	1	3	0	22
chr7	128249634	128255913	1	1	1	0	3	24
chr7	128259232	128262532	1	1	1	0	4	6
chr7	128263836	128265850	1	1	1	4	0	11
chr7	128266585	128269447	1	1	1	0	6	31
chr7	128278105	128310195	1	1	0	0	1	22
chr7	128293827	128293828	0	0	1	0	1	2
chr7	128309906	128310491	0	0	0	3	0	30
chr7	128337794	128373626	2	2	0	1	0	14
chr7	128379487	128388626	1	1	1	6	0	11
chr7	128388859	128394315	1	1	1	5	0	12
chr7	128431606	128432373	1	1	1	5	0	16
chr7	128503931	128504785	1	1	0	7	0	24
chr7	128508170	128510821	1	3	0	8	0	27
chr7	128633969	128637442	2	2	1	1	0	12
chr7	128641289	128645069	2	2	1	2	0	4
chr7	128658212	128694704	2	2	1	1	0	16
chr7	128703154	128772168	1	1	0	0	4	17
chr7	128834750	128836744	1	1	0	0	3	21
chr7	128839074	129397421	1	1	0	0	4	14
chr7	128846211	128846304	1	1	1	3	0	23
chr7	128912810	128913020	1	1	0	1	0	28
chr7	128931679	128939466	2	2	0	0	1	21
chr7	128964408	129397421	1	1	0	0	4	14
chr7	129029041	129029474	1	1	1	5	0	2
chr7	129053530	129062680	1	1	1	4	0	6
chr7	129167285	129453110	2	2	0	0	7	26
chr7	129199924	129397421	1	1	0	0	4	14
chr7	129251666	129297182	1	1	1	3	0	10
chr7	129254138	129269298	1	1	0	0	1	15
chr7	129260281	129397421	1	1	0	0	4	14
chr7	129337117	130262091	2	2	0	0	7	16
chr7	129479161	129592763	1	5	0	5	0	21
chr7	129636257	129791303	2	2	0	0	11	30
chr7	129670619	129676318	2	4	0	5	0	32
chr7	129685667	129695262	1	1	0	0	1	18
chr7	129760744	129761893	1	1	1	5	0	3
chr7	129764376	129765704	1	1	1	5	0	6
chr7	129813780	129815351	2	2	1	4	0	31
chr7	129815450	129818241	2	2	1	5	0	18
chr7	131067060	131112859	1	1	0	0	9	19
chr7	131113905	131122543	1	3	1	1	0	24
chr7	131196193	131241018	2	2	1	0	2	6
chr7	132523230	132570421	2	2	1	5	0	23
chr7	132570506	132659928	2	2	1	0	8	32
chr7	132660047	132709305	2	2	1	10	0	20
chr7	132709388	132754901	2	2	1	0	11	7
chr7	132754990	132766616	2	2	1	3	0	31
chr7	132959927	132973675	1	1	1	8	0	25
chr7	133259620	133757869	1	1	0	0	6	19
chr7	133580489	133602335	1	1	1	0	7	1
chr7	133682387	133689664	1	1	1	4	0	9
chr7	134136506	134143748	2	2	1	8	0	10
chr7	134851417	134851545	2	2	0	7	0	23
chr7	134853813	134855150	2	2	1	2	0	14
chr7	134878425	134879685	2	2	1	1	0	18
chr7	135047939	135048605	2	2	1	2	0	28
chr7	135123172	135194636	2	2	1	6	0	8
chr7	135242721	135255852	1	1	1	52	0	30
chr7	135242725	135255859	1	1	0	6	0	18
chr7	135262773	135263498	1	1	1	5	0	30
chr7	135276349	135277734	1	1	1	8	0	17
chr7	135282167	135282745	1	1	1	1	0	4
chr7	135286256	135287552	1	1	1	11	0	2
chr7	135292120	135298906	1	1	1	9	0	13
chr7	135301475	135301837	1	1	1	0	1	6
chr7	135312112	135312187	0	0	0	3	0	30
chr7	135323432	135327939	1	1	1	6	0	29
chr7	135330345	135330905	1	1	1	8	0	15
chr7	135347343	135357500	1	1	1	5	0	16
chr7	135635431	135636264	2	2	1	4	0	3
chr7	137405086	137568833	2	2	0	0	13	26
chr7	137567375	137569740	2	2	1	6	0	11
chr7	137588764	137590447	2	2	1	6	0	18
chr7	138103816	139065216	1	1	0	5	0	19
chr7	138200105	138203933	1	1	1	3	0	27
chr7	138374573	139223466	1	1	0	0	6	32
chr7	138564400	138566133	2	2	1	0	9	3
chr7	138644963	139106990	2	2	0	0	6	15
chr7	139045069	139059146	1	1	1	0	6	1
chr7	139045069	139060807	1	1	1	0	6	1
chr7	139083444	139086882	1	1	1	8	0	16
chr7	139092097	139094308	1	1	1	3	0	1
chr7	139258144	139259873	2	2	1	7	0	7
chr7	139281745	139285162	2	2	1	5	0	32
chr7	139316472	139415730	2	2	1	0	9	2
chr7	139799824	139801750	2	4	1	4	0	23
chr7	139998615	140174661	1	1	0	8	0	22
chr7	140037150	140043211	2	2	1	1	0	29
chr7	140037150	140045015	2	2	0	1	0	13
chr7	140049017	140049211	2	6	0	7	0	22
chr7	140051947	140055467	2	2	1	5	0	23
chr7	140079272	140080081	2	2	1	0	5	5
chr7	140082397	140098215	2	2	1	5	0	1
chr7	140157471	140213054	2	4	0	0	3	20
chr7	140159034	140159506	2	2	1	9	1	27
chr7	140402811	140404659	1	1	1	5	0	19
chr7	140476889	140477790	2	2	1	16	0	30
chr7	141255368	141292945	1	1	1	5	0	11
chr7	141438211	141438923	1	1	1	48	0	11
chr7	141442030	141443360	1	1	1	5	0	4
chr7	142985623	142988632	1	1	1	3	0	16
chr7	142989561	142989709	1	1	1	3	0	2
chr7	142997388	142997472	1	1	1	4	0	21
chr7	143015443	143182058	1	1	0	0	3	21
chr7	143087071	143087670	1	1	1	1	0	25
chr7	143586763	143588234	0	0	0	4	0	32
chr7	143892795	143904785	1	1	1	0	2	5
chr7	144040392	144052430	2	2	1	0	2	3
chr7	148396122	148427053	1	1	1	3	0	29
chr7	148486919	148487401	1	1	1	3	0	16
chr7	148504799	148506162	2	2	1	8	0	15
chr7	148512132	148512597	2	2	1	17	0	14
chr7	148525973	148526819	2	2	1	5	0	17
chr7	148526941	148529725	2	2	1	1	0	16
chr7	148544398	148581255	2	2	1	1	0	22
chr7	148697689	148698139	2	6	0	8	0	21
chr7	148709453	148711995	2	2	1	3	0	22
chr7	148718240	148725412	2	2	1	5	0	10
chr7	148752831	148918212	1	1	0	3	0	20
chr7	148771631	148787714	2	2	1	1	0	1
chr7	148810228	149338837	2	2	0	0	6	22
chr7	148864023	148873559	1	1	1	4	0	19
chr7	149148204	149151201	2	2	1	9	0	3
chr7	149172572	149174012	2	2	1	2	0	13
chr7	149318264	149318350	2	2	1	11	1	7
chr7	149412158	149412329	1	1	1	0	11	4
chr7	149589488	149606738	2	2	1	0	2	3
chr7	150020551	150795101	2	2	0	5	0	12
chr7	150020650	150022929	1	1	1	6	0	19
chr7	150104952	150107247	1	1	1	0	1	6
chr7	150733055	150733159	1	1	1	3	0	25
chr7	150738010	150738185	1	1	1	10	11	4
chr7	150739196	150741057	1	1	1	6	0	13
chr7	150763849	150763937	1	1	1	3	0	3
chr7	150767434	150767543	1	1	1	6	0	28
chr7	150767999	150768158	1	1	1	2	0	7
chr7	150773274	150773373	1	1	1	19	0	32
chr7	150774115	150774187	2	2	1	11	0	30
chr7	150779681	150779850	2	4	1	0	1	5
chr7	150779681	150780520	2	2	1	7	0	23
chr7	150810621	150810789	0	0	0	7	0	32
chr7	150831656	150837065	1	1	1	0	1	6
chr7	150835401	150837065	1	1	1	0	1	5
chr7	150839536	150840434	1	1	0	0	5	20
chr7	150839722	150840427	1	1	1	0	5	1
chr7	150929901	150932133	1	1	1	0	1	2
chr7	150932699	150933493	1	1	1	7	0	26
chr7	151038933	151042433	1	1	1	10	0	21
chr7	151046327	151048509	1	1	1	2	0	20
chr7	151077083	151081439	1	1	0	2	0	25
chr7	151836877	151841797	2	2	1	3	0	31
chr7	151860912	151864230	2	2	1	1	0	29
chr7	151877212	151877795	2	2	1	7	0	15
chr7	151885882	152276824	1	1	0	7	0	25
chr7	151902311	151904384	2	2	1	0	1	9
chr7	152098922	152537886	1	1	0	0	5	13
chr7	152156410	152509346	2	2	0	0	5	26
chr7	152480328	152497615	1	1	1	0	2	3
chr7	153012097	153012225	2	2	0	0	1	24
chr7	155089670	155089968	1	1	1	3	0	8
chr7	155089738	155089968	1	1	1	7	0	30
chr7	155090408	155093275	1	1	1	0	1	2
chr7	155499763	155503866	1	1	1	6	0	16
chr7	155531098	155532408	1	1	1	6	0	5
chr7	156472001	156473136	2	2	1	1	0	10
chr7	156629580	156685621	2	2	1	4	0	16
chr7	156672099	156681488	2	2	0	0	7	26
chr7	156743419	156745167	1	1	1	4	0	3
chr7	156752869	156754844	1	1	1	6	0	7
chr7	156799334	156802353	2	2	1	6	0	23
chr7	157000630	157009560	1	1	1	0	1	3
chr7	157159256	157160066	1	1	1	9	0	26
chr7	157940152	157940455	2	2	0	0	9	32
chr7	157995854	158507193	1	1	0	0	6	15
chr7	158424410	158436980	2	2	1	4	0	24
chr7	158438312	158439151	2	2	1	5	0	8
chr7	158455060	158456875	2	2	1	2	0	4
chr7	158482646	158483259	2	2	1	1	0	22
chr7	158494630	158497414	2	2	1	19	0	22
chr7	158664254	158669299	1	1	1	5	0	5
chrX	200982	205399	1	1	1	0	4	6
chrX	284313	284460	1	1	0	0	7	20
chrX	284315	284460	1	1	0	0	1	20
chrX	299446	299512	2	2	1	0	7	24
chrX	304851	304958	2	2	0	0	6	32
chrX	304851	305012	2	2	0	0	6	32
chrX	304932	304958	2	2	0	0	6	32
chrX	304932	305012	2	2	0	0	6	32
chrX	861076	868076	1	1	0	0	5	31
chrX	1017202	1017521	2	2	0	0	2	22
chrX	1386754	1386874	1	1	0	0	8	16
chrX	1505653	1506171	2	2	1	0	4	19
chrX	1511657	1515264	1	1	0	0	9	32
chrX	1734668	1767222	2	4	0	0	1	17
chrX	2310516	2326785	2	2	1	0	6	28
chrX	2321666	2439923	1	1	0	0	8	29
chrX	2710093	2728725	1	1	0	0	4	23
chrX	2761716	3265926	1	3	0	0	4	19
chrX	5478430	5482747	2	2	0	0	1	15
chrX	6497238	6846900	2	2	0	6	0	23
chrX	7527115	7527163	2	2	0	0	5	30
chrX	8825319	8829390	1	1	0	1	0	12
chrX	10082562	10095564	1	1	0	0	1	25
chrX	10108326	10113685	1	3	0	1	0	16
chrX	12157132	12359659	1	1	0	4	0	15
chrX	12383849	12385009	2	2	0	2	0	29
chrX	13767653	13769367	1	1	1	2	0	8
chrX	13792744	13794356	2	2	1	5	0	5
chrX	13801641	13803740	2	2	1	1	0	3
chrX	14887166	14891107	2	2	1	32	0	25
chrX	15350115	15353622	2	2	1	4	0	12
chrX	15699171	15706783	1	1	1	9	0	30
chrX	15764312	15778018	1	1	0	0	4	31
chrX	15834014	15836709	1	1	1	0	7	21
chrX	15836766	15838329	1	1	1	0	3	12
chrX	16611322	16724752	1	1	0	0	9	25
chrX	16754356	16759838	1	1	1	2	0	30
chrX	16775433	16778354	1	1	1	1	0	16
chrX	16804713	16836696	1	1	1	9	0	15
chrX	16875833	16876798	2	2	1	3	0	13
chrX	17397685	17404570	1	1	0	0	8	30
chrX	18360709	18385956	1	1	0	0	4	18
chrX	18525281	18528939	1	1	1	4	0	10
chrX	18949867	18954172	2	2	1	3	0	21
chrX	19367490	19368054	1	1	1	5	0	5
chrX	19368229	19369398	1	1	1	2	2	17
chrX	19564169	19568091	2	2	1	2	0	4
chrX	20074910	20081531	2	2	1	3	0	17
chrX	20082924	20134867	2	2	1	9	0	12
chrX	20156741	20159742	2	2	1	0	17	11
chrX	20195203	20204413	2	2	1	2	0	14
chrX	20252933	20284681	2	2	1	8	0	23
chrX	21857928	21861287	1	1	1	3	0	6
chrX	23135949	23796067	1	3	0	0	6	12
chrX	23801535	23801774	1	1	1	5	0	11
chrX	23803678	23803802	1	1	1	5	0	14
chrX	23874500	23876758	2	2	1	0	5	3
chrX	24024818	24042973	2	2	1	0	5	1
chrX	24043176	24045256	2	2	1	0	6	2
chrX	24073155	24073731	1	1	1	8	2	25
chrX	24078300	24080532	1	1	1	0	6	20
chrX	24086226	24089674	1	1	1	0	7	1
chrX	24087268	24348897	1	1	0	0	8	27
chrX	24179960	24190831	1	1	1	3	0	16
chrX	24712122	24712364	1	1	0	3	0	14
chrX	24721465	24722505	1	1	1	3	0	13
chrX	24734572	24735000	1	1	1	2	0	11
chrX	24735089	24735406	1	1	1	10	0	19
chrX	24755859	24757491	1	1	1	0	6	1
chrX	24760239	24761346	1	1	1	1	0	6
chrX	24767110	24828014	1	1	1	2	0	3
chrX	24906240	24948569	1	1	1	7	0	11
chrX	29153923	29924235	2	2	0	0	5	12
chrX	30714269	30714733	1	1	1	8	0	15
chrX	30715867	30718530	1	1	1	3	0	5
chrX	30718567	30718954	1	1	1	3	1	4
chrX	30766332	31017764	1	1	0	0	5	28
chrX	31196923	31198486	2	2	1	6	0	2
chrX	34133742	34308170	2	2	0	0	3	12
chrX	37699905	37700280	2	2	1	0	2	6
chrX	39914767	39916407	2	2	1	18	0	22
chrX	39922325	39922860	2	2	1	8	0	6
chrX	39930413	39930889	2	2	1	3	0	4
chrX	39934434	39935706	2	2	1	3	0	21
chrX	40241331	40350598	2	2	0	3	0	13
chrX	40440355	40448237	1	1	1	3	0	27
chrX	40706172	40713868	2	2	0	0	1	23
chrX	41000025	41000218	1	1	1	3	0	5
chrX	41029873	41031090	1	1	1	4	0	4
chrX	41043382	41043649	1	1	1	2	0	7
chrX	41089033	41089753	1	1	1	7	0	13
chrX	41204578	41204656	1	1	1	6	0	31
chrX	41206266	41206564	1	1	1	7	0	17
chrX	41221591	41314108	2	2	0	0	2	26
chrX	41414889	41419031	2	2	1	2	0	22
chrX	44399691	44730673	0	0	0	0	7	31
chrX	44476676	44739158	2	2	0	0	5	23
chrX	44656876	44657018	1	1	0	0	1	31
chrX	44731888	44745582	2	2	0	4	0	12
chrX	44833961	44870205	1	1	1	6	0	18
chrX	44870265	44879854	1	1	1	4	0	23
chrX	46337813	46384806	1	1	0	0	1	18
chrX	46510659	46510750	2	2	1	3	0	11
chrX	46772155	46844284	1	1	1	0	6	1
chrX	47038895	47039278	1	1	1	3	0	5
chrX	47039437	47039610	1	1	1	8	0	9
chrX	47060400	47060674	1	1	1	4	0	28
chrX	47060766	47060876	1	1	1	10	0	18
chrX	47061653	47061756	1	1	1	2	0	3
chrX	47062214	47062341	1	1	1	1	0	1
chrX	47062447	47062532	1	1	1	11	0	11
chrX	47062614	47062939	1	1	1	2	0	7
chrX	47063096	47065346	1	1	1	12	0	26
chrX	47065513	47065646	1	1	1	7	0	23
chrX	47065844	47069021	1	1	1	12	0	21
chrX	47070316	47070434	1	1	1	2	0	10
chrX	47070625	47071822	1	1	1	9	0	25
chrX	47073828	47073935	1	1	1	6	0	16
chrX	47077449	47077811	1	1	1	1	3	2
chrX	47083159	47083783	1	1	1	3	0	10
chrX	47084143	47084232	1	1	1	5	0	12
chrX	47085266	47085363	1	1	1	6	0	11
chrX	47086309	47086392	1	1	1	10	0	11
chrX	47086499	47086579	1	1	1	3	0	19
chrX	47086623	47086777	1	1	1	12	0	19
chrX	47088044	47088129	1	1	1	1	0	7
chrX	47098579	47098749	1	1	1	3	0	26
chrX	47099850	47099985	1	1	1	17	0	22
chrX	47101099	47101480	1	1	1	4	0	6
chrX	47102120	47102794	1	1	1	6	0	21
chrX	47103950	47104080	1	1	1	1	0	22
chrX	47104324	47104414	1	1	1	18	0	24
chrX	47104882	47106470	1	1	1	4	6	20
chrX	47106819	47107009	1	1	1	2	0	10
chrX	47107099	47107191	1	1	1	6	0	16
chrX	47202814	47209237	2	2	0	0	2	30
chrX	47372555	47372590	1	3	0	1	3	25
chrX	47376350	47742319	1	1	0	0	6	27
chrX	47420651	47422307	1	1	1	4	0	31
chrX	47518336	47518513	2	2	1	3	0	23
chrX	47585487	48395494	1	3	0	4	0	32
chrX	47696387	47705503	1	1	1	6	0	20
chrX	48232300	48467550	2	2	0	0	5	17
chrX	48232300	48956543	2	2	0	0	5	17
chrX	48380296	48382086	1	1	1	2	0	12
chrX	48382937	48850717	2	2	0	0	4	22
chrX	48385674	48386621	1	1	1	6	0	21
chrX	48385714	48386278	1	1	0	3	0	19
chrX	48434056	48434701	1	1	1	9	0	18
chrX	48434808	48434895	1	1	1	3	0	5
chrX	48434993	48435413	1	1	1	3	0	30
chrX	48472645	48486123	1	1	0	0	1	19
chrX	48480892	48481671	1	1	0	0	1	18
chrX	48535138	48541656	1	1	1	0	1	1
chrX	48544226	48544334	1	1	1	6	0	12
chrX	48558691	48558959	1	3	1	0	5	2
chrX	48567808	48598669	1	1	0	0	3	23
chrX	48661193	48661277	1	1	1	1	0	5
chrX	48664079	48664774	1	1	1	5	0	28
chrX	48666545	48666664	1	1	1	10	0	7
chrX	48674460	48674547	1	1	1	5	0	15
chrX	48689866	48690278	2	2	1	6	0	9
chrX	48751101	48751182	2	2	1	1	0	4
chrX	48758579	48758795	1	1	1	5	0	26
chrX	48758579	48759206	1	1	1	7	0	5
chrX	48781330	48783122	2	2	1	5	0	25
chrX	48801545	48814238	2	2	1	0	1	3
chrX	48832776	48834716	2	2	1	8	0	9
chrX	48844611	48846022	2	2	1	2	0	29
chrX	48847523	48853661	2	2	0	3	0	21
chrX	48850682	49631274	2	2	0	0	6	32
chrX	48902405	49655676	2	2	0	0	8	24
chrX	48930310	48931467	2	2	1	3	0	5
chrX	48932941	48933022	2	2	1	8	0	31
chrX	48970877	48972079	2	2	1	0	7	3
chrX	48978873	48978971	2	2	1	5	0	7
chrX	49029629	49029734	1	1	1	15	0	16
chrX	49030773	49031020	1	1	1	11	0	15
chrX	49041164	49042708	2	2	1	4	0	4
chrX	49054299	49056620	0	0	0	6	0	31
chrX	49055493	49056609	2	2	1	9	0	4
chrX	49104772	49104867	1	1	1	12	0	19
chrX	50591770	50607139	2	2	0	0	6	23
chrX	51637446	51638148	1	1	1	7	0	11
chrX	51805761	51806082	2	2	1	0	4	5
chrX	51807206	51807596	2	2	1	0	9	20
chrX	51932691	51933081	1	1	1	0	9	20
chrX	51934205	51934526	1	1	1	0	4	5
chrX	53223034	53223320	2	2	1	5	0	24
chrX	53230927	53231035	2	2	1	2	0	20
chrX	53236262	53237822	0	0	0	0	6	32
chrX	53245380	53246324	2	2	1	3	0	14
chrX	53247581	53250020	2	2	1	10	0	10
chrX	53407652	53407938	2	2	1	9	0	29
chrX	53410175	53421697	2	2	1	7	0	6
chrX	53423301	53423391	2	2	1	5	0	27
chrX	53423538	53426510	2	2	1	20	0	17
chrX	53424448	53424532	2	2	0	5	0	32
chrX	53430605	53430708	2	2	1	0	10	2
chrX	53430826	53431943	2	2	1	2	0	22
chrX	53432324	53432424	2	2	1	4	0	28
chrX	53432889	53435992	2	2	1	3	0	11
chrX	53436435	53438710	2	2	1	8	0	9
chrX	53440386	53441706	2	2	1	10	0	2
chrX	53441820	53441929	2	2	1	4	0	21
chrX	53459065	53459194	2	2	1	4	0	18
chrX	53563214	53563340	2	2	1	3	0	6
chrX	53564658	53565297	2	2	1	8	0	8
chrX	53565416	53565795	2	2	1	4	0	12
chrX	53566042	53566617	2	2	1	1	0	2
chrX	53569501	53570846	2	2	1	11	0	10
chrX	53572123	53573396	2	2	1	6	0	13
chrX	53573787	53574633	2	2	1	6	0	20
chrX	53578442	53579271	2	2	1	9	0	4
chrX	53579403	53579598	2	2	1	3	0	28
chrX	53579855	53581593	2	2	1	3	0	23
chrX	53581882	53584342	2	2	1	2	0	19
chrX	53584389	53585615	2	2	1	10	0	19
chrX	53586022	53586314	2	4	1	3	0	30
chrX	53586494	53587148	2	2	1	1	0	26
chrX	53591684	53592027	2	2	1	1	0	11
chrX	53602182	53602602	2	2	1	5	0	3
chrX	53607987	53610517	2	2	1	9	0	26
chrX	53610877	53611145	2	2	1	3	0	32
chrX	53611306	53611971	2	2	1	5	0	31
chrX	53613532	53613741	2	2	1	8	0	27
chrX	53618083	53619357	2	2	1	8	0	26
chrX	53641707	53642704	2	2	1	5	0	21
chrX	53652220	53652746	2	2	1	6	0	11
chrX	53655854	53656466	2	2	1	9	0	22
chrX	53661251	53672262	2	2	1	3	0	19
chrX	53675254	53681006	2	2	1	3	0	20
chrX	53698721	54479151	2	4	0	8	0	32
chrX	53699332	54151845	2	2	0	0	6	30
chrX	53707140	53710818	2	2	1	2	0	24
chrX	53707140	53713214	2	2	1	6	0	4
chrX	53939690	54013331	2	4	0	5	0	27
chrX	54013925	54111802	2	2	0	0	8	24
chrX	54026395	54028587	2	2	1	5	0	3
chrX	54029116	54037554	2	2	1	2	0	13
chrX	54081142	54089369	2	4	0	0	7	30
chrX	54160480	54161263	2	2	1	9	0	2
chrX	54218639	54460424	0	0	0	0	6	31
chrX	54372155	54398267	1	1	0	0	1	27
chrX	54372155	54403434	1	1	0	0	1	27
chrX	54494366	54495219	2	2	1	5	0	20
chrX	54522430	54522616	1	1	0	4	0	19
chrX	54556736	54558956	1	1	0	4	0	32
chrX	54578862	54580997	1	1	1	4	0	8
chrX	54581126	54584868	1	1	1	5	1	3
chrX	54947312	54949010	1	1	1	0	5	3
chrX	55172745	55185561	2	2	1	4	0	5
chrX	55185662	55187569	2	2	1	4	0	24
chrX	55775169	55775793	1	1	0	0	7	21
chrX	56758633	56843752	1	1	1	1	0	13
chrX	56804843	56819843	1	1	0	0	1	20
chrX	57486782	57658025	1	1	0	8	0	21
chrX	61685806	61696088	2	2	0	0	2	26
chrX	61772056	61890226	2	2	0	0	5	17
chrX	61772056	61902756	2	2	0	0	5	17
chrX	61789708	61890226	2	2	0	0	5	17
chrX	61789708	61902756	2	2	0	0	5	17
chrX	62923165	62926137	2	2	1	9	0	6
chrX	64222422	64222468	0	0	0	0	5	31
chrX	64438411	64438570	0	0	0	6	0	32
chrX	64738346	64743439	2	2	1	5	0	22
chrX	64749759	64751236	2	2	1	8	0	20
chrX	64789045	64960325	2	2	0	4	0	13
chrX	64947772	64949299	1	1	1	6	0	8
chrX	67433117	67476777	1	1	0	0	1	14
chrX	67718925	67751899	0	0	0	4	0	30
chrX	69288381	69437515	1	1	0	0	3	14
chrX	69510001	69510287	1	1	1	10	7	27
chrX	69577822	69578038	1	3	0	10	0	18
chrX	69606552	69607033	1	1	1	3	0	24
chrX	69622546	69623713	1	1	1	5	0	18
chrX	69625756	69626108	1	1	1	2	0	25
chrX	70340021	70340820	1	1	1	1	0	8
chrX	70344997	70345200	1	1	1	6	0	8
chrX	70346005	70346190	1	1	1	4	0	26
chrX	70360708	70361079	1	1	1	1	0	6
chrX	70473125	70474508	2	2	0	6	0	30
chrX	70503572	70504246	1	1	1	13	5	28
chrX	70503572	70511628	1	1	1	0	5	1
chrX	70510642	70511628	1	1	1	8	0	16
chrX	70511823	70514076	1	1	1	6	10	29
chrX	70511823	70514247	1	1	1	0	9	1
chrX	70514379	70516414	1	1	1	4	0	22
chrX	70516898	70517226	1	1	1	14	0	26
chrX	70517312	70517685	1	1	1	7	0	25
chrX	70586345	70587348	1	1	1	7	0	30
chrX	70603986	70604794	1	1	1	5	0	20
chrX	70609516	70612418	1	1	1	6	0	3
chrX	70614096	70617102	1	1	1	2	0	18
chrX	70618588	70621377	1	1	1	5	0	6
chrX	70767874	70774362	1	1	1	5	0	6
chrX	70783097	70783178	1	1	1	10	0	8
chrX	70784604	70787349	1	1	1	2	0	18
chrX	70787603	70787842	1	1	1	1	0	5
chrX	71398780	71779718	2	4	0	9	0	31
chrX	71401679	71406310	1	1	1	11	0	15
chrX	71416755	71417217	1	1	1	0	2	1
chrX	71492623	71493081	2	2	1	10	0	13
chrX	71493240	71493650	2	2	1	16	1	14
chrX	71493823	71494902	2	2	1	17	0	19
chrX	71495001	71495393	2	2	1	12	2	27
chrX	71495575	71496006	2	2	1	14	0	26
chrX	71496085	71497042	2	2	1	85	16	32
chrX	71635137	71645008	2	2	0	7	0	18
chrX	71710857	71715005	2	2	1	5	0	31
chrX	71886148	71887224	2	2	1	3	0	9
chrX	71887324	71895919	2	2	1	1	0	12
chrX	71904431	71915557	2	2	1	0	5	7
chrX	71915727	71925046	2	2	1	0	1	25
chrX	72288820	72289183	1	1	0	0	9	22
chrX	72852805	72852827	2	6	0	5	0	21
chrX	73042052	73045949	2	2	1	0	3	4
chrX	73046751	73057295	0	0	0	6	0	32
chrX	73047820	73048902	2	2	1	1	0	18
chrX	73049067	73050900	2	2	1	46	13	32
chrX	73051042	73053072	2	2	1	0	4	2
chrX	73051110	73051204	2	2	1	0	6	1
chrX	73051110	73053072	2	2	1	46	6	31
chrX	73051110	73057274	2	2	0	8	0	27
chrX	73053210	73057274	2	2	1	39	0	28
chrX	73057339	73061216	2	2	1	25	0	30
chrX	73071243	73071636	0	0	0	3	0	32
chrX	73071299	73071554	2	2	0	6	0	20
chrX	73500330	73500765	2	2	1	11	0	15
chrX	73805595	73812481	0	0	0	3	0	30
chrX	74273421	74280057	2	2	1	8	0	24
chrX	74293792	74295196	2	2	1	2	0	3
chrX	75393004	75393419	1	1	1	2	0	13
chrX	75393486	75394724	1	1	1	1	0	5
chrX	76876001	76888694	2	2	1	2	0	14
chrX	76995466	77135961	1	1	0	0	4	19
chrX	77131095	77150805	2	2	1	5	0	8
chrX	77380923	77381286	1	1	1	4	0	14
chrX	77387271	77388834	2	2	1	9	0	9
chrX	79652370	79652496	2	2	0	0	4	17
chrX	79946673	79947321	2	2	1	3	0	11
chrX	79960346	79962925	2	2	1	1	0	23
chrX	79989718	79990625	2	2	1	8	0	25
chrX	80008303	80021850	0	0	0	3	0	32
chrX	82635897	82681037	2	2	0	0	1	24
chrX	82666003	82681037	2	2	0	0	1	24
chrX	84499198	84500908	1	1	1	7	3	19
chrX	84499894	84500908	1	1	1	0	4	2
chrX	84519437	84520123	1	1	1	9	0	19
chrX	84523348	84525008	1	1	1	0	2	3
chrX	84525153	84525656	1	1	1	5	0	10
chrX	90742744	91387529	2	2	0	0	5	32
chrX	100275578	100276089	2	4	1	3	0	15
chrX	100353529	100356046	1	1	1	6	0	13
chrX	100385063	100387178	1	1	1	1	0	3
chrX	100646035	100646446	1	1	1	21	11	32
chrX	100646811	100650322	1	1	1	0	17	18
chrX	100647984	100649890	2	4	0	3	0	20
chrX	100650446	100650715	1	1	1	13	1	28
chrX	100653556	100653772	2	2	1	0	2	1
chrX	100655746	100656619	2	2	1	1	0	28
chrX	100656798	100658798	2	2	1	1	0	4
chrX	100871757	100872281	2	2	1	0	1	3
chrX	100879541	100879823	1	1	1	7	0	9
chrX	102349574	103218803	2	2	0	0	5	19
chrX	102931247	102942950	2	2	0	0	7	25
chrX	102931980	102933426	2	2	1	6	0	30
chrX	102939658	102940098	2	2	1	2	0	23
chrX	105876254	105876359	1	1	1	5	0	16
chrX	106093541	106096750	1	1	1	2	0	6
chrX	106310924	106312484	2	2	1	0	1	5
chrX	106359997	106361995	2	2	1	12	0	30
chrX	106411015	106418318	2	2	1	9	0	3
chrX	106813192	107278368	0	0	0	0	7	31
chrX	107167735	107169323	1	1	1	1	0	9
chrX	107404966	107406121	2	2	1	3	0	12
chrX	107683437	107782975	1	1	1	6	0	24
chrX	107838832	107840227	1	1	1	8	0	11
chrX	108297395	108297500	1	1	0	10	0	30
chrX	108297439	108297512	0	0	0	6	0	30
chrX	108407292	108467889	2	4	0	0	4	21
chrX	109246001	109246728	1	1	1	1	0	7
chrX	109247393	109310574	1	1	1	4	0	6
chrX	110924528	110925359	1	1	1	5	0	4
chrX	110961503	110963322	1	1	1	1	0	14
chrX	111879757	112064660	1	1	0	0	3	13
chrX	114532697	115412158	2	2	0	0	6	30
chrX	114795588	114844554	1	1	1	12	0	25
chrX	114863640	114864146	1	1	1	5	0	12
chrX	114864280	114868311	1	1	1	6	0	1
chrX	115058713	115059326	0	0	0	7	0	30
chrX	117841050	117864078	2	2	0	3	0	29
chrX	117861690	117874979	1	1	1	23	0	11
chrX	117892206	117895100	1	1	1	7	0	11
chrX	118370655	118374271	1	1	1	8	0	27
chrX	118602590	118603623	1	1	1	1	2	30
chrX	118604111	118604335	1	1	1	17	0	16
chrX	118716640	118717089	1	1	1	7	0	20
chrX	118920696	118923870	2	2	1	0	19	28
chrX	118923975	118925536	2	2	1	0	37	21
chrX	118965723	118968878	2	2	0	7	0	25
chrX	118985565	118985729	2	2	1	4	0	11
chrX	119007357	119010476	1	1	1	3	0	22
chrX	119055887	119056656	2	2	1	2	0	3
chrX	119066180	119068456	2	2	1	2	0	26
chrX	119246825	119249374	2	2	1	6	0	23
chrX	119580283	119581695	2	2	1	11	0	8
chrX	119660712	119663956	2	2	1	3	0	27
chrX	119694481	119695226	2	2	1	4	0	11
chrX	122745368	122747249	2	2	1	6	0	30
chrX	122759921	122760371	2	2	1	2	0	24
chrX	122805613	122820397	2	2	1	15	0	14
chrX	122820565	122829870	2	2	1	0	3	2
chrX	123034544	123040837	1	1	1	1	0	32
chrX	123125452	123137067	2	2	0	4	0	29
chrX	123182929	123184035	1	1	1	2	0	15
chrX	123195192	123195620	1	1	1	5	0	30
chrX	123197056	123197697	1	1	1	7	0	24
chrX	123200113	123200205	1	1	1	1	0	17
chrX	123202507	123204998	1	1	1	0	1	2
chrX	123205174	123210181	1	1	1	1	0	10
chrX	126240525	126352373	2	2	0	0	4	25
chrX	126240525	126927395	2	2	0	0	4	25
chrX	128565126	129027028	0	0	0	0	9	30
chrX	128947702	128948633	2	2	1	1	0	17
chrX	128963118	128975754	2	2	1	4	0	3
chrX	128977303	128977671	2	2	1	14	0	25
chrX	128984671	128984847	1	1	0	0	4	24
chrX	128984671	128985221	1	1	0	0	4	24
chrX	128984942	128985217	1	1	0	0	1	23
chrX	128985073	128985221	1	1	0	0	5	24
chrX	128985123	128985221	1	1	0	0	5	24
chrX	129060316	129063311	1	1	1	7	0	6
chrX	129273847	129274507	2	2	1	8	0	23
chrX	130959394	130964319	2	2	1	4	0	31
chrX	131339616	131348161	2	2	1	10	0	4
chrX	131351396	131352259	2	2	1	0	5	2
chrX	132091355	132092202	2	2	1	8	0	7
chrX	132437095	132549101	0	0	0	4	0	32
chrX	133594369	133607388	1	1	1	21	0	21
chrX	133607496	133609210	1	1	1	5	0	10
chrX	134026915	134030846	2	2	0	7	0	25
chrX	135229788	135252065	1	1	1	7	0	13
chrX	135314374	135318402	2	2	0	5	0	32
chrX	135314380	135318402	2	2	1	2	0	23
chrX	135579599	135579834	1	1	1	10	0	27
chrX	135772908	135789066	2	2	1	3	0	4
chrX	136012224	136012478	0	0	0	13	0	31
chrX	139014796	139014912	2	2	0	10	0	26
chrX	139115725	139115786	1	1	0	0	2	30
chrX	139806036	139806603	2	2	0	5	0	23
chrX	139866438	139866621	1	1	0	3	0	26
chrX	140270594	140271077	2	2	1	7	1	2
chrX	148585824	148586564	2	2	1	9	0	26
chrX	148690522	148692969	2	2	1	1	0	31
chrX	149862150	149867667	1	1	1	7	0	5
chrX	149896264	149898580	1	1	1	3	0	26
chrX	149962230	149963678	2	2	1	8	0	12
chrX	150029410	150147545	0	0	0	8	0	31
chrX	150154664	150155600	1	1	1	6	2	11
chrX	150155776	150156249	1	1	1	2	0	5
chrX	151997822	151998145	2	4	1	4	0	19
chrX	152036218	152037327	1	1	1	0	11	2
chrX	152823762	152824714	1	1	1	2	0	15
chrX	152853913	152857963	2	2	1	6	0	17
chrX	152911720	152953487	1	1	0	0	6	14
chrX	152953003	152954269	2	2	1	0	7	2
chrX	152954292	152955829	1	1	1	19	0	25
chrX	152959042	152959658	1	1	1	0	4	2
chrX	152969550	152980996	2	2	1	2	0	7
chrX	152981145	152986326	2	2	1	1	0	1
chrX	152988744	152989788	2	2	1	3	0	9
chrX	153037950	153038267	2	4	0	7	0	15
chrX	153053411	153053529	2	2	1	3	0	25
chrX	153053591	153055166	2	2	1	14	0	19
chrX	153055263	153055649	2	2	0	6	0	26
chrX	153055748	153056018	2	2	1	8	0	4
chrX	153060210	153061888	1	1	1	7	0	15
chrX	153062008	153062912	1	1	1	2	0	11
chrX	153138698	153141215	2	2	1	0	1	5
chrX	153195677	153196215	2	2	1	8	0	11
chrX	153197569	153197768	2	2	1	7	0	20
chrX	153218542	153219057	2	2	1	1	0	22
chrX	153219222	153219516	2	2	1	3	0	11
chrX	153221863	153222075	2	2	1	10	1	10
chrX	153222215	153222368	2	2	1	2	0	6
chrX	153223338	153223475	2	2	1	17	0	29
chrX	153278130	153278493	2	2	1	2	0	18
chrX	153279730	153281482	2	2	1	4	0	23
chrX	153281549	153281887	2	2	1	2	0	7
chrX	153284530	153284647	2	2	1	2	0	13
chrX	153284780	153284881	2	2	1	52	0	31
chrX	153285050	153285127	2	2	1	11	0	28
chrX	153298009	153363060	2	2	1	7	0	16
chrX	153459416	153741086	2	2	0	4	0	12
chrX	153564326	153591851	1	1	0	0	6	15
chrX	153578576	153579276	2	2	1	2	0	1
chrX	153580065	153580251	2	2	1	15	0	4
chrX	153580390	153580548	2	2	1	5	0	6
chrX	153581044	153581139	2	2	1	6	0	28
chrX	153581573	153581663	2	2	1	11	0	27
chrX	153582096	153582282	2	2	1	8	0	6
chrX	153582852	153582983	2	2	1	12	0	9
chrX	153583080	153583192	2	2	1	12	0	26
chrX	153585992	153586566	2	2	1	1	0	3
chrX	153586937	153587351	2	2	1	4	5	2
chrX	153588015	153588099	2	2	1	7	0	23
chrX	153590156	153590346	2	2	1	11	0	19
chrX	153590517	153590609	2	2	1	9	0	15
chrX	153590947	153591028	2	2	1	6	0	26
chrX	153592534	153592626	2	2	1	10	0	20
chrX	153592741	153592893	2	2	1	1	0	14
chrX	153593326	153593503	2	2	1	7	0	9
chrX	153593855	153594391	2	2	1	1	0	19
chrX	153594593	153594675	2	2	1	6	0	16
chrX	153594839	153594929	2	2	1	4	0	19
chrX	153596107	153596209	2	2	1	17	0	22
chrX	153608155	153608301	1	1	1	4	0	6
chrX	153608728	153609112	1	1	1	1	0	6
chrX	153609163	153609241	1	1	1	8	0	29
chrX	153626246	153626303	0	0	0	11	0	30
chrX	153626736	153626837	1	1	1	38	0	18
chrX	153626884	153627678	1	1	1	10	9	21
chrX	153627302	153627678	1	1	1	0	3	1
chrX	153627738	153627827	1	1	1	0	1	19
chrX	153627936	153628143	1	1	1	0	7	14
chrX	153628283	153628804	1	1	1	4	4	13
chrX	153628968	153629042	1	1	1	0	15	22
chrX	153640552	153641543	1	1	1	2	0	5
chrX	153667487	153668287	1	1	1	10	0	22
chrX	153674066	153674159	1	1	1	6	0	13
chrX	153674909	153676831	1	1	1	6	0	22
chrX	153676909	153677037	1	1	1	4	0	29
chrX	153692034	153692293	1	1	1	0	7	2
chrX	153697313	153697398	1	1	1	6	0	19
chrX	153703181	153704307	1	1	0	4	0	21
chrX	153736193	153736619	2	2	1	8	0	23
chrX	153736929	153740180	2	2	1	4	0	16
chrX	153740205	153741146	2	2	1	4	0	24
chrX	153741261	153744083	2	2	1	1	6	10
chrX	153744137	153744233	2	2	1	0	6	1
chrX	153744137	153744292	2	4	1	0	6	1
chrX	153774379	153775003	2	2	1	0	7	1
chrX	153774379	153775682	2	2	1	0	7	1
chrX	153780405	153784379	1	1	1	8	0	27
chrX	153783938	153786777	1	3	0	5	0	27
chrX	153816177	153833478	1	1	0	0	4	17
chrX	153991257	153993173	1	1	1	4	0	15
chrX	153993242	153993718	1	1	1	3	0	19
chrX	154002981	154003469	1	1	1	4	0	13
chrX	154088884	154089992	2	2	1	2	0	18
chrX	154114981	154115073	0	0	0	0	7	30
chrX	154319115	154327589	1	1	1	0	1	30
chrX	154444853	154448459	1	1	1	14	0	12
chrX	154612095	154612187	0	0	0	0	7	30
chrX	155111112	155119120	1	1	1	0	4	26
chrX	155112356	155138682	1	1	0	0	1	21
chrX	155251458	155251663	1	1	1	0	4	14
chrX	155254766	155254905	1	1	1	0	6	26
chr8	255532	256164	2	2	1	0	4	22
chr8	270318	270429	1	1	0	0	2	27
chr8	357067	363072	1	1	1	4	0	24
chr8	363214	381340	1	1	1	7	0	23
chr8	649857	650000	1	3	0	1	7	31
chr8	651309	651419	2	2	0	0	7	15
chr8	666008	681139	2	2	1	17	0	32
chr8	667335	671987	1	1	0	1	0	20
chr8	845793	846567	1	1	0	0	7	16
chr8	845861	846567	1	1	0	0	7	16
chr8	845929	846567	1	1	0	0	7	16
chr8	845997	846567	1	1	0	0	7	16
chr8	846065	846567	1	1	0	0	7	16
chr8	846133	846567	1	1	0	0	7	16
chr8	846201	846567	1	1	0	0	7	16
chr8	889371	889785	1	1	0	0	1	29
chr8	1738478	2073561	2	2	0	0	9	15
chr8	1738478	2544680	2	2	0	0	9	15
chr8	1772280	1791518	1	1	1	6	0	30
chr8	1993284	1998868	1	1	1	4	0	7
chr8	2048845	2050456	1	1	1	4	0	10
chr8	2921983	2932692	1	3	0	2	0	19
chr8	3828405	4022288	2	2	0	0	3	21
chr8	6700558	6700854	0	0	0	3	0	31
chr8	7473810	7915378	2	2	0	0	12	20
chr8	8013570	8014093	1	1	0	0	3	18
chr8	8086223	8088364	1	1	1	0	1	7
chr8	9622301	9623201	1	1	1	2	0	22
chr8	9676525	9699033	2	2	0	0	5	23
chr8	10656987	10657169	2	2	0	5	0	28
chr8	10692286	10697247	2	2	1	6	3	27
chr8	10782341	11058084	2	2	1	0	6	2
chr8	10942408	11057671	2	2	0	16	0	16
chr8	11204905	11204971	0	0	0	5	0	30
chr8	11561814	11565364	1	1	1	23	0	28
chr8	11607746	11612554	1	1	1	6	0	11
chr8	11660441	11660599	1	1	1	0	4	1
chr8	11660441	11666302	1	1	1	0	4	1
chr8	11666401	11667175	1	1	1	3	0	14
chr8	11667360	11679258	1	1	1	1	2	17
chr8	11679388	11683532	1	1	1	4	0	12
chr8	11687930	11689026	1	1	1	6	0	23
chr8	11706674	11708374	2	2	1	10	0	25
chr8	11710989	11725509	2	2	1	11	0	12
chr8	12049351	12051483	2	2	1	0	1	7
chr8	12066540	12309062	1	1	0	0	8	16
chr8	12291624	12293756	2	2	1	0	1	7
chr8	12366591	12367114	2	2	0	0	3	18
chr8	12466621	12518169	1	1	0	0	12	20
chr8	12598506	12600672	2	2	1	10	0	13
chr8	12973167	13133770	2	2	1	0	1	1
chr8	15398078	15480588	1	1	1	3	0	13
chr8	15480759	15508205	1	1	1	8	0	10
chr8	15508324	15517015	1	1	1	4	0	8
chr8	15531346	15588174	1	1	1	6	0	29
chr8	15601122	15605883	1	1	1	2	0	28
chr8	17104879	17125766	1	1	1	0	6	2
chr8	17105927	17125766	1	1	1	0	6	2
chr8	17206591	17228545	2	2	1	0	4	1
chr8	17415907	17417836	1	1	1	4	0	16
chr8	17780698	17782221	1	1	1	3	0	26
chr8	17796519	17797199	1	1	1	1	0	12
chr8	17804873	17808123	1	1	1	8	0	31
chr8	17810696	17812978	1	1	1	18	0	13
chr8	17814287	17814772	1	1	1	5	0	27
chr8	17817954	17819542	1	1	1	1	0	21
chr8	17819684	17820609	1	1	1	2	0	17
chr8	17820801	17822076	1	1	1	5	0	19
chr8	17823983	17824488	1	1	1	8	0	19
chr8	17868876	17869175	1	1	1	3	0	22
chr8	17871546	17872092	1	1	1	5	0	19
chr8	17933097	17941489	2	2	1	9	0	18
chr8	19675854	19677083	1	1	1	10	0	26
chr8	19684071	19687916	1	1	1	3	0	9
chr8	19797040	19805690	1	1	1	8	0	25
chr8	20888120	21269825	2	2	0	0	6	14
chr8	21272589	22234132	2	2	0	0	5	20
chr8	21563554	21608099	2	2	1	0	2	2
chr8	21727115	22234132	2	2	0	0	5	20
chr8	21824515	21826993	1	1	1	2	0	17
chr8	21832286	21833866	1	1	1	4	0	7
chr8	21852305	22234132	2	2	0	0	5	20
chr8	21853111	21856265	1	1	1	0	2	1
chr8	21861542	21862505	1	1	1	4	0	18
chr8	21924671	21925037	1	1	1	5	0	20
chr8	21956872	21957214	1	1	1	6	0	14
chr8	21996066	21996151	2	2	1	3	0	29
chr8	21998211	21998963	2	2	1	16	0	20
chr8	22049665	22051570	1	1	1	3	1	13
chr8	22052104	22052236	1	1	1	4	0	8
chr8	22103128	22104733	1	1	1	5	0	6
chr8	22104778	22105369	1	1	1	6	0	30
chr8	22380263	22384904	1	1	1	2	0	11
chr8	22428735	22429230	1	1	1	8	0	18
chr8	22429335	22429852	1	1	1	1	0	16
chr8	22442913	22446810	1	1	1	0	3	2
chr8	22462356	22463248	1	1	1	13	0	31
chr8	22462356	22463597	1	1	1	0	2	1
chr8	22463345	22463597	1	1	1	5	2	5
chr8	22464839	22465481	1	1	1	3	0	4
chr8	22465579	22470529	1	1	1	1	0	27
chr8	22476242	22476339	1	1	1	8	0	29
chr8	22785234	22857191	2	2	1	0	3	2
chr8	22880498	22881700	2	2	1	3	0	16
chr8	22885955	22886041	2	2	1	6	0	26
chr8	23145671	23146018	1	1	1	8	0	16
chr8	23299580	23301362	2	2	1	1	0	4
chr8	23614749	23627251	2	2	0	0	1	18
chr8	24811820	24812985	2	2	1	7	0	17
chr8	25119984	25122776	1	1	0	8	0	17
chr8	25230235	25231133	1	1	1	9	0	2
chr8	25231175	25232079	1	1	1	0	5	2
chr8	25267719	25268709	1	1	1	1	0	16
chr8	25303767	25315714	2	2	1	2	0	8
chr8	25319725	25323690	1	1	1	3	0	17
chr8	25720314	25744270	2	2	1	2	0	28
chr8	26149343	26151181	1	1	1	15	0	22
chr8	26217798	26218489	1	1	1	1	0	11
chr8	26240747	26248758	1	1	1	4	0	20
chr8	27145645	27146678	2	2	1	4	0	1
chr8	27146798	27147672	2	2	1	0	1	1
chr8	27146798	27151596	2	2	1	0	1	1
chr8	27462853	27463870	2	2	1	3	0	3
chr8	27509145	27514298	1	1	1	6	0	1
chr8	27610105	27614235	2	2	1	5	0	28
chr8	27614288	27619935	2	2	1	3	0	27
chr8	27632125	27633015	1	1	1	9	0	15
chr8	27650329	27657057	1	1	1	1	0	8
chr8	28218660	28243520	2	2	1	5	0	24
chr8	28627544	28628498	2	2	1	5	0	21
chr8	28707791	28716952	2	2	1	7	0	2
chr8	28738943	28738994	1	1	0	0	2	20
chr8	30013923	30021626	1	1	1	28	0	28
chr8	30492641	30510949	2	2	1	1	0	9
chr8	30557653	30560609	2	2	1	3	0	24
chr8	30560758	30565588	2	2	1	12	0	24
chr8	30575508	30584030	2	2	0	4	0	20
chr8	30618447	30620789	1	1	1	3	0	16
chr8	30695578	30697421	2	2	1	4	0	20
chr8	30922580	30924548	1	1	1	3	0	24
chr8	30942763	30945291	1	1	1	0	1	3
chr8	30949415	30954283	1	1	1	3	0	13
chr8	30961365	31063448	2	2	0	0	4	32
chr8	30990023	30998945	1	1	1	1	0	6
chr8	32785612	32899152	1	1	0	3	0	14
chr8	33259286	33284835	2	2	0	11	0	20
chr8	33342740	33345895	1	1	1	0	5	2
chr8	33371039	33405714	1	1	0	0	1	20
chr8	36224360	36225140	1	1	0	0	1	24
chr8	37553741	37554662	1	1	1	5	9	5
chr8	37789924	37845542	1	1	0	0	5	27
chr8	37873317	37885961	2	2	0	1	0	28
chr8	37888237	37914598	1	1	1	14	3	20
chr8	37963257	37963895	1	1	1	9	0	17
chr8	37967986	37968256	1	1	1	5	0	13
chr8	38065285	38066530	1	1	1	5	0	2
chr8	38147024	38147992	2	2	1	3	0	7
chr8	38172292	38172933	2	2	1	11	0	27
chr8	38173063	38173429	2	2	1	7	0	8
chr8	38196126	38205014	2	2	1	6	0	5
chr8	38273579	38274823	2	2	1	3	0	10
chr8	38275892	38277056	2	2	1	0	4	1
chr8	38285954	38286764	2	2	1	0	5	2
chr8	38285954	38287199	2	2	1	0	5	2
chr8	38849065	38851063	2	2	1	6	0	15
chr8	41348137	41348351	1	1	1	6	0	9
chr8	41435798	41455810	1	1	1	1	0	20
chr8	41476497	41478411	1	1	1	4	0	14
chr8	41575221	41575623	2	2	1	4	0	17
chr8	41804203	41805268	2	2	1	6	0	7
chr8	41838446	41839356	2	2	1	4	0	23
chr8	42163951	42166418	1	1	1	7	0	19
chr8	42178363	42179413	1	1	1	3	0	5
chr8	42202538	42206533	1	1	1	1	0	11
chr8	42249447	42251362	1	1	1	2	0	4
chr8	42259534	42260828	1	1	1	2	0	18
chr8	42512861	42527223	2	4	0	0	1	25
chr8	42613756	42628288	2	2	0	0	3	22
chr8	42743015	42751626	2	2	1	4	0	18
chr8	42804996	42944005	1	1	0	0	13	26
chr8	42821757	42823155	1	1	1	5	0	2
chr8	42911690	42914234	1	1	1	12	0	6
chr8	42911690	42919243	1	1	1	2	0	24
chr8	42995758	43002090	1	1	1	5	0	15
chr8	46864978	46868549	2	2	0	0	4	25
chr8	47824749	48781619	1	1	0	7	0	13
chr8	48173584	48192451	1	1	1	0	2	3
chr8	48378015	48383573	1	3	0	5	0	28
chr8	48691655	48694722	2	2	1	4	0	4
chr8	48694816	48694938	2	2	1	6	1	23
chr8	48701611	48701711	2	2	1	2	0	19
chr8	48707063	48710797	2	2	1	8	0	23
chr8	48716042	48719697	2	2	1	1	0	23
chr8	48719888	48730010	2	2	1	4	0	11
chr8	48730123	48731962	2	2	1	4	0	22
chr8	48771197	48771409	2	2	1	7	0	5
chr8	48792220	48793976	2	2	1	0	9	2
chr8	48794082	48794472	2	2	1	1	0	9
chr8	48798709	48800107	2	2	1	7	0	15
chr8	48800267	48801078	2	2	1	6	0	12
chr8	48817537	48824969	2	2	1	5	0	19
chr8	48826625	48827887	2	2	1	5	0	6
chr8	48827979	48830836	2	2	1	6	0	20
chr8	48840451	48841651	2	2	1	2	0	22
chr8	48843268	48845672	0	0	0	4	0	31
chr8	48846651	48847568	2	2	1	3	0	32
chr8	48856444	48856533	2	2	1	2	0	12
chr8	48856590	48866179	2	2	1	0	1	3
chr8	48866480	48866897	2	2	1	4	0	11
chr8	48869992	48872532	2	2	1	6	0	17
chr8	48873575	48873690	1	1	1	117	0	18
chr8	48873775	48874075	1	1	1	32	0	20
chr8	48874777	48874864	1	1	1	3	0	31
chr8	48875420	48875504	1	1	1	2	0	5
chr8	48883437	48883900	1	1	1	10	0	13
chr8	48887523	48888274	1	1	1	2	0	10
chr8	48888409	48889245	1	1	1	7	0	25
chr8	48966580	49519261	1	1	0	0	5	27
chr8	48985876	49519261	1	1	0	0	5	27
chr8	50857248	50864277	2	2	0	0	3	21
chr8	53491136	54283614	1	1	0	0	8	15
chr8	54628585	54656136	2	2	1	2	0	30
chr8	54891732	54896922	2	2	1	0	6	4
chr8	54923053	54934622	2	2	1	0	4	19
chr8	54991771	54992150	0	0	0	4	0	31
chr8	55047952	55049070	1	1	1	7	0	6
chr8	56600298	57546129	1	1	0	0	6	29
chr8	56643926	57225494	2	2	0	0	4	20
chr8	56699620	56702740	1	1	1	2	0	28
chr8	56986328	56986618	2	2	1	6	0	19
chr8	57876624	57878749	2	2	1	8	0	9
chr8	59465863	59477580	1	1	1	3	0	9
chr8	59477644	59483445	1	1	1	0	4	3
chr8	59484874	59488458	1	1	1	3	0	9
chr8	61734487	61734582	1	1	1	12	0	25
chr8	61734705	61735061	1	1	1	10	0	24
chr8	61743137	61748631	1	1	1	3	0	15
chr8	61763879	61764577	1	1	1	4	0	27
chr8	62416069	62430086	2	2	1	2	0	7
chr8	62538840	62546241	2	2	1	2	0	13
chr8	62665433	62665606	2	2	0	0	5	29
chr8	64081461	64081945	1	1	1	8	0	20
chr8	65505834	65524374	1	1	0	1	0	15
chr8	66539669	66546232	2	2	1	10	0	1
chr8	66557020	66582107	1	1	1	6	0	20
chr8	67025639	67025658	2	2	0	549	30	19
chr8	67484832	67485598	2	2	1	5	0	32
chr8	67600474	67612913	2	2	0	0	1	18
chr8	67834961	67837671	2	2	1	1	0	5
chr8	67969681	67970317	2	2	1	4	0	5
chr8	67971681	67974088	2	2	1	3	0	7
chr8	68026098	68028148	1	1	1	6	0	5
chr8	68031057	68044185	1	1	1	4	0	29
chr8	69104024	69104569	1	1	1	8	0	3
chr8	70602338	70752375	0	0	0	3	0	32
chr8	70602374	70602564	2	2	0	0	1	27
chr8	71040746	71040936	2	2	1	4	0	13
chr8	71069476	71071739	2	2	1	4	0	10
chr8	71495560	71495884	2	2	1	6	0	2
chr8	71512318	71520311	2	2	1	3	0	10
chr8	71553286	71556299	2	2	1	0	8	2
chr8	73733647	73733673	1	1	0	5	0	23
chr8	73787439	73793729	2	2	1	0	3	2
chr8	73921441	73926129	1	1	1	0	4	26
chr8	73939288	73942570	1	1	1	4	0	26
chr8	74203897	74204007	2	2	1	3	0	2
chr8	74204641	74204923	2	2	1	0	4	14
chr8	74205033	74205833	2	2	1	1	14	30
chr8	74872054	74884311	2	2	1	8	0	8
chr8	74876861	74884311	2	2	1	1	0	2
chr8	77593856	77616277	1	1	1	0	5	3
chr8	77886604	77936467	2	2	0	1	0	17
chr8	80617049	80676411	1	1	0	3	0	13
chr8	81023210	81053915	1	1	0	0	1	13
chr8	81895111	81899552	2	2	0	7	0	28
chr8	85666322	85700200	1	1	0	0	1	19
chr8	86037175	86038923	1	1	1	6	0	7
chr8	86386041	86386552	1	1	1	3	0	14
chr8	87489068	87503506	1	1	0	0	4	31
chr8	87549875	87552472	1	1	1	2	0	16
chr8	87559999	87560528	1	1	1	4	0	23
chr8	90915066	90921794	1	1	1	5	0	5
chr8	90955595	90958367	2	2	1	4	0	10
chr8	90977129	90982263	1	1	0	0	1	17
chr8	91049169	91054955	1	1	1	5	0	7
chr8	93154096	93179718	2	2	0	1	0	12
chr8	93451873	93881543	2	2	0	10	0	23
chr8	95169918	95402500	1	1	0	0	8	25
chr8	95488170	95767923	1	3	0	0	5	32
chr8	95541571	95543190	2	2	1	3	4	7
chr8	95595113	95633909	2	2	0	0	1	16
chr8	95632474	95788999	2	4	0	0	6	30
chr8	95792644	95793311	1	1	1	5	0	20
chr8	95792644	95795897	1	1	1	1	0	1
chr8	95863915	95866032	1	1	1	3	0	14
chr8	95871861	95877733	1	1	1	11	0	22
chr8	96053855	96057772	1	1	1	1	0	30
chr8	97307485	97311921	1	1	1	9	0	21
chr8	98657116	98673299	1	1	1	5	0	16
chr8	98718979	98725889	1	1	1	0	3	2
chr8	98762254	98806399	1	1	0	0	1	31
chr8	98788337	98817580	1	1	1	1	0	3
chr8	98808380	98832175	1	3	0	0	1	26
chr8	98827630	98828285	1	1	1	1	0	19
chr8	98828409	98831367	1	1	1	1	0	10
chr8	98837382	98863624	1	1	1	7	0	22
chr8	99057600	99057735	2	2	0	5	0	21
chr8	99057628	99057735	2	2	1	19	0	16
chr8	99503714	99506854	1	1	0	8	0	32
chr8	99681478	99693479	2	2	0	0	11	15
chr8	100025898	100025987	1	1	0	4	0	18
chr8	100123508	100127927	1	1	1	13	0	28
chr8	100146956	100147242	1	1	1	4	0	23
chr8	100494031	100513914	1	1	1	10	0	12
chr8	100899847	100904135	2	2	1	12	0	10
chr8	100904281	100905866	2	2	1	13	0	21
chr8	101162938	101163574	1	1	1	2	0	6
chr8	101163645	101164051	1	1	1	3	0	28
chr8	101519664	102348168	2	4	0	5	0	20
chr8	101715588	101716524	2	2	1	5	0	5
chr8	101717285	101717816	2	2	1	9	0	20
chr8	101719034	101719114	2	2	1	7	0	26
chr8	101719226	101721360	2	2	1	0	2	7
chr8	101721452	101721686	2	2	1	4	0	13
chr8	101721960	101724589	2	2	1	4	0	18
chr8	101724686	101724879	2	2	1	3	0	27
chr8	101725018	101725314	2	2	1	5	0	22
chr8	101727830	101730000	2	2	1	2	0	31
chr8	101730117	101730314	2	2	1	5	0	22
chr8	101730509	101733618	2	2	1	9	0	7
chr8	101793842	101797112	1	1	0	0	10	31
chr8	101932981	101936182	2	2	1	0	9	16
chr8	102213972	102217662	2	2	1	6	0	26
chr8	103244533	103251054	2	2	1	1	0	17
chr8	103300495	103301680	2	2	1	10	0	29
chr8	103326432	104075940	1	1	0	0	12	12
chr8	103478671	103697091	0	0	0	0	6	32
chr8	103845447	103846416	2	2	1	1	0	14
chr8	103870379	103876034	2	2	1	1	0	19
chr8	104420013	104427011	2	2	1	5	0	8
chr8	104453847	104455022	1	1	1	7	0	18
chr8	109247332	109248389	2	2	1	12	0	28
chr8	109304667	110058920	2	2	0	0	127	13
chr8	110346704	110348356	1	1	1	4	0	25
chr8	116599832	116616099	2	2	1	8	0	13
chr8	117658843	117661044	2	2	1	6	0	25
chr8	117859931	117861184	2	2	1	5	0	22
chr8	117868528	117868884	2	2	1	3	0	3
chr8	117874180	117875368	2	2	1	0	4	2
chr8	118994946	119004011	1	1	0	0	6	32
chr8	120585927	120675231	2	2	0	0	5	31
chr8	120585927	120970896	2	2	0	0	5	31
chr8	120800688	120801029	2	2	1	6	0	22
chr8	120851210	120923793	1	1	0	0	2	28
chr8	120880312	120892165	2	2	0	0	1	29
chr8	120956123	121591388	1	3	0	0	6	27
chr8	121239006	121239458	1	1	1	6	0	27
chr8	121432179	121437545	2	2	1	5	0	26
chr8	121455549	121457307	2	2	1	1	0	2
chr8	122652409	122653429	1	1	1	0	1	4
chr8	123533465	123578886	2	2	0	1	0	18
chr8	123905012	124029167	2	2	0	0	5	14
chr8	124276894	124277364	1	1	0	12	0	13
chr8	124346262	124346439	2	2	1	7	0	15
chr8	124373887	124381297	2	2	1	3	0	16
chr8	124381416	124382060	2	2	1	3	0	13
chr8	124383231	124383475	2	2	1	3	0	20
chr8	124517783	124675547	2	2	0	3	0	22
chr8	124798851	124799500	1	1	1	8	0	30
chr8	124812126	124817506	1	1	1	2	0	27
chr8	125520756	125520843	2	2	1	2	0	26
chr8	125531123	125535177	2	2	1	6	0	7
chr8	125551529	125555327	1	1	1	11	0	6
chr8	126095501	126095954	2	2	1	4	0	16
chr8	128748870	128750496	1	1	1	0	6	2
chr8	129418880	129419021	2	2	1	0	5	2
chr8	129838098	129838197	2	2	0	0	1	24
chr8	130916832	130951853	2	2	1	0	5	2
chr8	131043851	131182527	1	1	0	0	4	30
chr8	131082410	131182527	1	1	0	0	4	30
chr8	131226948	131249167	2	2	1	1	0	4
chr8	133142560	133778265	1	1	0	0	7	26
chr8	133787892	133790037	1	1	1	0	9	2
chr8	134249989	134250011	1	1	0	7	0	21
chr8	134258907	134260117	2	2	1	10	0	27
chr8	134260170	134260957	2	2	1	3	0	10
chr8	134296573	134309376	2	2	1	12	0	7
chr8	134475703	134477020	2	2	1	8	0	6
chr8	135767592	135772149	1	1	0	0	8	21
chr8	141461483	141467737	2	2	1	9	0	14
chr8	141501335	141507207	1	1	0	1	0	22
chr8	141521746	141525224	1	1	1	5	0	14
chr8	141542252	141542514	2	2	1	4	0	7
chr8	141549554	141551262	2	2	1	3	0	12
chr8	141554403	141557566	2	2	1	0	6	2
chr8	141559398	141561401	2	2	1	4	0	9
chr8	141570610	141572551	2	2	1	3	0	12
chr8	141598129	141599294	0	0	0	5	0	32
chr8	141615401	142120120	1	3	0	0	5	29
chr8	141684504	141685558	2	2	1	4	0	25
chr8	141856422	141856697	2	2	1	9	0	8
chr8	141856778	141874410	2	2	1	2	0	28
chr8	143352675	143352818	0	0	0	3	0	31
chr8	143364423	143365008	1	1	0	4	0	30
chr8	143747940	143751349	2	2	1	9	0	10
chr8	144100004	144102299	1	1	1	4	0	15
chr8	144102851	144102982	1	1	1	0	6	1
chr8	144102851	144105085	1	1	1	0	6	1
chr8	144329313	144331859	1	1	1	5	0	18
chr8	144349655	144351529	1	1	1	4	0	27
chr8	144407704	144408391	2	2	1	5	0	14
chr8	144463515	144463741	1	1	1	2	0	1
chr8	144463889	144463976	1	1	1	8	0	21
chr8	144611791	144649704	2	2	0	0	2	14
chr8	144649636	144649780	2	2	1	10	0	13
chr8	144652551	144652642	2	2	1	5	0	24
chr8	144657696	144657791	2	2	1	8	0	18
chr8	144658743	144658815	2	2	1	11	0	9
chr8	144659910	144660030	2	2	1	0	7	1
chr8	144660114	144661948	2	2	0	18	0	12
chr8	144662001	144662181	2	2	1	11	0	24
chr8	144662377	144662675	2	2	1	5	0	15
chr8	144663499	144668388	2	2	1	22	0	32
chr8	144668461	144668898	2	2	1	7	0	21
chr8	144669023	144679517	2	2	1	0	6	31
chr8	144670152	144670343	0	0	0	3	0	30
chr8	144675710	144903033	2	2	0	6	0	19
chr8	144688053	144688231	2	2	1	4	0	5
chr8	144874576	144874654	2	2	1	5	0	25
chr8	144877283	144877446	2	2	1	8	0	7
chr8	144877504	144877589	2	2	1	14	0	19
chr8	144885742	144885816	2	2	1	4	0	19
chr8	144886111	144886215	2	2	1	5	0	32
chr8	144886327	144886737	2	2	1	0	1	1
chr8	144887185	144887281	2	2	1	3	0	3
chr8	144887606	144888576	2	2	1	0	1	3
chr8	144891196	144891720	2	2	1	1	0	21
chr8	144891889	144892648	2	2	1	10	0	24
chr8	144893243	144893315	2	2	1	3	0	15
chr8	144895897	144895987	2	2	1	14	0	27
chr8	144898990	144899079	2	2	1	3	0	28
chr8	144899316	144899500	2	2	1	9	0	19
chr8	144900456	144900542	2	2	1	0	1	1
chr8	145006201	145006297	2	2	1	3	0	32
chr8	145006403	145006567	2	2	1	1	0	6
chr8	145011240	145011332	2	2	1	1	0	2
chr8	145011411	145012318	2	2	1	0	12	1
chr8	145011953	145012318	2	2	1	0	12	1
chr8	145064368	145065367	1	1	1	5	0	20
chr8	145064480	145065367	1	1	1	5	0	26
chr8	145133803	145134845	1	3	1	5	0	28
chr8	145140042	145140191	1	1	1	2	0	11
chr8	145150132	145150735	1	1	1	3	0	10
chr8	145150933	145151026	1	1	1	1	0	22
chr8	145151398	145151486	1	1	1	3	0	30
chr8	145153692	145153768	2	2	1	11	0	31
chr8	145235244	145245686	1	1	0	1	0	15
chr8	145271644	145791008	1	1	0	5	0	22
chr8	145315736	145315809	1	1	1	0	5	1
chr8	145317221	145317298	2	2	1	0	7	28
chr8	145317407	145317490	2	2	1	0	11	23
chr8	145317576	145317755	2	2	1	0	2	32
chr8	145318514	145318594	2	2	1	0	4	1
chr8	145319341	145319417	2	2	1	0	4	25
chr8	145326230	145495324	0	0	0	7	0	31
chr8	145330672	145499380	0	0	0	7	0	31
chr8	145484789	145484862	1	1	1	0	5	1
chr8	145486274	145486351	2	2	1	0	7	28
chr8	145486460	145486543	2	2	1	0	11	23
chr8	145486629	145486841	2	2	1	0	2	32
chr8	145487600	145487680	2	2	1	0	4	1
chr8	145488427	145488503	2	2	1	0	4	25
chr8	145504954	145505013	1	1	0	0	7	23
chr8	145574552	145662666	2	2	0	0	5	14
chr8	145619012	145619097	2	2	1	6	0	18
chr8	145621716	145621812	2	2	1	14	0	6
chr8	145621957	145622054	2	2	1	5	0	6
chr8	145622877	145622957	2	2	1	1	0	20
chr8	145623834	145623914	2	2	1	9	0	23
chr8	145624429	145624517	2	2	1	7	0	24
chr8	145624593	145624665	2	2	1	6	0	18
chr8	145625101	145625170	2	2	1	7	0	22
chr8	145625888	145626064	2	2	1	5	0	14
chr8	145649516	145649597	2	2	1	8	0	18
chr8	145659663	145660193	2	2	1	6	0	1
chr8	145660554	145660856	2	2	1	30	0	29
chr8	145660934	145661040	2	2	1	10	0	2
chr8	145662304	145662409	2	2	1	4	0	28
chr8	145664166	145665210	1	1	1	0	4	2
chr8	145665594	145665733	2	2	1	4	0	3
chr8	145669408	145669562	2	2	1	3	0	17
chr8	145693163	145693241	1	1	1	9	0	13
chr8	145693790	145693918	1	1	1	0	4	2
chr8	145697643	145697743	1	1	1	6	0	5
chr8	145699272	146244909	2	4	0	0	9	13
chr8	145704066	145715416	1	3	1	6	0	25
chr8	145724445	145725478	1	1	1	7	0	16
chr8	145727875	145729039	2	2	0	5	0	14
chr8	145737173	145737293	2	2	1	4	0	30
chr8	145738221	145738989	1	1	1	5	0	3
chr8	145738769	145738769	0	0	1	5	0	14
chr8	145738865	145738954	2	2	1	5	0	3
chr8	145740627	145740709	2	2	1	3	0	27
chr8	145742575	145742797	2	2	1	6	0	4
chr8	145742893	145742985	2	2	1	1	0	13
chr8	145743020	145743084	2	2	1	1	0	18
chr8	145743426	145744132	1	1	1	0	1	1
chr8	145743426	145744998	1	1	1	13	1	16
chr8	145744602	145748379	2	2	0	8	0	30
chr8	145751656	145751991	0	0	0	6	0	31
chr8	146015348	146015739	2	2	1	7	0	32
chr8	146015856	146016661	2	2	1	12	0	25
chr8	146016693	146016755	2	2	1	13	0	9
chr8	146016693	146017234	2	2	1	0	18	3
chr8	146016881	146017157	2	2	1	2	0	14
chr8	146017300	146017376	2	2	1	8	0	27
chr8	146017526	146017750	2	2	1	25	0	24
chr8	146076781	146078223	2	2	1	7	0	31
chr8	146225156	146228202	2	2	1	4	0	18
chr8	146277884	146277971	1	1	1	7	0	4
chr9	14941	15080	2	2	1	0	6	26
chr9	15574	15736	1	1	0	0	5	23
chr9	18175	18380	2	2	1	0	4	14
chr9	146159	152033	2	2	1	0	7	8
chr9	461624	640479	2	2	0	0	11	30
chr9	539634	540507	1	1	1	3	0	19
chr9	701300	705786	1	1	0	0	6	31
chr9	945236	1114271	2	2	0	0	5	26
chr9	2070472	2073211	1	1	1	8	0	3
chr9	2083414	2084085	1	1	1	3	0	31
chr9	4662383	4662434	1	1	0	5	0	24
chr9	4713936	4713967	2	2	0	0	2	24
chr9	4719308	4722505	2	2	1	1	0	4
chr9	4827034	4833153	1	1	1	5	0	26
chr9	5436695	5437788	2	2	1	10	0	5
chr9	5770279	5772563	1	1	1	3	0	9
chr9	5813036	5823895	2	2	1	0	2	3
chr9	5969437	5988344	2	2	1	0	3	2
chr9	6482100	6486820	1	1	1	6	0	8
chr9	6597473	6854466	1	1	0	7	0	16
chr9	6746364	7062062	1	1	0	0	4	15
chr9	6749756	6750209	1	1	0	0	6	21
chr9	6793133	6805598	1	1	1	4	0	9
chr9	6865104	7062062	1	1	0	0	4	15
chr9	8485325	8485761	2	2	1	6	0	7
chr9	10215081	11083321	1	1	0	0	6	16
chr9	10631786	10632082	2	2	1	3	2	12
chr9	13111024	13112022	2	2	0	5	0	24
chr9	13136182	13136710	2	2	1	3	0	9
chr9	13176417	13183416	2	2	1	6	0	15
chr9	15469335	15469935	2	2	1	1	0	24
chr9	15472749	15474006	2	2	1	4	0	9
chr9	15510325	15510814	2	2	1	10	0	20
chr9	15628291	15644509	1	1	0	0	3	29
chr9	16437523	16552527	2	2	1	4	0	9
chr9	19070299	19076599	2	2	1	12	0	22
chr9	19094394	19096671	2	2	1	4	0	28
chr9	19276478	19286766	1	1	1	1	0	3
chr9	19378917	19379484	2	2	1	14	0	16
chr9	19686879	20020317	2	2	0	0	5	22
chr9	20620834	20621771	2	2	1	0	5	1
chr9	20620834	20622243	2	2	1	0	5	1
chr9	20770238	20778679	1	1	1	9	0	3
chr9	21866438	21866508	2	2	0	4	0	21
chr9	21970976	21994377	0	0	0	5	0	30
chr9	32407428	32408511	1	1	1	2	0	15
chr9	32418196	32418325	1	1	1	3	0	25
chr9	32544325	32550771	2	2	1	8	0	2
chr9	32550967	32552431	2	2	1	5	0	24
chr9	32553943	32570957	2	2	1	2	0	4
chr9	33029988	33030437	1	1	1	10	0	6
chr9	33062176	33068821	2	2	1	4	0	12
chr9	33073805	33076580	2	2	1	14	0	31
chr9	33290596	33294417	1	1	1	2	0	19
chr9	33307298	33311103	1	1	1	3	0	5
chr9	33464160	33464876	2	2	1	4	0	16
chr9	33465358	33465731	2	2	1	8	0	6
chr9	33466224	33466305	2	2	1	9	0	12
chr9	33468421	33468505	2	2	1	2	0	10
chr9	33528840	33528997	1	1	1	1	0	17
chr9	33550578	33555705	1	1	1	4	0	10
chr9	33584953	33591131	2	2	0	0	4	24
chr9	33817933	33886878	1	1	1	4	0	12
chr9	33924160	33926582	2	2	0	9	0	30
chr9	33953473	33960823	2	2	1	0	1	4
chr9	33956145	33960823	2	2	1	7	1	5
chr9	33987216	34013681	2	4	0	0	5	30
chr9	34029921	34034806	1	1	0	0	1	20
chr9	34071970	34244078	2	2	0	0	5	25
chr9	34081344	34112636	2	2	0	1	0	20
chr9	34103328	34116899	2	2	0	0	7	23
chr9	34169347	35098401	2	2	0	0	6	20
chr9	34271929	34306249	2	2	1	7	0	6
chr9	34635856	34636993	2	2	1	4	0	19
chr9	34637087	34637263	2	2	1	0	1	5
chr9	34637418	34637543	2	2	1	3	0	22
chr9	34665678	34665974	2	2	1	8	0	31
chr9	35057220	35057372	2	2	1	5	0	20
chr9	35060523	35060797	2	2	1	7	0	21
chr9	35060921	35061011	2	2	1	5	0	14
chr9	35065379	35066671	2	2	1	7	0	21
chr9	35068360	35072333	2	2	1	3	0	11
chr9	35091289	35092539	2	2	1	0	2	1
chr9	35101277	35101422	2	2	1	4	0	11
chr9	35101558	35101706	2	2	1	5	0	28
chr9	35101960	35102091	2	2	1	1	0	16
chr9	35102811	35103066	1	1	0	13	0	25
chr9	35102821	35103046	2	2	1	14	0	18
chr9	35184478	35443417	1	3	0	0	5	29
chr9	35366991	35370314	1	1	1	4	0	30
chr9	35662000	35662175	2	2	1	7	0	6
chr9	35662739	35662942	2	2	1	5	0	17
chr9	35685549	35685643	2	2	1	7	0	12
chr9	35689269	35689700	2	2	1	2	0	30
chr9	35690645	35690939	0	0	0	6	0	32
chr9	35695498	35695682	1	1	0	3	0	14
chr9	35706109	35706192	2	2	1	6	0	16
chr9	35707486	35707727	2	2	1	5	0	16
chr9	35710681	35710793	2	2	1	2	0	31
chr9	35714685	35714756	2	2	1	15	0	13
chr9	35725319	35725561	2	2	1	1	0	22
chr9	35725725	35732071	2	2	1	6	0	20
chr9	35737937	35738033	2	2	1	10	0	19
chr9	35749869	35750239	1	1	1	2	0	11
chr9	35802605	35802728	1	1	1	7	0	26
chr9	35808851	35809152	1	1	1	4	0	8
chr9	36132642	36138303	2	2	0	0	2	19
chr9	36136789	36147782	1	1	1	15	0	30
chr9	36157405	36196226	1	1	0	5	0	29
chr9	36191271	36197547	1	1	1	7	0	11
chr9	37459633	37475937	2	2	0	0	4	26
chr9	37495274	37495886	1	1	1	11	0	17
chr9	37568426	38304791	2	2	0	0	9	31
chr9	37588930	37592408	2	2	1	8	0	20
chr9	37801403	37819284	1	1	1	0	8	2
chr9	37814508	38204090	2	2	0	0	7	16
chr9	37886946	38107217	1	1	0	0	8	30
chr9	37887099	38107217	1	1	0	0	8	30
chr9	37899948	37904064	2	2	1	0	2	2
chr9	38070132	38107217	1	1	0	0	8	30
chr9	38541560	38542308	2	2	1	3	0	31
chr9	38553103	38559273	1	1	0	0	4	24
chr9	38556199	38559273	1	1	0	0	5	15
chr9	38556199	38562370	1	1	0	0	1	16
chr9	38569245	38569397	2	2	0	8	0	17
chr9	38577262	38577863	2	2	1	8	0	23
chr9	38586310	38588547	2	2	1	1	0	9
chr9	39166074	39171365	2	2	1	4	0	7
chr9	39193273	39238989	2	2	1	0	7	24
chr9	40518982	40582250	2	2	1	0	7	24
chr9	40548744	41124555	1	1	0	0	6	23
chr9	40548744	41195949	1	1	0	0	6	23
chr9	40891594	41124555	1	1	0	0	6	23
chr9	40891594	41195949	1	1	0	0	6	23
chr9	41007876	41124555	1	1	0	0	6	23
chr9	41007876	41195949	1	1	0	0	6	23
chr9	42683935	42689821	1	1	1	0	7	8
chr9	43465376	44349099	0	0	0	0	11	30
chr9	43737521	43800863	1	1	1	0	7	24
chr9	44992725	44992896	0	0	0	11	0	31
chr9	44992967	45053619	1	1	0	0	4	16
chr9	44992967	45788373	1	1	0	0	4	16
chr9	45075136	45078047	1	1	0	0	4	23
chr9	45809878	45812791	1	1	0	0	4	23
chr9	46125831	46128246	0	0	0	0	13	32
chr9	46196182	46199094	1	1	0	0	4	23
chr9	46305146	46308061	2	2	0	0	4	23
chr9	46376036	46378456	0	0	0	0	13	31
chr9	66758253	66759142	1	1	0	0	3	15
chr9	66790576	66790675	2	2	0	0	1	18
chr9	66790576	66793234	2	2	0	0	1	18
chr9	66814941	66815795	2	2	0	0	1	22
chr9	66823254	66824957	1	1	0	4	0	14
chr9	66961381	66962486	1	1	1	0	8	5
chr9	67065407	67277486	1	1	0	7	0	15
chr9	67329478	67330584	2	2	1	0	8	8
chr9	67714070	67716979	2	2	0	0	4	23
chr9	69229669	69235561	2	2	1	0	7	8
chr9	69719855	69720961	2	2	1	0	8	8
chr9	69938440	69939344	1	1	0	0	3	15
chr9	69983213	69983312	2	2	0	0	1	18
chr9	69983213	69985872	2	2	0	0	1	18
chr9	70004679	70005533	2	2	0	0	1	22
chr9	70206234	70212121	2	2	1	0	7	8
chr9	70457144	70463030	2	2	1	0	7	8
chr9	70883895	70889797	1	1	1	0	7	8
chr9	71650864	71661300	1	1	1	32	0	22
chr9	71873844	71881783	1	1	0	0	1	20
chr9	72874180	72879219	1	1	1	2	0	13
chr9	72915117	72920162	1	1	1	4	0	1
chr9	74508791	74591363	1	1	0	1	2	25
chr9	74662970	74757437	0	0	0	4	0	32
chr9	75421258	75455014	1	1	0	1	0	18
chr9	75455714	75456036	2	2	0	0	4	32
chr9	75456167	75465936	2	2	0	8	0	18
chr9	77563123	77567101	2	2	1	12	0	32
chr9	78039292	78658044	2	2	0	0	5	31
chr9	79017807	79024572	1	1	0	1	0	25
chr9	79186701	79186825	2	2	0	0	14	32
chr9	79186703	79186793	1	1	0	0	1	18
chr9	79186765	79186816	2	2	0	9	0	13
chr9	79841515	79842306	1	1	1	7	0	30
chr9	79865146	79867150	1	1	1	5	0	31
chr9	80018238	80020779	1	1	1	6	0	5
chr9	80020904	80022448	1	1	1	11	0	16
chr9	81592860	82429663	1	1	0	4	0	28
chr9	82948630	83552039	0	0	0	0	7	31
chr9	83893550	83919109	1	1	0	0	1	14
chr9	84200571	84202595	2	2	1	4	0	15
chr9	84205968	84207939	2	2	1	2	0	17
chr9	84302350	84303131	2	2	1	7	0	12
chr9	85630816	85637250	2	2	1	4	0	13
chr9	86297982	86300918	2	2	1	5	0	14
chr9	86323228	86327412	1	1	0	4	0	14
chr9	86557997	86558676	2	2	0	0	9	25
chr9	86586272	86586586	2	2	1	5	0	9
chr9	86587105	86587758	2	2	1	3	0	10
chr9	86588889	86589431	2	2	1	12	0	15
chr9	86589505	86590376	2	2	1	5	0	18
chr9	86593368	86595067	2	2	1	10	4	17
chr9	86593368	86595417	2	2	1	7	0	16
chr9	88622380	88624779	1	1	1	3	0	11
chr9	88633311	88633613	1	1	1	2	0	11
chr9	88648311	88650282	2	2	1	2	0	7
chr9	88650541	88651262	2	2	1	6	0	1
chr9	88933974	88934498	2	2	1	2	0	12
chr9	88961396	88967594	2	2	1	3	0	3
chr9	90166089	90283530	1	1	0	3	0	15
chr9	90262319	90263695	1	1	1	5	0	5
chr9	90266640	90272943	1	1	1	2	0	13
chr9	90341169	90342508	1	1	1	0	7	1
chr9	91003454	91030521	1	1	1	4	0	2
chr9	91003454	91041296	1	1	1	9	0	16
chr9	91003454	91063855	1	1	1	5	0	26
chr9	91015844	91016855	1	1	0	8	0	22
chr9	91028125	91057009	1	1	0	1	0	32
chr9	91041507	91063855	1	1	1	3	0	30
chr9	91083521	91089992	1	1	1	8	0	2
chr9	91088095	91370259	1	1	0	0	5	26
chr9	91806970	91955185	1	1	0	0	12	12
chr9	91875571	92171637	1	1	0	0	8	24
chr9	92077687	92078492	2	2	0	0	1	13
chr9	94485963	94486194	0	0	0	8	0	32
chr9	94560649	94560756	1	1	0	0	5	15
chr9	94800648	94808280	2	2	1	1	7	22
chr9	94874845	94877595	2	2	1	5	0	6
chr9	95004613	95005497	2	2	1	6	0	1
chr9	95015736	95018961	2	2	1	1	0	9
chr9	95018702	95043646	2	2	0	0	1	23
chr9	95036804	95040144	2	2	1	6	0	14
chr9	95050193	95050407	2	2	1	7	0	21
chr9	95068113	95069167	2	2	1	2	0	12
chr9	95078421	95080899	2	6	1	2	0	6
chr9	95085786	95087599	2	2	1	2	0	19
chr9	95086492	95087461	2	2	1	1	0	16
chr9	95086492	95087587	2	2	1	4	0	10
chr9	95418834	95420915	2	2	1	11	0	5
chr9	95420964	95432189	2	2	1	9	0	12
chr9	95581662	95584491	1	1	1	3	0	6
chr9	95646909	95660663	1	1	1	0	2	8
chr9	95888921	95896424	2	2	1	1	0	15
chr9	96002259	96009824	1	1	1	7	0	16
chr9	96019422	96021212	1	1	1	13	0	10
chr9	96055456	96060134	1	1	1	2	0	19
chr9	96079914	96082648	1	1	1	6	0	25
chr9	96097943	96098157	2	2	1	0	5	19
chr9	96261169	96277948	1	1	1	3	9	5
chr9	96278050	96278264	1	1	1	0	5	19
chr9	96305754	96312858	1	1	1	6	0	14
chr9	96312974	96318663	1	1	1	7	0	8
chr9	96362588	96362988	1	3	0	3	0	28
chr9	96432900	96432931	0	0	0	5	0	30
chr9	96433636	96433813	1	1	0	0	4	22
chr9	96433636	96434173	1	1	0	0	4	22
chr9	96433886	96434173	1	1	0	0	4	22
chr9	96433886	96434605	1	1	0	0	4	22
chr9	96434282	96434605	1	1	0	0	4	22
chr9	96956712	97135793	2	2	0	0	6	14
chr9	97137210	97177439	1	1	1	0	2	5
chr9	97690814	97717458	1	1	1	1	0	15
chr9	97728117	97728348	1	1	0	0	6	31
chr9	97728194	97728348	1	1	0	0	6	31
chr9	97728271	97728348	1	1	0	0	6	31
chr9	97912370	97933360	2	2	1	5	0	21
chr9	98178447	98189005	2	2	1	4	0	5
chr9	98350522	98428111	2	2	0	0	2	26
chr9	99230576	99233112	1	1	0	1	0	14
chr9	99417056	99417371	2	2	1	3	0	4
chr9	99735231	99775540	2	2	1	0	2	5
chr9	100263550	100286422	1	1	1	8	0	10
chr9	100389895	100395524	2	2	1	4	0	9
chr9	100407507	100407892	1	1	1	1	0	24
chr9	100413656	100416079	1	1	1	9	0	11
chr9	100456042	100459402	2	2	1	1	0	19
chr9	100746975	100756912	1	1	1	0	1	2
chr9	100748166	100750963	2	2	0	2	0	20
chr9	100757063	100760837	1	1	1	2	0	7
chr9	100760961	100767245	1	1	1	2	5	28
chr9	100773672	100774702	1	1	1	15	0	24
chr9	101004598	101652333	2	2	0	5	0	29
chr9	101533329	101536158	2	2	1	6	0	7
chr9	102277193	103124414	0	0	0	0	7	30
chr9	102691126	102713341	1	1	1	9	0	2
chr9	102730022	102730715	1	1	1	1	0	15
chr9	102814815	102820101	2	2	1	5	0	12
chr9	102879759	102879905	2	2	1	0	4	2
chr9	102938994	102966020	1	1	0	0	1	12
chr9	103111655	103115053	2	2	1	2	0	1
chr9	103261157	103271286	1	1	1	4	0	4
chr9	104296197	104297679	1	1	1	4	0	19
chr9	106053492	106653679	1	1	0	0	5	26
chr9	106856768	106857604	1	1	1	8	0	4
chr9	106857834	106858428	1	1	1	6	0	3
chr9	106858579	106860726	1	1	1	10	0	24
chr9	106874096	106875596	1	1	1	1	0	25
chr9	106876363	106876971	1	1	1	4	0	1
chr9	108336028	108337225	1	1	1	0	1	5
chr9	108336614	108337225	1	1	1	0	1	1
chr9	108644917	108971953	2	2	0	0	4	28
chr9	108644917	109271871	2	2	0	0	4	28
chr9	110064396	110068659	1	1	1	7	0	17
chr9	110068929	110073962	1	1	1	7	0	18
chr9	110087286	110091823	1	1	1	3	0	27
chr9	110251332	110251448	2	2	1	7	0	3
chr9	110290259	110292884	2	2	0	0	1	31
chr9	111644046	111644404	2	2	1	6	0	8
chr9	111663811	111663907	2	2	1	12	0	13
chr9	111706097	111706241	2	2	1	1	0	11
chr9	111727809	111732681	2	2	1	4	0	18
chr9	112145832	112151512	2	2	1	6	0	27
chr9	112894420	112919766	2	2	0	0	5	28
chr9	113013160	113013637	2	2	1	1	0	20
chr9	113704449	113734352	2	2	1	5	0	30
chr9	114154105	114155047	2	2	1	5	0	16
chr9	114176932	114178551	2	2	1	2	0	8
chr9	114353881	114382944	2	2	0	0	10	26
chr9	114403807	114404261	1	1	0	0	1	27
chr9	114405375	114409386	1	1	1	0	3	1
chr9	114429227	114431548	1	1	1	11	0	12
chr9	114499876	114694255	1	1	0	0	6	30
chr9	114694640	114695106	1	1	1	10	0	26
chr9	114851174	115121507	1	1	0	0	5	14
chr9	115119393	115185820	2	2	0	2	0	27
chr9	115456514	115480266	2	2	1	0	1	2
chr9	115478822	115480266	2	2	1	0	1	2
chr9	116018558	116019392	1	1	1	2	0	10
chr9	116038051	116038827	1	1	1	0	4	1
chr9	116136810	116137732	2	2	1	6	0	7
chr9	116169789	116170337	1	1	0	4	0	17
chr9	116171264	116171889	2	2	1	3	0	3
chr9	116172421	116172507	2	2	1	13	0	10
chr9	116259685	116260304	1	1	1	8	0	5
chr9	116973307	116982070	1	1	1	9	0	6
chr9	116982125	116984502	1	1	1	9	0	2
chr9	117002768	117004466	1	1	1	7	0	11
chr9	117004512	117005786	1	1	1	7	0	10
chr9	117042565	117340743	2	2	0	5	0	13
chr9	117050792	117050981	1	1	1	3	0	10
chr9	117062404	117062904	1	1	1	7	0	15
chr9	117179650	117181291	0	0	0	3	0	30
chr9	122368463	122384985	2	2	0	0	1	31
chr9	123144461	123145497	2	2	0	8	0	26
chr9	123173753	123177317	2	2	1	4	0	5
chr9	123230276	123232388	2	2	1	8	0	22
chr9	123234157	123239627	2	2	1	6	0	28
chr9	123248912	123305247	1	1	0	8	0	12
chr9	123257929	123258254	1	1	0	0	1	22
chr9	123301443	123307991	2	2	1	9	0	20
chr9	123888215	123898083	1	1	1	1	0	31
chr9	123953010	123954448	2	2	1	1	0	6
chr9	123954503	123955638	2	2	1	1	0	5
chr9	124086923	124088789	1	1	1	6	0	11
chr9	124914688	124921905	2	2	1	2	0	8
chr9	125103592	125431477	1	1	0	0	8	26
chr9	125659856	125667388	2	2	1	11	0	18
chr9	125682224	125693715	2	2	1	2	0	9
chr9	126095834	126320135	1	1	0	6	0	23
chr9	126345550	126371714	2	2	1	7	0	14
chr9	126371761	126392654	2	2	1	7	0	5
chr9	126719214	127144717	2	2	0	0	8	25
chr9	126719214	127459167	2	2	0	0	8	25
chr9	127074929	127076201	1	1	1	3	0	9
chr9	127089725	127101849	1	1	1	5	0	7
chr9	127370049	127370518	0	0	0	4	0	32
chr9	127620347	127622461	2	2	1	4	0	9
chr9	127622544	127623697	2	2	1	15	0	31
chr9	127623835	127624188	2	2	1	7	1	19
chr9	127693686	127700855	2	2	1	7	0	3
chr9	127725559	127754805	1	1	0	1	0	22
chr9	128001611	128001699	2	2	1	4	0	19
chr9	128001813	128002450	2	2	1	8	1	21
chr9	128024239	128061168	1	1	1	9	0	3
chr9	128026515	128075623	2	2	0	0	1	17
chr9	128037406	128037822	1	1	0	3	0	18
chr9	128041623	128193539	1	1	0	3	0	32
chr9	128103544	128104497	1	1	1	1	0	11
chr9	128104579	128109097	1	1	1	6	0	13
chr9	128112684	128112991	1	1	1	3	0	4
chr9	128201292	128206779	2	2	1	1	0	9
chr9	128361106	128881497	1	1	0	6	0	20
chr9	128386309	128386838	1	1	0	0	1	24
chr9	128510903	128563056	1	1	0	10	0	32
chr9	129351936	129352688	2	2	1	0	5	2
chr9	129567412	129571071	1	1	1	4	0	17
chr9	129649052	129649239	1	1	0	6	0	25
chr9	130019263	130019999	0	0	0	3	0	30
chr9	130162286	130164835	1	1	1	2	0	30
chr9	130166347	130167096	1	1	1	7	0	10
chr9	130172797	130358801	2	2	0	0	3	19
chr9	130210703	130211559	2	2	1	6	0	7
chr9	130211642	130211888	2	2	1	10	0	13
chr9	130211988	130213009	2	2	1	4	0	24
chr9	130223366	130358801	2	2	0	0	3	19
chr9	130337913	130924029	0	0	0	0	7	30
chr9	130442522	130444684	1	1	1	3	0	17
chr9	130481232	130484974	2	2	0	0	4	21
chr9	130485151	130543431	1	1	0	5	0	32
chr9	130548520	130548979	1	1	1	1	0	7
chr9	130570591	130570836	1	1	1	5	0	21
chr9	130572114	130572309	1	1	1	3	0	11
chr9	130572386	130573223	1	1	1	2	0	32
chr9	130636929	130639901	2	2	1	12	0	11
chr9	130645800	130650712	1	1	0	0	1	21
chr9	130712683	130934412	1	1	0	4	0	18
chr9	130737783	130738407	2	4	0	2	0	24
chr9	130830860	130863374	1	1	1	2	0	11
chr9	130843718	130843839	2	6	0	13	0	24
chr9	130861005	130863374	1	1	1	4	0	15
chr9	130929160	130929373	2	2	1	5	0	24
chr9	130932387	130938629	2	2	1	3	0	4
chr9	130940770	130940987	2	2	1	8	0	8
chr9	130941695	130942693	2	2	1	10	0	15
chr9	130943094	130947825	2	2	1	5	0	27
chr9	130948056	130950141	2	2	1	0	2	2
chr9	130950214	130952607	2	2	1	0	6	2
chr9	130951886	130962723	1	1	0	0	8	31
chr9	130982366	130982459	1	1	1	12	0	22
chr9	131003327	131004510	1	1	1	0	6	1
chr9	131013220	131016284	1	1	0	2	0	20
chr9	131073881	131076086	2	2	1	3	0	3
chr9	131083299	131096778	2	2	0	0	2	14
chr9	131085208	131085294	1	3	1	8	0	30
chr9	131089061	131089680	2	2	0	6	0	15
chr9	131109021	131479751	2	2	0	10	0	24
chr9	131112855	131114916	1	1	1	1	0	26
chr9	131133695	131140314	1	1	1	4	0	28
chr9	131178226	131816078	2	2	0	0	4	32
chr9	131191316	131193449	1	1	1	8	0	17
chr9	131254816	131254979	1	1	1	6	0	26
chr9	131307773	131816078	2	2	0	0	4	32
chr9	131325217	131816078	2	2	0	0	4	32
chr9	131331177	131336953	1	1	1	6	0	18
chr9	131339553	131339630	1	1	1	6	0	25
chr9	131343339	131344060	1	1	1	6	0	22
chr9	131349978	131351087	1	1	1	7	0	11
chr9	131353905	131356453	1	1	0	8	0	28
chr9	131361266	131362358	1	1	1	7	0	11
chr9	131362395	131365821	1	1	1	7	0	18
chr9	131371257	131371400	1	1	1	1	0	30
chr9	131374526	131375659	1	1	1	2	0	18
chr9	131380040	131380265	1	1	1	1	0	15
chr9	131381283	131383436	1	1	1	3	0	7
chr9	131383536	131386606	1	1	1	3	0	14
chr9	131392655	131394405	1	1	1	5	0	12
chr9	131396663	131396967	2	2	1	3	0	3
chr9	131446287	131453448	1	1	1	7	0	26
chr9	131453507	131454136	1	1	1	4	0	1
chr9	131454280	131454940	1	1	1	1	0	19
chr9	131455045	131455146	1	1	1	3	0	13
chr9	131456088	131456174	1	1	1	13	0	26
chr9	131456322	131456919	1	1	1	0	1	21
chr9	131465219	131467581	1	1	1	17	0	24
chr9	131466733	131466865	1	1	0	3	0	15
chr9	131468159	131468991	1	1	1	7	0	14
chr9	131469104	131469174	1	1	1	6	0	27
chr9	131469303	131469500	1	1	1	5	0	19
chr9	131477740	131479025	1	1	1	2	0	5
chr9	131480667	131480827	1	1	1	5	0	23
chr9	131480905	131481964	1	1	1	0	6	1
chr9	131482108	131482188	1	1	1	4	0	21
chr9	131541713	131816078	2	2	0	0	4	32
chr9	131553055	131553658	1	1	1	22	0	25
chr9	131553721	131553872	1	1	1	5	0	11
chr9	131570532	131570810	0	0	0	4	0	32
chr9	131583639	131583716	1	1	0	0	6	28
chr9	131612048	131816078	2	2	0	0	4	32
chr9	131644530	131648293	1	1	1	8	5	9
chr9	131644530	131669435	1	1	1	0	5	1
chr9	131671601	131678374	1	1	1	11	0	3
chr9	131693621	131717360	2	2	0	0	8	26
chr9	131710031	131711467	1	1	1	41	3	29
chr9	131711523	131715051	1	1	1	6	0	26
chr9	131741607	131742884	1	1	1	3	0	25
chr9	131745660	131745752	1	1	1	9	0	25
chr9	131752506	131755475	1	1	1	4	0	9
chr9	131757203	131757597	1	1	1	3	0	11
chr9	131764009	131764162	1	1	1	1	0	4
chr9	131764256	131765095	1	1	1	2	0	3
chr9	131767810	131767923	1	1	1	2	0	12
chr9	131773045	131774514	2	2	0	6	0	18
chr9	131776783	131777049	2	2	1	9	0	14
chr9	131787222	131816078	2	2	0	0	4	32
chr9	131799837	131800461	1	1	0	3	0	24
chr9	131810819	131811659	1	1	1	11	0	23
chr9	131823626	131825522	1	1	1	0	10	1
chr9	131847048	131847301	1	1	1	7	0	22
chr9	131873312	131873750	1	1	1	1	0	3
chr9	131902431	131904723	1	1	1	4	0	29
chr9	132049558	132813968	2	2	0	4	0	24
chr9	132255875	132264675	1	1	1	0	4	2
chr9	132388575	132394928	1	1	1	2	0	24
chr9	132401590	132401680	2	2	1	2	0	13
chr9	132403002	132404165	2	2	1	8	0	18
chr9	132565691	132566071	1	1	0	5	0	29
chr9	132590532	132591483	2	2	1	4	0	29
chr9	132595797	132595936	2	2	1	1	0	4
chr9	132595989	132596985	2	2	1	1	0	8
chr9	132597779	132612091	1	1	1	2	0	29
chr9	132623313	132623821	1	1	1	4	0	8
chr9	132662827	132665147	2	2	1	1	0	5
chr9	132691368	132861283	2	2	0	0	4	12
chr9	132691368	133593391	2	2	0	0	4	12
chr9	132721000	132765940	2	2	0	0	3	22
chr9	132741654	132757121	2	2	1	9	0	27
chr9	132763943	132770076	2	2	0	0	4	24
chr9	132816266	132816297	0	0	0	5	0	30
chr9	132816353	132837914	1	1	1	6	0	8
chr9	132861812	132862907	1	1	1	7	0	20
chr9	132866830	132869774	1	1	1	1	0	17
chr9	132988784	132995268	1	1	1	8	0	15
chr9	133320383	133325658	1	1	1	6	0	9
chr9	133455152	133470869	1	1	1	8	0	21
chr9	133456901	133470869	1	1	1	1	0	4
chr9	133488415	133489674	1	1	1	7	0	27
chr9	133489733	133491741	1	1	1	8	0	4
chr9	133501893	133506014	1	1	1	15	0	5
chr9	133511514	133512400	1	1	1	13	0	31
chr9	133573015	133573548	1	1	1	6	0	16
chr9	133747601	133748246	1	1	1	5	0	20
chr9	133756052	133759355	1	1	1	4	0	4
chr9	133972251	133986983	1	1	1	12	0	14
chr9	133979175	133979411	2	2	0	5	0	16
chr9	133993235	133995621	1	1	1	8	0	2
chr9	134001137	134002910	1	1	1	6	0	12
chr9	134021692	134022873	1	1	1	4	0	15
chr9	134026153	134027122	1	1	1	4	0	17
chr9	134039532	134049441	1	1	1	1	0	9
chr9	134049706	134050846	1	1	1	5	0	11
chr9	134073254	134073337	2	4	0	6	0	15
chr9	134131003	134248336	2	2	0	0	14	28
chr9	134308182	134312006	1	1	1	2	0	19
chr9	134312110	134314375	1	1	1	1	0	27
chr9	134322030	134322471	1	1	1	8	0	19
chr9	134323192	134330462	1	1	1	4	0	22
chr9	134334744	134340149	1	1	1	3	0	25
chr9	134343141	134346174	1	1	1	6	4	30
chr9	134346371	134348894	1	1	1	10	0	28
chr9	134349112	134353130	1	1	1	0	9	1
chr9	134351923	134353130	1	1	1	6	9	15
chr9	134357196	134357757	1	1	1	4	0	23
chr9	134360528	134361471	1	1	1	4	0	4
chr9	134363484	134366811	1	1	1	8	0	22
chr9	134372228	134373413	0	0	0	8	0	31
chr9	134378461	134379575	1	1	1	1	1	17
chr9	134379728	134381500	1	1	1	11	0	8
chr9	134385196	134385289	1	1	1	11	0	5
chr9	134400609	134401315	2	2	1	6	0	17
chr9	134401365	134404330	2	2	1	10	0	32
chr9	134462471	134462502	2	2	0	0	4	23
chr9	134462471	134462584	2	2	0	0	4	23
chr9	134462471	134462668	2	2	0	0	4	23
chr9	134464374	134465272	2	2	1	4	0	18
chr9	134473698	134477447	2	2	1	2	0	5
chr9	134514179	134518625	2	2	1	2	0	26
chr9	135270599	135270825	0	0	0	6	0	32
chr9	135522446	135523575	2	2	1	3	0	20
chr9	135527880	135534057	2	2	1	2	0	23
chr9	135535168	135536594	2	2	1	0	1	3
chr9	135536639	135537647	2	2	1	2	0	5
chr9	135555191	135558949	1	1	1	2	0	12
chr9	135762959	135763676	1	1	1	3	0	24
chr9	135796824	135797205	2	2	1	4	0	18
chr9	135801052	135819977	0	0	0	10	0	32
chr9	135802692	135804153	2	2	1	6	0	19
chr9	135919314	135926169	1	1	1	2	0	26
chr9	135932296	135933200	1	1	1	2	0	18
chr9	135940150	135940426	1	1	1	6	0	12
chr9	135979719	135979834	2	2	1	2	0	22
chr9	136215102	136215776	1	1	1	10	0	22
chr9	136215244	136215776	1	1	1	10	0	11
chr9	136215898	136216405	1	1	1	14	1	25
chr9	136216467	136216855	1	1	1	13	0	2
chr9	136216556	136216766	1	1	1	9	5	30
chr9	136216908	136217094	1	1	1	28	0	28
chr9	136217175	136217451	1	1	1	4	17	26
chr9	136217583	136217856	1	1	1	11	9	21
chr9	136217927	136218116	1	1	1	9	6	20
chr9	136221597	136221678	2	2	1	1	0	4
chr9	136276194	136277418	2	2	1	10	0	22
chr9	136277613	136277897	2	2	1	3	0	13
chr9	136342364	136343375	2	2	1	4	0	4
chr9	136613556	136939473	0	0	0	0	11	30
chr9	136764884	136775672	2	2	0	0	1	17
chr9	136818419	136818655	0	0	0	8	0	30
chr9	136826480	136826863	1	5	0	1	0	25
chr9	136854391	136867239	1	1	0	0	4	28
chr9	136918713	136933066	2	2	1	36	0	27
chr9	137017263	137018402	2	4	0	5	0	27
chr9	137033608	137033850	1	1	0	16	0	22
chr9	137218506	137293477	1	1	1	8	0	13
chr9	137239558	138210322	2	2	0	4	0	12
chr9	137293387	137293477	1	1	1	0	1	1
chr9	137300146	137300785	1	1	1	6	0	16
chr9	137313652	137320953	1	1	1	5	0	30
chr9	137704156	137704294	1	1	0	6	0	20
chr9	138367343	138415096	1	3	0	3	0	13
chr9	138392600	138392843	1	1	1	9	0	30
chr9	138448799	138465692	2	2	0	0	5	32
chr9	138457361	138457630	1	1	1	1	0	3
chr9	138773641	138774661	2	2	1	1	0	7
chr9	138880911	139781585	1	1	0	4	0	14
chr9	138887493	138969850	2	2	0	0	6	27
chr9	138887493	139059986	2	2	0	0	6	27
chr9	138887493	139155312	2	2	0	0	6	27
chr9	138905143	138905709	2	2	1	4	0	10
chr9	138916077	138916217	1	1	0	0	4	16
chr9	138916096	138916217	1	1	0	0	4	16
chr9	138916115	138916217	1	1	0	0	4	16
chr9	138916134	138916217	1	1	0	0	4	16
chr9	138916157	138916217	1	1	0	0	4	16
chr9	138938022	138949491	1	1	0	2	0	16
chr9	139123222	139123590	2	2	0	6	0	26
chr9	139229126	139230422	1	1	1	6	0	18
chr9	139232419	139233011	1	1	1	1	0	32
chr9	139256633	139257440	2	2	1	8	0	19
chr9	139261298	139261667	2	2	1	0	8	1
chr9	139273752	139274288	2	2	1	4	0	13
chr9	139276526	139276704	2	2	1	3	0	3
chr9	139282032	139282193	2	2	1	16	0	32
chr9	139283044	139286393	2	2	1	7	0	9
chr9	139287047	139287124	2	2	1	6	0	11
chr9	139287230	139288700	2	2	1	1	0	11
chr9	139289876	139290054	2	2	1	9	0	11
chr9	139292890	139294585	2	2	0	32	0	29
chr9	139298647	139299082	2	2	1	2	0	25
chr9	139328587	139329191	2	2	1	9	0	32
chr9	139329316	139333059	2	2	1	6	0	15
chr9	139341817	139342020	2	2	1	10	0	9
chr9	139348780	139350052	2	2	1	3	0	11
chr9	139358054	139358130	2	2	1	4	0	2
chr9	139358193	139358871	2	2	1	3	0	25
chr9	139372137	139377961	2	2	0	6	0	18
chr9	139402592	139402683	2	2	1	8	0	19
chr9	139403524	139404184	2	2	1	6	0	6
chr9	139411156	139411195	2	2	0	2	0	30
chr9	139412745	139413042	2	2	1	6	0	23
chr9	139417236	139417259	1	1	0	5	0	20
chr9	139417641	139418168	2	2	1	10	0	30
chr9	139426952	139426971	1	3	0	4	0	21
chr9	139427310	139429314	1	1	0	0	2	29
chr9	139427310	139429382	1	1	0	0	2	29
chr9	139447958	139664369	2	2	0	6	0	12
chr9	139568380	139569186	2	2	1	6	0	1
chr9	139621539	139622332	2	2	1	5	0	7
chr9	139686811	139693553	1	1	1	6	0	31
chr9	139720279	139722945	1	1	1	1	0	18
chr9	139726314	139726716	1	1	1	5	0	17
chr9	139727504	139727632	2	2	0	0	12	12
chr9	139727518	139727690	2	2	0	0	12	26
chr9	139727518	139727865	2	2	0	0	12	26
chr9	139727604	139727778	2	2	0	0	6	20
chr9	139727610	139727915	2	2	0	0	6	26
chr9	139727910	139727953	2	2	0	0	1	14
chr9	139727910	139728040	2	2	0	0	15	31
chr9	139732468	139733360	1	1	1	7	0	31
chr9	139733574	139733673	1	1	1	0	14	17
chr9	139733939	139734145	1	1	1	9	0	19
chr9	139734318	139734605	1	1	1	2	0	8
chr9	139734665	139734773	1	1	1	2	0	17
chr9	139745013	139745206	1	1	1	5	0	25
chr9	139746392	139746830	1	3	1	3	0	6
chr9	139750301	139750469	1	1	1	7	0	15
chr9	139751756	139752360	1	3	0	9	0	30
chr9	139752249	139752430	1	1	1	0	7	3
chr9	139752550	139752637	1	1	1	5	0	27
chr9	139752729	139752851	1	1	1	7	0	8
chr9	139835624	139835702	2	2	1	4	0	4
chr9	139838559	139839045	2	2	1	21	0	27
chr9	139881203	140048658	2	2	0	0	8	12
chr9	139903075	139903182	2	2	1	3	0	12
chr9	139904097	139904220	2	2	1	4	0	6
chr9	139905762	139905858	2	2	1	1	0	28
chr9	139908857	139909141	2	2	1	4	0	17
chr9	139910924	139911025	2	2	1	2	1	1
chr9	139911577	139911647	2	2	1	9	0	21
chr9	139911799	139911953	2	2	1	6	0	4
chr9	139912467	139912934	2	2	0	5	0	28
chr9	139916454	139916802	2	2	1	4	0	17
chr9	139935190	139935265	2	2	1	8	0	10
chr9	139960121	139960713	2	2	1	15	0	20
chr9	139960827	139964341	2	2	1	5	0	18
chr9	139996323	139997149	1	1	0	0	9	20
chr9	139996445	139997471	1	1	0	0	4	19
chr9	139996445	139997584	1	1	0	0	4	19
chr9	139996525	139997227	1	1	0	0	6	17
chr9	139996525	139997471	1	1	0	0	4	19
chr9	139996525	139997584	1	1	0	0	4	19
chr9	139996559	139997107	1	1	0	0	4	21
chr9	139996559	139997391	1	1	0	0	4	21
chr9	139996639	139997227	1	1	0	0	6	17
chr9	139996639	139997471	1	1	0	0	4	19
chr9	139996639	139997584	1	1	0	0	4	19
chr9	139996797	139997149	1	1	0	0	9	20
chr9	139996871	139997191	1	1	0	3	0	29
chr9	139996990	139997149	1	1	0	0	9	20
chr9	139996990	139997311	1	1	0	7	0	30
chr9	139997192	139997391	1	1	0	0	4	21
chr9	139997192	139997815	1	1	0	0	3	23
chr9	139997270	139997815	1	1	0	0	3	23
chr9	139997774	139997815	1	1	0	0	3	23
chr9	139997774	139998320	1	1	0	0	3	16
chr9	139997854	139998320	1	1	0	0	3	16
chr9	139997912	139998046	0	0	0	5	0	30
chr9	139998087	139998320	1	1	0	0	3	16
chr9	139998234	139998434	1	1	0	0	4	21
chr9	139999985	140000088	1	1	0	10	0	12
chr9	140001900	140001982	1	1	1	9	0	15
chr9	140006207	140006392	2	2	1	0	1	2
chr9	140082556	140082867	2	2	1	19	0	14
chr9	140083718	140084258	1	1	1	4	0	24
chr9	140101341	140102036	0	0	0	8	0	31
chr9	140103988	140124814	2	2	0	1	0	12
chr9	140109655	140109858	1	1	1	1	0	31
chr9	140109974	140110110	1	1	1	8	0	29
chr9	140110470	140110545	1	1	1	3	0	21
chr9	140110641	140110723	1	1	1	2	0	11
chr9	140111931	140113202	2	6	0	3	0	32
chr9	140135767	140137945	2	2	0	8	0	25
chr9	140135870	140136172	1	1	1	7	0	21
chr9	140136474	140136947	1	1	1	5	0	19
chr9	140155000	140155678	1	1	0	4	0	26
chr9	140157675	140158696	1	1	1	2	0	15
chr9	140158810	140160328	1	1	1	5	0	3
chr9	140161539	140161691	1	1	1	4	0	5
chr9	140310434	140317057	0	0	0	3	0	31
chr9	140352354	140352939	2	2	1	6	0	26
chr9	140356073	140356382	2	2	1	4	0	14
chr9	140408519	140408616	2	2	0	0	1	16
chr9	140414496	140416087	2	2	1	1	0	28
chr9	140446431	140446525	1	1	1	3	0	5
chr9	140477139	140477434	2	2	1	2	0	20
chr9	140503251	140503754	1	1	0	1	0	16
chr9	140510652	140512385	2	2	1	1	0	32
chr9	140513502	140605418	1	1	1	8	0	31
chr9	140605483	140611077	1	1	1	4	0	7
chr9	140622982	140637822	1	1	1	1	0	32
chr9	140657273	140669560	1	1	1	1	0	13
chr9	140707626	140707837	1	1	1	1	0	7
chr9	140712591	140728800	1	1	1	4	0	16
chr9	141135376	141138665	1	1	1	0	4	6
chr10	383338	383753	1	3	0	0	6	24
chr10	402447	403767	2	2	1	1	0	18
chr10	475202	475332	2	2	0	0	1	28
chr10	475224	475332	2	2	0	0	1	28
chr10	475246	475332	2	2	0	0	1	28
chr10	475268	475332	2	2	0	0	1	28
chr10	482718	483072	2	2	0	0	11	20
chr10	482836	483072	2	2	0	0	11	20
chr10	483014	483072	2	2	0	0	11	20
chr10	494759	495157	2	2	0	6	0	14
chr10	513335	667047	1	1	0	3	0	12
chr10	630810	630856	2	2	0	0	7	12
chr10	703079	703690	2	2	0	0	4	18
chr10	861011	863664	2	2	1	5	0	11
chr10	890996	909682	2	2	1	6	0	12
chr10	909824	910062	2	2	1	9	0	6
chr10	976030	976130	0	0	0	4	0	30
chr10	1034468	1038428	1	1	1	16	0	27
chr10	1045036	1046616	1	1	1	1	0	9
chr10	1053069	1054897	1	1	1	6	0	17
chr10	1060253	1061692	1	1	1	7	0	21
chr10	1089334	1089938	2	2	1	4	0	10
chr10	1090112	1094803	2	2	1	5	0	6
chr10	1126417	1130342	1	1	1	5	0	19
chr10	3109900	3111465	1	1	1	0	2	1
chr10	3109900	3124579	1	1	1	10	2	28
chr10	3124654	3141466	1	1	1	1	0	15
chr10	3141545	3143556	1	1	1	0	1	2
chr10	3143193	3143556	1	1	1	0	1	2
chr10	3146137	3147306	1	1	1	13	0	8
chr10	3147352	3147584	1	1	1	13	0	2
chr10	3147694	3149405	1	1	1	4	1	15
chr10	3151673	3154413	1	1	1	3	0	10
chr10	3155381	3155563	1	1	1	9	0	30
chr10	3155711	3158967	1	1	1	8	0	30
chr10	3159039	3160973	1	1	1	5	0	6
chr10	3175507	3176674	1	1	1	7	0	27
chr10	3181242	3182878	2	2	1	5	0	23
chr10	3187909	3189341	2	2	1	1	0	15
chr10	3189443	3189763	2	2	1	3	0	31
chr10	3190484	3191812	2	2	1	13	0	22
chr10	3824407	3827104	2	2	1	5	0	8
chr10	5695014	5708471	2	2	1	5	0	3
chr10	5726871	5726977	0	0	0	5	0	31
chr10	5745715	5745925	2	2	0	2	0	24
chr10	5754882	5756097	1	1	1	7	0	23
chr10	5769087	5772449	1	1	1	1	0	6
chr10	5771287	6160200	0	0	0	0	9	32
chr10	5773167	5777266	1	1	1	2	0	10
chr10	5804610	5804991	1	1	1	3	0	14
chr10	5808602	5810175	2	2	1	8	0	16
chr10	5838826	5842560	2	2	1	9	0	1
chr10	5842669	5855176	2	2	1	5	0	18
chr10	5920251	5924968	2	2	1	3	0	13
chr10	5965660	5966273	1	1	1	9	0	28
chr10	6054860	6060015	2	2	1	2	0	4
chr10	6131157	6139010	1	1	1	7	0	7
chr10	6157275	6157415	1	1	1	4	0	32
chr10	6572413	6587220	2	6	0	0	1	14
chr10	7249238	7249597	2	2	0	6	0	18
chr10	7400152	7400217	2	2	0	7	0	15
chr10	7412338	7423760	2	2	1	5	0	4
chr10	7830227	7838083	1	1	1	11	0	16
chr10	7839142	7840952	1	1	1	1	0	4
chr10	11093928	11096955	1	1	0	4	0	27
chr10	11984763	11985062	2	2	1	2	0	5
chr10	12056184	12070743	2	2	1	0	3	2
chr10	12093020	12122103	2	2	0	1	0	22
chr10	12228332	12237768	2	2	1	4	0	3
chr10	12252024	12252288	1	1	1	6	0	10
chr10	12259467	12272946	1	1	1	0	1	3
chr10	12561680	12562080	2	2	0	0	5	14
chr10	13203607	13206127	1	1	1	6	0	12
chr10	13206210	13212921	1	1	1	1	0	24
chr10	13234366	13234450	1	1	1	12	0	9
chr10	13243535	13246218	1	1	1	18	0	16
chr10	13371789	13375816	2	2	1	2	0	2
chr10	13378351	13380704	2	2	1	19	0	8
chr10	13387029	13389999	2	2	1	10	0	24
chr10	13629153	13633767	1	1	1	0	4	1
chr10	13656087	13658397	1	1	1	6	0	16
chr10	13700757	13713328	2	2	0	0	8	22
chr10	14564019	14572330	2	2	1	4	0	4
chr10	14802984	14930607	2	2	0	0	3	32
chr10	14881985	14882073	1	1	1	1	0	27
chr10	14920919	14923498	1	1	1	12	7	29
chr10	14920919	14938844	1	1	1	5	17	14
chr10	14920960	14923498	1	3	1	0	7	2
chr10	14922067	14923498	1	1	1	0	7	2
chr10	14941685	14943131	1	1	1	3	0	10
chr10	14976775	14977461	2	2	1	6	0	22
chr10	15139398	15153684	1	1	1	0	16	1
chr10	15168215	15519004	1	1	0	0	9	21
chr10	15175144	15175243	2	2	1	4	0	22
chr10	15349431	15519004	1	1	0	0	9	21
chr10	15375280	15519004	1	1	0	0	9	21
chr10	15379873	15567563	2	2	0	0	6	32
chr10	15397650	16081440	1	1	0	0	4	17
chr10	15697406	15700997	2	2	1	1	0	16
chr10	16539149	16630236	1	1	0	0	6	32
chr10	16824084	16858971	2	2	1	6	0	21
chr10	17270676	17271274	1	3	1	15	12	12
chr10	17271985	17272648	1	1	1	8	0	28
chr10	17272710	17275585	1	1	1	1	0	22
chr10	17275682	17275768	1	1	1	1	0	7
chr10	17276818	17277167	1	1	1	8	0	6
chr10	17277389	17277844	1	1	1	10	0	27
chr10	17277889	17278292	1	1	1	9	0	30
chr10	17369126	17373406	2	2	1	6	0	10
chr10	18948561	18966045	2	2	0	2	0	29
chr10	18954167	19001793	1	1	0	0	6	30
chr10	21719266	21719547	1	1	0	0	1	22
chr10	21805846	21806082	2	4	1	9	1	25
chr10	22271724	22275189	1	5	0	5	0	30
chr10	22610626	22615359	1	1	1	10	0	22
chr10	22616722	22616878	1	1	1	6	0	24
chr10	22618058	22618141	1	1	1	4	0	12
chr10	22829004	22830732	2	2	1	5	0	20
chr10	24625470	24625763	0	0	0	10	0	32
chr10	24893278	24896427	2	2	1	4	0	9
chr10	24922905	24926875	2	2	0	0	2	22
chr10	24959327	25010765	2	2	1	13	0	29
chr10	25166713	25178193	2	2	0	1	0	13
chr10	26223417	26224672	1	1	0	3	0	31
chr10	27313489	27317780	2	2	1	4	0	13
chr10	27328258	27809720	2	2	0	0	6	24
chr10	27329108	27332354	2	2	1	1	0	21
chr10	27366470	27366561	2	2	1	1	0	20
chr10	27410378	27411769	2	2	1	4	0	23
chr10	27423052	27423759	2	2	1	0	4	1
chr10	27431415	27434356	2	2	1	2	0	24
chr10	27454469	27456030	1	1	1	7	0	10
chr10	27520750	27524020	2	2	1	8	0	7
chr10	27524142	27529247	2	2	1	8	0	17
chr10	27793367	27798803	1	1	1	7	0	4
chr10	27798860	27815756	1	1	1	7	0	5
chr10	27821509	27822663	1	1	1	4	0	18
chr10	28899751	28900183	1	1	1	8	0	31
chr10	28899751	28900702	1	1	1	2	0	15
chr10	29770658	29773584	2	2	1	6	0	1
chr10	30411946	30459000	2	4	0	0	1	22
chr10	30578311	30627834	2	2	0	0	2	28
chr10	30630570	30638047	2	2	1	0	6	1
chr10	31222861	31248452	1	1	0	0	3	26
chr10	32096761	32097576	2	2	1	2	0	1
chr10	32244758	32245306	2	4	0	4	0	19
chr10	32259034	32259384	1	1	0	0	1	17
chr10	32300445	32304436	2	2	1	9	0	13
chr10	32306288	32306979	2	2	1	5	0	12
chr10	32311186	32311775	2	2	1	3	0	30
chr10	32321703	32322772	2	2	1	7	0	31
chr10	32329386	32337391	2	2	1	6	0	12
chr10	32482946	32592018	1	1	0	0	7	22
chr10	32594860	32635690	2	2	1	2	0	12
chr10	33224487	33247072	2	2	1	1	0	15
chr10	33510792	33515061	2	2	1	6	0	7
chr10	34601311	34606034	2	2	1	5	0	15
chr10	34935748	35608764	1	1	0	7	0	23
chr10	35038854	35086851	1	1	0	0	3	17
chr10	35317816	35318415	2	2	1	3	0	9
chr10	35485843	35503361	1	3	0	0	1	29
chr10	35637182	35637224	0	0	0	3	0	32
chr10	35721108	36678757	2	2	0	6	0	12
chr10	36683517	37586521	2	2	0	9	0	14
chr10	39130481	39131285	1	1	0	0	3	23
chr10	42365831	42375494	1	1	0	0	3	30
chr10	42408338	42409354	2	2	0	0	10	26
chr10	42529318	42530337	1	1	0	0	3	25
chr10	42529318	42542558	1	1	0	0	3	25
chr10	42529318	42545616	1	1	0	0	3	25
chr10	43047263	43047437	2	2	1	3	0	1
chr10	43280019	43280929	1	1	1	9	0	32
chr10	43325871	43326313	1	1	1	4	0	13
chr10	43654380	43655941	1	1	1	3	0	10
chr10	43659493	43662451	1	1	1	10	0	15
chr10	43883385	43890077	2	2	1	10	0	16
chr10	44283842	44284706	0	0	0	0	5	30
chr10	45496427	45498727	1	1	1	9	0	18
chr10	46151420	46160727	2	2	0	0	6	24
chr10	46187607	46190195	1	1	1	0	2	5
chr10	46190232	46193512	1	1	1	0	2	24
chr10	46214812	46215284	2	2	1	0	4	15
chr10	46217235	46217774	2	2	1	0	8	18
chr10	46222769	46222864	1	1	1	12	0	1
chr10	46223672	46484881	2	2	0	0	7	26
chr10	46223672	46557930	2	2	0	0	7	26
chr10	46231994	46232493	0	0	0	3	0	30
chr10	46240331	46242047	1	1	1	2	0	3
chr10	46242096	46245543	1	1	1	2	0	13
chr10	46245655	46246198	1	1	1	2	6	18
chr10	46254850	46258835	1	1	1	0	6	23
chr10	46298019	46327461	1	1	0	0	7	29
chr10	46298019	46717748	1	1	0	0	7	29
chr10	46298019	47198158	1	1	0	0	7	29
chr10	46323529	46326841	2	2	1	0	2	24
chr10	46326878	46329463	2	2	1	0	2	5
chr10	46351855	46353678	2	2	0	0	4	28
chr10	46358563	46383612	2	2	1	0	10	11
chr10	46360722	46360768	0	0	0	0	5	30
chr10	46406155	46411526	2	2	1	0	2	8
chr10	46611812	46640939	2	2	1	0	6	8
chr10	46736952	46746749	0	0	0	0	4	32
chr10	46742128	46743986	2	2	0	0	4	28
chr10	46752923	46753640	2	2	1	0	3	19
chr10	47194231	47197537	2	2	1	0	2	24
chr10	47197574	47200160	2	2	1	0	2	5
chr10	47217369	47227067	0	0	0	0	4	32
chr10	47721847	47724433	1	1	1	0	2	5
chr10	47724470	47727768	1	1	1	0	2	24
chr10	47906789	47907332	1	1	1	0	8	18
chr10	47907421	47908063	1	1	1	0	9	13
chr10	47909289	47909761	1	1	1	0	4	15
chr10	47915965	47919941	1	1	1	0	6	23
chr10	47959063	48907507	1	1	0	0	7	29
chr10	48202284	48211981	0	0	0	0	4	32
chr10	48229192	48231778	1	1	1	0	2	5
chr10	48231815	48235121	1	1	1	0	2	24
chr10	48426762	48428640	2	2	1	0	1	4
chr10	48798740	48827860	2	2	1	0	6	8
chr10	48903591	48906885	2	2	1	0	2	24
chr10	48906922	48909507	0	0	1	0	2	5
chr10	48926713	48936518	0	0	0	0	4	32
chr10	48931889	48933750	2	2	0	0	4	28
chr10	48942691	48943408	2	2	1	0	3	19
chr10	49220353	49223662	2	2	1	0	2	24
chr10	49223699	49226283	2	2	1	0	2	5
chr10	49239563	49239563	0	0	1	6	0	28
chr10	49243479	49253213	0	0	0	0	4	32
chr10	49514865	49609654	1	1	1	1	0	3
chr10	49667935	49687630	2	2	1	5	0	19
chr10	49667935	49687678	2	2	1	2	0	24
chr10	50701299	50708583	2	4	1	4	0	28
chr10	50714059	50732078	2	2	1	5	0	28
chr10	51087877	51093248	2	2	1	0	2	8
chr10	51121279	51365597	1	1	0	0	4	18
chr10	51201647	51231078	1	1	0	0	7	29
chr10	51201647	51470549	1	1	0	0	7	29
chr10	51227154	51230458	2	2	1	0	2	24
chr10	51230495	51233080	2	2	1	0	2	5
chr10	51255480	51257299	2	2	0	0	4	28
chr10	51262178	51287080	2	2	1	0	10	11
chr10	51264335	51264381	0	0	0	0	5	30
chr10	51309607	51314979	2	2	1	0	2	8
chr10	51343064	51365597	1	1	0	0	4	18
chr10	51371647	51372578	1	1	1	0	6	11
chr10	51371647	51374369	1	1	1	0	4	28
chr10	51384358	51387652	1	1	1	0	5	25
chr10	51466628	51469922	2	2	1	0	2	24
chr10	51469959	51472551	0	0	1	0	2	5
chr10	51565297	51579127	1	1	1	9	0	26
chr10	51582273	51582795	1	1	1	2	0	10
chr10	51607099	51610392	2	2	1	0	5	25
chr10	51620383	51623108	2	2	1	0	4	28
chr10	51622175	51623108	2	2	1	0	6	11
chr10	51629160	51651680	2	2	0	0	4	18
chr10	51679748	51685119	1	1	1	0	2	8
chr10	51730572	51730618	0	0	0	0	5	31
chr10	51763859	51795993	2	2	0	0	7	29
chr10	51850647	51851190	1	1	1	0	8	18
chr10	51851279	51851921	1	1	1	0	9	13
chr10	51853147	51853619	1	1	1	0	4	15
chr10	51859825	51863801	1	1	1	0	6	23
chr10	52279682	52349912	2	2	1	2	0	17
chr10	53370203	53370230	0	0	0	5	0	31
chr10	54281986	54317107	2	2	0	1	0	13
chr10	55228758	55231763	2	2	0	0	3	21
chr10	55455760	55464508	1	1	0	0	3	24
chr10	58118221	58118316	2	2	1	2	0	5
chr10	58118449	58118565	2	2	1	11	0	15
chr10	58119903	58120053	2	2	1	9	0	22
chr10	60037083	60047320	1	1	1	6	0	27
chr10	60121162	60121254	1	1	1	10	0	32
chr10	60145409	60145979	1	1	1	2	0	10
chr10	60437562	61231857	1	1	0	4	0	18
chr10	61592980	62500109	1	1	0	0	6	24
chr10	61612461	61665879	2	2	1	7	0	21
chr10	61898846	61900109	2	2	1	6	0	14
chr10	62701613	62745602	2	2	1	0	3	2
chr10	63661490	63661917	1	1	1	14	0	18
chr10	63795283	63795337	2	2	0	6	0	15
chr10	64945414	64945974	2	2	1	5	0	22
chr10	65281338	65326097	1	1	1	4	0	22
chr10	65293519	65358479	1	1	0	0	4	18
chr10	65293519	65399750	1	1	0	0	4	18
chr10	65293519	65489464	1	1	0	0	4	18
chr10	66112019	66342307	2	2	0	0	4	13
chr10	67332815	67345242	1	1	1	0	5	1
chr10	67441369	67441996	0	0	0	3	0	30
chr10	69714496	69714719	2	2	1	2	0	17
chr10	70058637	70177943	1	1	0	0	3	20
chr10	70097091	70098259	1	1	1	8	1	27
chr10	70097754	70098259	1	1	1	8	0	25
chr10	70098984	70099196	1	1	1	4	0	2
chr10	70101609	70101734	1	1	1	20	0	27
chr10	70117771	70118493	2	2	0	0	1	32
chr10	70174865	70176465	2	6	1	1	0	21
chr10	70304964	70355565	1	1	0	0	4	22
chr10	70317755	70355565	1	1	0	0	4	22
chr10	70481040	70482211	1	1	1	5	0	12
chr10	70481164	70482211	1	1	1	2	0	1
chr10	70497647	70500385	1	1	1	4	0	30
chr10	70500419	70502132	1	1	1	4	0	2
chr10	70545976	70546302	1	1	1	3	0	16
chr10	70546450	70547683	1	1	1	3	0	5
chr10	70592758	70885998	2	2	0	6	0	23
chr10	70620311	70668191	1	1	0	0	1	21
chr10	70667102	70682625	2	2	0	3	0	16
chr10	70671003	70672917	1	1	1	4	0	17
chr10	70715943	70719615	1	1	0	2	0	32
chr10	70721914	70723046	1	1	1	4	0	13
chr10	70723226	70725132	1	1	1	1	0	12
chr10	70728878	70729956	1	1	1	2	0	26
chr10	70730107	70731646	1	1	1	1	0	9
chr10	70734500	70737284	1	1	1	3	0	20
chr10	70737445	70738597	1	1	1	1	0	7
chr10	70738733	70741292	1	1	1	14	0	26
chr10	70760279	70764801	1	1	1	0	3	2
chr10	70884037	70892653	1	1	1	7	0	24
chr10	70939229	70945504	2	2	0	0	1	12
chr10	70994775	70995068	2	2	0	0	1	26
chr10	71129093	71129196	1	1	1	5	0	16
chr10	71390020	71392800	2	2	0	3	0	17
chr10	71390070	71391235	1	1	1	10	0	5
chr10	71390666	71769172	1	3	0	0	5	15
chr10	71391596	71392545	1	1	1	14	2	19
chr10	71631967	71640258	1	1	1	3	0	21
chr10	71880356	71880847	2	2	1	2	0	9
chr10	71880968	71883160	2	2	1	5	4	8
chr10	71903661	71905255	0	0	0	5	0	31
chr10	71921688	71930168	2	2	1	14	0	24
chr10	71921688	71930231	2	2	0	8	0	25
chr10	71964672	71966019	2	2	1	0	4	15
chr10	71973346	71974255	2	2	1	10	0	10
chr10	71974343	71977567	2	2	1	2	1	30
chr10	71977688	71978519	2	2	1	5	0	6
chr10	71978574	71990096	2	2	1	3	0	20
chr10	72179856	72181471	1	1	1	9	0	24
chr10	72294600	72297566	1	1	1	4	0	19
chr10	73044621	73045082	1	1	1	5	0	2
chr10	73062288	73062337	2	2	0	8	0	20
chr10	73269982	73270710	1	1	1	5	0	11
chr10	73270759	73270876	1	1	1	4	0	6
chr10	73578482	73578787	2	2	1	8	0	1
chr10	73585651	73587770	2	2	1	3	0	6
chr10	73587915	73588633	2	2	1	3	0	3
chr10	73594263	73610938	2	2	1	6	2	3
chr10	73975868	73975964	2	2	1	0	2	2
chr10	73983815	73990123	1	1	1	6	0	4
chr10	74167796	74182991	2	2	1	9	0	19
chr10	74516747	74519524	1	1	0	9	0	27
chr10	74594187	74618934	1	1	1	3	0	10
chr10	74689518	75498420	2	2	0	6	0	28
chr10	74943335	74945837	2	2	0	6	0	15
chr10	74952457	74953234	1	1	1	4	0	26
chr10	75148173	75156276	2	2	1	5	0	15
chr10	75199660	75204482	2	2	1	0	1	7
chr10	75230723	75230827	2	2	1	3	0	5
chr10	75257716	75259178	0	0	0	3	0	32
chr10	75264031	75264562	1	1	1	0	6	2
chr10	75275629	75363478	2	4	0	0	3	30
chr10	75436529	75439828	2	2	1	0	2	24
chr10	75439865	75442451	2	2	1	0	2	5
chr10	75523742	75525208	1	1	1	5	0	19
chr10	75525674	75525843	1	1	1	6	0	9
chr10	75532355	75533131	2	4	0	3	0	26
chr10	75548582	75548853	1	1	1	8	0	7
chr10	75554089	75554313	1	1	1	1	0	14
chr10	75557364	75557538	1	1	1	4	0	5
chr10	75558212	75558759	1	1	1	2	0	29
chr10	75597270	75601926	2	2	1	10	0	17
chr10	75601970	75602215	2	2	1	10	0	5
chr10	75725084	76256097	1	1	0	0	6	14
chr10	75826034	75826092	2	2	0	4	0	24
chr10	75854220	75855413	1	1	1	1	0	15
chr10	75889000	75889664	2	2	1	10	0	14
chr10	75960597	75984295	1	1	1	0	12	3
chr10	75960597	76074424	1	1	1	0	9	2
chr10	76043954	76256097	1	1	0	0	6	14
chr10	76170161	76170224	1	1	0	2	0	30
chr10	76895177	76927842	2	2	0	1	0	29
chr10	76970948	76971987	1	1	1	0	16	21
chr10	76989460	76990655	1	1	1	0	1	15
chr10	76994502	76994695	2	2	1	3	0	22
chr10	77160133	77160862	2	2	1	8	0	26
chr10	79555947	79556208	2	2	1	1	0	14
chr10	79577648	79579078	2	2	1	3	0	13
chr10	79588744	79589112	2	2	1	6	0	10
chr10	79589289	79589974	2	2	1	5	0	7
chr10	79590632	79593671	2	2	1	4	0	28
chr10	79593798	79595495	2	2	1	5	0	19
chr10	79603465	79613111	2	2	1	3	0	31
chr10	79745918	79750811	2	2	1	2	0	5
chr10	79750515	80708071	1	1	0	0	8	24
chr10	79750926	79752954	2	2	1	2	0	25
chr10	79762067	79764473	2	2	1	3	0	10
chr10	79782143	79784306	2	2	1	1	0	32
chr10	79793663	79795109	1	1	1	38	0	27
chr10	79795176	79795268	1	1	1	9	0	27
chr10	79795479	79796951	1	1	1	2	0	9
chr10	79797063	79799961	1	1	1	27	0	22
chr10	79799984	79800372	1	1	1	26	0	21
chr10	80829028	80878671	1	1	1	7	0	25
chr10	80878782	80899438	1	1	1	10	0	19
chr10	81013375	81014349	0	0	0	9	0	31
chr10	81107500	81108831	1	1	1	9	0	21
chr10	81109510	81111242	1	1	1	11	0	9
chr10	81111340	81112072	1	1	1	15	0	19
chr10	81273279	81273305	2	2	0	0	3	22
chr10	81524820	81524938	2	2	0	0	3	28
chr10	81915669	81917396	2	2	1	1	0	25
chr10	81921785	81923104	2	2	1	6	0	17
chr10	81923162	81923289	2	2	1	9	0	18
chr10	81930672	81932562	2	2	1	9	6	17
chr10	81931638	81932562	2	2	1	0	6	2
chr10	82006536	82006562	1	1	0	0	3	22
chr10	82214128	82248972	1	1	1	5	8	4
chr10	85841354	85841652	0	0	1	0	5	27
chr10	85899350	85901217	1	1	1	18	0	24
chr10	85904773	85908485	1	1	1	4	0	5
chr10	85908595	85909810	1	1	1	1	0	19
chr10	85910000	85910464	1	1	1	6	0	7
chr10	86075886	86176483	1	1	0	7	0	23
chr10	87966406	88123697	2	2	1	7	0	17
chr10	88106194	88106802	1	3	0	1	0	21
chr10	88206207	88211723	2	2	1	1	0	10
chr10	88211889	88212976	2	2	1	1	0	15
chr10	88212322	88235746	2	4	0	1	0	16
chr10	88303952	88316104	2	2	0	0	1	16
chr10	88516677	88598621	1	1	1	0	5	6
chr10	88579289	88737062	2	2	0	0	4	29
chr10	88780816	88860466	2	2	0	0	5	19
chr10	88854238	88854581	1	3	0	6	0	23
chr10	88855006	88856690	1	1	1	10	0	27
chr10	88997072	89129289	2	2	0	4	0	28
chr10	89005613	89005871	2	2	1	0	2	2
chr10	89046989	89047107	2	2	0	0	3	28
chr10	89514565	89516545	2	2	1	6	0	9
chr10	89624306	89653781	1	1	1	0	2	16
chr10	89717777	89720650	1	1	1	0	6	10
chr10	90521271	90521944	1	1	1	1	0	5
chr10	91152475	91162037	1	1	1	7	0	3
chr10	91461438	91465050	1	1	1	39	0	21
chr10	91484916	91486169	1	1	1	5	0	29
chr10	91498854	91503564	1	1	1	2	0	18
chr10	91512449	91514274	1	1	1	1	0	13
chr10	91520394	91522394	1	1	1	2	0	15
chr10	92631826	92634625	1	1	1	3	0	3
chr10	92635856	92638819	1	1	1	0	6	3
chr10	92635856	92638821	1	1	0	0	6	17
chr10	93567537	93571601	1	1	0	0	1	12
chr10	93586961	93588041	1	1	1	6	0	5
chr10	93596756	93600317	1	1	1	5	0	31
chr10	93614884	93615370	1	1	1	2	0	13
chr10	93702326	93711159	1	1	1	0	1	2
chr10	93719638	93719734	1	1	1	5	0	12
chr10	93722436	93723833	1	1	1	5	0	12
chr10	93726515	93740210	1	1	1	2	0	17
chr10	94135054	94135180	1	1	0	0	5	21
chr10	94205069	94208911	2	2	0	0	1	32
chr10	94250353	94264550	2	2	1	0	5	1
chr10	94294543	94297122	2	2	1	2	0	12
chr10	94314527	94314637	2	2	1	0	2	6
chr10	94694188	94695570	1	1	1	1	0	6
chr10	94708137	94712029	1	1	1	2	0	21
chr10	94733990	94757230	1	1	1	2	0	4
chr10	94735592	94735718	1	1	0	0	5	21
chr10	96100105	96100189	2	2	1	5	0	6
chr10	96117973	96121421	2	2	1	2	0	22
chr10	96127807	96156598	2	2	0	0	3	32
chr10	96137827	96288453	2	2	0	0	9	29
chr10	96306256	96313882	1	1	1	8	0	27
chr10	96334494	96336418	1	1	1	7	0	24
chr10	96821680	96822069	1	1	0	0	1	19
chr10	97117561	97127406	2	2	1	2	0	5
chr10	97181831	97181946	2	2	1	5	0	29
chr10	97387344	97388124	2	2	1	9	0	26
chr10	97402964	97413046	2	2	1	1	0	5
chr10	97413163	97416353	2	2	1	10	0	3
chr10	97894184	97894221	2	2	0	1	0	26
chr10	98161869	98594776	1	1	0	6	0	14
chr10	98290366	98292807	2	2	1	4	0	19
chr10	98292948	98303832	2	2	1	4	0	20
chr10	98336587	98346490	2	2	1	7	0	12
chr10	98352409	99339432	2	2	0	0	4	20
chr10	98510056	98510263	0	0	0	6	0	31
chr10	98592157	98593162	1	1	1	2	0	7
chr10	98592880	98593162	1	1	1	1	0	2
chr10	98701370	98701917	2	2	0	0	2	19
chr10	99077859	99088099	1	1	0	0	3	30
chr10	99126379	99126498	2	2	1	3	0	10
chr10	99130554	99130679	2	2	1	6	0	10
chr10	99131924	99132492	2	2	1	14	0	6
chr10	99132561	99132802	2	2	1	5	0	20
chr10	99139528	99140555	2	2	1	8	0	19
chr10	99141584	99144922	2	2	1	2	0	28
chr10	99150297	99150495	2	2	1	1	0	4
chr10	99150602	99153440	2	2	1	3	0	25
chr10	99170794	99339432	2	2	0	0	4	20
chr10	99186204	99190135	1	1	1	0	32	31
chr10	99190411	99190711	1	1	1	0	6	10
chr10	99190893	99192111	1	1	1	0	12	17
chr10	99196746	99339432	2	2	0	0	4	20
chr10	99197033	99197456	2	2	1	4	0	12
chr10	99205605	99205711	2	2	1	5	0	17
chr10	99227341	99228008	2	2	1	12	0	31
chr10	100177484	100177931	2	2	1	8	0	10
chr10	100189400	100189547	2	2	1	4	0	5
chr10	100191049	100193739	2	2	1	7	0	20
chr10	100205171	100206563	2	2	1	2	0	6
chr10	100965146	101107082	2	2	0	0	5	27
chr10	101439633	101445548	1	1	1	2	0	19
chr10	101451276	101455712	1	1	1	5	0	15
chr10	101483881	101486724	2	2	1	4	0	20
chr10	101487321	101489309	2	2	1	6	0	24
chr10	101649415	101965491	2	4	0	0	7	15
chr10	102016234	102019974	2	2	1	1	0	4
chr10	102037506	102037681	1	1	0	0	1	28
chr10	102042771	102045853	2	2	0	1	0	18
chr10	102133770	102140739	1	1	0	1	0	30
chr10	102147118	102680509	2	2	0	0	6	32
chr10	102265959	102266077	2	2	1	6	0	23
chr10	102286312	102286731	2	2	1	5	0	21
chr10	102310404	102312118	0	0	0	9	0	30
chr10	102690836	102697158	1	1	1	3	0	31
chr10	102746954	102747069	2	2	1	8	0	2
chr10	102750301	102750625	1	1	1	11	1	1
chr10	102759710	102762253	1	1	1	1	0	16
chr10	102930058	102933137	2	2	0	1	0	23
chr10	102975302	103906870	1	1	0	0	6	12
chr10	103124669	103491866	2	2	0	0	8	13
chr10	103166373	103235263	2	2	0	0	10	20
chr10	103166373	103779651	2	2	0	0	10	20
chr10	103170300	103863500	1	1	0	4	0	29
chr10	103343439	103344358	2	2	1	5	0	25
chr10	103541390	103541483	2	2	1	11	0	17
chr10	103542682	103543029	2	2	1	12	0	8
chr10	103550846	103551110	2	2	1	6	0	7
chr10	103559213	103559998	2	2	1	8	0	32
chr10	103563777	103565801	2	2	1	5	0	30
chr10	103751796	103753294	2	2	1	3	0	16
chr10	103767465	104322155	2	2	0	6	0	25
chr10	103773782	103783233	2	2	1	1	0	27
chr10	103867162	103867195	0	0	0	10	0	30
chr10	103870459	103870625	2	2	1	3	0	3
chr10	103892979	103897606	1	1	1	5	0	5
chr10	103907150	103908128	1	1	1	8	0	26
chr10	103916832	103916942	1	1	1	10	0	11
chr10	103919782	103919989	1	1	1	16	0	14
chr10	103920101	103920208	1	1	1	4	0	12
chr10	103920851	103921312	1	1	1	10	0	5
chr10	103921420	103921589	1	1	1	10	0	2
chr10	103921683	103921867	1	1	1	9	0	21
chr10	104018792	104019806	1	1	1	8	0	25
chr10	104019874	104103807	1	1	1	0	8	2
chr10	104111132	104111599	1	1	1	3	0	20
chr10	104160582	104160703	1	1	1	3	0	24
chr10	104184956	104192282	2	2	1	5	0	9
chr10	104224144	104314095	1	1	0	0	3	21
chr10	104224649	104237863	1	1	0	0	7	25
chr10	104240723	104240888	2	2	1	4	0	28
chr10	104240930	104241593	2	2	1	8	0	19
chr10	104244134	104245365	2	2	1	7	0	20
chr10	104275304	104619551	2	2	0	0	8	31
chr10	104404945	104414409	1	3	1	5	0	19
chr10	104416143	104416503	1	1	1	6	0	31
chr10	104474439	104484692	1	1	1	1	0	16
chr10	104484754	104486368	1	1	1	0	1	1
chr10	104488287	104489075	1	1	1	5	0	31
chr10	104495667	104497419	1	1	1	5	0	11
chr10	104503901	104557749	1	1	1	0	4	1
chr10	104557853	104569649	1	1	1	1	0	8
chr10	104772143	105444835	2	2	0	0	4	13
chr10	104861084	104865462	2	2	1	4	0	1
chr10	104934740	104952992	2	2	1	8	0	19
chr10	105010748	105010801	2	2	0	0	5	27
chr10	105010748	105010834	2	2	0	0	7	27
chr10	105010748	105010972	2	2	0	0	5	27
chr10	105155790	105156165	2	2	1	5	0	7
chr10	105165866	105166365	1	1	1	3	0	27
chr10	105199626	105200046	1	1	1	7	0	15
chr10	105315171	105330628	1	1	1	7	0	18
chr10	105322015	105444835	2	2	0	0	4	13
chr10	105433062	105444835	2	2	0	0	4	13
chr10	106014721	106014920	1	1	1	9	0	32
chr10	107648445	108620928	1	1	0	0	4	32
chr10	108093351	108760142	1	1	0	0	4	25
chr10	108304006	108760142	1	1	0	0	4	25
chr10	108723151	108914038	1	1	0	0	5	25
chr10	109856250	109856271	1	1	0	2	0	17
chr10	111651585	111652769	2	2	1	5	0	5
chr10	112057487	112058405	2	2	1	1	0	4
chr10	112333504	112335093	1	1	1	1	0	6
chr10	112335162	112337178	1	1	1	2	0	18
chr10	112343626	112350835	2	2	0	5	0	19
chr10	112350891	112352830	1	1	1	6	0	17
chr10	112362761	112362941	1	1	1	0	12	23
chr10	112560390	112570140	1	1	0	1	0	15
chr10	112641294	112642760	1	1	1	2	0	29
chr10	112649389	112650313	1	1	1	1	0	12
chr10	113012101	113769996	2	2	0	0	8	24
chr10	113449597	113769996	2	2	0	0	8	24
chr10	113920627	113921424	2	2	1	4	0	26
chr10	113940354	113941440	2	2	1	8	0	30
chr10	114711367	114724314	1	1	1	6	0	9
chr10	114917829	114920377	1	1	1	3	0	29
chr10	115613607	115614112	2	2	1	7	0	21
chr10	115884986	115885644	2	2	1	6	0	6
chr10	116138758	116150266	1	1	0	0	8	30
chr10	116247776	116251549	2	2	1	1	0	30
chr10	116606127	116606317	1	1	1	4	0	29
chr10	116702503	116710852	1	1	1	5	0	30
chr10	118738820	118764532	2	2	1	3	0	29
chr10	119044983	119049696	2	2	1	6	0	7
chr10	120070826	120085665	2	2	1	5	0	28
chr10	120095936	120101781	2	2	1	4	0	20
chr10	120101440	120101781	2	2	1	16	0	29
chr10	120460921	120467003	2	2	1	3	0	1
chr10	120545827	121444686	2	2	0	0	6	29
chr10	120797952	120801505	2	2	1	18	0	26
chr10	120802285	120803565	2	2	1	6	0	7
chr10	120803655	120809312	2	2	1	8	0	26
chr10	120811945	120814694	2	4	0	5	0	29
chr10	120818910	120819113	2	2	1	10	0	12
chr10	120830598	120832401	2	2	1	0	5	2
chr10	120833090	120833258	2	2	1	2	0	32
chr10	120931998	120933248	2	2	1	2	0	8
chr10	120933385	120933962	2	2	1	6	0	23
chr10	120936666	120938266	2	2	1	1	0	22
chr10	121041998	121042158	2	4	0	4	0	17
chr10	121294039	121629178	1	1	0	0	5	27
chr10	121302365	121302387	2	4	0	6	0	23
chr10	121336716	121336962	2	2	1	6	0	7
chr10	121339523	121339982	2	2	1	3	0	28
chr10	121554221	121554653	2	2	0	0	6	21
chr10	121591113	121591523	2	2	1	7	0	24
chr10	121595217	121596407	2	2	1	5	0	31
chr10	121609089	121612561	2	2	1	7	0	6
chr10	121619397	121632038	2	2	1	4	0	24
chr10	123289973	123290780	2	2	1	0	7	2
chr10	123719922	123720937	2	2	1	3	0	15
chr10	124152858	124157433	1	1	1	8	0	17
chr10	124166190	124172435	1	1	1	3	0	13
chr10	124175519	124177415	1	1	1	14	0	27
chr10	124914629	124915173	1	1	1	11	0	13
chr10	124915244	124917244	1	1	1	6	0	19
chr10	124917397	124919922	1	1	1	7	0	8
chr10	125526669	125528041	2	2	1	0	1	4
chr10	125806346	125806372	1	1	0	10	0	25
chr10	126100770	126107441	2	2	1	4	0	10
chr10	126195627	126196362	1	1	0	2	0	12
chr10	126337060	126337396	0	0	0	4	0	32
chr10	126362572	126362622	0	0	0	16	0	32
chr10	126395457	126432581	2	2	1	5	0	10
chr10	126478908	126480292	2	2	1	15	0	19
chr10	126536755	126537050	1	1	0	0	1	12
chr10	126553923	126800777	1	1	0	0	4	26
chr10	126665236	126800777	1	1	0	0	4	26
chr10	126692062	126727565	2	2	1	3	0	6
chr10	126715172	126715418	0	0	0	6	0	32
chr10	126794711	126794814	0	0	0	7	0	30
chr10	126849013	126849069	0	0	0	9	0	31
chr10	127429221	127429569	1	1	1	4	0	12
chr10	127429771	127431626	1	1	1	9	0	2
chr10	127447186	127447430	1	1	0	2	0	17
chr10	127512292	127515159	1	1	1	6	0	32
chr10	127515235	127516126	1	1	1	3	0	19
chr10	127643276	127647752	1	1	0	0	3	24
chr10	128830018	128830400	1	1	1	1	0	7
chr10	129059541	129060048	2	2	0	8	0	32
chr10	129902421	129906426	1	1	0	0	6	14
chr10	129904942	129905308	2	2	0	1	0	14
chr10	129907688	129908641	2	2	1	1	0	1
chr10	129910710	129911690	2	2	1	17	0	25
chr10	129917584	129921144	2	2	1	10	0	7
chr10	129917584	129924456	2	2	1	0	1	1
chr10	129921434	129923839	2	2	1	11	0	21
chr10	129924021	129924362	2	2	1	7	0	17
chr10	131695583	131695765	2	2	0	5	0	18
chr10	131959262	131964770	1	1	1	4	0	15
chr10	131964944	131965182	1	1	1	4	0	15
chr10	131973171	131973260	1	1	1	1	0	29
chr10	133065069	133914570	2	4	0	11	0	12
chr10	133730492	133730555	2	2	0	0	4	16
chr10	133730492	133730659	2	2	0	0	4	16
chr10	133730492	133731135	2	2	0	0	4	16
chr10	133730492	133731325	2	2	0	0	4	16
chr10	133730492	133731429	2	2	0	0	4	16
chr10	133730492	133732361	2	2	0	0	4	16
chr10	133730492	133732461	2	2	0	0	4	16
chr10	133730492	133732731	2	2	0	0	4	16
chr10	133730492	133733549	2	2	0	0	4	16
chr10	133731672	133732361	2	2	0	0	10	21
chr10	133731672	133732631	2	2	0	0	10	21
chr10	133766324	133766888	1	1	0	0	2	19
chr10	133766326	133766888	1	1	0	7	0	28
chr10	134351676	134421418	1	1	1	11	0	8
chr10	134373191	134373300	0	0	0	6	0	32
chr10	134421461	134459371	1	1	1	11	0	15
chr10	134673434	134815712	2	2	0	0	5	32
chr10	135083034	135083400	2	2	1	6	0	26
chr10	135086371	135086460	2	2	1	7	0	17
chr10	135087534	135087662	2	2	1	2	0	19
chr10	135093406	135094776	2	2	1	0	9	1
chr10	135098718	135098959	2	2	1	4	0	14
chr10	135116485	135122326	2	2	1	9	30	13
chr10	135123793	135125219	1	1	1	3	0	15
chr10	135170518	135171426	2	2	1	0	1	1
chr10	135170967	135171426	2	2	1	0	1	1
chr10	135180498	135182426	2	2	1	8	0	14
chr10	135184262	135186749	2	2	1	7	0	22
chr10	135209282	135209666	1	5	1	0	5	1
chr10	135209772	135211938	1	1	1	5	0	30
chr10	135214122	135214304	0	0	0	8	0	32
chr10	135500766	135502197	2	2	0	0	8	21
chr11	126552	126777	1	1	0	0	5	26
chr11	128631	128678	2	2	0	0	5	31
chr11	128728	128776	2	2	0	0	2	27
chr11	131374	131466	2	2	1	0	25	22
chr11	131525	133587	2	2	1	0	8	26
chr11	134797	134889	2	2	1	0	25	22
chr11	134948	135174	2	2	1	0	3	1
chr11	134948	138046	2	2	1	5	4	6
chr11	244076	244160	1	1	1	2	0	22
chr11	247449	248775	1	1	1	4	0	11
chr11	373829	375460	1	1	1	10	0	19
chr11	375528	375638	1	1	1	1	0	13
chr11	375957	376073	1	1	1	2	0	30
chr11	379702	379865	1	1	1	15	0	25
chr11	380020	380100	1	1	1	0	5	6
chr11	406060	406141	2	2	1	2	0	4
chr11	490069	490419	1	1	1	10	0	17
chr11	498142	498456	2	2	1	3	0	3
chr11	502250	507112	2	2	1	1	0	4
chr11	510680	570807	1	1	0	0	10	17
chr11	532756	533276	2	2	1	8	0	16
chr11	561034	561761	1	1	1	1	0	10
chr11	582082	587258	1	1	1	0	3	1
chr11	614985	615096	2	2	1	3	0	1
chr11	621681	621802	2	4	0	5	0	32
chr11	622521	623255	1	1	0	2	0	26
chr11	637590	639432	1	1	1	0	4	2
chr11	640307	640400	1	1	1	1	0	3
chr11	642758	642785	1	3	0	12	0	31
chr11	674784	678693	2	2	1	12	0	26
chr11	747579	755878	1	1	1	14	0	17
chr11	760254	763343	1	1	1	9	0	28
chr11	763945	764287	1	1	1	7	0	15
chr11	764434	764812	1	1	1	2	0	5
chr11	771427	772426	2	2	1	10	0	6
chr11	772522	773521	2	2	1	5	0	22
chr11	773630	774007	2	2	1	14	0	25
chr11	795170	798216	2	2	1	8	0	32
chr11	800245	800332	2	2	1	7	0	16
chr11	801366	801444	2	2	1	8	0	13
chr11	801625	801964	2	2	1	1	0	18
chr11	810040	810233	1	1	1	29	0	21
chr11	810358	811596	1	1	1	9	0	26
chr11	811646	812534	1	1	1	13	0	16
chr11	812634	812759	1	1	1	26	0	29
chr11	819906	821627	1	1	1	8	0	14
chr11	821861	821957	1	1	1	4	0	14
chr11	822024	822396	1	1	1	10	0	3
chr11	824131	824313	1	1	1	1	0	28
chr11	824437	824522	1	1	1	4	12	25
chr11	833027	834529	1	1	1	1	0	25
chr11	834592	836062	1	1	1	1	0	15
chr11	836154	836250	1	1	1	4	0	4
chr11	836844	837249	1	1	1	7	0	22
chr11	837619	837941	1	1	1	5	0	20
chr11	840481	842413	2	2	1	1	0	14
chr11	904804	904833	0	0	0	0	3	30
chr11	904860	910774	2	2	1	0	3	4
chr11	970312	972061	1	1	1	0	2	2
chr11	1008136	1009099	1	1	1	0	4	3
chr11	1014002	1015761	2	2	1	0	7	1
chr11	1026479	1026940	2	2	1	3	0	2
chr11	1411606	1457269	1	1	1	4	0	5
chr11	1422321	1422397	1	1	0	3	0	15
chr11	1463837	1464335	1	1	1	4	0	14
chr11	1464634	1464718	1	1	1	3	0	5
chr11	1477759	1477827	1	1	1	2	0	25
chr11	1531293	1531325	1	1	0	0	9	24
chr11	1531293	1531487	1	1	0	0	9	24
chr11	1531392	1531709	1	1	0	0	4	16
chr11	1531392	1531741	1	1	0	0	4	16
chr11	1531392	1531773	1	1	0	0	4	16
chr11	1531425	1531487	1	1	0	0	9	24
chr11	1531425	1531709	1	1	0	0	4	16
chr11	1531425	1531741	1	1	0	0	4	16
chr11	1531425	1531773	1	1	0	0	4	16
chr11	1531554	1531709	1	1	0	0	4	16
chr11	1531554	1531741	1	1	0	0	4	16
chr11	1531554	1531773	1	1	0	0	4	16
chr11	1774901	1775032	2	2	1	1	0	5
chr11	1968608	1972128	1	1	0	6	0	25
chr11	1968610	1972128	1	1	1	98	0	28
chr11	1977012	1977485	1	1	1	4	0	7
chr11	2397588	2411641	1	1	1	0	3	1
chr11	2398151	2411641	1	1	1	0	3	1
chr11	2398846	2411641	1	1	1	0	3	1
chr11	2400437	2411641	1	3	1	0	3	1
chr11	2403781	2411641	1	1	1	0	3	1
chr11	2405913	2411641	1	1	1	0	3	1
chr11	2407037	2411641	1	1	1	0	3	1
chr11	2407870	2411641	1	1	1	0	3	1
chr11	2411414	2411641	1	1	1	0	3	1
chr11	2417945	2418033	1	1	1	2	0	9
chr11	2422029	2423523	1	1	1	11	0	16
chr11	2682429	2683781	2	4	0	4	0	30
chr11	2992765	2993331	2	2	1	45	0	31
chr11	2993474	2997253	2	2	1	4	3	4
chr11	2997354	2999513	2	2	1	1	0	7
chr11	3000468	3013483	2	2	1	1	0	11
chr11	3074543	3779517	2	2	0	0	4	18
chr11	3113789	3114096	2	2	1	1	0	10
chr11	3137960	3147086	2	2	0	1	0	13
chr11	3691331	3692481	2	2	0	1	0	25
chr11	3757835	3758833	1	1	0	0	1	23
chr11	3794970	3797111	2	2	1	3	0	9
chr11	3797252	3800102	2	2	1	9	0	3
chr11	3877640	3988781	1	1	1	9	0	16
chr11	3884205	3944296	2	2	0	0	4	18
chr11	4144615	4147913	1	1	1	14	0	25
chr11	4411689	4414862	2	2	1	3	0	18
chr11	6417446	6422218	2	2	1	3	0	6
chr11	6424439	6424548	2	2	1	4	0	10
chr11	6479527	6495020	2	2	1	1	0	25
chr11	6502461	6502514	2	2	1	0	10	2
chr11	6503083	6503274	1	1	1	5	0	23
chr11	6622006	6622155	2	2	1	7	0	15
chr11	6623446	6624633	2	2	1	3	0	20
chr11	6633050	6633188	2	2	1	1	0	12
chr11	6648899	6649851	2	2	1	6	0	32
chr11	6704047	6704353	2	2	1	4	0	20
chr11	6947917	6948892	1	1	1	1	0	9
chr11	6971936	6977095	2	2	0	2	0	28
chr11	7482128	7482461	2	2	0	8	0	22
chr11	8014572	8015972	1	1	1	4	0	3
chr11	8111209	8111615	1	1	1	7	0	5
chr11	8117213	8118231	1	1	1	7	0	7
chr11	8118354	8118774	1	1	1	5	0	12
chr11	8704364	8704748	1	1	1	5	1	16
chr11	8706440	8707224	1	1	1	8	0	7
chr11	8932902	8933161	1	1	1	0	1	1
chr11	9264377	9266877	2	2	1	0	1	12
chr11	9300769	9347793	2	2	0	0	3	28
chr11	9300769	9424322	2	2	0	0	3	28
chr11	9319548	9319577	2	2	0	6	0	17
chr11	9439374	9447467	2	2	0	1	0	22
chr11	9455184	9455267	1	1	1	7	0	24
chr11	9596057	9597434	1	1	1	5	0	14
chr11	9746433	9749599	1	1	1	1	0	6
chr11	10530296	10530479	0	0	0	0	3	32
chr11	10785427	10785658	1	1	1	1	0	2
chr11	10788038	10789352	1	1	1	8	0	11
chr11	10819429	10820538	2	2	1	1	0	4
chr11	10820972	10821098	2	2	1	2	0	29
chr11	10821896	10821978	2	2	1	4	0	11
chr11	10822383	10822508	2	2	1	7	0	11
chr11	10822635	10823207	2	2	1	8	0	14
chr11	10823757	10823840	2	2	1	1	0	17
chr11	10824676	10824757	2	2	1	7	0	10
chr11	10825751	10825833	2	2	1	4	0	18
chr11	10825966	10826459	2	2	1	5	0	7
chr11	10828929	10830251	2	2	1	2	0	12
chr11	11976712	11977547	1	1	1	8	0	5
chr11	12262639	12522296	2	2	0	0	7	17
chr11	12903505	12904547	1	1	1	2	0	5
chr11	13729627	13732239	1	1	1	6	0	4
chr11	14535246	14535362	2	2	1	4	0	30
chr11	14540588	14541842	2	2	1	6	0	21
chr11	14632698	14665000	2	2	1	7	0	15
chr11	16777912	16778362	1	1	1	3	0	1
chr11	17096014	17096643	2	2	1	0	7	21
chr11	17097171	17098714	2	2	1	11	0	26
chr11	17098794	17098975	2	2	1	5	0	17
chr11	17099025	17099165	2	2	1	14	0	23
chr11	17113824	17115807	2	2	1	8	0	26
chr11	17139219	17140191	2	2	1	2	0	3
chr11	17351845	17352448	1	1	1	2	0	4
chr11	17373587	17378197	1	1	1	7	0	12
chr11	17758120	17793211	1	1	1	6	0	18
chr11	18029624	18034497	2	2	1	13	0	19
chr11	18313567	18314445	2	2	1	3	0	2
chr11	18418516	18420977	1	1	1	8	0	25
chr11	18421096	18422383	1	1	1	0	3	5
chr11	18424561	18425240	1	1	1	3	0	9
chr11	18427120	18428663	1	1	1	3	0	16
chr11	18633102	18633860	2	2	1	8	0	23
chr11	19138824	19164524	1	1	1	3	0	25
chr11	19174232	19177342	1	1	1	4	0	19
chr11	21060987	21187555	2	2	0	0	5	29
chr11	22242757	22247529	1	1	1	2	0	4
chr11	22849421	22851240	2	2	1	12	0	22
chr11	24302326	24312773	1	1	0	0	1	18
chr11	27434408	27493664	2	2	1	0	5	3
chr11	27520352	27520905	2	2	1	11	0	27
chr11	27523114	27523348	2	2	1	11	0	32
chr11	27523468	27528262	2	2	1	21	0	13
chr11	28119541	28129610	2	2	1	6	0	18
chr11	28172052	28173075	0	0	0	7	0	31
chr11	28547014	28547179	2	2	0	0	1	20
chr11	30352922	30354412	1	1	1	0	1	6
chr11	31357112	31391243	2	2	1	5	0	10
chr11	31455118	31531065	2	2	1	5	0	7
chr11	31815102	31815199	2	2	1	3	0	10
chr11	31838395	31840796	1	3	0	5	0	26
chr11	32605476	32608557	1	1	1	26	0	23
chr11	32611188	32615411	1	1	1	5	0	25
chr11	32937696	32944279	2	2	0	0	1	22
chr11	32956982	32975402	1	1	1	7	0	29
chr11	33163309	33163430	2	2	1	3	0	15
chr11	33744010	33757927	2	2	1	7	0	11
chr11	33763631	33768675	2	2	1	5	0	14
chr11	34073419	34073967	1	1	1	5	0	25
chr11	34091972	34092013	2	4	0	3	0	28
chr11	34111004	34111725	1	1	1	5	0	29
chr11	34139842	34139942	1	1	1	8	0	9
chr11	34153769	34154572	1	1	1	5	0	16
chr11	34165076	34167630	1	1	1	6	0	22
chr11	34181901	34182449	2	2	1	8	0	26
chr11	34482937	34485651	1	1	1	8	1	5
chr11	35211613	35236398	1	1	1	6	0	29
chr11	36616192	36631630	1	1	1	2	0	12
chr11	43343687	43344979	1	1	1	5	0	9
chr11	43350444	43351514	1	1	1	0	1	4
chr11	43531397	43570046	1	1	0	0	3	12
chr11	43772508	43775595	1	1	1	2	0	13
chr11	43861615	43876264	1	1	1	6	0	21
chr11	44088252	44089177	1	1	1	6	0	31
chr11	44955357	44955401	0	0	0	6	0	30
chr11	44959918	44972227	2	2	1	14	0	29
chr11	45377154	45377429	1	1	1	11	0	5
chr11	45891369	45891603	1	1	1	2	0	8
chr11	45949145	45949470	1	1	1	3	0	9
chr11	45955777	45956671	2	2	1	1	0	16
chr11	46123640	46228042	2	2	0	0	6	32
chr11	46369371	46388840	1	1	1	0	1	2
chr11	46393154	46393253	1	1	1	1	2	27
chr11	46396217	46396315	1	1	1	0	2	3
chr11	46397696	46397877	1	1	1	2	0	21
chr11	46402734	46403606	1	1	1	0	2	2
chr11	46402839	46403606	1	3	1	8	2	21
chr11	46403436	46403606	1	1	1	0	1	1
chr11	46404012	46404136	1	1	1	7	0	13
chr11	46419494	46430062	2	2	1	4	0	9
chr11	46564532	46564801	2	2	1	6	0	27
chr11	46722650	46722948	1	1	1	3	0	25
chr11	46783744	46784176	2	2	1	2	0	19
chr11	46789214	46791512	2	2	1	1	0	29
chr11	46799864	46800009	2	2	1	7	0	14
chr11	46801870	46801977	2	2	1	3	0	7
chr11	46832729	46837748	2	2	1	1	0	14
chr11	46840055	46842725	2	2	1	5	0	31
chr11	46897233	46897354	2	2	1	3	0	5
chr11	46958403	47008758	1	1	1	0	9	2
chr11	47163311	47646798	2	2	0	0	7	23
chr11	47188151	47188310	2	2	1	5	0	7
chr11	47188438	47189459	2	2	1	3	0	6
chr11	47189595	47189673	2	2	1	1	0	10
chr11	47193109	47193214	2	2	1	2	0	8
chr11	47193352	47193831	2	2	1	6	0	4
chr11	47196865	47197401	2	2	1	2	0	4
chr11	47204316	47204554	2	2	1	7	0	21
chr11	47223119	47273085	2	2	0	0	1	13
chr11	47255134	47551247	2	2	0	0	4	25
chr11	47261801	47264273	2	2	1	5	0	13
chr11	47345387	47345815	1	1	1	12	0	11
chr11	47436461	47436610	1	1	1	1	0	25
chr11	47436711	47436838	1	1	1	9	0	20
chr11	47441961	47442181	2	2	1	0	7	8
chr11	47444274	47444380	2	2	1	17	0	30
chr11	47444525	47445596	2	2	1	8	0	12
chr11	47445735	47445979	2	2	1	4	0	6
chr11	47446043	47446157	2	2	1	10	0	27
chr11	47447502	47447755	2	2	1	27	0	26
chr11	47504587	47514054	1	1	0	0	3	32
chr11	47508351	47508710	2	2	1	8	0	12
chr11	47510577	47574543	2	2	1	2	0	10
chr11	47523149	47954918	2	2	0	0	5	20
chr11	47604021	47605865	1	1	1	8	0	3
chr11	47644329	47647225	2	2	1	3	3	18
chr11	47664009	47664051	0	0	0	5	0	30
chr11	47774945	47954918	2	2	0	0	5	20
chr11	47859176	47861394	2	2	1	1	0	4
chr11	48075272	48188008	1	1	0	0	7	25
chr11	48289604	48466151	1	3	0	0	5	14
chr11	48421170	48432556	1	1	0	0	5	32
chr11	48894164	48899111	2	2	0	0	5	22
chr11	51369954	51571738	1	1	0	0	6	16
chr11	56363560	56754586	2	2	0	0	8	24
chr11	57070300	57075868	2	2	1	8	0	4
chr11	57093953	57094176	2	2	1	8	0	20
chr11	57094364	57094899	2	2	1	3	0	4
chr11	57234111	57238812	2	2	0	0	4	20
chr11	57296392	57297591	2	2	1	4	0	1
chr11	57297708	57298130	2	2	1	10	0	8
chr11	57472288	57472444	2	2	1	5	0	1
chr11	57484172	57484268	1	3	0	6	0	31
chr11	57509720	57510334	1	1	1	6	0	3
chr11	57529519	57556508	1	1	1	2	0	12
chr11	57534489	57805235	1	3	0	7	0	32
chr11	57563202	57563928	1	1	1	3	0	12
chr11	57578959	57581782	1	1	1	2	0	18
chr11	58352358	58377302	1	1	1	0	3	4
chr11	58380314	58381701	1	1	1	2	0	10
chr11	58874770	58876140	1	1	1	8	0	14
chr11	58876186	58877012	1	1	1	1	0	28
chr11	59361198	59361482	2	2	1	9	0	28
chr11	59434438	59436353	2	2	1	1	0	29
chr11	59558060	59559579	1	1	1	8	0	22
chr11	59968410	59968682	2	2	0	0	1	19
chr11	59968508	59968682	2	2	0	0	5	29
chr11	60409349	61405584	1	3	0	0	8	17
chr11	60610356	60615396	1	1	1	2	0	10
chr11	60666099	60666333	2	2	1	11	0	18
chr11	60668402	60668766	2	2	1	5	0	13
chr11	60669013	60669874	2	2	1	8	0	18
chr11	60671008	60671183	2	2	1	13	0	18
chr11	60694891	60695112	1	1	1	4	0	18
chr11	60806160	60845938	1	1	0	0	1	20
chr11	61071508	61076454	2	2	1	0	6	3
chr11	61079368	61079460	2	2	1	7	0	22
chr11	61083866	61083963	2	2	1	4	0	11
chr11	61090567	61091450	2	2	1	5	0	27
chr11	61097547	61099014	2	2	1	4	0	9
chr11	61106908	61108907	1	1	1	0	7	2
chr11	61110131	61110226	1	1	1	8	0	16
chr11	61111448	61111607	1	1	1	3	0	12
chr11	61160152	61160702	1	1	1	5	9	22
chr11	61196763	61197385	2	2	1	4	0	6
chr11	61375321	61463721	2	4	0	0	2	17
chr11	61557394	61557964	2	2	1	9	0	14
chr11	61580826	61583398	2	2	1	0	1	4
chr11	61580826	61584026	2	2	1	6	0	8
chr11	61605361	61607805	1	1	1	5	0	3
chr11	61624544	61624925	1	1	1	1	0	11
chr11	61625003	61630443	1	1	1	1	0	16
chr11	61630542	61630753	1	1	1	5	0	18
chr11	61630851	61631178	1	1	1	1	0	6
chr11	61661907	61749462	2	2	0	0	8	21
chr11	61665833	61666785	2	2	1	11	0	20
chr11	61674157	61674864	2	2	1	0	2	4
chr11	61732364	61732458	2	2	1	10	5	21
chr11	61734844	61734929	2	4	1	7	0	6
chr11	61747730	61749462	2	2	0	0	8	21
chr11	61891636	61895622	1	1	1	3	0	25
chr11	61906243	61906359	1	1	1	6	0	22
chr11	61913224	61914129	1	1	1	3	0	22
chr11	61914375	61915947	1	1	1	10	0	19
chr11	61916319	61917528	1	1	1	5	0	12
chr11	61917680	61919233	1	1	1	3	0	14
chr11	62221851	62506867	2	2	0	0	5	27
chr11	62260267	62270971	2	2	0	0	3	21
chr11	62301547	62302474	2	2	1	8	0	7
chr11	62327310	62327540	2	2	1	0	3	7
chr11	62327666	62327753	2	2	1	4	0	6
chr11	62335001	62338436	2	2	1	4	7	22
chr11	62339155	62339309	2	2	1	6	2	28
chr11	62339374	62340055	2	2	1	0	13	13
chr11	62344490	62344653	2	2	1	9	0	21
chr11	62356694	62358875	2	2	1	4	0	2
chr11	62366112	62367637	2	2	1	7	0	23
chr11	62377169	62378350	2	2	1	5	0	6
chr11	62393145	62393200	0	0	0	6	0	30
chr11	62393397	62393536	2	2	1	4	0	16
chr11	62393638	62393806	2	2	1	1	0	10
chr11	62394157	62394331	2	2	1	5	0	10
chr11	62394826	62396240	2	2	1	1	0	12
chr11	62396485	62396665	2	2	1	10	0	20
chr11	62397157	62397285	2	2	1	3	0	7
chr11	62397430	62397668	2	2	1	3	0	27
chr11	62398309	62398501	2	2	1	0	1	3
chr11	62398656	62400036	2	2	1	20	0	23
chr11	62400987	62402292	2	2	1	3	0	25
chr11	62407204	62414033	2	2	1	22	0	19
chr11	62410050	62429994	1	1	0	3	0	29
chr11	62439178	62439775	0	0	0	6	0	32
chr11	62458165	62458258	2	2	1	1	0	25
chr11	62462184	62469939	2	2	1	10	0	12
chr11	62464290	62635216	1	1	0	0	9	26
chr11	62475279	62476149	0	0	0	10	0	32
chr11	62483410	62484460	2	2	1	14	0	29
chr11	62487993	62526631	1	1	0	0	1	26
chr11	62490186	62490284	2	2	1	9	0	23
chr11	62491463	62491762	2	2	1	5	0	25
chr11	62491899	62494090	2	2	1	2	0	31
chr11	62496559	62502853	1	1	1	5	0	13
chr11	62497279	62498591	2	2	0	0	1	20
chr11	62543943	62545449	1	1	1	4	0	32
chr11	62555000	62556494	1	1	1	16	0	10
chr11	62555000	62556658	1	1	1	6	0	2
chr11	62571045	62571263	2	2	1	3	0	5
chr11	62594698	62594814	2	2	1	6	0	22
chr11	62595104	62598490	2	2	1	3	0	17
chr11	62601410	62601747	2	2	1	9	0	3
chr11	62601804	62601898	2	2	1	9	0	9
chr11	62603005	62603166	2	2	1	6	0	17
chr11	62617998	62682521	2	2	0	0	9	28
chr11	62620466	62620546	2	2	1	39	0	3
chr11	62622024	62622359	2	2	1	5	0	19
chr11	62648920	62649364	1	1	1	2	0	17
chr11	62650472	62651928	1	1	1	1	0	19
chr11	62653081	62656123	1	1	1	0	2	1
chr11	62935533	62948131	2	2	1	0	34	5
chr11	63327666	63330787	2	2	1	0	1	2
chr11	63449251	63517462	1	1	1	3	0	23
chr11	63458936	63463967	2	4	0	2	0	30
chr11	63586125	63586273	1	1	1	9	0	17
chr11	63700634	63962818	2	2	0	0	11	32
chr11	63705395	64075924	1	1	0	0	6	27
chr11	63742267	63743696	1	1	1	6	0	29
chr11	63755871	63756125	1	1	1	6	0	11
chr11	63764121	63764328	1	1	1	8	0	13
chr11	63764717	63764820	1	1	1	6	0	12
chr11	63881288	63881475	1	1	0	0	1	31
chr11	63911955	63912093	1	1	0	3	0	13
chr11	63953743	63960549	1	1	1	0	17	5
chr11	64002973	64003284	1	1	1	3	0	4
chr11	64022289	64022369	1	1	1	4	0	19
chr11	64022786	64022867	1	1	1	8	0	10
chr11	64037810	64039084	2	2	1	5	0	16
chr11	64039276	64051653	2	2	1	3	0	15
chr11	64041093	64113218	2	2	0	0	7	26
chr11	64051849	64052102	2	2	1	30	0	24
chr11	64063601	64760940	2	2	0	0	6	20
chr11	64084838	64084920	2	2	1	34	0	18
chr11	64087341	64088336	1	1	1	0	2	1
chr11	64088265	64088336	1	1	1	6	2	22
chr11	64469494	64469619	2	2	0	0	1	18
chr11	64500385	64919689	1	1	0	0	4	12
chr11	64500385	65209372	1	1	0	0	4	12
chr11	64534552	64534663	2	2	1	15	0	27
chr11	64534719	64535042	2	2	1	7	0	17
chr11	64536602	64536694	2	2	1	31	0	28
chr11	64537082	64537435	2	2	1	7	0	23
chr11	64537526	64537727	2	2	1	3	0	23
chr11	64537881	64540901	2	2	1	14	0	13
chr11	64540978	64543969	2	2	1	5	0	29
chr11	64577605	64577739	2	2	1	4	0	22
chr11	64577605	64577985	2	2	1	2	0	22
chr11	64603324	64603588	2	2	1	4	0	8
chr11	64608121	64609121	2	2	1	9	0	3
chr11	64627809	64641892	2	2	1	7	0	7
chr11	64666315	64667965	2	2	1	4	0	20
chr11	64680609	64680737	2	2	1	3	0	4
chr11	64786206	64787890	1	1	1	9	0	21
chr11	64787972	64789192	1	1	1	1	6	22
chr11	64851851	64852162	1	1	1	7	0	5
chr11	64852699	64853886	1	1	1	6	0	18
chr11	64854081	64854191	1	1	1	2	0	30
chr11	64854547	64854787	1	1	1	4	0	3
chr11	64863951	64864469	1	1	1	8	0	4
chr11	64875200	64875274	1	1	1	5	0	29
chr11	64876968	64877176	1	1	1	8	0	9
chr11	64897852	64898131	2	2	1	1	0	6
chr11	64899068	64899718	2	2	1	5	0	1
chr11	64900252	64900392	2	2	1	5	0	2
chr11	64901090	64901724	2	2	1	8	0	4
chr11	64901090	64901926	2	2	1	40	0	26
chr11	64927662	65115253	1	1	0	0	4	12
chr11	64927666	65155140	1	1	0	0	4	16
chr11	64927666	65526349	1	1	0	0	4	16
chr11	65036201	65043362	1	1	1	10	0	19
chr11	65040254	65825215	0	0	0	0	7	31
chr11	65190657	65203824	0	0	0	9	0	31
chr11	65190669	65190690	0	0	0	8	0	32
chr11	65190855	65191097	1	1	1	0	6	2
chr11	65190968	65191151	0	0	0	7	0	30
chr11	65190983	65210636	0	0	0	10	0	31
chr11	65191008	65212150	1	1	0	4	0	24
chr11	65191027	65209705	0	0	0	9	0	30
chr11	65191070	65196181	0	0	0	11	0	31
chr11	65191179	65191256	0	0	0	3	0	31
chr11	65191585	65192828	2	2	0	6	0	21
chr11	65192341	65195106	0	0	0	4	0	31
chr11	65192370	65209772	2	2	0	5	0	12
chr11	65192448	65195572	1	1	0	2	0	19
chr11	65192525	65196200	2	2	0	1	0	19
chr11	65192916	65207065	0	0	0	5	0	30
chr11	65194990	65207240	1	1	0	4	0	21
chr11	65195410	65195432	0	0	0	3	0	30
chr11	65195517	65205176	2	2	0	5	0	20
chr11	65197457	65203289	2	2	0	4	0	22
chr11	65197492	65211885	0	0	0	4	0	32
chr11	65197556	65212235	0	0	0	4	0	31
chr11	65197653	65211798	1	1	0	2	0	25
chr11	65197942	65200645	0	0	0	3	0	32
chr11	65199509	65203979	0	0	0	4	0	32
chr11	65199742	65238023	1	1	0	0	1	18
chr11	65201318	65204010	1	1	0	10	0	20
chr11	65201976	65212378	0	0	0	8	0	32
chr11	65205466	65211205	0	0	0	6	0	31
chr11	65206684	65211059	0	0	0	3	0	30
chr11	65206724	65207508	0	0	0	3	0	32
chr11	65211927	66182634	2	4	0	5	0	12
chr11	65272625	65273061	1	1	0	6	0	29
chr11	65302854	65303423	1	1	1	5	0	26
chr11	65305796	65305912	1	1	1	1	0	8
chr11	65307353	65307715	2	2	1	2	0	22
chr11	65307854	65307956	2	2	1	11	0	10
chr11	65311651	65312370	0	0	0	5	0	32
chr11	65319878	65320330	2	2	1	11	0	15
chr11	65337982	65338074	1	1	1	7	0	25
chr11	65391116	65391399	1	1	1	4	0	13
chr11	65392053	65392395	1	1	1	12	0	22
chr11	65396887	65396990	1	1	1	6	0	9
chr11	65457654	66120642	2	2	0	0	5	30
chr11	65484279	65484359	1	1	1	5	0	10
chr11	65486221	65486343	1	1	1	3	0	23
chr11	65507268	66348260	2	2	0	0	5	30
chr11	65594081	65625567	2	2	1	0	1	1
chr11	65623202	65623405	2	2	1	2	0	10
chr11	65623553	65625617	0	0	0	11	0	30
chr11	65623714	65625567	2	2	1	11	0	22
chr11	65631193	65631274	1	1	1	2	0	20
chr11	65633366	65633456	1	1	1	1	0	21
chr11	65658199	65964255	1	1	0	0	8	14
chr11	65687324	65687418	1	1	1	11	0	25
chr11	65729565	65731544	1	1	1	3	0	19
chr11	65732042	65732562	1	1	1	6	0	17
chr11	65733251	65733357	1	1	1	2	0	4
chr11	65733458	65733546	1	1	1	14	0	10
chr11	65767953	65769380	2	2	1	7	0	22
chr11	65770042	65770705	1	1	1	7	0	10
chr11	65770845	65771096	1	1	1	3	0	5
chr11	65820191	65820497	1	1	1	3	0	25
chr11	65825622	65825784	1	1	1	8	0	11
chr11	65829247	65829361	1	1	1	7	0	24
chr11	65835805	65836144	1	1	1	3	0	15
chr11	65984083	65984165	1	1	1	4	0	29
chr11	66029444	66029593	1	1	1	3	0	25
chr11	66052438	66052851	2	2	1	3	0	10
chr11	66086906	66305742	2	2	0	6	0	15
chr11	66109713	66112442	2	2	1	1	0	18
chr11	66247937	66249663	1	1	1	3	0	22
chr11	66247937	66249666	1	1	1	7	0	19
chr11	66249942	66252643	1	1	1	10	0	13
chr11	66288848	66290926	1	1	1	3	0	6
chr11	66384671	66391918	0	0	0	8	0	30
chr11	66384695	66395988	0	0	0	4	0	31
chr11	66406224	66407170	1	1	1	11	0	13
chr11	66411612	66413497	1	1	1	1	0	10
chr11	66444563	66445234	2	2	1	10	0	15
chr11	66456321	66456566	2	2	1	2	0	16
chr11	66611333	66611426	1	1	1	4	0	11
chr11	66611836	66612339	1	1	1	3	0	30
chr11	66852434	67447124	2	2	0	0	12	27
chr11	66886628	66887161	1	1	0	9	0	23
chr11	67044820	67046670	1	1	1	4	0	6
chr11	67046991	67047096	1	1	1	4	0	6
chr11	67048255	67048563	1	1	1	1	0	31
chr11	67048656	67048929	1	1	1	6	0	31
chr11	67050014	67050222	1	1	1	4	0	17
chr11	67057022	67057548	1	1	1	5	0	27
chr11	67067083	67067297	1	1	1	1	0	16
chr11	67196095	67196452	1	1	1	1	0	6
chr11	67200688	67200810	1	3	1	5	0	18
chr11	67250729	67254476	1	1	1	10	0	17
chr11	67271693	67271992	2	2	1	0	10	7
chr11	67271693	67272658	2	2	1	0	10	4
chr11	67374463	67377034	2	4	0	5	0	25
chr11	67375950	67376022	1	1	1	8	0	25
chr11	67376194	67376922	1	1	1	1	0	15
chr11	67378679	67378873	1	1	1	6	0	6
chr11	67379736	67379822	0	0	0	4	0	31
chr11	67570536	67572688	2	2	1	0	1	7
chr11	67763356	67764072	2	2	1	1	0	11
chr11	67799677	67799752	1	1	1	22	2	32
chr11	67816465	67816547	1	1	1	7	0	2
chr11	67817256	67817428	1	1	1	4	0	7
chr11	67817534	67817603	1	1	1	1	0	32
chr11	67893127	67964695	0	0	0	3	0	31
chr11	68035720	68039324	2	2	1	5	0	23
chr11	68080274	68115314	1	1	1	16	0	11
chr11	68091516	68751485	2	2	0	0	6	17
chr11	68312493	68315534	1	1	1	1	0	21
chr11	68315673	68318588	1	1	1	4	0	31
chr11	68426090	68456073	1	1	0	0	1	24
chr11	68601678	68989829	1	1	0	0	4	28
chr11	68660022	68660061	1	1	0	0	3	25
chr11	68665481	68668015	2	2	1	3	0	14
chr11	68668074	68671190	2	2	1	5	0	2
chr11	68700950	68701262	1	1	1	0	7	1
chr11	68854073	68854579	1	1	1	7	0	15
chr11	69458015	69458599	1	1	1	2	0	8
chr11	69848486	70273378	2	2	0	0	4	20
chr11	70044282	70273378	2	2	0	0	4	20
chr11	70185413	70189774	1	3	1	2	0	20
chr11	70194527	70200406	1	1	1	6	0	1
chr11	70224302	70228193	1	1	1	3	0	29
chr11	70256067	70260647	1	1	1	4	0	15
chr11	70269102	70271437	1	1	1	4	0	4
chr11	70275306	70277296	1	1	1	6	0	9
chr11	70277387	70279206	1	1	1	1	0	16
chr11	70279825	70281131	1	1	1	5	0	4
chr11	70782547	70930873	1	1	0	0	4	28
chr11	71153400	71155038	2	2	1	43	0	24
chr11	71193703	71193738	2	2	0	0	5	26
chr11	71388430	71473185	1	1	0	0	6	25
chr11	71604251	71606593	0	0	0	6	0	30
chr11	71711970	71712458	2	2	0	7	0	32
chr11	71727307	71727453	2	2	1	5	0	4
chr11	71740337	71746947	2	2	1	1	0	9
chr11	71747022	71780887	2	2	1	0	1	3
chr11	71810303	71814228	2	2	1	7	0	21
chr11	71935229	71935823	1	1	0	3	0	23
chr11	71939298	71939391	1	1	1	3	0	31
chr11	71941064	71941164	1	1	1	5	0	12
chr11	71942234	71942541	1	1	1	13	0	13
chr11	71942660	71943283	1	1	1	6	0	21
chr11	71946798	71946889	1	1	1	10	0	9
chr11	71948841	71949085	1	1	1	6	0	14
chr11	72014121	72014826	1	1	0	4	0	21
chr11	72414125	72416849	2	2	1	4	0	6
chr11	72492340	72492708	2	2	1	4	0	10
chr11	72883396	73637726	2	4	0	0	7	28
chr11	73159369	74150614	1	1	0	0	5	23
chr11	73179538	73308967	2	2	1	7	0	20
chr11	73441869	73471610	2	2	1	13	0	27
chr11	73584440	73587801	2	2	1	5	0	6
chr11	73692678	73693765	2	2	1	5	0	28
chr11	73739444	73744395	2	2	1	6	0	3
chr11	73759384	73760381	2	2	1	4	0	2
chr11	73962761	73964536	1	1	1	0	4	1
chr11	74324056	74329581	1	1	1	7	0	24
chr11	74545821	74546590	1	1	1	6	0	6
chr11	74660445	74676078	1	1	1	0	3	24
chr11	74676969	74680609	1	5	1	0	7	19
chr11	74699771	74700062	1	1	1	3	0	25
chr11	75110622	75111737	1	1	1	4	0	31
chr11	75111869	75112683	1	1	1	2	0	4
chr11	75112778	75113395	1	1	1	2	0	27
chr11	75113491	75115063	1	1	1	34	0	29
chr11	75115252	75115715	1	1	1	0	4	14
chr11	75115913	75116657	1	1	1	22	0	29
chr11	75161029	75167801	2	2	1	0	1	5
chr11	75273365	75277360	1	1	1	7	0	27
chr11	75274816	75277360	1	1	1	6	0	5
chr11	75598587	76525225	1	1	0	0	4	28
chr11	76156173	76157943	1	1	1	9	0	26
chr11	76183885	76207258	1	1	1	6	0	15
chr11	76520808	77206013	2	2	0	0	5	18
chr11	76809288	76809434	2	2	0	0	1	27
chr11	77177434	77189906	1	1	0	0	1	28
chr11	77190127	77233348	2	2	0	8	0	27
chr11	77193082	77597721	0	0	0	8	0	32
chr11	77327741	77330650	2	2	1	4	0	6
chr11	77330741	77333544	2	2	1	9	0	30
chr11	77340945	77348634	2	2	1	2	0	14
chr11	77781083	77784043	2	2	1	2	0	13
chr11	77784188	77790624	2	2	1	4	2	11
chr11	77815500	77817852	2	2	1	9	0	6
chr11	83043809	84024101	2	4	0	8	0	28
chr11	86706220	86709888	2	2	0	0	1	28
chr11	89951353	89956058	2	2	1	17	0	20
chr11	93399982	93400772	1	1	1	4	0	17
chr11	93402937	93408736	1	1	1	3	0	8
chr11	93458998	93460141	1	1	1	2	0	22
chr11	93462697	93462779	1	1	1	2	0	12
chr11	94226073	94226956	2	4	1	2	0	11
chr11	94704652	94705218	2	2	1	11	0	28
chr11	94705358	94706661	2	2	1	9	0	31
chr11	95555143	95555662	1	1	1	5	0	21
chr11	95615661	95621319	2	2	1	0	7	1
chr11	95724888	95825055	2	2	1	5	0	16
chr11	98218262	98233060	2	2	0	0	12	25
chr11	98255936	98256135	1	1	0	0	4	28
chr11	100819267	100820647	1	1	1	8	0	28
chr11	102052619	102132239	2	2	0	3	0	32
chr11	102272424	102272646	2	2	1	6	0	4
chr11	102954056	102959955	2	2	1	0	1	3
chr11	103019347	103022864	1	1	1	4	0	15
chr11	103031774	103033756	1	1	1	5	0	14
chr11	103048550	103049754	1	1	1	10	0	30
chr11	103062349	103062825	1	1	1	2	0	20
chr11	103126970	103128336	1	1	1	2	0	14
chr11	103488008	103979751	1	1	0	5	0	21
chr11	105430366	106275449	0	0	0	0	9	31
chr11	105880838	105881182	2	2	1	13	0	10
chr11	105881795	105892562	2	2	1	0	3	1
chr11	105948621	105950193	1	1	1	6	0	16
chr11	105965382	105967469	1	1	1	7	0	15
chr11	106945933	106955275	2	4	0	0	1	12
chr11	107309910	107312228	2	2	1	6	0	21
chr11	107326503	107328437	2	2	1	9	0	13
chr11	107677603	107682392	2	2	1	5	0	19
chr11	107686692	107729383	2	2	1	7	0	18
chr11	107691605	108348048	2	2	0	0	6	16
chr11	108002682	108004546	1	1	1	7	0	4
chr11	108005044	108005868	1	1	1	2	0	5
chr11	108010502	108366011	2	2	0	13	0	28
chr11	108093914	108098321	1	1	1	5	0	4
chr11	108128334	108129712	1	1	1	6	0	27
chr11	108151896	108153436	1	1	1	0	3	3
chr11	108158443	108159703	1	1	1	3	0	26
chr11	108205837	108206571	1	1	1	4	0	4
chr11	108265831	109262357	2	4	0	0	4	21
chr11	108547971	108549041	1	1	1	4	0	32
chr11	108788746	108810972	1	1	1	2	0	17
chr11	109766873	110602800	2	2	0	0	5	15
chr11	110128915	110134684	2	2	1	9	0	16
chr11	110306683	110327641	1	1	1	3	0	12
chr11	111583100	111590498	1	1	1	0	4	2
chr11	111589584	111590498	1	1	1	0	4	2
chr11	111631776	111635528	2	2	1	4	0	7
chr11	111635630	111636017	2	2	1	1	0	18
chr11	111644888	111727616	1	1	0	0	6	23
chr11	111665906	111667512	2	6	0	3	0	15
chr11	111735975	111739324	2	2	1	0	4	2
chr11	111863244	111863674	1	1	1	1	0	4
chr11	111915955	111916586	1	1	1	1	0	22
chr11	111956187	111957363	2	2	1	0	5	15
chr11	111957684	111958580	1	1	1	3	0	25
chr11	111969873	111973417	2	2	0	0	1	22
chr11	113085234	113092017	1	1	1	5	0	17
chr11	113117093	113126598	1	1	1	0	3	2
chr11	113125488	113126598	1	1	1	0	3	2
chr11	113194738	113195326	1	1	1	3	0	23
chr11	113283627	113285096	2	2	0	1	0	31
chr11	113631313	113631538	2	2	1	4	0	10
chr11	113935587	114650203	1	1	0	0	5	16
chr11	114271490	114272419	1	1	1	1	0	10
chr11	115111141	115374988	2	2	1	8	3	15
chr11	116629896	116631450	2	2	1	9	0	30
chr11	116655638	116655814	2	2	1	1	0	3
chr11	116656599	116657226	2	2	1	7	0	4
chr11	117060742	117060881	1	1	1	11	0	7
chr11	117100573	117101064	2	2	1	5	0	12
chr11	117109828	117110516	1	1	1	2	0	17
chr11	117164725	117165846	2	2	1	6	0	17
chr11	117196838	117197159	1	1	0	0	3	28
chr11	117198621	117206320	1	1	1	5	0	21
chr11	117242183	117244466	1	1	1	7	0	12
chr11	117246508	117251329	1	1	1	1	0	3
chr11	117268030	117278640	1	1	1	5	0	20
chr11	118253492	118255349	1	1	1	6	0	31
chr11	118257328	118260439	1	1	1	6	0	25
chr11	118272433	118277651	1	1	1	9	0	20
chr11	118368789	118369084	1	1	1	8	0	30
chr11	118371863	118372386	1	1	1	2	0	4
chr11	118443266	118451960	1	1	1	5	0	8
chr11	118624115	118624768	2	2	0	4	0	20
chr11	118629612	118630630	2	2	1	7	0	20
chr11	118630754	118633920	2	2	1	5	0	7
chr11	118657228	118661563	2	2	1	5	0	1
chr11	118888256	118888667	2	2	1	1	0	5
chr11	118888764	118888991	2	2	1	22	0	18
chr11	118890028	118890859	1	1	1	5	0	2
chr11	118890964	118892469	1	1	1	7	0	24
chr11	118900275	118901558	2	2	1	12	0	22
chr11	118916544	118917128	2	2	1	5	0	20
chr11	118925388	118925695	2	2	1	1	0	7
chr11	118926880	118927785	2	2	1	4	6	5
chr11	118964972	118965169	2	2	1	0	9	2
chr11	120196078	120198149	1	1	1	8	0	3
chr11	120280160	120291461	1	1	1	0	1	1
chr11	120554653	120565143	0	0	0	6	0	32
chr11	120801492	121009000	1	3	0	0	4	12
chr11	120907322	120916382	1	1	1	1	0	7
chr11	121457039	121458728	1	1	1	4	0	20
chr11	122084012	122928788	2	2	0	0	11	18
chr11	122929539	122929766	2	2	1	0	5	3
chr11	122929970	122930180	2	2	1	10	4	13
chr11	122930977	122931300	2	2	1	6	0	20
chr11	124543849	124545133	1	1	1	1	0	15
chr11	124615879	124616299	1	1	1	0	4	2
chr11	124642951	124644614	2	2	1	10	0	1
chr11	125424849	125433767	1	1	0	0	11	30
chr11	125437920	125450712	2	2	0	0	1	22
chr11	125439470	125442353	1	1	1	54	4	32
chr11	125448965	125449988	1	1	1	5	0	31
chr11	125456019	125466282	2	2	0	0	2	30
chr11	125462814	125465775	1	1	1	8	0	11
chr11	125472320	125472697	1	1	1	3	0	6
chr11	125472844	125474051	1	1	1	12	0	4
chr11	125495908	125496643	1	1	1	10	0	25
chr11	125834936	125966915	2	4	0	0	6	31
chr11	125839124	125912009	2	2	0	0	6	23
chr11	125891416	125893295	2	2	1	10	0	23
chr11	126136525	126136657	2	2	1	8	0	20
chr11	126145766	126145953	1	1	1	7	0	9
chr11	126165868	126166813	0	0	0	4	0	30
chr11	126213313	126215241	1	1	1	10	0	16
chr11	129742992	129743639	2	2	1	4	0	1
chr11	129764334	129765390	2	2	1	12	0	23
chr11	129788614	129793142	2	2	1	8	0	6
chr11	129795529	129800716	2	6	0	7	0	29
chr11	129814908	129817039	2	2	1	3	0	3
chr11	129825467	129827640	2	4	1	7	0	14
chr11	129939978	129979323	1	1	1	9	0	19
chr11	129990714	129991508	1	1	1	3	0	3
chr11	129991706	129992199	1	1	1	2	0	4
chr11	129992409	129993506	1	1	1	3	0	13
chr11	130005611	130007150	1	1	1	2	0	4
chr11	130034368	130035269	1	3	0	3	0	24
chr11	130131825	130184269	2	2	1	0	6	2
chr11	130780033	130780164	2	2	1	4	0	6
chr11	133010189	133817187	2	2	0	0	6	14
chr11	133309506	134010159	1	1	0	0	7	29
chr11	133792626	133794714	2	2	1	8	0	26
chr11	133965449	133965953	2	2	0	4	0	26
chr11	134029970	134031675	2	2	1	4	0	9
chr11	134048637	134048716	2	2	1	8	0	29
chr11	134073094	134073548	2	2	1	6	0	16
chr11	134074067	134074793	2	2	1	6	0	22
chr11	134090621	134093756	2	2	1	3	0	1
chr11	134131074	134131168	1	1	1	14	0	15
chr11	134153740	134158691	1	1	1	5	0	19
chr11	134243703	134244038	1	1	1	7	0	6
chr11	134245779	134245988	2	6	1	0	1	19
chr11	134263709	134281700	2	2	0	9	0	23
chr12	87368	87556	1	1	1	0	4	14
chr12	90000	90162	2	2	0	0	5	23
chr12	416256	416619	2	4	1	4	0	5
chr12	432373	432765	2	2	1	1	0	30
chr12	463804	617564	1	1	0	3	0	18
chr12	663150	665712	1	1	1	7	0	29
chr12	966416	968410	1	1	1	8	0	4
chr12	992226	992560	1	1	1	10	0	30
chr12	1009837	1017012	1	1	1	5	0	16
chr12	1017201	1017640	1	1	1	2	0	3
chr12	1065139	1089651	1	1	0	1	0	14
chr12	1219514	1221380	1	1	1	6	0	14
chr12	1223310	1368808	2	2	0	0	3	29
chr12	1292588	1299024	1	1	1	9	0	24
chr12	1313679	1345934	1	1	1	0	2	3
chr12	1341859	1342787	0	0	0	4	0	32
chr12	1412952	1645963	2	2	0	11	0	21
chr12	1529854	2153053	2	2	0	0	7	32
chr12	1683637	1683677	1	3	0	8	0	18
chr12	2062455	2064597	2	2	1	3	0	23
chr12	2365026	2365085	2	2	0	0	6	15
chr12	2365026	2365235	2	2	0	1	0	20
chr12	2365086	2365115	2	2	0	0	8	32
chr12	2692109	2693668	1	1	1	7	0	18
chr12	2904138	2912558	0	0	0	8	0	30
chr12	2904231	2904335	1	1	0	3	0	19
chr12	2906449	2906894	1	1	1	4	5	11
chr12	2909107	2909204	1	1	1	4	0	27
chr12	2986449	2994448	1	1	1	7	0	30
chr12	2994701	2997076	1	1	1	4	0	7
chr12	3069207	3103903	1	1	1	6	0	14
chr12	4388086	4398007	1	1	1	7	0	8
chr12	4648123	4651049	1	1	1	5	0	5
chr12	4778984	4791370	1	1	1	4	0	3
chr12	6177087	6633599	1	1	0	7	0	17
chr12	6341896	6342577	1	1	1	8	0	22
chr12	6345442	6346928	1	1	1	9	0	3
chr12	6442314	6442532	2	2	1	9	0	10
chr12	6556254	6557202	2	2	1	3	0	1
chr12	6603321	6604241	1	1	1	9	0	18
chr12	6604392	6618882	1	1	1	0	4	2
chr12	6620552	6621376	0	0	0	6	0	30
chr12	6623559	6623629	1	1	1	4	0	6
chr12	6624087	6625993	1	1	1	3	0	23
chr12	6626192	6626530	1	1	1	7	0	12
chr12	6634883	6635233	1	1	1	11	0	17
chr12	6635367	6635452	1	1	1	7	0	2
chr12	6635538	6635613	1	1	1	2	0	32
chr12	6638206	6638678	1	1	1	6	0	4
chr12	6638760	6638940	1	1	1	1	0	11
chr12	6643736	6643975	1	1	1	41	0	16
chr12	6644028	6645659	1	1	1	14	0	31
chr12	6645760	6645849	1	1	1	18	1	15
chr12	6645957	6646085	1	1	1	15	0	14
chr12	6646177	6646266	1	1	1	30	1	23
chr12	6646383	6646474	1	1	1	22	0	26
chr12	6646557	6646749	1	1	1	17	5	19
chr12	6647120	6647318	2	2	0	3	0	12
chr12	6647152	6647306	2	2	1	0	6	3
chr12	6647163	6647266	1	1	1	10	1	17
chr12	6659063	6659860	2	2	1	14	0	19
chr12	6670971	6671049	2	2	1	3	0	13
chr12	6672337	6672480	2	2	1	5	0	13
chr12	6675784	6675942	2	2	1	3	0	26
chr12	6677089	6677304	2	2	1	4	0	5
chr12	6687084	6687194	2	2	1	2	0	19
chr12	6688084	6690209	2	2	1	2	0	24
chr12	6692103	6692192	2	2	1	1	0	11
chr12	6696726	6696877	2	2	1	7	0	15
chr12	6709179	6709382	2	2	1	9	0	19
chr12	6710933	6711125	2	2	1	3	0	13
chr12	6711664	6715439	2	2	1	2	0	12
chr12	6715618	6716465	2	2	1	5	0	16
chr12	6782607	6787292	2	2	1	5	0	9
chr12	6787627	6788111	2	2	1	4	0	6
chr12	6857510	6859033	1	1	0	9	0	27
chr12	6858149	6859013	2	2	1	5	0	19
chr12	6859174	6859342	2	2	1	1	0	5
chr12	6859933	6860806	2	2	1	1	0	6
chr12	6861529	6862104	2	2	1	4	0	9
chr12	6941811	6942284	0	0	0	3	0	31
chr12	6946251	6946586	1	1	1	8	0	19
chr12	6952690	6952795	1	1	1	7	0	5
chr12	6958363	6958486	2	2	1	5	0	7
chr12	6960174	6960385	2	2	1	3	0	11
chr12	6961455	6964564	1	1	1	5	0	14
chr12	6964691	6964918	1	1	1	5	0	9
chr12	6965315	6965468	1	1	1	3	0	4
chr12	6966056	6966792	1	1	1	9	0	12
chr12	6967782	6968633	1	1	1	9	0	19
chr12	6968706	6969314	1	1	1	6	0	11
chr12	6971723	6972349	1	1	1	5	0	8
chr12	6972473	6972993	1	1	1	0	6	2
chr12	6973360	6973885	1	1	1	18	0	3
chr12	6976846	6978027	1	1	1	4	0	19
chr12	6978348	6978421	1	1	1	7	5	23
chr12	6978938	6979212	1	1	1	7	0	17
chr12	6979301	6979428	1	1	1	0	3	4
chr12	7050187	7050536	1	1	1	2	0	13
chr12	7050718	7050909	1	1	1	9	0	16
chr12	7074876	7075073	2	2	1	3	0	13
chr12	7077185	7077573	2	2	1	6	0	28
chr12	7079444	7079579	2	2	1	5	0	12
chr12	7080254	7083500	1	1	1	10	0	7
chr12	7083603	7083713	1	1	1	2	0	6
chr12	7100013	7105888	1	3	0	1	0	27
chr12	7362437	7362617	1	1	1	1	0	9
chr12	7833679	8734728	2	2	0	0	8	24
chr12	7833684	7853075	1	1	0	0	8	29
chr12	7833684	7910146	1	1	0	0	8	29
chr12	7944555	8131506	2	2	0	0	6	30
chr12	8097948	8371967	2	2	0	7	0	15
chr12	8341132	8346798	1	1	1	0	1	3
chr12	8346252	8346798	1	1	1	0	1	3
chr12	8930399	8933170	1	1	1	6	0	13
chr12	9067424	9070225	1	1	1	0	10	14
chr12	9070388	9072351	1	1	1	0	3	23
chr12	9085428	9085802	1	1	1	0	2	4
chr12	9096467	9098024	0	0	0	4	0	31
chr12	9447356	9447456	1	1	0	0	10	18
chr12	9447571	9450376	1	1	1	0	1	17
chr12	9455299	9456570	1	1	1	0	6	13
chr12	9456555	9464158	0	0	0	7	0	30
chr12	9456804	9458314	1	1	1	0	7	25
chr12	9458720	9458832	1	1	1	0	4	25
chr12	9458965	9459797	1	1	1	0	3	8
chr12	9461211	9461265	1	1	0	0	9	19
chr12	9463887	9464145	1	1	1	0	1	5
chr12	9464428	9464834	0	0	1	0	12	17
chr12	9558925	9559924	1	1	0	0	3	21
chr12	9571065	9571115	2	4	0	7	0	18
chr12	9572170	9572576	2	2	1	0	12	17
chr12	9572678	9572768	2	2	0	4	0	19
chr12	9572852	9573110	2	2	1	0	1	5
chr12	9575764	9575818	2	2	0	0	9	19
chr12	9578199	9578311	2	2	1	0	4	25
chr12	9578717	9580228	2	2	1	0	7	25
chr12	9580462	9581727	2	2	1	0	6	13
chr12	9583337	9584961	2	2	1	0	22	29
chr12	9586737	9589542	2	2	1	0	1	17
chr12	9589657	9589757	2	2	0	0	10	18
chr12	9590086	9590606	2	2	1	5	0	5
chr12	9620648	9620723	2	2	0	1	0	23
chr12	10269869	10317601	2	2	0	0	1	21
chr12	10586469	10587084	2	2	1	7	0	1
chr12	10852254	10853852	2	2	1	11	0	29
chr12	10853953	10854558	2	2	1	3	0	15
chr12	10854734	10856649	2	2	1	8	0	32
chr12	10862714	10865809	2	2	1	5	0	23
chr12	10871743	10875448	2	2	1	0	2	13
chr12	11238551	11280065	1	1	0	0	7	26
chr12	11238551	11293499	1	1	0	0	7	26
chr12	12113345	12114169	1	1	0	0	2	23
chr12	12265277	12384087	2	4	0	6	0	32
chr12	12300491	12301875	2	2	1	8	0	27
chr12	12689754	13242766	2	2	0	0	4	22
chr12	12871889	12873969	1	1	1	1	0	9
chr12	12877886	13199085	2	4	0	6	0	13
chr12	13199122	13199141	1	1	0	0	2	17
chr12	13199136	13265432	1	3	0	17	0	15
chr12	14122862	14345617	2	2	0	6	0	32
chr12	14587358	14589039	1	1	1	2	0	24
chr12	14649278	14650587	1	1	1	1	0	10
chr12	14731540	14922347	1	3	0	0	5	15
chr12	14923925	14924004	0	0	0	3	0	31
chr12	14940433	14941884	2	2	1	5	0	22
chr12	14942068	14943389	2	2	1	2	0	16
chr12	14947671	14947904	2	2	1	6	0	21
chr12	14952663	14953685	2	2	1	4	0	12
chr12	14953718	14954253	2	2	1	4	0	21
chr12	14956331	14956407	2	2	0	2	0	30
chr12	15834237	15835826	2	2	1	8	0	25
chr12	15835907	15942094	2	2	1	2	0	9
chr12	16036611	16042861	1	1	1	5	0	12
chr12	16064349	16109869	1	1	1	5	0	15
chr12	16396259	16506081	2	4	0	4	0	13
chr12	16500645	16501827	1	1	1	0	6	1
chr12	16500645	16507164	1	1	1	2	6	8
chr12	16500645	16510538	1	1	1	0	1	1
chr12	19511372	19512345	1	1	1	1	0	16
chr12	20364312	20704382	1	1	0	0	9	17
chr12	20399538	20704382	1	1	0	5	0	12
chr12	20653676	20704382	1	1	0	5	0	12
chr12	20704405	20704456	0	0	0	3	0	30
chr12	20704421	20704469	2	2	0	0	7	27
chr12	20848742	20858882	1	1	1	0	2	8
chr12	21665311	21668602	1	1	1	3	0	18
chr12	21788644	21790004	2	2	1	3	0	22
chr12	21790129	21791286	2	2	1	6	0	12
chr12	21791405	21794885	2	2	1	11	0	24
chr12	21795060	21796868	2	2	1	12	0	20
chr12	21799951	21807476	2	2	1	10	0	22
chr12	21807612	21810684	2	2	1	20	0	3
chr12	22631412	22635490	2	2	1	2	0	13
chr12	22802392	22802603	0	0	0	3	0	31
chr12	22826595	22837416	1	1	1	5	0	10
chr12	25348272	25356853	1	1	1	6	0	6
chr12	25348276	25356853	1	1	1	4	0	6
chr12	25362846	25378547	2	2	1	2	0	14
chr12	25398330	25403697	2	2	1	0	4	1
chr12	26868379	26868684	2	2	1	0	1	2
chr12	27064251	27066389	2	2	1	1	0	28
chr12	27089748	27090728	2	2	1	4	0	6
chr12	27143561	27148169	2	2	1	8	0	6
chr12	27156324	27167010	2	2	1	5	0	6
chr12	27397266	27450642	1	1	1	5	0	10
chr12	27455122	27461271	1	1	1	3	0	29
chr12	27461395	27462046	1	1	1	2	0	14
chr12	27835432	27835547	1	1	1	9	0	31
chr12	27933464	27934085	2	2	0	7	0	16
chr12	27951737	27953613	2	4	1	0	1	1
chr12	28379133	28408494	1	1	1	0	1	2
chr12	28412376	28458581	1	1	1	7	0	7
chr12	29464080	29464815	1	1	1	7	0	6
chr12	29494152	29494666	2	2	1	1	0	4
chr12	29667538	29669281	2	2	1	1	0	13
chr12	29786270	29812812	2	2	1	4	0	6
chr12	29900807	29901500	0	0	0	3	0	30
chr12	30805224	30805900	2	2	1	3	0	30
chr12	30837392	30843429	2	2	1	3	0	19
chr12	31238665	31240457	1	1	0	5	0	19
chr12	31243029	31244652	1	1	1	0	22	29
chr12	31246259	31247523	1	1	1	0	6	13
chr12	31247757	31249274	1	1	1	0	7	25
chr12	31249680	31249792	1	1	1	2	0	10
chr12	31249925	31250818	1	1	1	0	3	8
chr12	31252236	31252290	1	1	0	0	9	19
chr12	31255246	31255360	1	1	1	2	0	13
chr12	31255462	31255869	1	1	1	0	12	17
chr12	31255955	31256255	1	1	1	4	0	9
chr12	31511003	31581478	1	1	0	0	5	28
chr12	32191632	32239901	2	2	0	0	1	32
chr12	32199425	32239901	2	2	0	0	1	32
chr12	32618923	32619593	1	3	0	8	0	30
chr12	32625049	32678430	1	1	0	0	4	23
chr12	32875568	32883947	1	1	1	6	0	4
chr12	33785304	34040094	1	1	0	6	0	18
chr12	39154691	39155913	2	2	1	2	0	28
chr12	39268314	39299238	2	2	1	0	2	1
chr12	40619085	40619356	1	1	1	3	0	23
chr12	40722263	40728768	1	1	1	8	0	19
chr12	42593038	42631400	2	2	1	0	4	2
chr12	42604422	42631400	2	2	1	0	4	4
chr12	42604483	42631400	2	2	1	0	4	2
chr12	42606287	42631400	2	2	1	0	4	1
chr12	42726505	42729684	1	1	1	5	0	23
chr12	45740871	45741810	1	1	1	1	0	18
chr12	45761577	45771835	1	1	1	1	0	21
chr12	45948015	46851501	2	2	0	0	4	30
chr12	46243560	46243818	1	1	1	2	0	13
chr12	46253746	47155468	2	2	0	0	5	30
chr12	46316938	46318510	2	2	1	8	0	8
chr12	46357972	46384135	2	2	1	6	0	14
chr12	46592527	46594880	2	2	1	4	0	19
chr12	46765163	46766103	2	2	1	13	0	5
chr12	48062886	48063889	2	2	1	1	0	28
chr12	48069824	48070379	2	2	0	1	0	15
chr12	48095388	48096470	2	2	1	1	0	15
chr12	48167224	48172810	1	1	1	0	11	1
chr12	48272899	48298737	2	2	1	7	0	31
chr12	48368646	48369099	2	2	1	8	0	3
chr12	48369854	48370296	2	2	1	7	0	15
chr12	48372182	48372379	2	2	1	6	0	26
chr12	48373348	48373791	2	2	1	8	0	24
chr12	48376730	48376875	2	2	1	7	0	4
chr12	48376921	48377167	2	2	1	6	0	6
chr12	48377520	48377869	2	2	1	6	0	10
chr12	48378383	48378777	2	2	1	4	0	29
chr12	48380227	48380617	2	2	1	5	0	21
chr12	48388261	48389037	2	2	1	8	0	7
chr12	48389092	48389492	2	2	1	8	0	4
chr12	48389547	48389657	2	2	1	2	0	1
chr12	48393909	48398019	2	2	1	5	0	16
chr12	48491908	48495251	2	2	1	6	0	25
chr12	48529167	48531503	1	1	1	1	0	6
chr12	48531630	48533067	1	1	1	7	0	27
chr12	48545722	48549291	1	1	0	0	7	31
chr12	48553805	49357564	2	2	0	0	5	21
chr12	48744364	49722800	2	2	0	0	6	16
chr12	49075425	49075969	2	2	1	6	0	13
chr12	49078532	49839352	1	1	0	0	10	26
chr12	49102070	49142784	2	2	0	0	1	26
chr12	49108308	49110297	2	2	1	10	0	24
chr12	49138131	49201000	1	1	0	0	6	18
chr12	49168302	49168473	2	2	1	3	0	13
chr12	49168562	49168739	2	2	1	2	0	23
chr12	49169482	49169745	2	2	1	6	0	10
chr12	49192556	49338849	1	3	0	3	0	14
chr12	49219027	49219216	1	1	1	5	0	4
chr12	49225100	49225860	2	2	1	6	0	8
chr12	49228281	49229903	2	2	1	2	0	9
chr12	49233693	49233795	2	2	1	1	0	27
chr12	49233890	49237722	2	2	1	4	0	22
chr12	49239566	49245866	2	2	1	16	0	15
chr12	49248365	49252884	1	1	0	0	4	27
chr12	49248365	50234436	1	1	0	0	9	28
chr12	49290093	49910424	1	1	0	0	6	19
chr12	49319462	49332817	2	2	0	6	0	18
chr12	49332892	49333437	2	2	1	4	0	15
chr12	49398949	49399088	2	2	1	3	0	2
chr12	49399148	49399244	2	2	1	3	0	4
chr12	49399636	49406844	2	2	1	4	0	12
chr12	49406894	49412514	2	2	1	15	0	20
chr12	49415935	49416062	2	2	1	10	0	20
chr12	49416137	49416372	2	2	1	1	0	28
chr12	49428083	49428192	2	2	1	1	0	16
chr12	49436662	49436858	2	2	1	4	0	20
chr12	49437782	49437973	2	2	0	8	0	28
chr12	49437782	49437982	2	2	1	1	0	18
chr12	49439751	49439847	2	2	1	1	0	25
chr12	49440574	49441747	2	2	1	4	0	9
chr12	49442553	49442890	2	2	0	15	0	27
chr12	49444574	49444668	2	2	1	5	0	20
chr12	49445119	49445145	1	3	0	1	0	12
chr12	49446493	49446697	2	2	1	5	0	19
chr12	49446856	49446989	2	2	1	1	0	13
chr12	49447924	49448089	2	2	1	4	0	16
chr12	49448810	49449058	2	2	1	2	0	2
chr12	49450131	49453395	2	2	0	14	0	15
chr12	49522251	49579306	1	1	0	9	0	30
chr12	49522329	49525125	2	2	0	1	0	23
chr12	49522569	49522688	2	2	1	1	0	12
chr12	49522648	49525102	1	1	1	0	116	4
chr12	49522722	49523024	2	2	1	0	12	24
chr12	49523174	49523282	2	2	1	9	16	23
chr12	49523506	49525080	2	2	1	48	8	31
chr12	49543711	50429410	1	1	0	0	6	32
chr12	49554676	49554707	2	4	0	1	0	19
chr12	49580242	49580393	2	2	1	0	16	23
chr12	49580617	49582199	2	2	1	0	8	3
chr12	49580617	49582759	2	2	1	4	8	25
chr12	49658968	49663247	1	1	1	8	8	31
chr12	49663471	49663610	1	1	1	0	4	18
chr12	49663760	49666035	1	1	1	0	12	24
chr12	49666769	49666811	0	0	0	7	0	30
chr12	49711493	49910424	1	1	0	0	6	19
chr12	49722836	50498191	2	2	0	0	6	14
chr12	49722839	49722943	1	1	1	0	6	1
chr12	49723238	49723639	1	1	1	8	0	32
chr12	49803134	50254069	1	3	0	0	10	32
chr12	49848574	49849294	0	0	0	6	0	32
chr12	49958374	49958519	2	2	1	7	3	18
chr12	50027445	50027668	1	1	1	3	0	13
chr12	50029257	50029625	1	1	1	3	0	11
chr12	50053742	50055748	2	2	0	2	0	19
chr12	50135395	50146246	1	1	1	38	0	26
chr12	50146333	50146755	1	1	1	6	0	11
chr12	50146865	50149417	1	1	1	7	0	22
chr12	50149539	50152009	1	1	1	1	0	4
chr12	50152059	50152165	1	1	1	5	0	11
chr12	50152264	50152465	1	1	1	0	3	2
chr12	50155563	50156655	1	1	1	8	0	23
chr12	50185835	50186228	2	2	1	5	0	21
chr12	50186372	50186460	2	2	1	1	0	14
chr12	50196780	50196879	2	2	1	1	0	13
chr12	50385917	50386027	2	2	1	9	0	1
chr12	50396760	50705991	0	0	0	4	0	31
chr12	50410499	50419110	2	2	1	2	0	11
chr12	50410503	50419180	2	2	1	3	0	16
chr12	50439801	50715285	2	2	0	0	12	30
chr12	50474965	50475042	1	1	1	2	0	32
chr12	50481269	50482303	1	1	1	9	0	17
chr12	50544577	50546166	2	6	0	3	0	20
chr12	50618930	50627552	2	2	0	0	1	22
chr12	50690513	50691373	0	0	1	4	0	25
chr12	50769423	51460158	2	2	0	0	5	32
chr12	50782599	50810955	1	1	0	0	1	25
chr12	50783053	50996412	1	1	0	0	4	25
chr12	50794812	50821544	1	1	1	6	0	10
chr12	50818699	50996412	1	1	0	0	4	25
chr12	50867951	50869308	1	1	1	1	0	15
chr12	50918926	51489416	1	1	0	0	4	22
chr12	51092986	51097922	1	1	1	8	0	7
chr12	51158091	51173922	1	1	1	7	0	11
chr12	51160411	51178801	1	1	0	0	1	19
chr12	51386123	51386592	2	2	1	7	0	10
chr12	51394203	51398570	2	2	1	3	0	8
chr12	51473328	51489413	2	2	0	0	4	25
chr12	51492702	51493437	2	2	1	4	0	7
chr12	51497547	51497937	2	2	1	2	0	14
chr12	51615214	51615803	0	0	0	7	0	30
chr12	52345619	52369048	1	1	1	5	0	10
chr12	52590021	53572448	1	1	0	0	8	17
chr12	53345430	53345514	1	1	1	8	0	7
chr12	53346127	53346505	1	1	1	4	0	28
chr12	53400281	53402380	1	1	1	0	1	1
chr12	53400281	53410256	1	1	1	0	1	1
chr12	53400281	53412581	1	1	1	0	8	1
chr12	53410395	53412581	1	1	1	0	8	1
chr12	53412791	53413693	1	1	1	3	0	16
chr12	53416412	53421565	1	1	1	0	5	7
chr12	53427819	53428395	1	1	1	15	0	15
chr12	53468569	53468878	2	2	1	6	0	19
chr12	53553723	53553903	2	2	1	8	0	3
chr12	53594690	53736575	1	1	0	0	3	19
chr12	53662162	53662538	1	1	1	2	0	7
chr12	53664583	53666504	1	1	1	9	0	4
chr12	53682126	53682321	1	1	1	4	0	23
chr12	53683088	53683187	1	1	1	3	0	4
chr12	53683379	53683868	1	1	1	2	0	13
chr12	53693738	53693933	1	1	1	1	0	7
chr12	53695997	53698299	2	2	0	0	1	19
chr12	53700646	53700749	1	1	1	1	0	6
chr12	53703506	53708081	2	2	1	5	0	8
chr12	53708226	53708534	2	2	1	6	0	9
chr12	53846161	53848509	1	1	1	13	0	27
chr12	53848654	53849130	1	1	1	0	2	10
chr12	53849155	53849244	1	1	1	3	0	11
chr12	53849278	53849668	1	1	1	3	0	21
chr12	53849786	53853055	1	1	1	1	0	10
chr12	53853188	53854798	1	1	1	7	0	11
chr12	53854928	53856264	0	0	1	23	0	21
chr12	53854928	53856276	1	1	1	6	0	28
chr12	53859758	53861004	1	1	1	11	0	20
chr12	53860437	53860581	0	0	0	4	0	30
chr12	53865592	53873189	1	1	1	0	1	18
chr12	53895246	53895798	1	1	1	5	0	3
chr12	53928444	53931198	2	2	1	4	0	31
chr12	54063126	54063654	2	2	1	0	1	16
chr12	54063733	54066359	2	2	1	22	0	19
chr12	54066430	54069836	2	2	1	10	0	18
chr12	54384661	54394046	0	0	0	5	0	30
chr12	54392069	54392235	0	0	0	7	0	30
chr12	54400502	54400556	0	0	0	5	0	32
chr12	54411713	54411804	0	0	0	9	0	31
chr12	54427361	54428061	1	1	1	1	0	9
chr12	54434718	54444758	2	2	0	1	0	22
chr12	54614278	54704537	2	2	0	3	0	25
chr12	54639363	54663267	1	1	0	1	0	27
chr12	54651477	54653292	2	2	1	3	0	10
chr12	54674607	54675169	1	1	1	3	3	27
chr12	54675287	54675578	1	1	1	23	2	31
chr12	54675726	54675873	1	1	1	6	2	27
chr12	54676450	54676583	1	1	1	21	10	29
chr12	54676659	54677595	1	1	1	5	10	18
chr12	54677019	54677595	1	1	1	0	1	2
chr12	54677752	54678041	1	1	1	18	0	10
chr12	54678102	54678332	1	1	1	6	1	18
chr12	54736072	54737008	1	1	1	6	0	9
chr12	54767920	54769627	2	2	1	5	0	22
chr12	54791272	54792380	2	2	1	5	0	5
chr12	56119681	56119904	2	2	1	14	0	28
chr12	56121124	56122059	2	2	1	15	0	30
chr12	56122137	56122736	2	2	1	19	0	31
chr12	56142707	56820261	2	2	0	14	0	29
chr12	56154425	56182858	2	2	1	0	1	10
chr12	56168277	56168772	1	1	0	0	5	26
chr12	56189861	56194345	2	2	1	5	0	18
chr12	56194685	56197412	2	2	1	1	0	24
chr12	56197513	56209670	2	2	1	2	0	6
chr12	56222499	56223272	2	2	1	1	0	11
chr12	56229400	56229909	1	1	1	2	0	5
chr12	56295075	56852804	2	4	0	0	8	23
chr12	56361954	56362561	1	1	1	5	0	3
chr12	56367924	56380652	1	1	1	9	0	4
chr12	56392206	57002030	2	2	0	0	6	20
chr12	56401519	56405200	1	1	1	8	0	5
chr12	56435954	56436208	1	1	1	6	0	13
chr12	56436387	56437146	1	1	1	0	7	21
chr12	56437278	56437902	1	1	1	9	0	8
chr12	56500501	56500773	1	1	1	14	0	15
chr12	56500880	56500970	1	1	1	8	0	1
chr12	56505094	56505259	1	1	1	17	0	29
chr12	56510444	56510558	1	1	1	25	10	27
chr12	56510584	56510972	1	1	1	11	0	22
chr12	56510996	56511265	1	1	1	15	1	23
chr12	56527459	56527564	1	1	1	9	0	2
chr12	56527658	56527863	1	1	1	1	0	3
chr12	56527966	56528125	1	1	1	0	9	1
chr12	56532057	56532187	1	1	1	1	0	5
chr12	56532798	56536068	1	1	1	4	0	23
chr12	56546416	56547656	1	1	1	0	7	1
chr12	56549377	56551251	1	1	1	6	0	8
chr12	56552189	56552467	1	1	1	10	0	28
chr12	56552496	56553370	1	1	1	12	0	15
chr12	56553515	56553758	1	1	1	7	0	29
chr12	56554105	56555170	1	1	1	0	3	1
chr12	56554455	56555170	1	1	1	0	3	1
chr12	56557550	56558431	2	2	1	5	0	14
chr12	56563480	56563559	2	2	1	1	0	2
chr12	56575382	56575487	2	2	1	4	0	12
chr12	56577715	56577958	2	2	1	1	0	24
chr12	56581091	56583134	2	2	1	5	0	24
chr12	56615984	56618617	1	1	1	0	1	1
chr12	56617497	56618617	1	1	1	0	1	1
chr12	56618226	56618617	1	1	1	0	1	1
chr12	56641559	56641806	2	2	1	6	0	31
chr12	56646682	56646787	2	2	1	5	0	24
chr12	56646871	56647071	2	2	1	9	0	28
chr12	56647187	56647505	2	2	1	3	0	6
chr12	56649769	56650798	2	2	1	7	0	29
chr12	56651696	56652026	2	2	1	5	0	7
chr12	56667039	56667370	2	2	1	9	0	25
chr12	56668833	56669779	2	2	1	4	0	6
chr12	56677642	56678928	2	2	1	0	6	5
chr12	56677642	56679699	2	2	1	0	6	5
chr12	56679808	56680378	2	2	1	5	0	4
chr12	56680430	56693943	2	2	1	0	1	14
chr12	56694005	56694129	2	2	1	3	0	30
chr12	56709027	56709604	2	2	1	11	0	9
chr12	56711428	56712871	2	2	1	3	0	4
chr12	56717169	56717283	2	2	1	3	0	5
chr12	56720744	56721147	2	2	1	6	0	11
chr12	56740740	56742312	2	2	1	2	0	15
chr12	56814666	56814746	2	2	1	6	0	23
chr12	56814919	56815134	2	2	1	11	0	12
chr12	56815278	56815510	2	2	1	3	0	20
chr12	56816777	56817057	2	2	1	2	0	31
chr12	56817492	56817580	2	2	1	10	0	4
chr12	56817679	56818545	2	2	1	14	0	19
chr12	56824066	56824664	2	2	1	5	0	23
chr12	56939809	56939989	2	2	0	0	1	25
chr12	56997485	56998000	2	2	1	1	0	14
chr12	57003731	57003897	2	2	1	12	0	21
chr12	57033977	57036241	2	2	1	7	0	27
chr12	57036365	57036456	2	2	1	13	0	28
chr12	57036616	57037186	2	2	1	9	0	16
chr12	57037372	57037620	2	2	1	5	0	20
chr12	57039138	57039620	2	2	1	12	0	32
chr12	57059167	57675356	2	2	0	0	6	25
chr12	57060051	57064058	2	2	1	1	0	17
chr12	57066850	57081781	2	2	1	10	1	10
chr12	57106693	57106845	2	2	1	2	0	10
chr12	57107468	57108145	2	2	1	4	0	14
chr12	57108224	57108385	2	2	1	7	0	12
chr12	57118308	57119046	2	2	1	15	0	27
chr12	57587796	57588136	1	1	1	4	0	14
chr12	57619658	57619704	0	0	0	4	0	32
chr12	57623595	57624585	1	1	1	8	0	15
chr12	57626076	57626235	1	1	1	1	0	6
chr12	57648897	57649772	2	2	1	1	0	17
chr12	57696149	57727298	2	2	0	0	1	16
chr12	57697001	57704046	2	2	1	7	0	7
chr12	57883129	57883206	1	1	1	3	0	1
chr12	57883755	57883989	1	1	1	5	0	14
chr12	57898083	57905480	1	1	1	5	0	2
chr12	57916724	58882219	2	2	0	1	9	17
chr12	57930161	57930207	1	3	0	4	0	15
chr12	57972126	57974738	1	1	1	1	0	7
chr12	58000036	58000225	1	1	1	8	0	15
chr12	58007544	58007798	1	1	1	1	0	29
chr12	58114302	58114566	1	1	1	1	0	4
chr12	58120162	58120747	1	1	1	13	0	30
chr12	58143101	58143236	2	2	1	8	0	24
chr12	58144549	58144705	2	2	1	3	0	17
chr12	58150868	58151890	1	1	1	4	0	5
chr12	58176642	58176892	1	1	1	6	0	11
chr12	58217511	58217686	2	2	1	6	0	27
chr12	59307838	59308045	2	2	1	8	0	29
chr12	62861099	62877949	1	1	1	7	0	13
chr12	62878014	62887694	1	1	1	3	0	27
chr12	63991691	63994085	2	2	1	0	1	28
chr12	64055262	64057537	2	2	1	8	0	15
chr12	64588769	64746982	1	3	0	0	5	20
chr12	64811896	64812655	1	1	1	7	0	32
chr12	64821901	64823828	1	1	1	3	0	30
chr12	64829455	64833023	1	1	1	7	0	27
chr12	64845968	64849619	1	1	1	10	0	13
chr12	65005653	65078267	0	0	0	3	0	31
chr12	66522894	66524484	2	2	1	0	5	1
chr12	66528910	66528958	1	1	0	0	8	30
chr12	66700295	66703485	1	1	1	1	0	20
chr12	66772129	67513767	1	1	0	0	9	15
chr12	66772129	67534032	1	1	0	0	9	15
chr12	67109238	67221143	1	1	0	5	0	17
chr12	67688937	67691186	1	1	1	0	10	2
chr12	67703851	67703931	1	1	1	4	0	14
chr12	68042963	68050885	1	1	1	2	0	9
chr12	68824524	69017695	1	1	0	0	4	17
chr12	69042562	69044179	1	1	1	12	0	7
chr12	69090703	69094505	1	1	1	3	0	22
chr12	69114958	69115620	1	1	1	1	0	22
chr12	69126520	69127231	1	1	1	3	0	13
chr12	69160054	69160169	1	1	0	8	0	31
chr12	69202867	69202987	1	1	1	29	0	16
chr12	69224696	69228317	1	1	0	0	5	29
chr12	69229765	69230451	1	1	1	1	0	14
chr12	69644922	69656248	1	1	1	0	2	1
chr12	69650623	69651511	1	1	1	7	0	31
chr12	69651686	69652369	1	1	1	1	0	25
chr12	69653978	69656152	1	1	1	14	0	29
chr12	69979305	69980049	1	1	1	24	0	24
chr12	69980599	69981284	1	1	1	2	0	7
chr12	69981787	69981929	1	1	1	3	0	7
chr12	69982043	69983264	1	1	1	12	0	15
chr12	69985940	69986755	1	1	1	1	0	13
chr12	69987394	69990935	1	1	1	2	0	13
chr12	69991852	69992101	1	1	1	1	0	14
chr12	70132812	70149163	1	1	1	0	13	4
chr12	70637261	70671911	1	1	1	15	0	24
chr12	70735949	70736037	1	1	1	7	0	22
chr12	72014096	72017139	2	2	1	2	0	25
chr12	72030840	72032197	2	2	1	2	0	10
chr12	72134451	72270721	1	1	0	4	0	25
chr12	72163640	72164371	1	1	1	5	0	16
chr12	72233592	72265849	1	1	1	6	0	18
chr12	75900697	75902053	2	2	1	4	0	2
chr12	76003906	76390182	2	2	0	0	10	18
chr12	76421474	76421512	0	0	0	6	0	31
chr12	76441499	76442172	2	2	1	9	0	17
chr12	76443031	76443535	2	2	1	2	0	30
chr12	76443566	76444310	2	2	1	2	0	3
chr12	76446891	76446984	2	2	1	6	0	4
chr12	76447131	76447549	2	2	1	2	0	30
chr12	76447690	76448798	2	2	1	3	0	26
chr12	76448871	76449812	2	2	1	4	0	30
chr12	76449942	76453577	2	2	1	6	1	16
chr12	76461254	76462688	2	2	1	6	8	6
chr12	76462775	76467982	2	2	1	5	0	25
chr12	76468020	76478346	2	2	1	11	0	26
chr12	76778131	76779947	2	2	1	1	0	16
chr12	76796547	76804343	2	2	1	2	0	18
chr12	77158110	77191213	1	1	1	6	0	29
chr12	77158110	77199096	1	1	1	3	0	20
chr12	77220831	77222169	1	1	1	4	0	14
chr12	77253421	77254063	2	2	1	1	0	5
chr12	77260042	77272717	2	2	1	5	0	18
chr12	77417966	77419337	2	2	1	0	6	3
chr12	77417966	77421662	2	2	1	0	6	3
chr12	78225326	79043139	2	2	0	0	12	19
chr12	78908746	78918360	1	1	0	0	1	24
chr12	80041773	80043770	1	1	0	3	0	14
chr12	80185134	80192955	1	1	0	0	1	12
chr12	80190731	80190974	2	2	1	4	0	3
chr12	80266719	80328474	2	2	1	1	0	10
chr12	82748374	82750738	2	2	1	4	0	16
chr12	82751049	82752001	2	2	1	6	0	13
chr12	83307026	83307244	1	1	0	3	0	17
chr12	88456556	88457757	2	2	1	0	1	2
chr12	88486610	88487546	2	2	1	2	0	5
chr12	88524198	88524321	2	2	1	1	0	18
chr12	88524343	88524941	2	2	1	1	0	21
chr12	88536265	88542064	1	1	1	15	0	13
chr12	88909395	88910110	2	2	1	1	0	13
chr12	90005150	90010578	2	2	1	3	0	29
chr12	93251262	93258635	2	2	1	6	0	26
chr12	93723292	93734600	1	1	0	0	3	32
chr12	93772198	93788384	1	1	1	0	1	1
chr12	93778939	93788384	1	1	1	0	1	1
chr12	93805076	93835630	2	2	1	0	6	1
chr12	93861331	93862967	1	1	1	12	0	24
chr12	94247946	94834715	2	2	0	4	0	12
chr12	94458394	94716799	1	1	0	5	0	14
chr12	94958559	95500126	2	2	0	7	0	20
chr12	95395064	95750755	1	1	0	0	6	21
chr12	95419032	95422162	2	2	1	1	0	12
chr12	95511896	95551111	1	1	0	0	7	27
chr12	95676421	95681439	1	1	1	3	0	8
chr12	95877057	95879654	1	1	1	9	0	2
chr12	95897938	95906576	1	1	1	0	2	1
chr12	96252855	96254945	1	1	1	12	0	27
chr12	96394885	96396737	2	2	1	9	0	5
chr12	96407037	96407527	2	2	1	3	0	4
chr12	96408778	96409360	2	2	1	2	0	2
chr12	96707233	96710065	2	2	0	7	0	15
chr12	96728644	96793763	2	2	1	13	0	15
chr12	96868560	96933205	2	2	0	0	2	30
chr12	96986416	96988068	1	1	1	4	0	21
chr12	98783930	98858810	1	1	0	0	3	23
chr12	98909438	98909555	1	1	0	0	1	16
chr12	98987519	98987752	1	1	1	11	5	9
chr12	98987519	98987756	1	1	1	9	5	8
chr12	98993445	98993523	0	0	0	6	0	31
chr12	99028192	99038300	2	2	1	18	0	23
chr12	100496636	100497690	2	2	1	2	0	24
chr12	100497730	100502163	2	2	1	2	0	2
chr12	100613925	100617563	1	1	1	11	0	28
chr12	101083561	101096140	1	1	0	0	2	29
chr12	101674975	101679347	1	1	1	1	0	29
chr12	101679415	101679526	1	1	1	3	0	2
chr12	101685217	102027805	1	1	0	13	0	25
chr12	101685667	101685747	1	1	1	7	0	13
chr12	101687024	101689257	1	1	1	6	0	3
chr12	101738529	101739331	1	1	1	3	0	3
chr12	101746908	101748609	1	1	1	1	0	26
chr12	101958619	102003275	1	1	0	0	1	27
chr12	102114033	102116945	1	1	1	3	0	24
chr12	102117626	102120071	1	1	1	1	0	26
chr12	102406971	102419751	2	2	1	0	2	1
chr12	102437991	102439831	2	2	1	2	0	11
chr12	102455125	102455689	2	2	1	9	0	8
chr12	102512362	102513827	2	2	1	11	0	27
chr12	102517820	102547646	1	1	1	0	1	4
chr12	102576406	102589728	1	1	1	10	0	23
chr12	102859638	103510064	2	2	0	0	5	25
chr12	103563956	104519014	1	1	0	6	0	13
chr12	104315839	104366140	2	2	0	5	0	14
chr12	104324221	104324270	0	0	0	4	0	32
chr12	104324343	104325298	1	1	1	38	0	22
chr12	104328066	104331472	1	1	1	8	0	2
chr12	104331585	104332117	1	1	1	8	0	24
chr12	104333404	104335187	1	1	1	7	1	17
chr12	104335676	104336304	1	1	1	5	0	23
chr12	104337098	104337515	1	1	1	1	0	30
chr12	104337653	104340395	1	1	1	2	0	29
chr12	104340475	104340563	1	1	1	7	0	17
chr12	104340720	104341088	1	1	1	6	0	4
chr12	104341209	104341410	1	1	1	8	0	32
chr12	104415270	104443672	2	2	1	8	0	11
chr12	104475767	104519027	2	2	0	4	0	14
chr12	104519050	104519069	1	1	0	0	2	17
chr12	104519084	104526634	1	1	0	6	0	13
chr12	104680888	104682708	1	1	1	4	0	4
chr12	104733052	104742130	1	1	1	1	0	7
chr12	104849415	104850693	1	1	1	0	8	2
chr12	105589406	105591542	2	2	1	4	0	29
chr12	105611504	105622902	2	2	1	1	0	12
chr12	106639461	106640492	2	4	1	2	0	22
chr12	107349844	107360888	1	1	1	1	0	17
chr12	107350928	107360888	1	1	1	4	0	16
chr12	108029168	108034087	1	1	1	4	0	11
chr12	108068546	108287317	1	1	0	5	0	27
chr12	108079749	108082224	1	1	1	1	0	17
chr12	108082580	108086590	1	1	1	2	0	17
chr12	108086874	108090250	1	1	1	5	0	20
chr12	108133329	108134722	2	2	1	0	12	2
chr12	108932866	108936803	2	2	1	10	0	12
chr12	108938255	108938914	2	2	1	7	0	27
chr12	108941768	108942863	2	2	1	8	0	20
chr12	109042627	109042738	2	2	1	5	0	18
chr12	109092297	109356338	2	2	0	0	4	23
chr12	109095100	109095264	2	2	1	4	0	3
chr12	109095100	109125204	2	2	1	1	0	10
chr12	109185318	109271639	1	1	0	0	4	26
chr12	109186606	109192775	2	2	1	4	0	1
chr12	109349817	110097911	2	2	0	0	6	24
chr12	109490567	109494486	1	1	1	1	0	25
chr12	109535617	109536236	1	1	1	12	0	11
chr12	109536444	109536993	1	1	1	12	0	24
chr12	109537090	109539706	1	1	1	5	0	10
chr12	109540733	109541237	1	1	1	9	0	13
chr12	109541417	109547633	1	1	1	20	0	31
chr12	109700275	109702036	1	1	1	6	0	23
chr12	109723317	109724452	2	2	1	4	0	18
chr12	109733373	109733393	2	2	0	3	0	26
chr12	109780012	110302735	2	2	0	0	6	30
chr12	109780012	110534272	2	2	0	0	6	30
chr12	109996961	109998844	2	2	1	4	0	10
chr12	109998910	109999047	2	2	1	3	0	27
chr12	110009516	110011151	2	2	1	4	0	13
chr12	110028667	110029045	1	1	1	9	0	23
chr12	110035013	110223776	2	2	0	0	6	15
chr12	110035013	110698308	2	2	0	0	6	15
chr12	110341953	110342541	1	1	1	7	0	11
chr12	110429566	110433977	2	2	1	7	0	14
chr12	110444443	110962331	2	4	0	0	6	26
chr12	110481399	110548518	2	4	0	0	3	23
chr12	110553346	110556567	2	2	0	0	1	18
chr12	110577525	110856521	0	0	0	0	9	30
chr12	110618377	110628724	1	1	1	1	0	14
chr12	110719713	110720408	1	1	1	3	0	18
chr12	110720427	110720517	1	1	1	3	0	14
chr12	110771089	110771816	1	1	1	2	0	7
chr12	110771949	110777085	1	1	1	4	0	22
chr12	110777209	110777307	1	3	1	1	0	9
chr12	110777527	110778463	1	1	1	3	0	1
chr12	110778800	110780032	1	1	1	5	0	20
chr12	110783924	110784005	1	1	1	5	0	27
chr12	110815423	110819556	2	2	1	8	0	9
chr12	110816857	110816936	1	1	0	2	0	32
chr12	110826429	110832905	2	2	1	3	0	13
chr12	110833026	110834070	2	2	1	10	0	30
chr12	110841413	110841443	0	0	0	9	0	32
chr12	110878194	110883256	2	2	1	8	0	1
chr12	110883357	110888059	2	2	1	5	0	13
chr12	110906824	110910882	1	1	1	6	0	10
chr12	110923005	110924129	1	1	1	6	0	23
chr12	110925749	110927823	1	1	1	1	0	4
chr12	110934009	110937261	2	2	1	2	0	6
chr12	111094035	111966860	1	1	0	0	6	12
chr12	111158971	111159939	2	2	1	10	0	4
chr12	111728375	112157499	1	1	0	0	8	23
chr12	111788755	111813137	2	2	0	0	4	13
chr12	111788755	112207212	2	2	0	0	4	13
chr12	111844082	111855922	1	1	1	9	0	13
chr12	111860600	111860736	1	1	0	0	3	25
chr12	111990235	111990709	2	2	1	2	0	9
chr12	112086203	112089128	1	1	0	0	6	29
chr12	112151972	112164587	2	2	0	0	9	27
chr12	112241778	112247346	1	1	1	6	0	12
chr12	112280574	112303053	1	1	1	3	0	29
chr12	112335026	112479119	1	1	0	0	4	17
chr12	112373042	112627700	1	1	0	5	0	27
chr12	112443108	112450805	2	2	1	2	0	11
chr12	112478383	112479842	2	2	1	4	0	26
chr12	112509869	112512478	2	2	1	2	0	4
chr12	112530941	112546519	2	2	1	2	0	12
chr12	112572678	112572816	1	1	1	13	0	23
chr12	112648941	112852492	1	1	0	0	6	23
chr12	112712765	112717031	2	2	1	9	0	22
chr12	112746696	112747364	2	2	1	3	0	19
chr12	112747474	112750820	2	2	1	7	0	5
chr12	112843181	112843656	2	2	1	20	0	23
chr12	112843842	112844097	2	2	1	11	43	26
chr12	112844147	112844550	2	2	1	10	15	27
chr12	112844695	112846043	2	2	1	0	4	2
chr12	112846143	112846223	2	2	1	3	6	20
chr12	112846143	112848123	2	2	1	0	6	11
chr12	112846461	112847214	2	2	1	8	0	22
chr12	112846461	112847390	2	2	1	36	1	23
chr12	112856930	112884079	1	1	1	15	0	15
chr12	112859514	112866633	2	2	0	0	4	20
chr12	112892485	112893753	1	1	1	1	0	9
chr12	113599188	113599697	2	2	1	5	0	4
chr12	113614899	113616781	2	2	1	12	0	27
chr12	113618864	113623082	2	2	1	5	0	29
chr12	113659432	113664532	1	1	1	5	0	10
chr12	113758713	113758860	2	2	1	3	0	5
chr12	113818648	113821909	1	1	1	4	0	25
chr12	113860283	113865766	1	1	1	7	0	4
chr12	114261127	114282472	2	2	1	6	0	11
chr12	114352891	114356196	2	2	1	1	0	17
chr12	114358496	114362501	2	2	1	5	0	11
chr12	114374942	114377764	2	2	1	4	0	5
chr12	114380240	114383632	2	2	1	7	0	30
chr12	114390396	114392935	2	2	1	6	0	7
chr12	115109176	115113388	2	6	0	1	0	18
chr12	116250673	117159140	2	2	0	7	0	12
chr12	116413119	116413319	2	2	1	1	0	21
chr12	116440908	116443673	2	2	1	0	10	1
chr12	116675511	116714864	2	2	1	3	0	13
chr12	116849345	117200647	2	2	0	0	5	16
chr12	117448847	117448986	0	0	0	3	0	32
chr12	117628103	117628138	1	3	0	3	0	19
chr12	118442169	118487301	1	1	0	1	0	27
chr12	118454698	118456876	1	1	1	21	0	22
chr12	118457574	118458710	1	1	1	4	0	18
chr12	118465836	118467575	1	1	1	11	0	31
chr12	118467631	118468986	1	1	1	4	0	26
chr12	118472899	118473018	2	2	1	3	0	32
chr12	118490284	118498840	2	2	1	7	0	22
chr12	118509275	118511503	2	2	1	6	0	2
chr12	118577357	118582390	1	1	1	21	0	32
chr12	118693764	119587027	2	2	0	5	0	32
chr12	118818037	118821816	1	1	1	3	0	15
chr12	118827752	118828930	1	1	1	3	0	22
chr12	119830964	120523499	1	1	0	0	7	17
chr12	120148192	120148344	2	2	1	4	0	30
chr12	120295503	120306863	2	2	1	4	0	12
chr12	120535178	120536614	2	2	1	1	0	14
chr12	120536740	120536833	2	2	1	3	0	5
chr12	120568558	120568988	2	2	1	1	0	29
chr12	120569138	120569729	2	2	1	15	0	12
chr12	120575849	120576126	2	2	1	1	0	7
chr12	120580527	120580627	2	2	1	1	0	24
chr12	120591714	120592773	2	2	1	8	0	32
chr12	120593235	120593395	2	2	1	3	0	6
chr12	120593524	120594264	2	2	1	4	0	17
chr12	120594797	120595652	2	2	1	8	0	7
chr12	120595835	120596263	2	2	1	16	0	25
chr12	120596420	120597628	2	2	1	1	0	10
chr12	120599388	120599683	2	2	1	4	0	25
chr12	120600776	120600873	2	2	1	7	0	3
chr12	120613678	120613945	2	2	1	2	0	11
chr12	120614021	120615249	2	2	1	1	0	9
chr12	120615359	120615486	2	2	1	7	0	1
chr12	120616563	120616654	2	2	1	1	0	7
chr12	120628204	120632482	2	2	1	6	0	21
chr12	120634738	120635124	2	2	1	1	0	30
chr12	120636543	120636656	2	2	1	3	8	8
chr12	120636543	120636697	2	2	1	0	5	4
chr12	120636543	120636920	2	2	1	0	6	1
chr12	120636804	120636920	2	2	1	16	20	23
chr12	120637009	120637112	2	2	1	29	0	18
chr12	120637289	120638532	2	2	1	0	9	18
chr12	120638635	120638885	2	2	1	8	0	27
chr12	120650384	120651644	2	2	1	5	0	10
chr12	120653465	120659425	2	2	1	0	6	3
chr12	120729638	120730972	1	1	0	0	83	30
chr12	120729681	120731018	2	2	0	0	6	17
chr12	120729689	120731023	2	2	0	0	8	16
chr12	120729705	121129488	2	2	0	0	7	17
chr12	120731039	121129488	2	2	0	0	7	17
chr12	120814334	120848697	2	2	0	0	1	14
chr12	120825715	121217736	1	1	0	0	5	29
chr12	120876033	120876181	1	1	1	27	0	25
chr12	120876325	120878256	1	1	1	0	13	22
chr12	120882759	120884028	2	2	1	8	0	5
chr12	120884029	120884066	2	4	0	5	0	24
chr12	120884633	120894878	1	1	1	6	0	22
chr12	120894983	120897709	1	1	1	1	0	12
chr12	120899966	120901752	2	2	1	8	0	23
chr12	120901926	120903429	2	2	1	7	0	12
chr12	120903591	120907224	2	2	1	5	0	11
chr12	120941689	120941772	2	2	1	1	0	21
chr12	121004784	121008993	1	1	1	5	0	31
chr12	121004792	121013433	1	1	0	3	0	28
chr12	121013754	121014392	1	1	1	2	0	13
chr12	121017727	121018917	2	2	1	5	0	13
chr12	121132956	121134118	1	1	1	9	0	32
chr12	121151191	121154430	1	1	1	10	0	15
chr12	121221556	121222276	2	2	1	9	0	4
chr12	121331039	121335311	1	1	0	0	1	24
chr12	121392085	122011301	2	2	0	0	6	31
chr12	121521287	121900904	1	1	0	0	6	19
chr12	121651941	121774418	1	1	0	0	6	16
chr12	121670480	121670799	1	1	1	4	0	30
chr12	121679922	121741249	1	1	0	0	5	29
chr12	121679922	122329598	1	1	0	0	5	29
chr12	121724935	121728297	2	4	0	4	0	30
chr12	121744828	121745552	0	0	0	5	0	31
chr12	121747667	121756079	2	2	1	4	0	8
chr12	121757622	121758187	2	2	1	3	0	26
chr12	121765035	121766118	2	2	1	8	0	25
chr12	121773527	121775093	2	2	1	1	0	8
chr12	121775196	121779805	2	2	1	11	0	14
chr12	121854181	121855306	1	1	1	5	0	10
chr12	121877879	121878618	2	2	1	13	0	5
chr12	121882076	121882252	2	2	1	4	0	20
chr12	121903125	122826418	2	2	0	0	8	28
chr12	121970865	121972401	2	2	1	9	0	14
chr12	122181654	122186231	1	1	1	6	0	11
chr12	122199645	122211326	1	1	1	3	0	8
chr12	122265761	122265838	1	1	1	1	0	20
chr12	122265977	122267971	1	1	1	11	0	20
chr12	122313944	122353024	1	1	0	0	1	12
chr12	122350274	122350483	0	0	0	5	0	31
chr12	122613774	122614134	1	1	1	4	0	26
chr12	122618535	122619770	1	1	1	1	0	9
chr12	122620214	122622015	1	1	1	0	7	1
chr12	122716975	122717346	2	2	1	7	0	6
chr12	122757648	122758584	2	2	1	4	0	20
chr12	122802118	122802250	0	0	0	6	0	30
chr12	122819253	122821178	2	2	1	2	0	12
chr12	122826245	122831921	2	2	1	6	0	11
chr12	122842150	122842276	1	1	0	0	2	29
chr12	122845719	122848555	0	0	0	4	0	32
chr12	122962840	122964736	2	2	1	0	1	1
chr12	122981312	123884859	1	1	0	0	6	24
chr12	122991471	122992764	2	2	1	1	0	6
chr12	122992995	122995655	2	2	1	0	1	1
chr12	122992998	122995655	2	2	1	5	1	5
chr12	123003577	123005931	2	2	1	3	0	13
chr12	123023002	123024222	1	1	1	2	0	31
chr12	123032517	123034312	1	1	1	5	0	28
chr12	123060194	123060346	1	1	1	4	0	19
chr12	123064525	123065149	1	1	1	4	0	28
chr12	123070322	123071247	1	1	1	8	0	7
chr12	123105156	123106427	1	1	1	3	0	5
chr12	123237498	123238239	1	1	1	8	0	1
chr12	123249935	123252034	1	1	1	0	5	13
chr12	123335459	123335782	1	1	1	3	0	14
chr12	123341763	123342648	1	1	1	1	0	5
chr12	123429067	123430571	2	2	1	4	0	10
chr12	123444870	123450833	2	2	1	1	0	8
chr12	123465293	123465675	1	1	1	9	0	31
chr12	123465847	123466141	1	1	1	9	0	30
chr12	123465847	123466202	1	1	1	3	0	28
chr12	123485706	123488940	2	2	1	6	0	13
chr12	123621218	123815255	1	1	0	0	3	20
chr12	123646766	123647560	2	2	1	1	0	1
chr12	123647682	123648496	2	2	1	4	0	30
chr12	123682882	123686710	2	2	1	9	0	24
chr12	123715070	123717621	2	2	1	2	0	21
chr12	123746351	123749742	2	2	1	15	0	32
chr12	123751830	123756110	2	2	1	8	0	5
chr12	123782719	123787370	2	2	1	5	0	8
chr12	123787448	123789128	2	2	1	4	0	6
chr12	123798267	123799919	2	2	1	7	0	31
chr12	123868756	123873979	1	1	1	10	0	12
chr12	123880980	123888119	1	1	1	0	2	17
chr12	123888180	123889430	1	1	1	0	7	31
chr12	124097800	124099731	1	1	1	4	0	5
chr12	124103385	124103994	1	1	1	1	0	5
chr12	124114833	124114943	2	2	1	1	0	4
chr12	124580146	125508432	2	2	0	0	4	25
chr12	124824751	124824839	2	2	1	8	0	28
chr12	124825298	124826368	2	2	1	8	0	19
chr12	124832458	124832719	2	2	1	2	0	20
chr12	124842820	124842912	2	2	0	0	1	21
chr12	124862931	124870290	2	2	1	9	0	22
chr12	124882384	124882494	2	2	0	1	0	25
chr12	124885122	124885157	2	4	0	1	0	24
chr12	124934414	124941651	2	2	1	4	0	30
chr12	124971115	124979692	2	2	1	7	0	25
chr12	125263133	125267228	2	2	1	0	8	2
chr12	125263133	125270652	2	2	1	0	8	2
chr12	125271050	125271951	2	2	1	10	0	16
chr12	125280643	125738123	1	1	0	0	4	30
chr12	125294836	125296415	2	2	1	0	6	2
chr12	125302254	125348140	2	2	1	5	0	15
chr12	125396727	125397866	2	2	1	0	13	10
chr12	125397814	125398041	2	2	1	0	17	19
chr12	125398321	125398514	2	2	1	0	2	2
chr12	125398321	125398550	2	2	1	0	2	2
chr12	125398321	125399132	2	2	1	16	2	25
chr12	125449173	125449475	2	2	1	10	0	25
chr12	125462037	125465035	2	2	1	11	0	18
chr12	125467170	125470641	2	2	1	3	11	30
chr12	125478218	125478267	1	1	0	4	0	27
chr12	126440309	127290445	2	2	0	0	10	21
chr12	127628011	127650940	1	1	0	0	6	15
chr12	127630772	127650558	1	3	0	0	1	12
chr12	127650713	127650750	1	1	0	0	3	12
chr12	127650713	127650870	1	1	0	1	6	18
chr12	127710390	127719823	2	2	0	0	1	30
chr12	131356672	131357128	1	1	1	64	0	32
chr12	131356672	131357380	1	1	1	8	0	3
chr12	131357175	131357380	1	1	1	5	1	22
chr12	131357674	131359090	1	1	1	10	0	13
chr12	132351135	132594942	2	2	0	0	10	19
chr12	132380239	132380327	1	1	1	3	0	10
chr12	132393363	132393442	1	1	1	1	0	2
chr12	132393517	132393680	1	1	1	11	0	20
chr12	132397804	132398291	1	1	1	7	0	18
chr12	132416858	132423717	1	1	1	13	0	24
chr12	132416858	132428083	1	1	1	0	2	3
chr12	132426529	132428083	1	1	1	0	2	3
chr12	132430876	132463546	1	1	0	0	6	23
chr12	132472436	132474508	1	1	1	6	0	29
chr12	132505867	132508321	1	1	1	4	0	23
chr12	132512834	132514245	1	1	1	4	0	7
chr12	132528274	132528721	1	1	1	3	0	21
chr12	132530446	132534867	1	1	1	4	0	26
chr12	132538143	132539518	1	1	1	0	2	1
chr12	132539565	132539643	1	1	1	0	2	18
chr12	132553818	132553851	2	4	0	6	0	20
chr12	132619264	132620145	2	2	0	0	9	23
chr12	132619433	132619503	2	2	0	0	1	16
chr12	132619433	132619998	2	2	0	0	1	16
chr12	132619440	132620145	2	2	0	0	9	23
chr12	132619856	132619998	2	2	0	0	1	16
chr12	132619863	132620145	2	2	0	0	9	23
chr12	132619933	132620110	2	2	0	0	8	23
chr12	132619933	132620145	2	2	0	0	8	23
chr12	132619933	132620390	2	2	0	0	8	23
chr12	132619933	132620493	2	2	0	0	8	23
chr12	132619933	132620776	2	2	0	0	8	23
chr12	132619933	132620883	2	2	0	0	8	23
chr12	132620077	132620145	2	2	0	0	9	23
chr12	132623844	132624179	2	2	1	9	0	5
chr12	132624315	132624405	2	2	1	8	0	21
chr12	132624470	132624642	2	2	1	8	0	6
chr12	132630211	132631825	1	1	1	6	0	31
chr12	132631934	132632177	1	1	1	2	0	7
chr12	133084937	133085751	1	1	1	2	0	31
chr12	133084937	133102319	1	1	1	5	0	16
chr12	133147818	133148873	1	1	1	6	0	25
chr12	133148931	133149112	1	1	1	7	0	8
chr12	133149209	133150675	1	1	1	11	0	11
chr12	133151151	133153384	1	1	1	0	9	3
chr12	133158411	133158647	1	1	1	5	0	13
chr12	133158853	133159556	1	1	1	10	0	15
chr12	133202357	133202702	2	2	1	6	0	25
chr12	133210965	133212477	2	2	1	1	0	29
chr12	133212611	133214599	2	2	1	3	0	21
chr12	133214726	133215710	2	2	1	14	0	28
chr12	133218438	133218762	2	2	1	16	0	28
chr12	133220147	133220422	2	2	1	10	0	21
chr12	133225659	133225891	2	2	1	9	1	29
chr12	133226476	133233721	2	2	1	6	2	22
chr12	133233845	133233934	2	2	1	2	0	8
chr12	133234016	133234453	2	2	1	4	0	12
chr12	133236096	133237554	2	2	1	1	0	16
chr12	133241049	133241887	2	2	1	12	0	1
chr12	133245089	133245220	2	2	1	14	0	20
chr12	133248909	133249212	2	2	1	2	0	7
chr12	133249426	133249749	2	2	1	11	0	24
chr12	133252407	133252679	2	2	1	2	0	15
chr12	133252791	133253131	2	2	1	10	0	8
chr12	133254030	133254163	2	2	1	7	0	10
chr12	133256238	133256539	2	2	1	1	0	12
chr12	133257866	133263839	2	2	1	3	0	10
chr12	133264379	133266848	1	1	1	13	0	11
chr12	133291623	133294024	1	1	1	5	0	13
chr12	133294151	133294295	1	1	1	15	0	21
chr12	133294385	133294572	1	1	1	3	0	17
chr12	133294707	133297263	1	1	1	3	0	8
chr12	133298047	133298304	1	1	0	3	0	22
chr12	133304030	133304617	2	2	1	13	0	32
chr12	133324607	133324723	2	2	1	10	0	32
chr12	133327436	133331260	2	2	1	1	0	24
chr12	133351892	133353219	2	2	1	0	1	2
chr12	133353677	133354251	2	2	1	5	1	12
chr12	133385136	133389892	2	2	1	2	0	6
chr12	133390006	133393125	2	2	1	9	0	23
chr12	133398898	133405388	2	2	1	1	0	21
chr12	133419670	133420612	2	2	1	6	5	24
chr12	133463927	133464132	2	2	1	4	0	6
chr12	133584119	133586721	1	1	1	7	0	21
chr12	133758273	133758531	1	1	1	9	0	14
chr13	19778650	19782622	2	2	1	0	3	17
chr13	20136918	20241088	1	1	0	0	6	32
chr13	20144429	20251863	2	2	0	4	0	27
chr13	20279972	20283681	2	2	1	0	3	17
chr13	20304485	20315704	2	2	1	1	0	4
chr13	20544212	20567202	1	1	1	4	0	21
chr13	21136645	21219506	1	1	0	0	9	26
chr13	21277767	21278134	1	1	0	6	0	22
chr13	21396018	21396270	2	2	1	12	0	3
chr13	21412520	21612884	0	0	0	0	7	31
chr13	21597886	21617249	1	1	0	1	0	30
chr13	21714821	21715024	1	1	1	2	0	19
chr13	21715135	21720943	1	1	1	7	0	28
chr13	21750857	21751050	1	1	1	3	0	2
chr13	21951598	21951721	2	2	0	0	1	29
chr13	22069458	22070190	2	2	1	3	0	16
chr13	22672321	22674762	1	1	0	2	0	22
chr13	23327191	23361053	2	2	0	0	1	14
chr13	24153669	24164288	1	1	1	3	0	20
chr13	24877948	25405483	1	1	0	0	6	32
chr13	25009613	25015983	2	2	1	3	0	12
chr13	25074521	25075770	2	2	1	6	0	4
chr13	25876019	25881943	1	1	1	10	0	19
chr13	25882087	25883384	1	1	1	5	0	21
chr13	25912870	25914102	1	1	1	7	0	19
chr13	27111678	27971573	1	1	0	0	4	21
chr13	27131957	27187097	1	1	1	3	0	3
chr13	27254339	27255190	1	1	1	9	0	15
chr13	27449436	27545907	2	2	0	0	7	20
chr13	27680082	27690652	2	2	1	0	3	5
chr13	27827981	27828356	1	1	1	0	3	10
chr13	28155941	28194511	2	2	1	2	0	23
chr13	28542630	28542808	1	3	0	4	0	21
chr13	28677842	28693490	2	2	0	0	4	27
chr13	28677842	28729185	2	2	0	0	4	27
chr13	28743037	28743480	2	4	0	1	0	15
chr13	29236645	29238645	1	1	1	10	0	17
chr13	29242712	29246475	1	1	1	3	0	14
chr13	30090384	30091280	2	2	1	2	0	18
chr13	30127998	30169552	2	2	1	14	0	9
chr13	30521261	30712064	1	1	0	0	4	29
chr13	30857929	30881076	2	2	1	1	0	17
chr13	31036850	31037343	2	2	1	0	10	27
chr13	31037490	31037667	2	2	1	0	5	7
chr13	31037832	31039932	2	2	1	0	3	5
chr13	31211995	31216764	1	1	1	0	10	2
chr13	32882898	32884775	2	2	1	0	1	2
chr13	32936831	32937315	1	3	1	5	0	17
chr13	33275576	33281070	1	1	1	3	0	3
chr13	33616986	33934508	1	1	0	5	0	13
chr13	34392403	34395268	1	1	1	6	0	17
chr13	34400024	34403972	1	1	1	5	0	15
chr13	34422971	34423239	0	0	0	4	0	30
chr13	34512153	34520060	0	0	0	7	0	30
chr13	35785317	35806628	1	1	1	5	0	27
chr13	36026373	36046536	1	1	1	4	0	17
chr13	37567810	37573371	2	2	0	5	0	22
chr13	37569734	37573371	2	2	1	2	0	5
chr13	37578699	37580056	1	1	1	4	0	6
chr13	37581209	37582193	1	1	1	1	0	3
chr13	37582973	37583320	1	3	1	2	0	11
chr13	37584793	37586328	2	2	1	1	0	14
chr13	37614830	37618214	2	2	1	3	0	26
chr13	37622074	37622700	2	2	1	1	0	23
chr13	37625721	37633695	2	2	1	6	0	31
chr13	38924059	38924135	1	1	1	7	5	14
chr13	38924193	38928375	1	1	1	4	0	1
chr13	39330914	39475277	1	1	0	0	12	25
chr13	39330914	40103464	1	1	0	0	12	25
chr13	40175528	40177019	2	2	1	3	0	12
chr13	40230017	40233500	1	1	1	4	0	31
chr13	40233645	40234946	1	1	1	3	0	25
chr13	40261937	40263896	1	1	1	4	0	15
chr13	40298699	40301605	1	1	1	2	0	11
chr13	41277293	41890033	1	3	0	5	0	16
chr13	41333243	41340881	2	2	1	3	0	24
chr13	41363800	41367293	1	1	1	22	0	30
chr13	41523706	41631631	1	1	0	0	4	29
chr13	41936296	41936866	1	1	1	3	0	25
chr13	42131126	42138881	2	2	0	0	4	27
chr13	42275667	42277438	2	2	1	3	0	3
chr13	42535061	42535096	0	0	0	6	0	32
chr13	42748281	42752270	1	1	1	4	0	3
chr13	42846365	42860121	1	1	1	8	0	16
chr13	42846365	42860435	1	1	0	1	0	15
chr13	43669305	44500414	1	1	0	0	4	13
chr13	44956359	45629035	1	1	0	0	5	25
chr13	44969510	45211577	1	1	0	0	5	30
chr13	45533710	45539978	2	2	1	1	0	15
chr13	45589732	45594464	1	1	1	7	0	22
chr13	45602949	45604754	1	1	0	1	0	19
chr13	45664540	45785956	1	1	0	0	10	24
chr13	45664540	46052859	1	1	0	0	10	24
chr13	45666379	45698626	1	1	0	0	5	12
chr13	45867734	45877896	2	2	0	0	2	26
chr13	45913738	45914128	2	2	1	1	0	14
chr13	45914320	45914846	2	2	1	2	0	11
chr13	45914921	45915176	2	2	1	34	0	23
chr13	46054426	46055364	1	1	1	6	0	16
chr13	46065094	46065546	1	1	1	3	0	29
chr13	46143375	46151841	2	2	0	0	1	30
chr13	46538178	46539414	2	2	1	3	0	4
chr13	46559897	46562921	2	2	1	5	0	23
chr13	47355751	47356801	2	2	1	8	0	6
chr13	47367580	47371239	2	2	1	5	0	11
chr13	48437627	48509768	1	1	0	0	7	26
chr13	48438831	48645690	1	1	0	6	0	20
chr13	48571159	48575315	2	2	1	8	0	24
chr13	48657565	48660417	2	2	1	4	0	11
chr13	48881543	48916734	1	1	1	2	0	13
chr13	49039248	49039340	1	1	1	6	0	17
chr13	49086014	49086151	2	2	1	4	0	22
chr13	50055253	50056872	1	1	1	1	0	9
chr13	50243983	50265389	2	2	1	9	0	12
chr13	50296261	50296612	2	2	1	3	0	13
chr13	50480302	50569493	2	2	0	0	5	14
chr13	50505271	50510265	2	2	1	3	0	3
chr13	50547995	50550468	2	2	0	5	0	21
chr13	50566329	50569493	2	2	0	0	5	14
chr13	50690149	50690420	0	0	0	9	0	30
chr13	51997227	52004429	2	2	1	8	0	23
chr13	52026803	52026845	0	0	0	9	0	30
chr13	52342433	52343291	2	2	1	3	0	8
chr13	52372045	52373669	2	2	1	6	0	31
chr13	52597927	52597975	1	3	0	1	0	18
chr13	52710000	52710251	2	2	1	3	0	7
chr13	52759188	52763445	2	2	0	0	1	28
chr13	53029762	53030657	1	1	1	10	0	9
chr13	53030743	53035030	1	1	1	7	0	29
chr13	53031073	53031924	1	1	0	2	0	28
chr13	53035110	53035192	1	1	1	1	0	30
chr13	53036703	53039429	1	1	1	6	0	19
chr13	53196400	53201572	1	1	1	7	0	10
chr13	53232362	53232533	1	1	1	1	0	17
chr13	55882700	56629611	2	2	0	0	5	21
chr13	56756574	57046543	1	1	0	0	4	19
chr13	57058246	58013326	2	2	0	0	4	13
chr13	60194837	60198591	1	1	0	1	0	25
chr13	60307162	60310699	0	0	0	6	0	32
chr13	60500300	60517609	0	0	0	4	0	30
chr13	60566718	60582677	2	2	1	8	0	22
chr13	60582784	60584666	2	2	1	5	0	8
chr13	60686321	60737720	2	2	1	6	0	21
chr13	60781328	60964195	1	3	0	0	3	17
chr13	61886746	62637335	2	2	0	0	4	16
chr13	64576543	64577480	2	2	1	4	0	20
chr13	67799088	67799393	0	0	0	4	0	31
chr13	70108141	70219778	2	2	0	0	8	18
chr13	72131291	72133951	2	2	1	1	0	4
chr13	73293236	73301661	2	2	1	2	0	16
chr13	73740764	73756951	2	2	0	0	3	13
chr13	75823546	76023951	2	2	0	0	7	14
chr13	75930388	75936161	2	2	0	12	0	15
chr13	75954226	76645941	1	1	0	0	5	18
chr13	77626054	77629692	2	2	1	9	0	14
chr13	77765949	77768287	2	2	1	9	0	24
chr13	79894846	79895368	2	2	0	8	0	30
chr13	79896598	79908478	2	2	1	1	0	10
chr13	79911438	79915257	2	2	1	7	0	16
chr13	79929520	79932408	2	2	1	7	0	21
chr13	79940331	79940767	2	2	1	4	0	27
chr13	79941008	79942864	2	2	1	2	0	14
chr13	79953043	79979838	2	2	1	1	0	10
chr13	80033349	80054557	1	1	0	0	3	13
chr13	80117818	80122462	1	1	1	1	0	11
chr13	94017338	94018556	0	0	0	3	0	30
chr13	95082967	95207169	2	4	0	0	5	14
chr13	95265752	95886756	1	1	0	0	8	21
chr13	95364990	95365446	1	1	0	8	0	18
chr13	95527446	95530314	2	2	0	1	0	18
chr13	95706204	95990467	2	2	0	0	4	32
chr13	96237165	96238259	2	2	1	9	0	13
chr13	96274735	96277021	2	2	1	5	0	4
chr13	96277184	96282242	2	2	1	4	0	14
chr13	96285576	96286893	2	2	0	1	0	14
chr13	96294496	96295296	2	2	1	5	0	12
chr13	96295953	96296630	2	2	1	8	0	11
chr13	96438326	96439260	1	1	1	7	0	17
chr13	98637868	98641315	1	1	1	7	0	26
chr13	98642477	98642686	1	1	1	8	0	13
chr13	98655292	98658383	1	1	1	4	0	20
chr13	98658603	98660312	1	1	1	5	0	26
chr13	98660397	98662134	1	1	1	9	0	6
chr13	98673388	98673989	1	1	1	8	0	14
chr13	99091451	99092214	1	1	1	11	0	31
chr13	99276858	99292844	2	2	0	0	1	22
chr13	99307042	99310861	1	1	0	0	3	28
chr13	99536154	99537224	2	2	1	4	0	14
chr13	99575626	99578090	2	2	1	4	0	5
chr13	100362260	100435378	2	2	0	0	4	30
chr13	100618074	100622380	2	2	1	9	0	10
chr13	100744669	100744718	2	4	0	1	0	18
chr13	101316591	101320832	2	2	1	4	0	8
chr13	101997772	102029050	2	2	1	6	0	31
chr13	103290666	103292619	1	1	1	11	0	12
chr13	103299695	103301256	1	1	1	10	0	15
chr13	103440274	103441361	2	2	1	4	0	11
chr13	103506223	103506637	1	3	1	7	0	23
chr13	103518732	103518981	1	1	1	4	0	15
chr13	103571721	103771091	1	1	0	0	3	31
chr13	108871008	108881546	1	1	1	7	0	17
chr13	110829385	110830188	2	2	1	7	0	7
chr13	110862560	110863993	2	2	1	9	0	16
chr13	111063754	111117816	2	2	0	0	5	18
chr13	111077345	111080813	1	1	1	2	0	9
chr13	111114732	111117751	1	1	1	4	0	11
chr13	111118410	111119386	1	1	1	11	0	18
chr13	111130512	111132566	1	1	1	1	0	26
chr13	111158954	111160281	1	1	1	5	0	9
chr13	111329451	111335397	2	2	1	5	0	6
chr13	111563118	111567071	2	2	1	10	0	19
chr13	111739144	112107352	1	1	0	0	6	29
chr13	111806339	111857635	1	1	1	10	0	17
chr13	111927138	111927878	1	1	1	10	0	26
chr13	113170890	113173288	2	2	1	13	0	18
chr13	113181365	113181687	2	2	1	2	0	15
chr13	113194609	113194671	1	1	0	0	3	25
chr13	113408282	113408330	2	2	0	7	0	19
chr13	113470526	113473617	1	1	1	5	0	32
chr13	113485863	113487173	1	1	1	0	2	1
chr13	113656298	113669076	1	1	1	2	0	2
chr13	113735594	113736740	1	1	1	1	0	29
chr13	113791335	113990342	1	1	0	0	8	19
chr13	113838802	113839798	2	2	1	6	0	16
chr13	113845290	113849384	2	2	1	6	0	2
chr13	113849440	113850494	2	2	1	6	0	7
chr13	113854831	113862912	2	2	1	3	0	7
chr13	113869577	113869721	1	1	0	0	4	19
chr13	113869577	113870398	1	1	0	0	4	19
chr13	113869577	113870485	1	1	0	0	4	19
chr13	113897475	113898723	1	1	1	1	0	17
chr13	113909440	113914920	1	1	1	6	0	32
chr13	113951811	113960799	1	1	1	6	0	13
chr13	113984572	113984790	1	1	0	0	3	20
chr13	113984572	113984930	1	1	0	0	3	20
chr13	114018226	114018334	2	2	1	7	0	11
chr13	114112424	114113626	2	2	1	1	0	6
chr13	114239204	114239894	1	1	1	18	0	9
chr13	114239204	114240088	1	1	1	7	0	16
chr13	114239743	114240088	1	1	1	5	0	22
chr13	114240165	114265310	1	1	1	2	0	30
chr13	114243844	114243907	2	4	0	2	0	29
chr13	114247376	114247494	1	1	0	0	7	28
chr13	114247376	114247730	1	1	0	0	7	28
chr13	114247376	114248759	1	1	0	0	7	28
chr13	114247542	114248053	1	1	0	0	7	30
chr13	114247542	114248449	1	1	0	0	7	30
chr13	114247597	114247636	1	1	0	0	1	23
chr13	114247622	114248053	1	1	0	0	1	23
chr13	114247622	114248449	1	1	0	0	1	23
chr13	114248214	114248449	1	1	0	0	7	30
chr13	114265378	114277494	1	1	1	6	0	12
chr13	114277602	114285937	1	1	1	5	0	29
chr13	114279216	114280246	1	1	0	1	0	20
chr13	114279665	114280124	1	1	0	0	3	22
chr13	114279686	114280124	1	1	0	0	8	30
chr13	114279707	114280124	1	1	0	0	8	30
chr13	114279948	114280124	1	1	0	0	3	22
chr13	114279969	114280124	1	1	0	0	8	30
chr13	114279990	114280124	1	1	0	0	8	30
chr13	114280064	114280124	1	1	0	0	3	22
chr13	114280085	114280124	1	1	0	0	8	30
chr13	114288349	114288848	1	1	1	0	11	3
chr13	114288918	114290291	1	1	1	2	0	9
chr13	114294076	114294211	2	6	0	2	0	12
chr13	114549563	114550998	2	2	1	2	0	15
chr13	114868828	114868847	2	2	0	5	0	15
chr13	115002175	115002273	1	1	1	9	0	30
chr13	115057268	115067205	1	1	1	1	0	24
chr13	115067501	115070263	1	1	1	6	0	24
chr14	19066345	19114719	1	1	0	3	0	18
chr14	19337038	19440986	1	1	0	0	5	14
chr14	19653773	19653892	1	1	1	0	1	2
chr14	19654005	19655733	1	1	1	0	5	31
chr14	19919630	19921358	2	2	1	0	5	31
chr14	19921471	19921590	2	2	1	0	1	2
chr14	20659479	21081948	2	2	0	0	34	12
chr14	20688053	21081950	1	1	0	0	11	18
chr14	20770125	20774045	2	2	1	3	0	14
chr14	20811847	20813090	1	1	1	11	0	14
chr14	20846695	20846912	2	2	1	7	1	1
chr14	20847013	20847139	2	2	1	2	0	12
chr14	20915439	20915580	2	2	1	0	5	1
chr14	20915850	20916062	2	2	1	5	0	26
chr14	20923488	20923736	1	3	1	5	0	21
chr14	20926862	20927364	2	2	1	6	0	5
chr14	20937695	20940466	1	1	1	21	0	11
chr14	20942735	20942931	1	1	1	37	0	15
chr14	21458237	21458388	1	1	1	6	0	24
chr14	21462773	21462952	1	3	1	2	0	30
chr14	21679466	21679564	2	2	1	5	0	27
chr14	21679723	21679968	2	2	1	0	1	2
chr14	21679726	21679968	2	2	1	7	0	20
chr14	21680063	21681227	2	4	1	6	0	1
chr14	21680083	21681118	2	2	1	10	4	25
chr14	21681277	21698477	2	2	1	10	8	21
chr14	21698526	21699116	2	2	1	9	0	18
chr14	21698526	21699155	2	2	1	4	0	2
chr14	21699232	21702111	2	2	1	0	3	22
chr14	21702389	21737456	2	2	1	0	7	23
chr14	21731496	21737456	2	2	1	4	0	9
chr14	21793543	21793989	1	1	1	0	1	3
chr14	21821992	21822569	2	2	1	7	0	30
chr14	21822700	21825355	2	2	1	4	0	24
chr14	21827769	21828573	2	2	1	8	0	8
chr14	21829373	21830355	2	2	1	3	0	21
chr14	21831488	21831596	2	2	1	11	0	7
chr14	21859802	21859991	2	2	1	11	0	11
chr14	21883153	21883732	2	2	1	5	0	23
chr14	21883762	22483449	2	4	0	5	0	12
chr14	21896414	21897122	2	2	1	10	0	22
chr14	21945444	21945654	1	1	1	2	0	12
chr14	21957010	21957331	1	1	1	17	0	23
chr14	21971721	21971806	2	2	1	3	0	4
chr14	23044134	23057852	2	2	1	8	0	15
chr14	23106428	23106621	1	1	0	0	5	30
chr14	23125008	23621452	2	2	0	7	0	20
chr14	23236619	23237166	1	1	1	2	0	5
chr14	23239488	23239669	1	1	1	6	0	17
chr14	23240558	23240642	1	1	1	8	0	9
chr14	23371592	23373469	2	2	1	9	0	10
chr14	23374431	23374544	2	2	1	0	3	7
chr14	23390266	23391384	2	2	1	2	0	4
chr14	23391450	23391651	2	2	1	2	0	31
chr14	23391769	23391950	2	2	1	2	0	4
chr14	23393393	23393478	2	2	1	6	0	26
chr14	23397825	23398542	2	2	1	0	1	1
chr14	23459055	23459274	2	2	1	1	0	11
chr14	23502884	23504320	2	2	1	10	0	28
chr14	23528684	23530292	2	2	1	11	0	24
chr14	23530832	23531376	2	2	1	7	0	27
chr14	23532787	23533313	2	2	1	5	0	8
chr14	23535218	23536522	2	2	1	4	0	2
chr14	23538124	23538490	0	0	0	5	0	32
chr14	23550019	23550956	2	2	1	3	0	12
chr14	23564829	23566850	1	1	1	0	8	2
chr14	23564829	23566866	1	1	1	8	0	6
chr14	23573028	23573451	2	2	0	4	0	22
chr14	23581368	23581846	1	1	0	7	0	16
chr14	23587032	23587790	2	2	1	5	0	15
chr14	23746397	23755121	2	2	1	6	0	4
chr14	23778142	23780181	1	1	1	0	4	3
chr14	23787179	23787764	0	0	0	6	0	32
chr14	23791030	23791389	1	1	1	3	0	3
chr14	23791505	23792207	1	1	1	6	0	13
chr14	23792276	23792585	1	1	1	9	0	14
chr14	23793499	23794455	1	1	1	1	0	10
chr14	23886202	23886361	2	2	1	0	2	8
chr14	23938937	23939250	1	1	1	12	0	14
chr14	23944518	23944766	1	1	1	7	0	7
chr14	24029246	24029463	2	2	1	4	0	5
chr14	24033598	24033770	2	2	1	8	0	18
chr14	24525603	24525830	1	1	1	10	0	10
chr14	24584503	24584590	1	1	1	13	0	19
chr14	24606415	24606529	1	1	1	3	0	22
chr14	24624540	24624622	1	1	1	10	0	4
chr14	24632718	24633086	1	1	1	4	0	32
chr14	24653970	24654072	2	2	1	1	0	2
chr14	24655998	24656083	2	2	1	9	0	4
chr14	24657464	24657549	2	2	1	1	0	12
chr14	24657845	24657924	2	2	1	4	0	4
chr14	24680799	24680885	2	2	1	4	0	8
chr14	24687422	24687589	2	2	1	4	0	16
chr14	24687638	24701455	2	2	1	8	0	24
chr14	24694240	24699615	2	4	0	0	2	20
chr14	24701995	24702424	1	1	1	1	0	10
chr14	24706359	24706450	1	1	1	7	0	24
chr14	24711201	24711346	2	2	1	5	0	15
chr14	24771631	24772279	1	1	1	7	0	28
chr14	24910133	24910879	2	2	1	1	0	4
chr14	24911659	24911959	2	2	1	10	0	29
chr14	26670417	27431848	2	2	0	0	6	15
chr14	30719027	31564750	1	1	0	0	7	13
chr14	31071338	31074710	1	1	1	2	0	22
chr14	31204065	31204791	1	1	1	4	0	16
chr14	31343798	31344121	1	1	1	3	0	4
chr14	31344179	31344261	1	1	1	8	1	24
chr14	31354827	31355001	1	1	1	4	0	9
chr14	31381389	31404368	2	2	1	5	0	19
chr14	31495326	31495433	2	2	0	6	0	22
chr14	31570274	31570385	2	2	1	8	0	20
chr14	31578805	31581621	2	2	1	1	0	28
chr14	31583266	31583491	2	2	1	3	0	12
chr14	31590712	31592119	2	2	1	7	0	20
chr14	31606548	31848677	0	0	0	0	5	32
chr14	31609204	31611063	2	2	1	1	0	24
chr14	31613464	31614012	2	2	1	2	0	1
chr14	31778389	31782173	2	2	1	3	0	11
chr14	31906675	31906814	1	3	0	7	0	29
chr14	32030754	32031273	1	1	1	9	0	21
chr14	34366643	35025434	1	1	0	0	10	17
chr14	34976223	34976806	2	2	0	0	12	32
chr14	34982763	35078053	1	1	0	0	4	22
chr14	35025605	35098276	1	1	0	0	6	15
chr14	35099161	35099316	2	2	1	9	0	12
chr14	35173928	35220462	2	2	0	0	1	19
chr14	35222911	35224032	2	2	1	7	0	1
chr14	35225463	35241303	1	1	0	0	4	26
chr14	35242933	35243532	2	2	1	1	0	19
chr14	35253533	35253796	0	0	0	5	0	32
chr14	35264972	35269429	2	2	1	3	0	20
chr14	35272195	35276656	2	2	1	4	0	12
chr14	35579857	35591107	2	2	1	0	1	2
chr14	35585944	35591107	2	2	1	0	1	2
chr14	35736082	35739606	1	1	1	6	0	14
chr14	35761759	35777199	1	1	1	0	15	28
chr14	35780102	35782086	1	1	1	0	1	16
chr14	36097158	36103779	2	2	1	0	3	18
chr14	36128403	36133847	2	2	1	0	7	4
chr14	36186439	36188490	2	2	0	3	0	27
chr14	36244952	36277935	2	2	1	4	0	22
chr14	36295865	36300615	1	1	1	4	0	22
chr14	36333160	36334140	1	5	1	3	0	2
chr14	36367701	36407676	1	1	0	1	0	12
chr14	36786019	36789665	2	2	1	6	0	29
chr14	37194883	37198711	2	2	1	3	0	18
chr14	37364820	37437259	2	2	0	8	0	18
chr14	37717113	37736142	1	1	1	6	0	13
chr14	38024591	38024815	2	2	0	0	6	21
chr14	38475871	38499422	2	2	0	0	1	27
chr14	39512077	39514366	2	2	1	1	0	14
chr14	39565344	39572235	2	2	1	5	0	21
chr14	39571199	39574505	1	3	0	0	1	19
chr14	39583680	39584032	1	1	1	0	1	5
chr14	39644597	39645281	1	1	1	11	0	28
chr14	39645068	39645281	1	1	0	4	0	13
chr14	39645354	39645730	1	1	1	26	0	27
chr14	39646689	39646796	1	1	1	3	0	7
chr14	39646689	39647044	1	1	1	0	1	2
chr14	39646892	39647044	1	1	1	0	1	2
chr14	39773586	39777652	1	1	1	0	4	9
chr14	39790261	39796067	1	1	1	2	0	24
chr14	43396129	43567604	0	0	0	0	4	30
chr14	45581706	45583385	1	1	1	3	0	3
chr14	45686383	45687484	2	2	1	4	0	11
chr14	45711722	45711963	2	2	1	5	0	18
chr14	45719342	45722237	2	2	1	1	0	20
chr14	47097635	47118056	1	1	0	0	9	21
chr14	47097635	48000351	1	1	0	0	9	21
chr14	49934381	50320611	1	1	0	0	5	21
chr14	49934381	50329546	1	1	0	0	5	21
chr14	49971343	50329517	2	2	0	1	14	15
chr14	49995465	50021300	1	1	0	0	1	15
chr14	50050394	50052667	2	2	1	0	2	10
chr14	50052768	50053002	2	2	1	11	0	21
chr14	50053390	50053550	0	0	0	4	0	31
chr14	50074840	50080973	1	1	1	0	1	3
chr14	50085859	50087279	2	2	1	91	0	20
chr14	50093012	50614935	2	2	0	0	6	30
chr14	50247041	50247420	1	1	1	6	0	6
chr14	50251432	50251642	2	2	1	7	0	15
chr14	50251854	50251937	2	2	1	9	0	25
chr14	50320557	50329492	2	2	0	17	8	21
chr14	50329336	50329461	2	2	0	9	0	28
chr14	50329518	50691859	2	2	0	5	0	14
chr14	50359876	50359973	1	1	1	23	0	24
chr14	50655419	50666408	2	2	1	11	0	22
chr14	50723797	50734043	1	1	0	0	4	25
chr14	50769736	50778728	2	2	1	2	0	5
chr14	50901784	50904193	2	2	1	9	0	24
chr14	50998877	50999165	2	2	1	7	0	20
chr14	51134818	51135023	2	2	0	0	1	15
chr14	51237711	51238049	2	2	1	6	0	5
chr14	51239187	51239666	2	2	1	2	0	8
chr14	51398495	51401824	2	2	1	6	0	7
chr14	52227981	52229755	1	1	1	0	2	6
chr14	52458160	52460440	1	1	1	1	0	20
chr14	52466515	52468515	1	1	1	4	0	19
chr14	52481175	52481771	2	2	1	2	0	23
chr14	53113006	53113092	2	2	1	3	0	3
chr14	53145191	53149042	2	2	1	5	0	26
chr14	53187700	53187827	1	1	1	3	0	9
chr14	53242665	53243557	1	1	0	3	0	29
chr14	54670466	54670867	1	1	0	0	1	24
chr14	54670573	54670934	2	2	0	8	0	15
chr14	54670642	54670740	1	1	0	0	3	26
chr14	54863796	54866611	1	1	1	3	0	21
chr14	54868298	54883484	1	1	0	0	2	13
chr14	54944878	54946503	2	2	1	3	0	6
chr14	54950486	54955642	2	2	1	2	0	5
chr14	55433325	55433997	2	2	1	8	0	19
chr14	55494190	55509669	1	1	1	1	0	30
chr14	56100060	56101243	1	1	1	1	0	16
chr14	56101377	56103166	1	1	1	9	0	30
chr14	56103255	56103915	1	1	1	6	0	21
chr14	56104566	56105902	1	1	1	9	0	31
chr14	56105941	56106630	1	1	1	5	0	3
chr14	56107161	56107650	1	1	1	6	0	18
chr14	56119659	56119734	1	1	1	3	0	12
chr14	56139420	56139646	1	1	1	2	0	3
chr14	58711660	58714467	1	1	1	3	0	10
chr14	58714551	58718836	1	1	1	3	0	19
chr14	58718961	58724462	1	1	1	2	0	12
chr14	58915212	58917296	1	1	1	4	0	24
chr14	59525207	59525251	2	2	0	1	7	15
chr14	60716396	60749401	1	1	1	3	0	3
chr14	61050880	61117302	1	1	0	2	0	14
chr14	61113296	61115347	2	2	1	4	0	21
chr14	61201493	61434956	0	0	0	6	0	32
chr14	61246236	61338483	1	1	0	2	0	12
chr14	61278846	61285439	1	1	1	4	0	12
chr14	61939243	62412530	2	2	0	0	4	15
chr14	62235459	62242812	1	1	1	3	0	19
chr14	64037840	64330749	0	0	0	0	4	31
chr14	64049324	64843662	1	1	0	9	0	27
chr14	64091752	64108521	2	2	0	5	0	26
chr14	64108916	64118011	1	1	0	7	0	21
chr14	64165377	64193978	2	2	1	0	1	1
chr14	64268193	64275543	2	2	0	0	1	17
chr14	64465759	64467279	1	1	1	5	0	5
chr14	64473941	64476683	1	1	1	8	0	25
chr14	64483350	64484312	1	1	1	4	0	5
chr14	64484475	64486709	1	1	1	1	0	30
chr14	64588852	64589003	1	1	1	6	0	19
chr14	64637181	64641661	1	1	1	1	0	15
chr14	64894192	64896901	1	1	1	4	0	10
chr14	64896949	64898249	1	1	1	4	0	8
chr14	64898358	64898504	1	1	1	6	0	24
chr14	64908172	64908771	1	1	1	2	0	2
chr14	64909121	64911410	1	1	1	17	0	20
chr14	64921594	64926476	1	1	1	0	2	1
chr14	64925026	64926476	1	1	1	6	2	12
chr14	64925378	64926476	1	1	1	0	2	1
chr14	64969846	64971204	2	2	1	0	6	2
chr14	65268553	65268943	2	2	1	4	0	13
chr14	65362036	65362386	2	2	0	0	1	17
chr14	65381253	65390708	1	1	1	6	0	31
chr14	65482421	65485439	0	0	0	7	0	30
chr14	65922437	65924611	1	1	1	0	4	2
chr14	66184229	66184306	2	2	0	0	5	31
chr14	67012242	67012593	2	2	0	0	1	19
chr14	67576601	67576643	1	1	0	1	0	20
chr14	67827174	67831483	1	1	1	3	0	13
chr14	68060670	68066740	2	2	1	0	5	15
chr14	68145896	68145988	2	2	0	7	0	20
chr14	68159770	68162346	2	2	1	1	0	3
chr14	68247063	68248049	2	2	1	7	0	27
chr14	69343958	69345705	2	2	1	0	3	2
chr14	69359001	69360371	2	2	1	1	0	8
chr14	69371454	69376034	2	2	1	15	0	19
chr14	69853801	69861541	2	2	1	3	0	14
chr14	69861630	69864947	2	2	1	16	0	10
chr14	69922584	69925079	1	1	1	2	0	25
chr14	70223316	70297956	2	2	0	0	11	17
chr14	70233973	70234854	1	1	1	6	0	32
chr14	70237823	70237913	1	1	1	5	0	17
chr14	70442532	70444634	1	1	1	3	0	23
chr14	70490165	70496961	1	1	1	7	0	25
chr14	71064495	71067332	2	2	1	5	0	2
chr14	71267798	71275482	2	2	1	7	0	3
chr14	71293719	71306419	2	2	0	0	1	24
chr14	71500754	71502781	1	1	1	7	0	24
chr14	73412932	74082448	2	2	0	4	0	14
chr14	73570187	73572566	1	1	1	7	0	12
chr14	73572790	73572903	1	1	1	7	0	31
chr14	73574608	73576049	1	1	1	6	0	29
chr14	73576201	73577538	1	1	1	5	0	15
chr14	73578511	73578859	1	1	1	1	0	6
chr14	73614585	73614674	1	1	1	5	0	21
chr14	73716823	73717614	1	1	1	5	0	9
chr14	73721727	73725686	1	1	1	15	0	28
chr14	73765881	73766175	1	1	0	9	0	32
chr14	73975802	74072847	2	2	0	7	0	17
chr14	74045445	74166841	1	1	0	0	6	31
chr14	74083184	74166841	1	1	0	0	6	31
chr14	74111746	74121549	1	1	1	5	0	25
chr14	74124107	75106441	2	2	0	5	0	32
chr14	74318708	74325518	1	1	1	4	0	22
chr14	74635680	74691780	2	2	0	0	2	31
chr14	74750655	74777378	2	2	0	6	0	30
chr14	74754963	74755418	2	2	1	1	0	28
chr14	74860542	75228016	2	2	0	0	5	29
chr14	74953140	74959895	2	2	1	6	0	5
chr14	75130778	75131538	2	2	1	7	0	28
chr14	75179904	75180187	1	1	1	8	0	15
chr14	75279486	75282905	1	1	1	12	0	14
chr14	75283394	75283633	1	1	1	5	0	22
chr14	75576581	75577023	2	2	1	10	0	21
chr14	75580107	75580905	2	2	1	2	0	32
chr14	75590927	75593405	2	2	1	8	0	31
chr14	75678776	75760399	2	2	0	0	2	31
chr14	76117978	76118113	2	2	1	9	0	18
chr14	76147971	76149892	1	1	1	3	0	24
chr14	76150000	76156534	1	1	1	2	0	28
chr14	77275987	77279106	2	2	1	2	0	13
chr14	77288083	77288483	1	1	0	0	7	29
chr14	77288308	77288483	1	1	0	0	7	29
chr14	77750217	77751292	2	2	1	6	0	11
chr14	77815480	77852216	1	1	0	1	0	13
chr14	77834268	77855182	2	2	0	1	0	30
chr14	77870290	77870313	2	2	0	0	4	15
chr14	77885135	77961003	1	1	0	0	5	18
chr14	77885135	78103845	1	1	0	0	5	18
chr14	77893980	77894712	2	2	1	7	0	2
chr14	77928586	77928984	1	1	1	4	0	5
chr14	77931030	77931881	1	1	1	8	0	20
chr14	77934852	77935419	1	1	1	10	0	25
chr14	78063724	78082790	2	2	1	4	0	21
chr14	78177240	78182114	1	1	1	4	5	31
chr14	78198945	78201289	2	2	1	3	0	12
chr14	78221464	78227456	2	2	1	21	0	15
chr14	78266514	78285310	1	1	1	4	0	10
chr14	81304623	81307025	2	2	1	7	0	13
chr14	81380753	81382744	2	2	1	4	0	8
chr14	81651965	81658862	2	2	1	3	0	24
chr14	86907378	87176856	2	2	0	0	11	14
chr14	87332895	88248987	2	2	0	0	4	31
chr14	89029514	89029994	1	1	1	11	0	28
chr14	89221016	89258650	2	2	1	4	0	2
chr14	89801394	90380861	0	0	0	11	0	31
chr14	89846250	89859529	2	2	0	0	3	28
chr14	90448193	90448229	2	4	0	2	0	24
chr14	90459828	90485659	1	1	1	4	0	3
chr14	90485763	90499449	1	1	1	1	0	20
chr14	90722945	90725503	1	1	1	3	11	29
chr14	90725558	90726458	1	1	1	20	0	31
chr14	90726556	90729661	1	1	1	0	14	24
chr14	90729787	90730005	1	1	1	4	0	19
chr14	90730192	90730384	1	1	1	6	0	9
chr14	90783156	90784348	2	2	1	1	0	22
chr14	90807858	90851615	2	2	0	1	0	27
chr14	90863578	90865334	1	1	1	0	4	2
chr14	90863578	90866408	1	1	1	22	4	27
chr14	91110553	91113294	2	2	1	3	0	9
chr14	91367081	91369151	2	2	1	1	0	5
chr14	91368518	91860189	2	2	0	0	6	22
chr14	91467504	91526675	2	2	1	7	0	30
chr14	91590876	91590899	1	3	0	6	0	20
chr14	91639784	91642277	1	1	1	8	0	11
chr14	91655515	91656058	1	1	0	3	0	25
chr14	91747870	91749672	2	2	1	0	7	2
chr14	91782132	91787463	2	2	1	4	0	4
chr14	91927952	91928392	2	2	1	3	0	30
chr14	91928584	91929078	2	2	1	3	0	29
chr14	91943331	91947919	2	2	1	2	0	15
chr14	91957147	91975849	2	2	1	0	9	2
chr14	92466453	92469762	2	2	1	2	0	25
chr14	92537398	92547308	2	2	1	3	0	18
chr14	92606859	92607064	2	2	0	5	0	14
chr14	92609639	92620701	1	1	1	2	0	2
chr14	92620803	92621466	1	1	1	8	0	27
chr14	92901396	93304988	1	1	0	0	4	28
chr14	93171053	93172827	2	2	1	4	0	14
chr14	93651059	93651154	2	2	1	5	0	1
chr14	93681329	93681521	1	1	1	3	0	22
chr14	94517809	94519343	2	2	1	5	0	5
chr14	94521531	94524167	2	2	1	4	0	14
chr14	94528968	94545370	2	2	1	1	0	5
chr14	94546094	94547464	2	2	1	10	0	29
chr14	94594330	94594850	2	2	1	1	0	10
chr14	94700097	94700898	1	1	1	7	0	17
chr14	95566273	95569682	2	2	1	1	6	6
chr14	95571584	95572014	2	2	1	5	0	13
chr14	95591006	95592916	2	2	1	6	0	11
chr14	95597977	95598851	2	2	1	12	0	4
chr14	95607097	95608019	2	2	1	4	0	11
chr14	95608086	95623566	2	2	1	7	0	27
chr14	96756143	96756772	2	2	1	8	0	16
chr14	96756928	96757150	2	2	1	4	0	7
chr14	96778497	96779401	2	2	1	4	0	12
chr14	96986566	96987342	1	1	1	2	0	19
chr14	97263785	97299803	1	1	1	1	0	16
chr14	99051037	100006359	2	2	0	0	13	12
chr14	99947817	99958962	1	1	1	4	0	20
chr14	99959933	99961834	1	1	1	6	0	9
chr14	99969322	99969947	1	1	1	2	0	7
chr14	99973485	99976493	1	1	1	3	0	32
chr14	99981272	99984396	0	0	0	3	0	31
chr14	99990042	100040508	0	0	0	4	0	32
chr14	100014047	100567944	2	6	0	6	0	24
chr14	100029798	100052486	2	4	0	10	0	23
chr14	100292665	100552021	1	1	0	4	0	12
chr14	100380642	100380902	1	1	1	1	0	30
chr14	100394363	100394443	1	1	0	0	1	20
chr14	100558383	100565486	2	2	0	0	3	32
chr14	100607584	100608072	1	1	1	8	0	23
chr14	100608131	100610037	1	1	1	5	0	25
chr14	100698603	100793246	1	1	0	0	2	32
chr14	100705533	100705696	0	0	0	6	0	32
chr14	100706430	101005425	1	3	0	5	0	14
chr14	100729327	101678936	2	2	0	0	6	22
chr14	100801374	100803398	2	2	1	6	0	9
chr14	100828259	100835423	2	2	1	4	0	18
chr14	100828259	100842596	2	2	1	6	4	12
chr14	100835596	100842596	2	2	1	6	0	12
chr14	100840603	100842596	2	2	0	6	0	13
chr14	100841744	100842596	2	2	1	1	0	4
chr14	102195062	102195627	2	2	0	5	0	22
chr14	102368227	102372738	1	1	1	0	2	2
chr14	102431285	102442048	1	1	1	3	0	14
chr14	102449947	102452023	1	1	1	6	0	21
chr14	102453970	102455039	1	1	1	5	0	16
chr14	102461434	102461517	1	1	1	7	0	30
chr14	102461638	102463371	1	1	1	10	0	8
chr14	102478451	102478650	1	1	1	3	0	31
chr14	102489218	102492910	1	1	1	7	0	24
chr14	102500526	102500661	1	1	1	14	0	13
chr14	102502980	102504796	1	1	1	4	0	19
chr14	102505884	102505974	1	1	1	8	0	16
chr14	102506070	102506572	1	1	1	10	0	22
chr14	102508072	102508349	1	1	1	2	0	21
chr14	102510829	102510931	1	1	1	3	0	9
chr14	102515920	102516050	1	1	1	14	0	25
chr14	102516220	102516407	1	1	1	5	0	9
chr14	102548159	102548447	2	2	1	7	0	11
chr14	102548782	102549370	2	2	1	5	0	18
chr14	102549640	102549882	2	2	1	13	4	14
chr14	102550321	102550735	2	2	1	4	0	24
chr14	102550902	102551017	2	2	1	7	0	23
chr14	102551336	102551634	2	2	1	42	0	30
chr14	102551769	102552094	2	2	1	27	0	23
chr14	102551769	102552301	2	2	1	0	2	2
chr14	102552716	102553322	2	2	1	461	27	32
chr14	102578653	102795864	1	1	0	0	5	31
chr14	102839039	102942333	2	2	0	0	6	30
chr14	102867558	102942333	2	2	0	0	6	30
chr14	103156163	103159184	2	2	0	0	6	22
chr14	103342066	103342694	1	1	1	5	0	32
chr14	103396424	103396501	1	1	1	5	0	1
chr14	103404512	103404642	2	2	1	1	0	1
chr14	103412585	103928176	2	2	0	0	5	27
chr14	103413022	103414057	2	2	1	6	0	16
chr14	103571176	103571328	1	1	1	2	0	11
chr14	103800001	103800725	1	1	1	0	1	1
chr14	103800598	103800725	1	1	1	321	1	25
chr14	103800935	103801989	1	1	1	2	0	12
chr14	103802270	103802372	1	1	1	4	0	24
chr14	103852043	103852138	0	0	0	4	0	32
chr14	103915305	103918254	1	1	1	4	0	4
chr14	103918321	103923478	1	1	1	8	0	7
chr14	103923550	103928741	1	1	1	0	5	7
chr14	103928799	103931893	1	1	1	0	5	1
chr14	103928799	103932308	1	1	1	0	5	1
chr14	103933529	103941329	1	1	0	3	0	20
chr14	103986380	103986458	2	2	1	30	0	30
chr14	103986649	103986805	2	2	1	6	0	15
chr14	103986930	103987599	2	2	1	46	0	25
chr14	103987772	103988154	2	2	1	10	7	21
chr14	103988288	103988359	2	2	1	29	12	32
chr14	103988515	103988637	2	2	1	13	0	24
chr14	103988814	103989102	2	2	1	0	31	2
chr14	103988843	103989102	2	2	1	34	31	28
chr14	103995599	103996286	1	1	1	16	0	31
chr14	103996647	103998918	1	1	1	1	0	9
chr14	103999186	104000886	1	1	1	2	0	12
chr14	104027530	104028952	2	2	1	55	0	20
chr14	104129265	104135847	1	3	1	5	0	2
chr14	104204198	104205015	2	2	1	2	0	13
chr14	104379032	104380297	2	2	1	2	0	7
chr14	105156077	105167693	1	1	1	1	1	20
chr14	105169558	105169631	1	1	1	3	0	30
chr14	105172514	105173246	1	1	1	4	0	3
chr14	105175070	105175617	1	1	1	2	0	5
chr14	105177345	105177415	1	1	1	4	0	22
chr14	105177524	105177965	1	1	1	8	0	18
chr14	105178891	105179164	1	3	1	6	0	14
chr14	105222162	105222940	1	1	1	10	0	28
chr14	105223098	105225764	1	1	1	14	0	15
chr14	105237185	105238701	2	2	1	2	0	26
chr14	105241341	105241412	2	2	1	5	0	6
chr14	105242137	105242995	2	2	1	1	0	9
chr14	105243108	105246424	2	2	1	14	0	8
chr14	105246554	105261820	2	2	0	8	0	32
chr14	105261860	105261926	1	3	0	11	0	25
chr14	105342937	105344020	0	0	0	4	0	32
chr14	105344301	105344779	1	5	1	2	0	31
chr14	105346763	105349064	1	1	1	4	0	13
chr14	105349170	105349371	1	1	1	2	0	25
chr14	105351039	105351295	1	1	0	0	7	15
chr14	105351039	105351346	1	1	0	0	7	15
chr14	105351039	105351397	1	1	0	0	7	15
chr14	105351245	105351295	1	1	0	0	7	15
chr14	105351245	105351346	1	1	0	0	7	15
chr14	105351245	105351397	1	1	0	0	7	15
chr14	105351880	105352376	1	1	1	8	0	31
chr14	105360187	105360621	1	1	1	5	0	29
chr14	105609976	105611266	2	2	1	1	0	5
chr14	105612311	105612721	2	2	1	3	0	12
chr14	105614226	105614452	2	2	1	4	0	3
chr14	105614567	105614662	2	2	1	4	0	29
chr14	105618395	105618497	2	2	1	4	0	5
chr14	105618629	105621898	2	2	1	5	0	5
chr14	105634445	105634691	2	2	1	7	0	2
chr14	105757842	105758742	1	1	0	5	0	13
chr14	105768752	105769483	0	0	0	5	0	30
chr14	105778254	105814284	2	2	0	6	0	19
chr14	105824612	105831694	2	2	0	3	0	19
chr14	105834485	105834795	1	1	1	6	0	29
chr14	105843263	105846075	1	1	1	5	0	3
chr14	105849851	105850689	1	1	1	2	0	26
chr14	105856341	105857543	1	1	1	5	0	6
chr14	105857587	105857967	1	1	1	5	0	16
chr14	105903586	105903627	1	1	0	6	0	18
chr14	105911849	105916394	1	1	1	5	0	31
chr14	105914750	106065905	1	1	0	0	4	14
chr14	105914750	106187633	1	1	0	0	4	14
chr14	105926795	105927101	1	1	1	2	0	2
chr14	105927291	105929520	1	1	1	11	0	24
chr14	105929596	105929829	1	1	1	2	1	19
chr14	105929889	105930368	1	1	1	5	0	26
chr14	105930485	105930752	1	1	1	17	0	31
chr14	105930485	105930799	1	1	1	3	0	30
chr14	105930905	105931010	1	1	1	4	0	13
chr14	105931201	105931430	1	1	1	7	0	12
chr14	105932916	105933043	1	1	1	4	0	26
chr14	105933080	105935803	1	1	1	4	0	3
chr14	105936330	105936401	1	1	1	9	0	15
chr14	105957860	105957958	1	1	1	5	0	17
chr14	105958647	105958915	1	1	1	6	0	5
chr14	106139498	107092682	2	2	0	0	4	16
chr14	106360857	106361840	1	1	1	0	1	6
chr14	106614845	107092673	1	1	0	7	0	14
chr14	107092713	107092732	1	1	0	0	2	17
chr15	20013171	20019415	1	1	0	0	6	16
chr15	20013171	20020949	1	1	0	0	6	16
chr15	20363429	20364396	1	1	1	0	8	5
chr15	20651300	20657620	2	2	1	0	11	7
chr15	20659264	20659792	2	2	1	0	4	10
chr15	20659927	20662557	2	2	1	0	3	27
chr15	21370036	21371003	1	1	1	0	8	5
chr15	22512298	22512507	2	2	0	0	1	18
chr15	22695750	22890326	2	2	0	0	5	27
chr15	22789099	22789556	2	2	1	0	1	3
chr15	22872500	22873201	1	1	1	4	0	16
chr15	22892782	22925776	1	1	1	7	0	17
chr15	23103194	23103778	1	1	0	0	2	20
chr15	23103569	23103841	1	1	0	0	5	20
chr15	23103569	23103883	1	1	0	0	5	20
chr15	23103569	23103946	1	1	0	0	5	20
chr15	23103569	23103967	1	1	0	0	5	20
chr15	23103569	23104321	1	1	0	0	5	20
chr15	23103569	23104384	1	1	0	0	5	20
chr15	23103569	23104405	1	1	0	0	5	20
chr15	23103863	23104321	1	1	0	0	1	22
chr15	23103863	23104825	1	1	0	0	1	22
chr15	23104448	23104489	1	1	0	0	8	31
chr15	23104448	23104762	1	1	0	0	3	22
chr15	23104448	23104846	1	1	0	0	3	22
chr15	23194900	23196161	2	2	1	0	2	16
chr15	23293513	23295540	2	2	1	0	4	2
chr15	23297358	23827281	1	1	0	6	0	32
chr15	23299818	23299914	2	2	1	0	2	6
chr15	23300168	23303804	2	2	1	5	0	14
chr15	23306792	23308563	2	2	1	2	0	11
chr15	23308708	23310008	2	2	1	7	0	27
chr15	23310454	23311161	2	2	1	0	4	1
chr15	23313308	23316003	2	2	1	0	6	20
chr15	23318712	23325023	2	2	1	0	11	7
chr15	23326667	23327195	2	2	1	0	4	10
chr15	23327330	23329957	2	2	1	0	3	27
chr15	25352736	25353056	1	1	1	0	2	5
chr15	25846462	25888857	2	4	0	6	0	20
chr15	26962043	26962073	2	2	0	0	4	30
chr15	28359949	28360574	2	2	1	6	0	14
chr15	28389382	28389818	2	2	1	1	0	5
chr15	28440854	28441155	0	0	0	3	0	32
chr15	28441501	28441606	2	2	1	6	0	25
chr15	28460949	28463634	2	2	1	0	6	20
chr15	28474994	28475512	2	2	1	0	4	10
chr15	28521801	28556145	2	2	0	1	0	19
chr15	28566611	28567220	2	2	1	0	6	14
chr15	28834695	28835303	1	1	1	0	6	14
chr15	28882777	28885404	1	1	1	0	3	27
chr15	28885539	28886067	1	1	1	0	4	10
chr15	28887711	28894025	1	1	1	0	11	7
chr15	28912610	28912706	1	1	1	0	2	6
chr15	28917003	28919033	1	1	1	0	4	2
chr15	28996821	28999614	1	1	1	8	0	21
chr15	29670321	29670475	0	0	0	9	0	32
chr15	29803767	29896078	1	1	0	0	5	27
chr15	30025020	30025297	2	2	1	6	0	27
chr15	30034986	30053341	2	2	1	8	0	1
chr15	30052858	30142815	1	1	0	0	9	26
chr15	30537345	31360658	2	2	0	4	0	31
chr15	30538469	30639434	2	2	0	0	9	19
chr15	30664545	30665180	2	2	1	0	2	15
chr15	30674343	30674733	0	0	0	0	5	30
chr15	30914730	30915620	2	2	0	0	1	25
chr15	31050966	31063218	0	0	0	0	12	31
chr15	31196091	31196714	1	1	1	4	0	13
chr15	31221601	31222745	1	1	1	3	0	25
chr15	31819512	31822909	2	2	1	4	0	15
chr15	31926653	31939180	0	0	0	0	12	31
chr15	31949281	32162709	2	2	0	6	0	13
chr15	32449977	32450612	1	1	1	0	2	15
chr15	32475757	32584603	1	1	0	0	9	19
chr15	32715667	32716057	0	0	0	0	5	30
chr15	32815415	32816671	2	2	1	0	2	16
chr15	32904133	32905012	2	2	0	0	1	25
chr15	32904133	32914004	2	2	0	0	1	25
chr15	33436578	34345240	2	2	0	0	10	24
chr15	33436578	34347133	2	2	0	0	10	24
chr15	34159792	34163135	2	2	1	0	1	6
chr15	34634310	34635220	2	2	1	3	0	6
chr15	34674453	34674586	2	2	1	0	2	4
chr15	34676249	34677248	2	2	1	0	7	23
chr15	34677359	34677454	2	2	1	0	1	18
chr15	34680154	34681844	2	2	1	0	4	4
chr15	34683628	34690834	2	2	1	0	1	7
chr15	34691405	34692912	2	2	1	0	5	4
chr15	34697257	34698874	2	2	1	0	4	20
chr15	34701144	34847034	0	0	0	6	0	31
chr15	34727673	34729598	2	2	1	25	0	13
chr15	34820674	34820807	2	2	1	0	2	4
chr15	34822470	34823469	2	2	1	0	7	23
chr15	34823580	34823675	2	2	1	0	1	18
chr15	34826375	34828065	2	2	1	0	4	4
chr15	34829849	34837058	2	2	1	0	1	7
chr15	34837628	34839135	2	2	1	0	5	4
chr15	34843478	34845095	2	2	1	0	4	20
chr15	34846158	34875716	2	2	1	6	0	31
chr15	35149308	35152242	2	2	1	2	0	8
chr15	35167066	35168135	2	2	1	1	0	15
chr15	35189168	35189759	2	2	1	3	0	3
chr15	35213491	35329833	0	0	0	3	0	30
chr15	36830670	36831245	2	2	0	1	0	15
chr15	39209242	39211579	2	2	0	0	10	29
chr15	40064608	40317041	2	2	0	0	7	26
chr15	40328702	40329186	2	2	1	5	0	30
chr15	40329220	40330482	2	2	1	5	0	2
chr15	40330596	40331076	2	2	1	43	0	25
chr15	40331150	40331293	2	2	1	9	0	14
chr15	40382749	40383342	1	1	0	7	0	21
chr15	40468875	40475914	1	1	1	6	0	6
chr15	40491929	40492444	1	1	1	1	0	8
chr15	40492561	40493131	1	1	1	2	0	13
chr15	40631821	40632105	2	2	1	7	0	26
chr15	40675246	40675428	1	1	1	6	0	8
chr15	40684225	40685669	1	1	1	1	0	27
chr15	40698059	40712460	0	0	0	8	0	32
chr15	40700190	40702826	1	1	1	2	0	14
chr15	40703553	40703753	1	1	1	7	0	18
chr15	40708562	40710328	1	1	1	10	0	11
chr15	40733468	40750649	1	1	1	11	0	27
chr15	41028793	41029321	2	2	1	8	0	2
chr15	41046989	41047280	2	2	1	5	0	20
chr15	41073132	41114262	1	1	0	0	8	25
chr15	41082559	41114262	1	1	0	0	8	25
chr15	41085055	41099566	2	2	0	2	0	14
chr15	41350980	41352064	2	2	1	9	0	13
chr15	41401585	41514548	1	1	0	0	4	17
chr15	41474099	41572764	1	1	0	0	4	19
chr15	41567264	41959855	1	3	0	8	0	23
chr15	41576309	41577422	1	1	1	9	0	2
chr15	41605553	41611855	2	2	1	6	0	15
chr15	41655726	41730813	2	2	0	0	9	29
chr15	41655726	41770353	2	2	0	0	9	29
chr15	41668027	41669393	1	1	1	1	0	12
chr15	41674895	41675071	1	1	0	0	5	29
chr15	41675203	41675427	1	1	0	0	1	24
chr15	41720744	41733446	1	1	0	0	5	23
chr15	41745247	41749869	1	1	1	1	0	24
chr15	41801328	41803619	2	2	1	4	0	4
chr15	41813346	41813935	2	2	1	1	0	7
chr15	41814079	41814295	2	2	1	3	0	15
chr15	41819804	41820057	2	2	1	4	0	29
chr15	41820535	41821667	2	2	1	3	0	10
chr15	41991358	41999925	1	1	1	5	0	8
chr15	42067588	42092020	1	1	1	7	0	24
chr15	42132051	42132240	1	3	0	4	0	19
chr15	42144934	42145021	2	2	1	0	1	2
chr15	42483759	42492093	2	2	1	2	0	24
chr15	42602122	42773086	1	1	0	0	4	24
chr15	42602122	42860117	1	1	0	0	4	24
chr15	42727717	42729429	2	2	1	4	0	13
chr15	42748827	42779665	1	1	0	0	1	24
chr15	42787912	42804030	1	1	1	4	0	4
chr15	42807553	42820459	1	1	1	4	0	8
chr15	42809349	42819266	2	2	0	0	1	18
chr15	42840443	42840548	2	2	1	6	0	7
chr15	42841164	42850395	1	1	1	3	0	23
chr15	43009247	43009928	1	1	1	6	0	10
chr15	43252900	43256132	2	2	1	8	0	20
chr15	43309380	43313472	2	2	1	1	0	12
chr15	43378439	43398139	2	2	1	21	0	24
chr15	43624199	43625508	1	1	1	7	0	9
chr15	43657069	44252516	0	0	0	0	9	32
chr15	43695998	43696610	1	1	1	0	3	1
chr15	43696041	43696610	1	1	1	0	3	1
chr15	43699769	43700140	2	2	1	6	0	11
chr15	43866562	43868568	2	2	1	0	7	17
chr15	43868752	43869024	2	2	1	0	10	18
chr15	43875798	43876555	2	2	1	0	4	29
chr15	43886566	43887076	1	1	1	0	1	2
chr15	43890526	43891024	1	1	1	0	1	8
chr15	43927438	43927557	2	2	0	1	0	16
chr15	43950606	44930619	2	2	0	0	5	23
chr15	43966127	43968133	2	2	1	0	7	17
chr15	43968317	43968589	2	2	1	0	10	18
chr15	43975633	43976390	2	2	1	0	4	29
chr15	43986398	43986908	1	1	1	0	1	2
chr15	43990347	43990838	1	1	1	0	1	8
chr15	44038905	44046021	1	1	1	2	11	22
chr15	44057765	44058084	1	1	1	6	0	15
chr15	44058211	44058925	1	1	1	4	0	22
chr15	44059109	44060686	1	1	1	4	0	21
chr15	44060796	44061715	1	1	1	5	0	13
chr15	44062779	44063302	1	1	1	4	0	20
chr15	44084569	44085172	1	1	0	5	0	28
chr15	44084582	44085172	1	1	1	31	0	26
chr15	44626010	44633373	1	1	0	0	1	20
chr15	44719971	44751188	1	1	1	1	0	32
chr15	44751399	44776421	1	1	1	1	0	6
chr15	44803989	45447686	2	2	0	0	4	17
chr15	44807043	44811366	1	1	1	1	0	17
chr15	44828557	44828998	2	2	1	5	0	18
chr15	44829436	44829521	1	1	1	14	0	19
chr15	44829626	44843073	1	1	1	13	0	6
chr15	44846866	44849686	1	1	1	9	0	10
chr15	44862857	44864880	2	2	1	1	0	24
chr15	44892831	44898222	2	2	1	9	0	27
chr15	44900804	44903037	2	2	1	1	0	10
chr15	44903184	44905627	2	2	1	5	0	26
chr15	44952815	44955588	2	2	1	7	0	23
chr15	45007900	45008526	1	1	1	4	0	17
chr15	45190362	45231760	1	1	0	1	0	30
chr15	45562966	45630293	1	1	0	0	8	24
chr15	45825705	46111687	2	2	0	0	4	30
chr15	47514851	47632252	1	1	0	3	0	12
chr15	48444482	48445988	2	2	1	8	0	23
chr15	48626706	48628242	1	1	1	4	0	21
chr15	48628288	48633485	1	1	1	1	0	5
chr15	48633783	48634218	1	1	1	12	0	21
chr15	48726911	48729157	2	2	1	3	0	12
chr15	48791236	48795983	2	2	1	7	0	12
chr15	49048751	49052331	2	2	1	1	0	27
chr15	49429425	49429544	2	2	1	4	0	30
chr15	50655797	50861312	1	1	0	0	4	23
chr15	50716712	50731205	1	1	1	10	0	21
chr15	50769697	50773677	1	1	1	1	0	29
chr15	50782079	50782459	1	1	1	11	0	8
chr15	50803949	50946950	2	2	0	5	0	12
chr15	50891494	50897062	2	2	1	1	0	22
chr15	50920447	50923613	2	2	1	4	0	6
chr15	50955244	50978727	2	2	1	9	0	17
chr15	51021367	51021611	2	2	0	4	0	21
chr15	51023679	51034522	1	1	0	0	6	23
chr15	51763599	51766540	2	2	1	1	0	7
chr15	52058765	52060458	1	1	1	8	0	17
chr15	52122034	52155007	1	1	1	9	0	15
chr15	52251024	52252095	2	2	1	5	0	13
chr15	52469595	52670459	2	2	0	0	6	22
chr15	52553325	52556386	2	2	1	5	0	10
chr15	52578876	52628257	2	2	0	1	0	15
chr15	52672106	52675287	2	2	1	5	0	9
chr15	52849420	52861044	2	2	1	3	0	30
chr15	55485032	55489007	2	2	1	1	0	26
chr15	55693647	55697340	2	2	0	0	7	32
chr15	56216898	56243573	2	2	1	1	0	31
chr15	56402357	56402808	2	2	0	0	1	31
chr15	56402357	56402985	2	2	0	0	1	31
chr15	56402357	56403240	2	2	0	0	1	31
chr15	56432709	56609243	2	2	0	0	9	19
chr15	56435099	56436598	2	2	1	3	0	23
chr15	58285017	58285142	2	2	1	4	0	7
chr15	59048209	59735511	2	2	0	0	5	27
chr15	59104422	59114235	1	1	0	1	0	27
chr15	59114019	59123972	1	1	1	2	0	28
chr15	59120954	59166483	1	1	0	0	1	16
chr15	59172307	59175824	2	2	1	2	0	18
chr15	59175986	59179173	2	2	1	0	3	2
chr15	59247785	59311926	1	1	0	0	4	19
chr15	59384840	59386981	1	1	1	0	9	1
chr15	59397492	59399520	1	1	1	15	4	24
chr15	59407076	59408888	1	1	1	5	0	7
chr15	59677177	59714795	2	4	0	2	0	16
chr15	59854456	60028094	2	2	0	0	3	32
chr15	59944526	59949604	2	2	1	14	0	22
chr15	59974714	59981333	2	2	1	3	0	24
chr15	60639889	60641273	2	2	1	3	0	23
chr15	60644676	60646352	2	2	1	5	13	26
chr15	60674641	60678226	2	2	1	9	1	23
chr15	60678286	60690141	2	2	1	0	4	15
chr15	60715962	60720627	2	2	1	1	0	10
chr15	60795867	60797706	2	2	1	5	0	13
chr15	62304364	62305237	2	2	1	4	0	15
chr15	63064913	63447423	1	1	0	5	0	20
chr15	63102232	63111714	1	1	1	8	0	9
chr15	63447931	63448611	2	2	1	4	0	15
chr15	63448721	63449598	2	2	1	2	0	30
chr15	63448721	63450114	2	4	1	0	4	2
chr15	63481948	63536954	1	1	1	2	0	22
chr15	63921015	63922664	2	2	1	8	0	13
chr15	63927088	63928159	2	2	1	6	0	19
chr15	63937882	63941923	2	2	0	6	0	24
chr15	63953225	63953951	2	2	1	1	0	21
chr15	63961898	63964694	2	2	1	6	0	10
chr15	63967317	63970043	2	2	1	6	0	13
chr15	63987094	63988322	2	2	1	0	2	4
chr15	64025345	64026922	2	2	1	5	0	5
chr15	64388372	64404771	1	1	1	9	0	32
chr15	64422229	64422426	1	1	1	7	0	23
chr15	64448345	64448923	2	2	1	5	0	23
chr15	64449109	64452302	2	2	1	2	0	18
chr15	64497149	64499707	2	2	1	2	0	4
chr15	64567438	64852477	2	2	0	0	4	22
chr15	64567438	65461524	2	2	0	0	4	22
chr15	64673238	64673524	2	2	1	4	0	7
chr15	64695438	64712096	2	2	0	0	1	23
chr15	64700736	64789291	1	1	0	0	11	24
chr15	64759919	64902101	2	2	0	0	4	28
chr15	64807041	64807961	2	2	0	0	3	24
chr15	64910943	65388963	1	1	0	0	7	18
chr15	65134228	65140791	1	1	1	13	0	30
chr15	65411179	65411713	2	2	1	0	5	1
chr15	65444875	65445884	2	2	1	2	0	17
chr15	65448195	65450083	2	2	0	1	0	30
chr15	65472543	65477412	2	2	1	3	0	6
chr15	65563815	66054447	1	1	0	0	5	23
chr15	65667741	65670023	2	2	1	6	0	13
chr15	65687597	65688087	2	2	1	3	0	27
chr15	65720921	66689535	1	1	0	0	4	15
chr15	65804903	65809823	2	2	1	3	0	20
chr15	65805744	66689535	1	1	0	0	4	15
chr15	65892268	65897466	2	2	1	3	0	16
chr15	66039342	66051713	1	1	0	0	5	19
chr15	66457532	66548934	2	2	0	8	0	12
chr15	66605581	66739783	2	2	0	0	3	26
chr15	66605581	66798761	2	2	0	0	3	26
chr15	66611323	66689535	1	1	0	0	4	15
chr15	66645294	66648976	2	2	1	3	0	1
chr15	66712396	66739844	1	5	0	4	0	24
chr15	66779631	66781552	1	1	1	0	8	29
chr15	66786891	66787667	2	2	1	4	0	6
chr15	66791991	66792393	2	2	1	10	2	28
chr15	66792515	66792630	2	2	1	15	0	31
chr15	66792715	66793286	2	2	1	15	0	14
chr15	66793444	66793712	2	2	1	2	2	19
chr15	66793843	66794125	2	2	1	3	0	24
chr15	66794251	66794949	2	2	1	0	2	5
chr15	66795089	66795395	2	2	1	7	4	13
chr15	66795210	66795695	2	2	1	29	9	3
chr15	66795503	66795695	2	2	1	14	0	11
chr15	66795868	66797125	2	2	1	1	25	31
chr15	66797730	66801178	1	1	1	4	0	16
chr15	66811838	67721791	1	1	0	4	0	26
chr15	67367449	67367519	0	0	0	5	0	30
chr15	67396441	67398239	0	0	0	7	0	30
chr15	67985907	67995674	1	1	1	1	0	12
chr15	68396551	68405832	0	0	0	8	0	32
chr15	68502098	68503600	2	2	1	10	0	23
chr15	68504202	68506627	2	2	1	4	0	4
chr15	68506727	68510873	2	2	1	3	0	31
chr15	68571004	68581944	1	1	1	3	0	20
chr15	68696188	69134746	1	1	0	0	5	25
chr15	69072813	69075294	2	2	1	5	0	17
chr15	69075393	69076735	2	2	1	2	0	11
chr15	69076935	69079751	2	2	1	1	0	19
chr15	69140329	69168951	1	1	0	0	1	18
chr15	69677222	69681992	1	1	1	8	0	22
chr15	69706816	69708332	1	1	1	11	0	31
chr15	69728601	69728902	1	1	1	1	0	15
chr15	69732417	69732646	1	1	1	7	0	7
chr15	69745360	69745985	1	1	1	3	3	7
chr15	69746061	69747508	1	1	1	21	18	23
chr15	69747627	69747766	1	1	1	45	0	9
chr15	70347638	70348636	2	2	1	10	0	23
chr15	70349998	70350524	2	2	1	4	0	10
chr15	70957154	70959062	2	2	1	5	0	26
chr15	70961802	70963377	2	2	1	7	0	3
chr15	70963431	70964303	2	2	1	8	0	9
chr15	70992000	71055668	2	2	1	7	0	30
chr15	71200494	71386922	1	1	0	0	4	12
chr15	71200494	71470742	1	1	0	0	4	12
chr15	72338976	72410497	2	2	1	5	0	14
chr15	72492098	72492814	2	2	1	17	0	13
chr15	72492997	72494794	2	2	1	2	18	20
chr15	72492997	72495362	2	2	1	0	18	9
chr15	72494962	72499068	2	2	1	28	3	32
chr15	72495530	72499068	2	2	1	0	3	1
chr15	72499222	72499467	2	4	1	14	0	32
chr15	72499619	72500961	2	4	1	13	0	16
chr15	72501233	72502013	2	2	1	21	0	29
chr15	72502201	72502687	2	2	1	9	0	9
chr15	72502820	72509749	2	2	1	11	0	19
chr15	72509842	72511284	2	2	1	10	0	20
chr15	72511452	72513508	2	2	1	0	5	2
chr15	72511452	72514790	2	2	1	0	5	2
chr15	72511452	72523240	2	4	1	0	5	2
chr15	72511452	72523456	2	2	1	10	13	32
chr15	72511452	72523664	2	2	1	0	5	2
chr15	72511452	72523939	2	2	1	0	5	2
chr15	72534562	72534960	2	2	1	5	0	13
chr15	72545846	72546795	2	2	1	8	0	8
chr15	72550474	72551948	2	2	1	3	0	17
chr15	72560013	72563363	2	2	1	8	0	5
chr15	72564515	72564570	0	0	0	5	0	30
chr15	72641601	72642858	2	2	1	6	0	32
chr15	72643576	72645408	2	2	1	3	0	12
chr15	72645061	72927414	1	1	0	0	5	26
chr15	72978593	72996764	1	1	0	3	0	17
chr15	73429843	74273626	1	3	0	0	4	17
chr15	73475247	73475630	0	0	0	8	0	31
chr15	73542063	73545740	1	1	1	4	0	5
chr15	73866137	73879864	2	2	1	3	0	9
chr15	73994935	73995112	1	1	1	0	11	22
chr15	73994935	73996516	1	1	1	0	11	22
chr15	73996339	73996516	1	1	1	0	11	22
chr15	74379988	74992003	2	2	0	0	9	20
chr15	74742411	74743142	2	2	1	2	0	9
chr15	74751238	74753448	2	2	1	8	0	12
chr15	74753120	74753448	2	2	0	1	0	17
chr15	74799638	74805872	1	1	0	0	1	16
chr15	74836830	74865202	1	1	1	0	1	11
chr15	74908240	74911537	1	1	1	17	0	3
chr15	74912567	74914460	1	1	1	10	0	16
chr15	75059088	75830204	0	0	0	0	4	31
chr15	75091070	75091166	1	1	1	3	0	17
chr15	75092847	75093021	1	1	1	2	0	6
chr15	75095368	75095389	0	0	0	7	0	30
chr15	75129586	75129709	2	2	1	1	0	12
chr15	75130140	75130492	2	2	1	3	0	4
chr15	75130534	75130606	2	2	1	4	0	20
chr15	75131715	75131898	2	2	1	10	0	5
chr15	75136960	75137056	1	1	0	4	0	28
chr15	75137935	75140940	2	2	1	4	0	25
chr15	75182431	75182867	1	1	1	24	0	27
chr15	75182431	75183719	1	1	1	7	0	23
chr15	75183921	75185001	1	1	1	5	0	29
chr15	75189561	75189852	1	1	1	6	0	11
chr15	75212784	75215988	2	2	1	0	2	1
chr15	75212784	75219106	2	2	1	0	2	1
chr15	75212784	75221456	2	2	1	0	2	1
chr15	75315968	75335781	1	1	1	1	0	32
chr15	75494401	75498339	1	1	1	3	0	30
chr15	75503777	75504437	2	4	1	3	0	5
chr15	75504309	75505931	0	0	0	5	0	31
chr15	75628434	75630402	1	1	1	3	0	15
chr15	75645288	75727845	2	2	0	0	2	30
chr15	75647714	75647907	2	2	1	9	0	1
chr15	75648791	75648946	2	2	1	9	0	15
chr15	75649244	75650541	2	2	1	8	10	8
chr15	75650960	75651044	2	2	1	7	0	23
chr15	75651150	75651399	2	2	1	10	0	21
chr15	75653533	75653626	2	2	1	16	0	18
chr15	75653723	75653944	2	2	1	8	0	26
chr15	75654062	75654195	2	2	1	5	0	12
chr15	75654795	75654982	2	2	1	7	0	20
chr15	75656530	75656828	2	2	1	8	0	3
chr15	75658934	75659851	2	2	1	2	0	29
chr15	75673065	75673953	2	2	1	9	0	6
chr15	75674047	75676604	2	2	1	0	7	2
chr15	75688838	75692380	2	2	1	6	0	13
chr15	75704085	75705103	2	2	1	5	0	32
chr15	75706653	75714987	2	2	1	1	0	6
chr15	75801369	75809599	2	2	1	0	3	3
chr15	75913398	75917055	2	2	1	1	0	5
chr15	75962126	75962162	0	0	0	5	0	32
chr15	76136188	76146726	1	1	1	4	0	27
chr15	76161352	76165768	1	1	1	5	0	7
chr15	76566836	76576097	2	2	1	4	0	30
chr15	76578080	76578711	2	2	1	4	0	29
chr15	76584855	76584959	2	2	1	2	0	23
chr15	76585042	76603690	2	2	1	8	0	23
chr15	76588079	76603690	2	2	1	45	0	24
chr15	76629283	76630118	1	1	1	3	0	24
chr15	77064296	77067195	2	2	1	5	0	18
chr15	77150221	77154756	2	2	1	2	0	21
chr15	77176218	77197639	2	2	1	3	0	14
chr15	77228064	77236098	1	1	1	4	0	18
chr15	77229951	77233104	2	2	0	0	1	24
chr15	77339270	77344726	2	2	1	7	0	12
chr15	77348598	77363233	2	2	1	6	0	13
chr15	77578847	77657504	2	2	1	1	0	7
chr15	77713347	77750745	1	1	1	5	0	19
chr15	77937757	77955705	2	6	0	4	0	21
chr15	78080719	78085437	1	1	0	8	0	30
chr15	78441773	78447554	1	1	1	4	0	12
chr15	78452549	78453922	1	1	1	4	0	3
chr15	78458645	78461263	1	1	1	3	0	4
chr15	78588068	78591903	2	2	1	10	0	13
chr15	78588136	78591903	2	2	1	8	0	4
chr15	78834562	78834824	1	1	1	4	0	22
chr15	78838107	78838916	1	1	1	3	0	8
chr15	79165400	79170554	1	1	1	0	8	20
chr15	79165561	79170554	1	1	1	3	0	29
chr15	79170602	79172853	1	1	1	0	5	15
chr15	79172922	79178482	1	1	1	2	0	31
chr15	79183357	79183825	1	1	1	13	0	10
chr15	79185970	79186399	1	1	1	2	0	15
chr15	79187247	79189324	1	1	1	3	0	29
chr15	80181697	80189132	2	2	1	6	0	16
chr15	80197397	80243274	1	1	0	0	1	16
chr15	80465487	80467357	1	1	1	5	0	24
chr15	80855581	80866488	1	1	1	10	0	22
chr15	81042034	81046491	1	1	1	4	0	23
chr15	81282046	81282133	0	0	0	4	0	31
chr15	82135960	82416188	1	1	0	0	4	25
chr15	82199434	82215072	2	2	0	0	3	28
chr15	82356799	82755557	2	2	0	0	5	13
chr15	82356799	83132143	2	2	0	0	5	13
chr15	82551497	82554028	2	2	1	2	0	3
chr15	82554139	82554954	2	2	1	1	0	21
chr15	82635576	82636615	2	2	1	0	8	15
chr15	82673587	82673695	1	5	0	0	9	19
chr15	82727130	82728166	1	1	1	0	8	15
chr15	82761276	82762132	0	0	0	0	10	31
chr15	82761843	82761985	1	1	1	0	4	6
chr15	82769440	82769534	2	2	1	0	10	6
chr15	82805673	82805744	0	0	0	0	10	32
chr15	82809392	82810429	1	1	1	0	8	15
chr15	82821290	82822713	2	2	1	0	4	23
chr15	82824541	82824833	2	2	1	0	15	16
chr15	82932899	82933938	2	2	1	0	8	15
chr15	82961505	82961613	1	5	0	0	9	19
chr15	82970344	82970438	1	1	1	0	10	6
chr15	82977743	82978599	0	0	0	0	10	31
chr15	82977890	82978032	2	2	1	0	4	6
chr15	83011860	83012899	2	2	1	0	8	15
chr15	83050129	83050237	1	5	0	0	9	19
chr15	83103655	83104691	1	1	1	0	8	15
chr15	83137862	83138718	0	0	0	0	10	31
chr15	83138429	83138571	1	1	1	0	4	6
chr15	83146024	83146118	2	2	1	0	10	6
chr15	83190249	83190320	0	0	0	0	10	32
chr15	83193736	83194772	1	1	1	0	8	15
chr15	83205633	83207056	2	2	1	0	4	23
chr15	83208884	83209176	2	2	1	0	15	16
chr15	83339818	83691205	2	2	0	0	8	23
chr15	83467675	84412648	1	1	0	0	5	15
chr15	83518656	83519902	2	2	1	16	0	21
chr15	83523553	83527780	2	2	1	4	0	29
chr15	83691231	83692877	2	4	1	0	8	6
chr15	83710678	83718824	2	2	1	0	3	2
chr15	83710678	83725140	2	2	1	0	3	2
chr15	83725298	83735502	2	2	1	53	0	15
chr15	83754194	83755425	1	1	0	0	1	24
chr15	84245494	84255734	1	1	1	8	0	17
chr15	84327092	84479721	2	2	0	0	10	26
chr15	84463837	84479721	2	2	0	0	10	26
chr15	84727899	84729248	0	0	0	4	0	30
chr15	84865266	84866122	0	0	0	0	10	31
chr15	84865833	84865975	1	1	1	0	4	6
chr15	84871773	84872928	2	2	1	0	6	3
chr15	84873444	84873538	2	2	1	0	10	6
chr15	84906195	84906266	0	0	0	0	10	32
chr15	84909862	84910898	1	1	1	0	4	32
chr15	85053601	85054637	2	2	1	0	4	32
chr15	85058335	85058406	0	0	0	0	10	31
chr15	85231006	85234765	2	2	1	8	0	26
chr15	85234876	85259255	2	2	1	1	0	24
chr15	85291896	85307937	1	1	1	2	0	21
chr15	85744905	85745047	1	1	1	0	4	6
chr15	85750850	85752005	2	2	1	0	6	3
chr15	85752522	85752616	2	2	1	0	10	6
chr15	85785308	85785379	0	0	0	0	10	32
chr15	85788931	85789956	1	1	1	0	4	32
chr15	85924030	86028940	1	1	1	8	0	18
chr15	86080133	86081861	2	2	0	2	0	25
chr15	86236683	86251249	1	1	1	7	0	6
chr15	86768183	86790901	1	1	1	0	1	5
chr15	86973699	87897551	2	4	0	0	4	30
chr15	89009005	89010380	2	2	1	4	0	32
chr15	89015957	89018340	1	1	1	4	0	26
chr15	89164614	89169376	1	1	1	1	0	9
chr15	89169981	89172456	1	1	1	7	0	4
chr15	89172658	89173288	1	1	1	0	9	2
chr15	89453155	89456477	2	2	1	10	0	5
chr15	89802008	89803943	1	1	1	6	0	4
chr15	89806692	89807133	1	1	1	5	0	28
chr15	89820123	89821917	1	1	1	5	1	4
chr15	89824532	89824995	1	1	1	6	0	8
chr15	89828450	89833443	1	1	1	4	0	5
chr15	89844674	89847094	1	1	1	5	0	31
chr15	89847147	89848345	1	1	1	3	0	9
chr15	89850761	89850843	1	1	1	0	3	3
chr15	89858621	89859627	1	1	1	1	0	22
chr15	89865085	89865192	2	2	1	7	0	21
chr15	89873508	89876326	2	2	1	7	1	15
chr15	89875606	89876326	2	2	1	4	0	3
chr15	90119472	90125916	1	1	1	3	0	19
chr15	90138843	90142554	1	1	1	1	0	14
chr15	90150057	90152033	1	1	1	9	0	10
chr15	90169018	90169166	1	1	1	3	0	13
chr15	90173725	90174725	2	2	1	1	0	16
chr15	90196186	90198629	2	2	1	3	0	20
chr15	90431865	90432280	2	2	1	2	0	27
chr15	90432373	90437112	2	2	1	6	0	24
chr15	90774740	90775450	2	2	1	8	0	4
chr15	90814454	90814597	1	1	0	2	0	30
chr15	90931629	90934005	1	1	1	3	0	16
chr15	90977028	90982563	1	1	1	8	0	23
chr15	90984917	90986625	1	1	1	9	0	6
chr15	90995293	91174241	2	2	0	0	5	14
chr15	90995293	91265572	2	2	0	0	5	14
chr15	90995293	91391706	2	2	0	0	5	14
chr15	90996171	90996363	1	1	1	3	0	11
chr15	90996525	90997659	1	1	1	5	0	6
chr15	91172765	91181677	1	1	1	7	0	17
chr15	91295177	91298040	1	1	1	7	0	14
chr15	91328312	91333878	1	1	1	3	0	14
chr15	91414836	91418811	1	1	0	8	0	22
chr15	91419788	91420125	1	1	1	4	0	13
chr15	91425723	91426519	0	0	0	6	0	30
chr15	91450144	91450538	1	1	1	5	0	15
chr15	91450726	91452556	1	1	1	0	7	1
chr15	91461619	91461874	1	1	1	2	0	21
chr15	91478561	91478773	1	1	1	7	0	20
chr15	91496541	91496688	1	1	1	4	0	24
chr15	91512854	91513633	2	2	1	5	0	9
chr15	91524264	91524728	2	2	1	0	4	1
chr15	91524264	91524977	2	2	1	0	4	1
chr15	91525212	91527247	2	2	1	2	0	10
chr15	91539092	91703771	1	1	0	3	0	28
chr15	91543024	91543129	2	2	1	2	0	11
chr15	92397319	92459222	1	1	1	6	0	14
chr15	93426417	93428744	1	1	1	5	0	6
chr15	93444055	93444396	1	1	1	2	0	21
chr15	93444055	93467550	1	1	0	12	0	31
chr15	93472322	93480747	1	1	1	5	0	10
chr15	93498743	93499688	1	1	1	10	0	26
chr15	93545548	93547846	1	1	1	6	0	32
chr15	93547290	93791806	1	1	0	0	5	15
chr15	93558140	93563241	1	1	1	6	0	7
chr15	96877833	96880576	1	1	1	9	0	20
chr15	99215534	99970712	2	2	0	0	9	25
chr15	99263351	99263752	2	2	0	5	0	29
chr15	99293808	99294250	2	4	0	4	0	28
chr15	99295637	99296731	1	3	0	4	0	21
chr15	99456512	99459192	1	1	1	3	0	30
chr15	99460106	99465376	1	1	1	3	0	31
chr15	99715361	99740123	2	2	1	0	7	3
chr15	99768938	99789375	2	2	1	6	0	15
chr15	99785716	99788392	2	2	1	1	0	17
chr15	100098197	101025869	1	1	0	4	0	15
chr15	100286625	101182996	2	2	0	0	10	19
chr15	100533406	100537589	2	2	1	5	0	32
chr15	101390538	101395435	1	1	1	0	15	3
chr15	101498137	101510159	2	2	0	0	1	31
chr15	101813062	101814624	2	2	1	7	0	18
chr15	101816881	101817546	2	2	1	6	0	9
chr15	101821988	101825171	2	2	1	3	0	6
chr15	101833378	101835301	2	2	1	5	0	25
chr15	101853534	101853591	2	2	0	4	0	23
chr15	101968186	101970191	2	2	1	1	0	13
chr15	102190365	102192473	2	2	1	8	0	12
chr15	102226266	102241288	2	2	1	6	0	15
chr15	102512898	102513103	1	1	1	0	4	14
chr15	102516196	102516335	1	1	1	0	6	26
chr16	65145	65307	1	1	0	0	5	23
chr16	65994	66289	2	2	1	0	4	5
chr16	67751	67956	2	2	1	0	4	14
chr16	81884	84846	2	2	1	3	0	10
chr16	113181	113584	2	2	1	7	0	22
chr16	137585	178042	1	1	0	0	6	30
chr16	137585	339140	1	1	0	0	6	30
chr16	176324	177005	1	3	1	9	0	12
chr16	222958	223123	1	1	1	0	2	1
chr16	226762	226927	1	1	1	0	2	1
chr16	240135	240539	2	2	1	10	0	9
chr16	240570	240660	2	2	1	2	0	2
chr16	240570	242925	2	2	1	5	0	30
chr16	241774	241826	1	1	0	2	0	19
chr16	243015	249060	2	2	1	7	0	32
chr16	249238	256002	2	2	1	4	0	25
chr16	258188	270647	2	2	1	1	0	23
chr16	277336	279277	2	2	1	1	8	5
chr16	278402	279277	2	2	1	0	8	1
chr16	309599	309967	1	1	1	7	0	15
chr16	311514	312091	1	1	1	5	0	27
chr16	312225	312422	1	1	1	10	0	2
chr16	314171	314612	1	1	1	8	0	20
chr16	332531	332614	1	1	1	1	0	2
chr16	384261	384540	1	1	0	0	3	23
chr16	384261	384788	1	1	0	0	3	23
chr16	384261	385496	1	1	0	0	3	23
chr16	419221	419930	2	2	1	5	0	19
chr16	420226	420443	2	2	1	4	0	14
chr16	420226	420484	2	2	1	6	0	19
chr16	422284	422610	2	2	1	4	0	22
chr16	425257	425344	2	2	1	5	0	14
chr16	425436	426135	2	2	1	3	0	27
chr16	427586	427670	2	2	1	5	0	23
chr16	433430	436666	1	1	1	2	0	26
chr16	433430	448989	1	1	0	13	0	13
chr16	447314	448989	1	1	1	13	0	17
chr16	449124	449378	1	1	1	7	0	25
chr16	449740	450218	1	1	1	5	0	7
chr16	457561	460208	1	1	1	11	0	1
chr16	491875	548376	2	2	0	0	6	14
chr16	515334	765521	1	1	0	6	0	12
chr16	532737	538850	1	1	1	7	0	16
chr16	541269	546823	1	1	1	5	0	11
chr16	544792	544832	1	1	0	0	21	17
chr16	544807	544929	1	1	0	0	21	32
chr16	544807	544970	1	1	0	0	29	32
chr16	544833	544914	1	1	0	0	3	27
chr16	544833	544955	1	1	0	0	3	27
chr16	544889	544970	1	1	0	0	7	17
chr16	578030	583945	1	1	1	9	0	30
chr16	583550	583649	0	0	0	4	0	31
chr16	584088	584623	0	0	0	5	0	31
chr16	599202	599287	1	1	1	16	0	21
chr16	600777	601135	1	1	0	6	0	24
chr16	600825	601070	1	1	0	0	2	22
chr16	600890	601004	1	1	0	0	2	25
chr16	600890	601250	1	1	0	0	2	25
chr16	601071	601151	1	1	0	11	0	24
chr16	602213	602300	1	1	1	3	0	25
chr16	602772	602862	1	1	1	1	0	11
chr16	603042	603338	1	1	1	13	0	9
chr16	620761	624065	1	1	1	9	0	21
chr16	621131	621152	1	1	0	0	7	22
chr16	623161	623228	1	1	0	6	0	14
chr16	636495	636517	0	0	0	5	0	30
chr16	638382	640260	1	1	0	5	0	17
chr16	656354	656485	1	1	0	0	5	23
chr16	656420	656485	1	1	0	0	5	23
chr16	660030	663378	2	4	0	8	0	12
chr16	676122	677341	1	1	1	3	0	28
chr16	684798	684888	2	2	1	8	0	28
chr16	684798	686093	2	2	1	5	0	3
chr16	692044	692119	1	1	1	15	0	12
chr16	692250	696471	1	1	1	5	0	12
chr16	701104	701198	1	1	1	2	0	4
chr16	701267	701643	1	1	1	9	0	27
chr16	702536	703524	1	1	0	1	0	18
chr16	703452	703524	1	1	1	4	0	20
chr16	703671	703745	1	1	1	11	0	2
chr16	705886	706301	1	3	1	0	3	2
chr16	705890	706301	1	1	1	0	3	2
chr16	706872	707090	1	1	1	4	0	7
chr16	708440	710207	1	1	0	8	0	25
chr16	709127	709244	1	1	1	7	0	2
chr16	711173	711341	1	1	1	7	0	29
chr16	711502	711596	1	1	1	2	1	1
chr16	712332	712678	1	1	1	1	0	3
chr16	716351	716454	1	1	1	11	0	4
chr16	718237	718352	1	1	1	5	0	24
chr16	718412	718487	1	1	1	7	0	16
chr16	718570	718655	1	1	1	22	0	26
chr16	718700	719552	1	1	1	25	0	8
chr16	720176	720248	1	1	1	8	0	15
chr16	720358	720455	1	1	1	24	0	27
chr16	720558	720773	1	1	1	1	0	12
chr16	721001	721082	1	1	1	0	10	1
chr16	721204	721696	1	1	1	9	0	15
chr16	721782	721859	1	1	1	7	0	31
chr16	722003	722083	1	1	1	4	0	11
chr16	722182	722253	1	1	1	5	0	12
chr16	722385	722488	1	1	1	3	0	4
chr16	722567	722702	1	1	1	4	0	32
chr16	722826	722927	1	1	1	5	0	15
chr16	723131	723479	1	1	1	4	0	14
chr16	730120	732563	0	0	0	8	0	32
chr16	731604	731792	1	1	1	6	0	2
chr16	732282	732363	1	1	1	3	0	5
chr16	734324	740385	2	4	0	2	0	30
chr16	735177	735256	2	2	1	8	0	1
chr16	735991	736067	2	2	1	1	0	1
chr16	736619	739670	1	3	0	9	0	27
chr16	779089	779287	1	1	1	9	0	18
chr16	782374	783297	2	2	1	7	0	9
chr16	796284	796546	1	1	0	0	5	29
chr16	797359	799782	2	2	0	0	4	22
chr16	813692	814022	1	1	1	7	0	27
chr16	837180	837353	2	2	1	7	0	13
chr16	838757	838930	1	1	1	0	1	2
chr16	838776	838930	1	1	1	24	1	17
chr16	839126	839209	1	1	1	17	0	26
chr16	839361	839546	1	1	1	3	0	27
chr16	839716	840006	1	1	1	6	0	16
chr16	839716	840176	1	1	1	8	0	28
chr16	840270	840346	1	1	1	6	0	19
chr16	841371	841850	1	1	1	0	3	1
chr16	841371	842438	1	1	1	0	4	2
chr16	842591	842717	1	1	1	7	0	4
chr16	842812	842965	1	1	1	12	0	8
chr16	843065	843143	1	1	1	9	0	11
chr16	843275	844039	1	1	1	3	0	2
chr16	843275	844053	1	1	1	15	0	6
chr16	844202	845131	1	1	1	5	1	28
chr16	844202	845684	1	1	0	10	0	19
chr16	845051	845787	0	0	0	6	0	30
chr16	845835	845946	1	1	1	5	0	15
chr16	846862	846960	1	1	1	16	0	26
chr16	847093	847693	1	1	1	1	0	17
chr16	847752	847838	1	1	1	2	0	24
chr16	908894	909555	1	1	0	0	4	25
chr16	909107	909555	1	1	0	0	4	25
chr16	943073	960930	2	2	1	3	0	18
chr16	997926	998096	0	0	0	6	0	31
chr16	1207987	1216277	0	0	0	6	0	30
chr16	1209396	1837161	0	0	0	7	0	32
chr16	1248775	1250255	1	1	1	5	0	3
chr16	1250572	1250715	1	1	1	5	0	26
chr16	1259413	1260034	1	1	1	9	0	30
chr16	1265376	1265522	1	1	1	8	0	30
chr16	1268041	1268209	1	1	1	11	0	25
chr16	1269131	1269980	1	1	1	2	0	3
chr16	1320957	1953476	1	1	0	0	4	26
chr16	1359775	1364020	1	1	1	68	0	27
chr16	1364098	1364293	1	1	1	8	0	17
chr16	1364378	1365654	1	1	1	5	0	6
chr16	1397627	1397701	1	1	1	8	0	6
chr16	1400236	1400807	2	2	1	3	0	3
chr16	1401002	1401379	2	2	1	4	0	3
chr16	1401600	1401693	2	2	1	11	0	5
chr16	1402019	1402102	1	1	1	8	0	14
chr16	1402161	1402239	1	1	1	7	0	30
chr16	1407747	1492149	2	2	0	0	2	16
chr16	1414257	1416018	2	2	1	1	0	5
chr16	1416397	1417092	2	2	1	11	0	16
chr16	1418264	1424758	1	1	0	2	0	23
chr16	1418284	1418851	0	0	0	3	0	31
chr16	1423086	1423305	2	2	0	0	1	25
chr16	1423086	1424075	2	2	0	0	1	25
chr16	1425899	1425959	0	0	0	3	0	32
chr16	1444217	1447178	2	2	1	4	0	8
chr16	1450224	1450901	0	0	0	3	0	32
chr16	1451703	1453168	2	2	1	8	0	13
chr16	1470614	1470692	2	2	1	10	0	22
chr16	1497088	1497392	2	4	1	3	0	29
chr16	1497570	1497655	2	2	1	7	0	27
chr16	1498486	1498681	2	2	1	8	0	15
chr16	1498768	1498966	2	2	1	8	0	9
chr16	1499329	1500497	2	2	1	5	0	23
chr16	1501718	1502755	2	2	1	4	0	21
chr16	1503896	1504411	2	2	1	2	0	14
chr16	1505252	1505731	2	2	1	11	0	24
chr16	1515340	1524834	2	2	1	3	0	7
chr16	1543607	1544246	1	1	1	18	0	15
chr16	1544618	1545346	1	1	1	5	0	23
chr16	1545625	1547036	1	1	1	3	0	5
chr16	1547106	1547361	1	1	1	4	0	15
chr16	1549335	1550096	1	1	1	11	0	27
chr16	1550166	1550347	1	1	1	1	0	14
chr16	1550701	1551420	1	1	1	4	0	10
chr16	1550701	1551680	1	1	0	6	0	27
chr16	1551501	1551663	1	1	1	9	0	28
chr16	1552406	1552645	1	1	1	2	0	26
chr16	1552763	1552931	1	1	1	8	0	11
chr16	1553758	1555288	0	0	0	4	0	30
chr16	1557372	1557601	1	1	1	5	0	18
chr16	1575328	1575887	2	2	1	6	0	29
chr16	1636277	1637198	2	2	1	3	0	15
chr16	1637306	1637933	2	2	1	3	0	11
chr16	1664233	1664639	1	1	0	6	0	30
chr16	1687909	1691139	1	1	1	11	0	7
chr16	1691189	1702496	1	1	1	11	0	9
chr16	1703158	1705219	1	1	1	3	0	20
chr16	1710065	1712490	1	1	1	1	0	15
chr16	1728358	1735439	1	1	1	7	0	19
chr16	1753990	2034408	1	1	0	5	0	12
chr16	1779275	2151983	2	2	0	0	9	13
chr16	1812733	1812836	1	1	1	4	0	18
chr16	1814212	1814301	1	1	1	7	0	10
chr16	1818380	1818477	1	1	1	4	0	23
chr16	1820768	1820889	2	2	1	0	1	1
chr16	1820995	1821070	2	2	1	14	0	30
chr16	1823476	1823705	1	1	1	4	0	8
chr16	1823843	1824260	1	1	1	9	0	4
chr16	1825134	1825315	1	1	1	4	0	11
chr16	1825410	1825569	1	1	1	8	0	26
chr16	1825686	1825797	1	1	1	8	0	10
chr16	1833038	1835639	1	1	1	0	1	4
chr16	1833038	1836537	1	1	1	4	0	3
chr16	1873039	1876712	2	2	1	3	0	13
chr16	2009756	2011153	1	1	1	3	0	4
chr16	2012272	2012497	2	2	1	2	17	26
chr16	2012272	2012736	2	2	1	0	1	2
chr16	2012658	2012736	2	2	1	18	11	23
chr16	2012658	2013149	2	2	1	0	6	2
chr16	2012911	2013149	2	2	1	4	9	27
chr16	2013258	2014276	2	2	1	0	3	3
chr16	2014367	2014449	2	2	1	48	5	32
chr16	2014367	2014807	2	2	1	4	0	17
chr16	2014630	2014807	2	2	1	47	13	18
chr16	2022207	2024056	1	1	1	2	0	29
chr16	2025440	2025529	1	1	1	5	0	16
chr16	2026116	2026211	1	1	1	3	0	17
chr16	2027428	2027514	1	1	1	1	0	19
chr16	2028222	2028313	1	1	1	13	0	16
chr16	2042780	2042863	1	1	1	11	0	5
chr16	2048854	2048965	2	2	1	14	0	23
chr16	2049123	2049496	2	2	1	18	11	16
chr16	2049901	2050177	1	1	0	6	0	27
chr16	2050258	2050409	2	2	1	2	0	9
chr16	2050483	2051004	2	2	1	8	0	30
chr16	2051193	2051592	2	2	1	8	0	12
chr16	2051702	2052206	2	2	1	8	0	32
chr16	2052425	2052521	2	2	1	9	0	25
chr16	2052734	2052991	2	2	1	4	0	18
chr16	2053122	2053616	2	2	1	9	0	27
chr16	2053730	2059524	2	2	1	16	0	21
chr16	2059624	2059624	0	0	1	16	0	14
chr16	2090240	2092002	2	2	1	8	0	23
chr16	2106771	2107105	1	1	1	17	0	27
chr16	2113584	2113604	0	0	0	4	0	32
chr16	2115637	2120456	1	1	1	2	7	3
chr16	2120498	2134249	1	1	0	3	0	30
chr16	2121618	2121784	1	1	1	4	0	31
chr16	2122365	2122849	1	1	1	4	0	12
chr16	2125894	2126068	1	1	1	1	0	2
chr16	2129198	2129276	1	1	1	1	0	18
chr16	2129430	2129557	1	1	1	2	0	9
chr16	2136381	2136732	1	1	1	10	0	30
chr16	2144015	2144092	2	2	1	13	0	12
chr16	2150073	2150166	2	2	1	0	5	1
chr16	2150311	2150396	2	2	1	14	0	31
chr16	2150568	2152061	2	2	1	0	10	28
chr16	2153897	2154498	2	2	1	0	1	7
chr16	2154644	2155322	2	2	1	0	12	29
chr16	2156092	2156436	2	4	0	0	8	28
chr16	2156306	2156398	2	2	1	0	2	1
chr16	2156950	2157883	2	2	1	0	5	26
chr16	2158034	2158252	2	2	1	0	8	17
chr16	2162965	2163161	2	2	1	3	0	9
chr16	2163294	2164170	2	2	1	4	0	9
chr16	2164927	2165378	2	2	1	0	8	26
chr16	2165627	2165992	2	2	1	0	24	8
chr16	2166120	2166529	2	2	1	0	4	8
chr16	2167055	2167489	2	2	1	2	0	5
chr16	2167674	2167791	2	2	1	0	6	19
chr16	2168464	2168676	2	2	1	0	31	18
chr16	2169187	2169307	2	2	1	0	4	5
chr16	2169380	2185475	2	2	1	0	7	28
chr16	2204924	2205143	2	2	1	4	0	22
chr16	2214003	2215879	1	1	1	3	0	13
chr16	2215938	2218077	1	1	1	6	0	5
chr16	2220732	2221264	1	1	1	0	6	4
chr16	2223556	2223788	1	1	1	2	0	1
chr16	2223838	2223921	1	1	1	2	0	8
chr16	2239566	2240073	2	4	1	11	0	16
chr16	2255514	2256031	1	1	1	9	0	5
chr16	2255514	2256061	1	1	1	0	7	2
chr16	2255877	2256061	1	1	1	0	7	2
chr16	2256411	2256497	1	1	1	8	0	9
chr16	2256661	2257035	1	1	1	6	0	4
chr16	2258336	2258450	1	1	1	8	0	3
chr16	2258615	2258759	1	1	1	4	1	20
chr16	2264055	2264138	2	2	1	15	0	23
chr16	2273772	2278372	1	1	1	18	0	18
chr16	2278525	2279570	1	1	1	4	0	10
chr16	2282910	2283011	1	1	1	8	0	11
chr16	2296988	2301316	2	2	1	14	0	23
chr16	2301431	2301515	2	2	1	47	0	31
chr16	2304065	2305585	2	2	1	2	3	4
chr16	2304065	2312278	2	2	1	0	3	1
chr16	2313289	2314176	2	2	1	0	2	20
chr16	2314333	2318055	2	2	1	12	0	7
chr16	2314762	2317933	2	2	1	1	0	6
chr16	2314762	2318055	2	2	1	8	0	4
chr16	2345742	2347329	2	2	1	1	0	6
chr16	2347541	2347766	2	2	1	5	1	25
chr16	2355642	2370610	1	1	0	1	0	25
chr16	2361799	2398114	1	1	0	0	2	30
chr16	2367212	3207406	2	2	0	0	9	13
chr16	2378759	2379648	2	2	1	3	0	23
chr16	2379856	2390573	2	2	1	2	0	6
chr16	2479499	2481130	1	1	1	3	0	4
chr16	2489828	2493649	1	1	1	5	0	7
chr16	2499464	2499828	1	1	1	2	0	18
chr16	2510172	2510283	1	1	1	0	1	1
chr16	2510172	2510623	1	1	1	0	1	1
chr16	2514231	2514522	1	1	1	3	0	6
chr16	2519294	2521906	2	2	0	8	0	29
chr16	2564184	2569218	1	1	1	3	0	26
chr16	2569403	2569541	1	1	1	10	0	2
chr16	2588138	2588502	1	1	1	3	0	1
chr16	2653729	2660462	1	1	1	6	0	28
chr16	2722572	2722707	2	2	1	4	0	11
chr16	2762272	2762874	2	4	0	8	0	15
chr16	2802856	2806334	1	1	1	6	0	5
chr16	2806608	2807472	1	1	1	12	0	13
chr16	2807581	2807781	1	1	1	16	0	22
chr16	2807947	2808470	1	1	1	9	1	14
chr16	2808043	2808156	2	2	0	3	0	32
chr16	2809049	2809140	1	1	1	3	0	8
chr16	2809174	2809352	1	1	1	17	0	32
chr16	2809404	2809569	1	1	1	35	0	13
chr16	2809663	2809747	1	1	1	32	0	24
chr16	2809663	2810301	1	1	1	9	0	29
chr16	2816281	2816375	1	1	0	4	0	17
chr16	2818263	2818505	1	1	1	8	0	5
chr16	2818263	2818997	1	1	1	5	0	7
chr16	2819286	2820352	1	1	1	2	0	6
chr16	2820467	2820604	1	1	1	3	0	25
chr16	2820719	2820858	1	1	1	6	0	7
chr16	2822104	2825451	2	2	1	5	0	29
chr16	2827129	2827237	2	2	1	34	0	27
chr16	2939447	3937765	1	1	0	0	5	31
chr16	2945322	2946352	1	1	1	1	0	6
chr16	2959188	2995905	1	1	0	0	1	13
chr16	2964291	2979613	1	1	1	0	11	1
chr16	2978919	2979613	1	1	1	0	11	1
chr16	2983584	2983716	1	1	1	14	0	30
chr16	2994321	2998493	1	1	0	1	0	18
chr16	3002091	3074913	1	1	0	0	6	25
chr16	3023066	3023138	2	2	1	10	0	22
chr16	3024419	3024550	2	2	1	0	7	1
chr16	3024658	3025319	2	2	1	13	0	27
chr16	3029914	3030219	2	2	1	0	5	7
chr16	3066923	3708464	0	0	0	0	7	31
chr16	3073000	3073233	2	2	1	1	0	14
chr16	3077502	3077577	1	1	1	13	0	19
chr16	3104113	3104384	1	1	0	0	1	22
chr16	3104345	3104580	1	1	0	0	1	15
chr16	3104345	3104716	1	1	0	0	1	15
chr16	3104345	3104784	1	1	0	0	1	15
chr16	3238480	3239748	1	1	1	4	0	26
chr16	3298332	3797830	2	2	0	0	5	18
chr16	3322301	4176954	0	0	0	6	0	31
chr16	3532599	3533362	1	1	1	3	0	24
chr16	3539377	3755942	2	2	0	0	6	21
chr16	3582842	3586121	1	1	1	3	0	10
chr16	3659568	3661560	2	2	1	5	0	13
chr16	3684373	3757329	1	1	0	0	2	21
chr16	3684373	3771226	1	1	0	0	2	21
chr16	3684478	3755942	2	2	0	0	6	21
chr16	3690936	3690955	2	2	0	6	0	17
chr16	3705046	3705373	1	1	1	5	0	7
chr16	3708867	3711987	2	2	1	8	0	9
chr16	3712969	3713424	2	2	1	9	0	9
chr16	3721793	3722700	2	2	1	2	0	18
chr16	3726147	3727498	2	2	1	6	0	12
chr16	3727660	3729719	2	2	1	7	0	28
chr16	3736138	3739055	2	2	1	12	0	28
chr16	3739139	3740827	2	2	1	12	0	25
chr16	3761072	4339798	2	2	0	7	0	18
chr16	3781939	3786036	2	2	1	18	0	18
chr16	3819355	3820570	2	2	1	5	0	10
chr16	3820988	3823751	2	2	1	2	0	17
chr16	3828184	3828700	2	2	1	9	0	8
chr16	3976644	4040253	1	1	0	0	3	30
chr16	4381776	4390920	2	2	1	0	1	7
chr16	4390987	4391368	2	2	1	2	0	26
chr16	4409623	4410278	2	2	1	3	0	13
chr16	4411250	4411361	2	2	1	7	0	14
chr16	4433848	4433996	0	0	0	4	0	32
chr16	4438070	4438545	2	2	1	3	0	2
chr16	4445341	4455491	2	2	1	1	0	11
chr16	4463406	4466459	2	2	1	5	0	5
chr16	4493166	4494664	1	1	1	7	0	30
chr16	4526489	4555484	1	1	1	9	0	12
chr16	4564666	4588702	2	2	1	9	0	16
chr16	4660815	4661057	0	0	0	4	0	30
chr16	4677535	4682650	0	0	0	3	0	30
chr16	4718314	4721391	1	1	1	8	0	19
chr16	4743881	4743984	1	1	1	3	0	18
chr16	4746898	4747017	2	2	1	9	0	31
chr16	4776778	4776979	2	2	1	0	2	2
chr16	4780153	4784156	2	2	1	7	0	10
chr16	4861804	4862086	2	2	1	3	0	11
chr16	4863840	4864537	2	2	1	1	0	22
chr16	4867699	4871380	2	2	1	7	0	9
chr16	4871455	4871547	2	2	1	4	0	27
chr16	4873909	4881979	2	2	1	2	0	10
chr16	5037708	5038149	1	1	1	0	2	4
chr16	5080495	5081745	2	2	1	0	7	3
chr16	5140351	5140432	2	2	1	2	0	18
chr16	5145516	5147644	2	2	1	0	1	7
chr16	5412409	5413079	1	3	0	0	5	32
chr16	6918586	7719020	2	2	0	0	5	19
chr16	7443086	7593933	1	3	0	0	10	17
chr16	8381637	9309466	1	1	0	9	0	15
chr16	8474540	8533059	2	4	0	0	5	24
chr16	8715633	8719352	1	1	1	5	0	15
chr16	8736423	8738413	1	1	1	6	0	12
chr16	8898701	8900172	1	1	1	6	0	2
chr16	8944908	8948890	1	1	1	0	6	2
chr16	8990957	8992216	2	2	1	6	0	28
chr16	8997260	8998291	2	2	1	11	0	21
chr16	9014305	9015013	2	2	1	1	0	15
chr16	9015153	9017071	2	2	1	6	3	30
chr16	9167362	9176080	2	2	0	1	0	24
chr16	10363212	10836266	1	1	0	0	7	31
chr16	10513481	10522724	1	1	1	7	0	23
chr16	10641535	10674405	2	2	1	6	0	10
chr16	10837740	10837817	1	1	1	9	0	3
chr16	11038655	11051638	1	1	1	8	0	4
chr16	11114183	11118677	1	1	1	10	0	19
chr16	11585702	11587499	2	2	1	0	1	7
chr16	11656493	11742182	2	2	0	0	4	27
chr16	11863874	12013652	2	2	0	0	8	28
chr16	11870389	11870606	2	2	1	1	0	32
chr16	11941664	11944135	2	2	1	2	0	14
chr16	11944276	11945264	2	2	1	2	0	30
chr16	11970033	11971263	2	2	1	8	0	10
chr16	11981762	11989025	2	2	0	0	3	22
chr16	11991893	12009225	2	2	1	12	0	20
chr16	12021737	12023096	2	2	1	0	2	32
chr16	12031526	12035694	2	2	1	0	9	16
chr16	12146080	12155384	1	1	1	10	0	29
chr16	12758973	12798480	2	2	1	0	4	4
chr16	14359596	14359597	0	0	1	1	0	3
chr16	14530630	14540744	2	2	1	0	1	1
chr16	14671717	14747374	1	1	0	0	2	13
chr16	14726876	14738130	1	1	1	8	0	32
chr16	14740515	14878977	2	2	0	0	5	30
chr16	14743169	14767115	1	1	0	0	8	25
chr16	14757907	15334950	2	2	0	0	6	25
chr16	14814092	14817048	1	1	1	0	10	21
chr16	14817157	14818174	1	1	1	0	1	28
chr16	14818236	14818344	1	1	1	0	10	11
chr16	14818381	14819739	1	1	1	0	7	17
chr16	14853212	14856168	1	1	1	0	10	21
chr16	14856277	14857294	1	1	1	0	1	28
chr16	14857356	14857464	1	1	1	0	10	11
chr16	14857501	14858859	1	1	1	0	7	17
chr16	14927874	14932263	1	1	1	0	4	27
chr16	14938632	14940433	1	1	1	0	6	13
chr16	14947884	14951073	1	1	1	0	3	14
chr16	14962493	14965477	1	1	1	0	3	22
chr16	14965542	14966090	1	1	1	0	4	14
chr16	14966187	14968892	1	1	1	0	6	18
chr16	14970376	14970520	1	1	1	0	8	23
chr16	15005765	15011396	1	1	1	0	7	28
chr16	15011469	15011589	1	1	1	0	4	5
chr16	15012100	15012311	1	1	1	0	31	18
chr16	15012984	15013101	1	1	1	0	6	19
chr16	15014782	15015136	1	1	1	0	24	8
chr16	15015385	15015857	1	1	1	0	8	26
chr16	15016614	15017511	1	1	1	0	4	29
chr16	15018010	15018361	1	1	1	0	13	5
chr16	15018496	15019589	1	1	1	0	4	4
chr16	15020103	15020447	1	3	0	0	8	28
chr16	15020120	15020192	0	0	0	0	7	32
chr16	15020141	15020233	1	1	1	0	10	16
chr16	15021217	15022237	1	1	1	0	12	29
chr16	15021217	15022279	1	1	0	0	3	23
chr16	15022383	15023107	1	1	1	0	13	30
chr16	15023889	15024022	1	1	1	0	8	2
chr16	15024933	15026427	1	1	1	0	10	28
chr16	15026829	15026922	1	1	1	0	5	1
chr16	15027351	15029016	1	1	1	0	7	10
chr16	15039839	15042786	1	1	1	0	10	21
chr16	15042895	15043906	1	1	1	0	1	28
chr16	15043968	15044076	1	1	1	0	10	11
chr16	15044113	15045471	1	1	1	0	11	11
chr16	15044679	15045471	1	1	1	0	3	27
chr16	15069078	15091609	1	1	1	0	5	20
chr16	15091684	15092196	1	1	1	0	2	29
chr16	15092263	15095632	1	1	1	1	0	7
chr16	15100441	15102635	1	1	1	0	2	9
chr16	15102705	15103537	1	1	1	6	0	28
chr16	15103617	15109985	1	1	1	0	10	22
chr16	15128236	15128313	1	1	1	2	0	16
chr16	15128411	15129305	1	1	1	7	0	15
chr16	15192048	15194085	1	5	0	9	0	20
chr16	15198616	15199971	2	2	1	0	7	17
chr16	15200008	15200116	2	2	1	0	10	11
chr16	15200178	15201186	2	2	1	0	1	28
chr16	15201295	15204270	2	2	1	0	10	21
chr16	15221454	15221543	2	2	1	0	7	18
chr16	15221755	15221848	2	2	1	0	5	1
chr16	15222247	15223738	2	2	1	0	10	28
chr16	15227347	15227689	2	4	0	0	8	28
chr16	15227561	15227651	2	2	1	0	2	1
chr16	15229287	15229505	2	2	1	0	8	17
chr16	15230608	15230725	2	2	1	9	0	6
chr16	15232121	15232241	2	2	1	0	4	5
chr16	15457927	15458719	2	2	1	0	3	27
chr16	15457927	15459285	2	2	1	0	11	11
chr16	15459322	15459430	2	2	1	0	10	11
chr16	15459492	15460509	2	2	1	0	1	28
chr16	15460618	15463568	2	2	1	0	10	21
chr16	15463714	15463876	2	2	1	0	9	28
chr16	15595446	15943412	2	2	0	0	5	32
chr16	15654858	15979336	1	3	0	9	0	31
chr16	15716954	15718625	2	2	1	3	0	17
chr16	15761297	15771657	1	1	1	7	0	9
chr16	15781369	15785000	1	1	1	11	0	22
chr16	15820858	15826341	1	1	1	7	0	4
chr16	16018294	16069648	1	1	0	0	3	16
chr16	16023791	16166802	1	1	0	0	6	30
chr16	16023791	16314657	1	1	0	0	6	30
chr16	16142161	16146580	1	1	1	8	0	9
chr16	16150153	16162012	1	1	1	2	0	15
chr16	16326689	16330757	1	1	1	0	4	27
chr16	16337119	16338924	1	1	1	0	6	13
chr16	16346380	16349576	1	1	1	0	3	14
chr16	16360989	16363977	1	1	1	0	3	22
chr16	16364042	16364589	1	1	1	0	4	14
chr16	16364686	16367545	1	1	1	0	6	18
chr16	16369029	16369173	1	1	1	0	8	23
chr16	16379364	16381599	1	1	1	0	9	24
chr16	16404420	16410047	1	1	1	0	7	28
chr16	16410120	16410240	1	1	1	0	4	5
chr16	16410751	16410962	1	1	1	0	31	18
chr16	16411635	16411752	1	1	1	0	6	19
chr16	16412896	16413305	1	1	1	0	4	8
chr16	16413433	16413787	1	1	1	0	24	8
chr16	16414036	16414508	1	1	1	0	8	26
chr16	16415265	16416162	1	1	1	0	4	29
chr16	16416661	16417012	1	1	1	0	13	5
chr16	16417147	16418240	1	1	1	0	4	4
chr16	16417412	16457424	0	0	0	0	3	30
chr16	16418792	16418884	1	1	1	0	10	16
chr16	16419868	16420721	1	1	1	0	12	29
chr16	16419868	16420763	1	1	0	0	3	23
chr16	16420867	16421592	1	1	1	0	13	30
chr16	16422056	16422507	1	1	1	0	8	2
chr16	16422374	16422507	1	1	1	0	8	2
chr16	16423418	16424914	1	1	1	0	10	28
chr16	16425086	16425171	1	1	1	0	7	2
chr16	16425316	16425409	1	1	1	0	5	1
chr16	16425838	16427503	1	1	1	0	7	10
chr16	16438002	16438164	1	1	1	0	9	28
chr16	16438310	16441259	1	1	1	0	10	21
chr16	16441368	16442383	1	1	1	0	1	28
chr16	16442445	16442553	1	1	1	0	10	11
chr16	16442590	16443948	1	1	1	0	11	11
chr16	16443156	16443948	1	1	1	0	3	27
chr16	16450784	16450995	1	1	1	0	31	18
chr16	16451668	16451785	1	1	1	0	6	19
chr16	16453462	16453816	1	1	1	0	24	8
chr16	16454065	16454537	1	1	1	0	8	26
chr16	16455294	16456192	1	1	1	0	4	29
chr16	16456680	16457012	1	1	1	0	13	5
chr16	16461226	16461444	1	1	1	0	8	17
chr16	16466717	16468207	1	1	1	0	10	28
chr16	16468379	16468464	1	1	1	0	7	2
chr16	16468914	16469003	1	1	1	0	7	18
chr16	16469131	16470796	1	1	1	0	7	10
chr16	16481664	16484623	1	1	1	0	10	21
chr16	16484732	16485747	1	1	1	0	1	28
chr16	16485809	16485917	1	1	1	0	10	11
chr16	16485954	16487312	1	1	1	0	11	11
chr16	16486520	16487312	1	1	1	0	3	27
chr16	16692898	16719471	1	1	0	0	5	13
chr16	17969056	18023259	2	2	0	0	3	29
chr16	18280620	18294508	1	1	0	0	5	32
chr16	18412293	18413651	2	2	1	0	11	11
chr16	18413688	18413796	2	2	1	0	10	11
chr16	18413858	18414873	2	2	1	0	1	28
chr16	18414982	18417947	2	2	1	0	10	21
chr16	18428825	18430490	2	2	1	0	7	10
chr16	18430618	18430707	2	2	1	0	7	18
chr16	18431157	18431242	2	2	1	0	7	2
chr16	18431414	18432904	2	2	1	0	10	28
chr16	18434727	18435478	2	2	1	0	13	30
chr16	18435582	18436513	2	2	0	0	3	23
chr16	18435624	18436513	2	2	1	0	12	29
chr16	18437497	18437589	2	2	1	0	10	16
chr16	18437538	18437610	0	0	0	0	7	32
chr16	18438141	18439234	2	2	1	0	4	4
chr16	18438957	18482483	0	0	0	0	3	30
chr16	18439369	18439720	2	2	1	0	13	5
chr16	18440219	18441116	2	2	1	0	4	29
chr16	18442594	18442948	2	2	1	0	24	8
chr16	18443076	18443485	2	2	1	0	4	8
chr16	18444533	18487096	0	0	0	10	0	32
chr16	18444629	18444746	2	2	1	0	6	19
chr16	18445419	18445630	2	2	1	0	31	18
chr16	18446141	18446261	2	2	1	0	4	5
chr16	18452446	18453238	2	2	1	0	3	27
chr16	18452446	18453804	2	2	1	0	11	11
chr16	18453841	18453949	2	2	1	0	10	11
chr16	18454011	18455026	2	2	1	0	1	28
chr16	18455135	18458083	2	2	1	0	10	21
chr16	18458229	18458391	2	2	1	0	9	28
chr16	18468927	18470592	2	2	1	0	7	10
chr16	18471021	18471114	2	2	1	0	5	1
chr16	18471259	18471344	2	2	1	0	7	2
chr16	18471516	18473011	2	2	1	0	10	28
chr16	18476509	18476853	2	4	0	0	8	28
chr16	18476723	18476815	2	2	1	0	2	1
chr16	18477367	18478300	2	2	1	0	5	26
chr16	18478451	18478669	2	2	1	0	8	17
chr16	18483703	18484601	2	2	1	0	4	29
chr16	18485358	18485830	2	2	1	0	8	26
chr16	18486079	18486433	2	2	1	0	24	8
chr16	18488110	18488227	2	2	1	0	6	19
chr16	18488900	18489111	2	2	1	0	31	18
chr16	18489622	18489742	2	2	1	0	4	5
chr16	18489815	18495440	2	2	1	0	7	28
chr16	18518251	18520486	2	2	1	0	9	24
chr16	18530678	18530822	2	2	1	0	8	23
chr16	18532306	18535165	2	2	1	0	6	18
chr16	18535262	18535810	2	2	1	0	4	14
chr16	18535875	18538858	2	2	1	0	3	22
chr16	18550287	18553493	2	2	1	0	3	14
chr16	18560950	18562760	2	2	1	0	6	13
chr16	18794425	18796059	2	2	1	0	5	27
chr16	18796146	18799384	2	2	1	4	0	21
chr16	18799465	18800302	2	2	1	4	0	20
chr16	18800441	18801631	2	2	1	13	0	19
chr16	18823450	18826496	2	2	1	0	5	4
chr16	18827852	18828612	2	2	1	1	0	8
chr16	18839491	18840607	2	2	1	0	6	2
chr16	18844489	18845525	2	2	1	2	0	13
chr16	18847855	18848574	2	2	1	6	0	15
chr16	18861790	18863388	2	4	1	8	0	22
chr16	18870504	18870877	2	2	1	0	5	6
chr16	18878098	18879511	2	2	1	0	3	3
chr16	18880042	18880425	2	2	1	0	4	27
chr16	18880626	18881175	2	2	1	0	1	13
chr16	18883668	18883815	2	2	1	0	2	13
chr16	18883947	18887445	2	2	1	0	6	7
chr16	18903677	18907373	2	2	1	0	7	2
chr16	18943029	18947871	2	2	0	0	8	29
chr16	19050495	19067493	2	2	0	0	1	21
chr16	19107417	19108038	1	1	0	4	0	31
chr16	19125327	19126339	0	0	0	6	0	32
chr16	19145747	19770673	1	1	0	0	8	15
chr16	19422499	19441734	1	1	1	2	0	32
chr16	19522267	19528335	2	2	1	12	0	18
chr16	19535411	19537040	1	1	1	0	3	1
chr16	19536342	19537040	1	1	1	0	3	1
chr16	19536547	19537040	1	1	1	0	3	1
chr16	19554317	19556118	1	1	1	1	0	8
chr16	19567069	19576172	1	1	1	6	0	22
chr16	19625959	19627091	2	2	0	1	0	29
chr16	19721909	19722693	2	2	1	7	0	13
chr16	19726360	19729479	2	2	1	5	0	24
chr16	20391716	20936402	1	1	0	0	4	13
chr16	20810674	20811278	2	2	1	10	0	32
chr16	20811361	20811623	2	2	1	3	0	1
chr16	20814839	20814924	2	2	1	10	0	31
chr16	21262869	21428855	2	2	0	0	7	16
chr16	21390986	22255311	1	1	0	0	4	30
chr16	21414647	21414659	0	0	1	0	5	14
chr16	21416615	21417974	2	2	1	0	2	32
chr16	21418011	21418119	2	2	1	0	7	26
chr16	21418937	21419161	0	0	0	0	4	30
chr16	21426407	21430810	2	2	1	0	9	16
chr16	21429491	21606669	2	2	0	0	8	13
chr16	21429491	21630122	2	2	0	0	8	13
chr16	21431088	21433126	2	2	1	0	1	19
chr16	21439673	21441053	2	4	0	0	7	31
chr16	21447258	21879539	0	0	0	0	7	32
chr16	21450419	21882295	0	0	0	5	0	31
chr16	21459409	21459782	2	2	1	0	5	6
chr16	21465563	21466663	2	2	1	0	3	3
chr16	21467781	21468331	2	2	1	0	1	13
chr16	21468473	21469091	2	2	1	0	3	6
chr16	21469371	21469841	2	2	1	0	8	26
chr16	21471257	21471410	2	2	1	0	2	8
chr16	21471542	21475023	2	2	1	0	6	7
chr16	21473282	21905091	2	2	0	0	4	23
chr16	21481241	21482974	2	2	1	0	7	29
chr16	21499632	21500322	0	0	0	0	3	30
chr16	21501587	21933082	2	2	0	0	9	32
chr16	21506655	21904073	1	3	0	5	0	29
chr16	21513663	21519616	0	0	0	4	0	32
chr16	21533771	21934893	2	2	0	0	4	13
chr16	21533771	22324062	2	2	0	0	4	13
chr16	21823933	21828782	2	2	1	6	0	11
chr16	21847207	21847219	0	0	1	0	5	14
chr16	21848688	21848801	0	0	1	11	0	27
chr16	21849066	21850425	2	2	1	0	2	32
chr16	21850462	21850570	2	2	1	0	7	26
chr16	21851388	21851612	0	0	0	0	4	30
chr16	21858863	21863090	2	2	1	0	9	16
chr16	21863368	21865404	2	2	1	0	1	19
chr16	21871953	21873331	2	4	0	0	7	31
chr16	21891669	21892042	2	2	1	0	5	6
chr16	21897806	21898904	2	2	1	0	3	3
chr16	21900022	21900572	2	2	1	0	1	13
chr16	21901612	21902084	2	2	1	0	1	26
chr16	21903069	21903222	2	2	1	0	2	8
chr16	21903354	21906843	2	2	1	0	6	7
chr16	21913036	21914769	2	2	1	0	7	29
chr16	21922693	21927181	2	2	1	0	1	30
chr16	21931119	21931810	0	0	0	0	3	30
chr16	22227042	22239748	0	0	0	0	5	32
chr16	22237297	22255950	1	1	1	1	0	5
chr16	22277846	22278008	1	1	1	3	0	11
chr16	22285072	22291518	1	1	1	4	0	23
chr16	22308859	22314251	1	1	1	7	0	18
chr16	22314326	22316476	1	1	1	9	0	12
chr16	22316528	22319468	1	1	1	6	0	12
chr16	22337600	22339830	1	1	1	6	0	1
chr16	22461555	22462246	0	0	0	0	3	30
chr16	22466187	22470675	1	1	1	0	1	30
chr16	22486540	22490011	1	1	1	0	6	7
chr16	22490143	22490296	1	1	1	0	2	8
chr16	22491704	22492174	1	1	1	0	8	26
chr16	22492454	22493072	1	1	1	0	3	6
chr16	22493214	22493764	1	1	1	0	1	13
chr16	22494882	22495982	1	1	1	0	3	3
chr16	22501764	22502137	1	1	1	0	5	6
chr16	22510349	22518523	2	6	0	4	0	19
chr16	22528424	22530458	1	1	1	0	1	19
chr16	22530736	22535140	1	1	1	0	9	16
chr16	22543442	22543550	1	1	1	0	7	26
chr16	22543587	22544946	1	1	1	0	2	32
chr16	22591891	23388056	2	2	0	7	0	15
chr16	22833734	23565587	2	2	0	5	0	27
chr16	23119505	23159958	2	2	1	3	0	32
chr16	23479022	23480206	2	2	1	8	0	13
chr16	23492092	23494243	2	2	1	7	0	14
chr16	23498112	23499926	2	2	1	5	0	4
chr16	23505700	23507014	2	2	1	12	0	18
chr16	23556025	23563469	2	2	1	13	0	22
chr16	23563626	23568525	2	2	1	0	3	2
chr16	23569089	23569270	1	1	1	28	1	23
chr16	23569601	23570788	1	1	1	0	2	3
chr16	23573593	23573945	1	1	1	4	0	13
chr16	23598641	23607443	2	2	1	3	0	5
chr16	23654345	23669827	1	1	1	8	0	28
chr16	23690365	23690393	0	0	0	7	0	31
chr16	23690662	23691404	1	1	1	5	0	20
chr16	23693479	23695190	1	1	1	5	0	24
chr16	23695346	23698926	1	1	0	7	0	19
chr16	23698946	23699988	1	1	1	7	0	3
chr16	23700998	23701180	1	1	1	5	0	4
chr16	24316741	24702199	1	1	0	8	0	25
chr16	24552114	24557483	1	1	1	2	0	2
chr16	24567025	24567141	1	1	1	2	0	30
chr16	24578827	24579112	1	1	1	4	0	31
chr16	24607642	24650743	1	1	0	1	0	22
chr16	24808892	24809235	1	1	1	6	0	3
chr16	24809288	24815497	1	1	1	6	0	10
chr16	24815641	24816334	1	1	1	1	0	8
chr16	24817605	24817894	1	1	1	5	0	16
chr16	24943184	24955340	2	2	0	0	3	25
chr16	24971074	24971231	2	2	1	5	0	18
chr16	24975630	24979671	2	2	1	3	0	15
chr16	24981902	24988535	2	2	1	5	0	14
chr16	24990327	25025183	2	2	1	8	0	27
chr16	25330363	25592999	1	1	0	0	6	22
chr16	25343690	25542897	1	1	0	0	6	23
chr16	26330063	26455113	0	0	0	0	7	32
chr16	27171860	27216269	2	2	0	1	0	23
chr16	27236558	27237046	2	2	1	3	0	21
chr16	27445287	28370189	1	1	0	0	8	16
chr16	27472884	27473614	2	2	1	2	0	20
chr16	27476158	27476580	2	2	1	6	0	4
chr16	27487866	27489789	2	2	1	6	0	8
chr16	27497476	27499547	2	2	1	10	0	16
chr16	27503837	27503937	2	2	1	4	0	16
chr16	27512666	27514179	2	2	1	5	0	6
chr16	27518478	27519860	2	2	1	6	0	15
chr16	27570743	28052511	2	2	0	0	4	27
chr16	27715320	27720025	1	1	1	1	0	3
chr16	28066522	28085593	1	3	0	1	0	31
chr16	28113010	28113167	2	2	1	4	0	12
chr16	28128784	28132990	2	2	1	4	0	21
chr16	28187417	28188540	2	2	1	0	5	32
chr16	28388410	28427526	2	2	0	0	1	26
chr16	28391460	28391612	2	2	1	0	4	22
chr16	28391701	28391788	2	2	1	0	11	14
chr16	28391855	28391952	2	2	1	0	3	11
chr16	28392113	28394438	2	2	1	0	1	11
chr16	28401706	28401840	2	2	1	0	4	24
chr16	28401967	28402160	2	2	1	0	13	26
chr16	28402303	28403072	2	2	1	0	12	15
chr16	28403177	28403300	2	2	1	0	5	2
chr16	28411808	28411935	2	2	1	0	7	22
chr16	28411991	28412179	2	2	1	0	3	3
chr16	28412306	28412527	2	2	1	0	5	4
chr16	28414970	28415058	2	2	1	0	9	1
chr16	28414970	28415103	2	2	1	0	7	2
chr16	28414970	28415107	2	2	1	0	34	32
chr16	28502882	28503034	2	2	1	8	0	12
chr16	28565419	28592375	1	1	1	2	0	23
chr16	28599370	28685688	2	2	0	0	5	27
chr16	28599370	28799862	2	2	0	0	5	27
chr16	28599370	29079706	2	2	0	0	5	27
chr16	28604624	29019974	2	2	0	0	4	16
chr16	28618133	29019974	2	2	0	0	4	16
chr16	28619925	28620028	2	2	1	3	0	5
chr16	28629898	29435521	2	2	0	5	0	24
chr16	28710452	28749516	1	1	0	0	1	26
chr16	28722840	28722977	1	1	1	0	34	32
chr16	28722889	28722977	1	1	1	0	9	1
chr16	28725420	28725641	1	1	1	0	5	4
chr16	28725768	28725956	1	1	1	0	3	3
chr16	28726012	28726139	1	1	1	0	7	22
chr16	28732354	28734484	1	3	1	0	1	2
chr16	28734645	28734768	1	1	1	0	5	2
chr16	28734873	28735642	1	1	1	0	12	15
chr16	28735785	28735978	1	1	1	0	13	26
chr16	28736105	28736239	1	1	1	0	4	24
chr16	28743514	28745840	1	1	1	0	1	11
chr16	28746001	28746098	1	1	1	0	3	11
chr16	28746165	28746252	1	1	1	0	11	14
chr16	28746341	28746493	1	1	1	0	4	22
chr16	28835864	28836686	1	1	1	7	0	15
chr16	28841380	28841935	1	1	1	15	0	10
chr16	28842112	28842282	1	1	1	6	0	18
chr16	28843721	28843816	1	1	1	2	0	26
chr16	28843889	28844137	1	1	1	4	0	4
chr16	28844830	28845385	1	1	1	4	0	21
chr16	28845533	28845663	1	1	1	8	0	18
chr16	28845737	28845826	1	1	1	4	2	26
chr16	28846509	28846598	1	1	1	6	0	20
chr16	28855159	28855321	2	2	0	2	0	24
chr16	28855423	28855550	2	2	1	7	0	13
chr16	28855656	28855739	2	2	1	13	0	18
chr16	28855873	28856018	2	2	1	7	0	6
chr16	28856184	28856271	2	2	1	3	0	26
chr16	28856802	28857232	2	2	1	6	0	25
chr16	28857428	28857538	2	2	1	15	0	15
chr16	28878355	28878651	1	1	1	10	0	30
chr16	28922501	28925556	2	2	1	0	3	2
chr16	28962373	28963452	1	1	1	0	5	2
chr16	28986185	28986421	1	1	1	4	0	17
chr16	29062029	29063392	1	1	1	0	2	32
chr16	29370106	29800641	1	1	0	0	4	30
chr16	29370106	29904730	1	1	0	0	4	30
chr16	29370106	29968943	1	1	0	0	4	30
chr16	29381115	29414423	1	1	1	0	2	4
chr16	29395611	29396970	2	2	1	0	2	32
chr16	29418348	29519762	0	0	1	11	0	5
chr16	29438651	29439622	2	2	1	3	0	10
chr16	29445738	29446833	2	2	1	0	3	3
chr16	29447364	29447750	2	2	1	0	4	27
chr16	29447951	29448502	2	2	1	0	1	13
chr16	29450120	29450824	2	2	1	0	7	18
chr16	29450987	29451135	2	2	1	0	2	13
chr16	29465054	29465336	2	2	1	0	7	2
chr16	29466771	29466864	1	1	1	0	3	4
chr16	29468136	30207362	0	0	0	4	0	31
chr16	29469337	29469415	1	1	1	0	7	12
chr16	29473272	29474665	1	1	1	0	3	27
chr16	29497155	29498514	2	2	1	0	2	32
chr16	29506929	29511318	2	2	1	0	9	16
chr16	29509930	30247387	1	3	0	4	0	23
chr16	29539898	29540271	2	2	1	0	5	6
chr16	29547504	29548599	2	2	1	0	3	3
chr16	29549129	29549515	2	2	1	0	4	27
chr16	29549716	29550267	2	2	1	0	1	13
chr16	29551885	29552589	2	2	1	0	7	18
chr16	29552752	29552900	2	2	1	0	2	13
chr16	29560084	29562509	2	2	1	0	6	29
chr16	29562683	29564406	2	2	1	0	7	29
chr16	29572973	29576671	2	2	1	0	7	2
chr16	29581344	29582014	0	0	0	0	3	30
chr16	29627051	30324838	2	2	0	0	4	25
chr16	29644876	29667432	1	1	0	0	13	12
chr16	29644876	29671330	1	1	0	0	13	12
chr16	29644876	29680969	1	1	0	0	13	12
chr16	29644876	29848843	1	1	0	0	13	12
chr16	29690532	29705984	1	1	1	1	0	10
chr16	29706521	29708316	1	1	1	5	0	26
chr16	29802151	29808213	1	1	1	3	2	24
chr16	29802543	29808213	1	3	1	0	2	2
chr16	29803836	29808213	1	1	1	0	2	2
chr16	29810816	29810948	1	1	1	6	0	11
chr16	29816048	29816134	1	1	0	3	0	17
chr16	29816348	29816435	1	1	1	2	3	25
chr16	29816496	29816583	1	1	1	12	0	32
chr16	29817502	29818127	1	1	1	5	0	10
chr16	29818215	29818298	1	1	1	53	5	27
chr16	29819150	29819550	1	1	1	7	0	23
chr16	29819615	29819890	1	1	1	9	0	30
chr16	29820063	29821397	1	1	1	0	7	2
chr16	29821086	29821397	1	3	1	3	7	26
chr16	29828329	29828530	1	1	1	1	0	23
chr16	29871984	29872426	2	2	1	9	0	13
chr16	29872581	29873906	2	2	1	6	1	26
chr16	29951267	30578309	1	1	0	0	9	17
chr16	29973454	29974427	1	1	1	13	0	28
chr16	29979576	29982728	1	1	1	5	0	25
chr16	29985970	29989058	1	1	1	0	1	4
chr16	29989675	29990119	1	1	1	6	0	7
chr16	29994223	29994392	1	1	1	4	0	4
chr16	29997183	29997585	1	1	1	7	0	27
chr16	30006165	30006423	2	2	1	6	0	26
chr16	30007939	30008128	1	1	1	5	0	29
chr16	30024210	30024716	0	0	0	5	0	30
chr16	30075827	30078554	1	1	1	8	0	21
chr16	30076106	30077196	1	1	1	5	0	2
chr16	30076106	30078554	1	1	1	2	0	14
chr16	30077249	30078554	1	1	1	14	0	12
chr16	30078688	30078770	1	1	1	9	4	20
chr16	30078983	30079966	1	1	1	35	0	23
chr16	30080022	30080138	1	1	1	26	0	27
chr16	30080300	30080626	1	1	1	2	0	19
chr16	30080711	30080819	1	1	1	5	0	22
chr16	30080995	30081150	1	1	1	28	0	14
chr16	30081351	30081437	1	1	1	4	0	14
chr16	30087215	30457140	1	3	0	12	0	14
chr16	30087416	30087635	1	1	1	9	0	13
chr16	30123890	30123978	2	2	1	3	0	30
chr16	30126030	30127956	2	2	1	8	0	10
chr16	30147784	30174463	1	1	0	0	3	12
chr16	30195741	30195824	2	2	1	7	0	3
chr16	30199363	30199834	0	0	0	6	0	32
chr16	30204396	30204678	2	2	1	0	7	2
chr16	30206113	30206206	1	1	1	0	3	4
chr16	30208679	30208757	1	1	1	0	7	12
chr16	30212615	30214010	1	1	1	0	3	27
chr16	30237125	30238484	2	2	1	0	2	32
chr16	30246901	30251286	2	2	1	0	9	16
chr16	30279883	30280256	2	2	1	0	5	6
chr16	30287489	30288584	2	2	1	0	3	3
chr16	30289115	30289501	2	2	1	0	4	27
chr16	30289702	30290253	2	2	1	0	1	13
chr16	30291883	30292587	2	2	1	0	7	18
chr16	30300107	30302523	2	2	1	0	6	29
chr16	30302697	30304419	2	2	1	0	7	29
chr16	30312680	30316375	2	2	1	0	7	2
chr16	30321049	30321739	0	0	0	0	3	30
chr16	30364417	30364501	2	2	1	7	0	22
chr16	30364609	30364688	2	2	1	0	4	9
chr16	30365644	30365924	2	2	1	7	0	14
chr16	30366029	30366532	2	2	1	0	2	1
chr16	30369895	30369983	2	2	1	4	0	14
chr16	30370577	30376295	0	0	0	16	0	30
chr16	30370683	30370858	2	2	1	11	0	8
chr16	30376328	30376425	2	2	1	16	0	3
chr16	30376916	30380548	2	2	1	6	0	7
chr16	30419516	30428875	1	1	1	0	13	2
chr16	30420293	30422054	0	0	0	6	0	32
chr16	30440489	30441200	2	2	1	1	0	5
chr16	30501149	30535024	2	2	0	0	1	22
chr16	30563638	30812275	1	1	0	0	5	19
chr16	30563811	30565726	1	1	0	0	7	24
chr16	30662990	30663116	1	1	1	2	0	8
chr16	30663286	30664041	1	1	1	6	0	14
chr16	30664164	30664234	1	1	1	8	0	2
chr16	30674181	30675535	1	1	1	7	0	21
chr16	30676723	30676958	1	1	1	9	0	8
chr16	30680301	30680389	1	1	1	7	0	2
chr16	30709783	30711228	1	1	1	3	0	25
chr16	30711303	30711936	1	1	1	15	0	29
chr16	30712200	30715384	1	1	1	4	0	22
chr16	30718690	30718892	1	1	1	7	0	6
chr16	30719034	30720833	1	1	1	5	0	21
chr16	30721057	30721171	1	1	1	6	0	5
chr16	30722169	30722319	1	1	1	1	0	8
chr16	30722410	30722891	1	1	1	4	0	12
chr16	30723479	30723582	1	1	1	1	0	1
chr16	30723761	30723999	1	1	1	8	0	26
chr16	30724137	30724528	1	1	1	4	0	26
chr16	30728963	30729009	2	2	0	10	0	16
chr16	30731653	30732033	1	1	1	4	0	14
chr16	30732300	30732509	1	1	1	10	0	7
chr16	30740553	30740690	1	1	1	4	0	4
chr16	30747946	30748369	1	1	1	12	0	16
chr16	30767594	30767687	1	1	1	8	0	17
chr16	30768037	30768124	1	1	1	1	0	20
chr16	30773373	30773795	1	1	1	0	8	2
chr16	30773682	30773795	1	1	1	34	0	26
chr16	30773720	30773795	1	1	1	12	0	6
chr16	30773999	30774438	1	1	1	1	0	17
chr16	30774607	30774738	1	1	1	5	0	11
chr16	30775707	30776258	1	1	1	8	0	22
chr16	30780720	30780795	1	1	1	4	0	16
chr16	30783295	30783409	1	1	1	6	0	9
chr16	30795837	30798348	2	2	1	6	0	7
chr16	30837933	30963529	2	2	0	0	5	15
chr16	30837933	31060160	2	2	0	0	5	15
chr16	30837933	31060342	2	2	0	0	5	15
chr16	30896924	30941075	2	2	0	0	4	23
chr16	30904069	30904160	2	2	1	1	0	14
chr16	30904262	30905267	2	4	0	5	0	19
chr16	30938981	30939065	1	1	1	2	0	4
chr16	30950972	30952222	2	2	0	0	1	24
chr16	30953858	30958050	1	1	1	4	0	29
chr16	30970203	30970411	1	1	1	1	0	10
chr16	30974876	30975414	1	1	1	10	0	12
chr16	30975645	30975932	1	1	1	6	0	28
chr16	30991979	30992059	1	1	1	11	0	2
chr16	30992171	30992381	1	1	1	8	0	21
chr16	31050973	31051043	1	1	1	6	0	9
chr16	31086083	31087566	1	1	1	9	0	15
chr16	31096025	31096100	2	2	1	5	0	3
chr16	31104743	31105877	2	2	1	0	7	3
chr16	31116652	31180996	1	1	0	0	8	28
chr16	31119741	31120411	2	2	0	3	0	14
chr16	31119801	31120367	1	1	1	26	0	25
chr16	31121446	31121525	1	1	1	1	0	4
chr16	31128067	31409563	2	2	0	0	9	12
chr16	31132487	31314399	1	1	0	0	5	22
chr16	31192280	31202124	2	2	0	8	0	31
chr16	31193744	31193833	1	1	1	11	1	2
chr16	31195324	31195529	1	1	1	4	0	15
chr16	31196501	31198122	1	1	1	9	0	8
chr16	31198158	31199645	1	1	1	7	0	7
chr16	31199679	31200443	1	1	1	21	0	8
chr16	31200548	31200985	1	1	1	1	0	2
chr16	31201116	31201360	1	1	1	6	0	21
chr16	31201463	31201595	1	1	1	27	0	14
chr16	31465496	31466151	2	2	0	4	0	20
chr16	31474239	31475714	1	1	1	6	0	16
chr16	31510729	31510813	2	2	1	6	0	16
chr16	31654124	31658045	1	1	0	0	1	16
chr16	31734675	31765086	1	1	1	1	0	13
chr16	32178521	32179053	2	2	1	0	4	10
chr16	32771213	32771745	1	1	1	0	4	10
chr16	33121305	33121837	2	2	1	0	4	10
chr16	33963172	33963346	2	2	0	0	3	30
chr16	33963745	33964018	1	5	0	11	0	30
chr16	46702965	46705616	2	2	1	11	0	19
chr16	46705773	46706176	2	2	1	6	0	23
chr16	46708375	46708475	2	2	1	5	0	10
chr16	46710605	46711226	2	2	1	12	0	9
chr16	46715413	46715990	2	2	1	5	0	1
chr16	46717519	46723042	2	2	1	13	0	21
chr16	46723683	46724902	1	1	1	7	0	7
chr16	46725860	47709411	0	0	0	5	0	32
chr16	46729587	46729928	1	1	1	1	0	4
chr16	46843698	46858297	2	2	1	1	0	26
chr16	46858395	46864995	2	2	1	2	4	27
chr16	46918637	46931559	1	3	1	0	2	8
chr16	46918871	46931559	1	1	1	0	2	8
chr16	46934703	46940753	1	1	1	8	0	17
chr16	46975061	46994477	1	1	0	0	1	27
chr16	47699944	47703125	1	1	1	3	0	18
chr16	48330077	48333572	1	1	1	2	0	12
chr16	48387157	48387291	2	4	0	2	0	29
chr16	48402820	48417294	2	2	0	0	1	12
chr16	48452529	48487821	2	2	0	0	5	15
chr16	49911217	50814448	1	1	0	5	0	28
chr16	50188171	50245233	1	1	1	6	0	6
chr16	50194040	50218360	2	2	0	4	0	28
chr16	50228905	50376576	2	2	0	0	3	32
chr16	50261915	50263062	1	1	1	4	0	24
chr16	50785818	50788229	1	1	1	3	0	7
chr16	50828340	50830234	1	1	1	2	0	23
chr16	53072541	53083048	1	1	0	1	0	23
chr16	53088990	53189837	1	1	1	10	0	14
chr16	53676195	54186077	2	2	0	0	4	17
chr16	54959126	54962681	2	2	1	0	14	3
chr16	56127811	56595329	1	1	0	0	7	19
chr16	56398018	56401355	2	2	1	11	0	31
chr16	56423288	56435644	2	2	1	4	0	27
chr16	56434249	56474850	2	2	0	0	5	29
chr16	56642596	56642903	1	1	1	12	0	27
chr16	56764124	56782145	1	1	1	14	0	12
chr16	56852651	56855415	1	1	1	1	0	15
chr16	56855506	56857618	1	1	1	4	0	19
chr16	57103832	57104446	1	1	1	6	0	13
chr16	57144835	57147199	1	1	1	2	0	5
chr16	57197978	57201004	2	2	1	8	0	27
chr16	57243403	57777075	1	1	0	0	12	30
chr16	57250086	57250815	1	1	1	1	0	2
chr16	57280054	57282448	1	1	1	6	0	14
chr16	57284420	57286077	1	1	1	2	0	15
chr16	57385583	57621948	2	2	0	0	8	30
chr16	57771196	57775598	1	1	1	8	0	27
chr16	57785637	57785851	1	1	1	10	0	17
chr16	57785968	57786441	1	1	1	5	0	24
chr16	57789151	57789256	1	1	1	0	4	1
chr16	57931819	57935255	2	2	1	0	2	3
chr16	58036550	58043832	1	1	1	3	0	27
chr16	58054463	58054537	0	0	0	3	0	31
chr16	58517903	59287428	1	1	0	0	6	17
chr16	58534628	58535179	1	1	0	4	0	14
chr16	58541769	58541851	1	1	1	1	0	19
chr16	58549469	58549694	1	1	1	46	0	32
chr16	58550002	58550105	1	1	1	12	0	9
chr16	58573864	58575404	2	2	1	5	0	19
chr16	58575525	58576134	2	2	1	5	0	30
chr16	58576473	58577510	2	2	1	3	0	17
chr16	58577808	58579264	2	2	1	7	0	30
chr16	58589813	58590765	2	2	1	1	0	19
chr16	58590898	58592376	2	2	1	3	0	6
chr16	58594267	58608512	2	2	1	3	0	27
chr16	58621160	58621248	2	2	1	7	0	18
chr16	58621318	58621683	2	2	1	1	0	31
chr16	58622811	58633139	2	2	1	10	0	5
chr16	58633416	58663631	2	2	1	4	1	22
chr16	58634773	58651678	1	1	0	0	1	16
chr16	58657314	58663631	2	2	1	9	1	6
chr16	58658699	58663631	2	2	1	7	0	19
chr16	58743472	58749917	2	2	1	5	0	14
chr16	58750084	58750566	2	2	1	0	1	1
chr16	58750084	58752099	2	2	1	0	1	1
chr16	58753160	58756053	2	2	1	10	0	26
chr16	58756183	58757649	2	2	1	8	0	26
chr16	58757807	58768043	2	2	1	6	0	19
chr16	59046782	59488382	0	0	0	5	0	31
chr16	66335736	66335759	1	1	0	0	4	15
chr16	66413451	66420711	1	1	1	0	1	3
chr16	66638856	66642211	1	1	1	3	0	16
chr16	66736845	66772652	2	2	0	0	1	29
chr16	66761709	66762103	2	2	1	6	0	27
chr16	66763003	66764014	2	2	1	7	0	7
chr16	66783217	66785175	2	2	1	6	0	29
chr16	66785250	66785387	2	2	1	2	0	2
chr16	66837022	66839679	2	2	1	4	0	7
chr16	66839730	66839814	2	2	1	4	0	2
chr16	66842979	66844276	2	2	1	6	0	22
chr16	66851391	66852430	2	2	1	1	0	10
chr16	66857504	66858757	2	2	1	2	0	17
chr16	66959098	66959311	2	2	1	5	0	10
chr16	66967643	66967889	2	2	1	9	2	18
chr16	66967970	66968125	2	6	1	2	0	18
chr16	67063389	67063629	1	1	1	1	0	4
chr16	67063717	67070541	1	1	1	3	0	5
chr16	67100702	67116115	1	1	1	4	0	19
chr16	67180254	67180947	1	1	1	6	0	23
chr16	67201126	67201205	1	1	1	2	0	6
chr16	67208848	67208949	1	1	1	0	11	1
chr16	67231815	67231910	1	1	1	4	0	10
chr16	67232392	67232417	0	0	0	3	0	32
chr16	67235339	67235422	1	1	1	1	0	30
chr16	67235982	67236078	1	1	1	6	0	1
chr16	67261128	67261738	1	1	1	7	0	18
chr16	67271018	67271141	2	2	1	6	0	29
chr16	67271286	67271377	2	2	1	1	0	7
chr16	67283105	67286444	1	1	1	8	0	30
chr16	67314710	67314784	1	1	1	10	0	27
chr16	67477082	67478430	2	2	1	7	0	24
chr16	67481280	67482062	0	0	0	3	0	31
chr16	67572454	67572574	1	1	1	3	0	13
chr16	67580135	67580268	1	1	1	4	0	3
chr16	67596628	67605050	1	1	1	10	0	24
chr16	67646025	67650647	1	1	1	4	0	30
chr16	67670755	67671590	1	1	1	8	0	9
chr16	67680421	67680616	1	1	1	7	0	20
chr16	67680877	67681018	1	1	1	3	0	30
chr16	67681506	67681582	1	1	1	4	0	2
chr16	67687158	67688051	1	1	1	5	0	31
chr16	67751476	67828939	2	2	0	0	2	17
chr16	67760980	67790889	2	2	0	0	1	29
chr16	67822212	67822889	1	1	0	5	0	22
chr16	67855129	67858485	1	1	1	1	0	4
chr16	67861846	67865071	1	1	1	0	7	1
chr16	67863179	67863255	2	2	0	4	0	32
chr16	67866012	67866130	2	2	1	8	0	17
chr16	67866449	67867652	2	2	1	3	0	4
chr16	67880889	67899004	1	1	1	16	13	27
chr16	67899133	67902242	1	1	1	14	0	17
chr16	67907247	67909847	1	1	1	14	0	15
chr16	67910876	67911119	1	1	1	11	0	31
chr16	67911310	67911411	1	1	1	2	0	5
chr16	67911560	67911643	1	1	1	10	0	25
chr16	67916498	67916581	1	1	1	5	0	19
chr16	67917635	67917858	1	1	1	5	0	3
chr16	67955996	68776393	2	2	0	0	5	12
chr16	67964492	67964628	2	2	1	6	0	15
chr16	67972100	67972460	0	0	0	5	0	30
chr16	67980244	67980340	2	2	1	6	0	17
chr16	67991700	67991800	2	2	1	1	0	4
chr16	67991948	67995477	2	2	1	3	0	21
chr16	68110623	68112347	1	1	1	9	0	16
chr16	68119688	68155889	1	1	1	4	0	9
chr16	68157025	68160350	1	1	1	3	1	2
chr16	68191972	68200745	1	1	1	2	0	27
chr16	68301561	68776382	2	2	0	5	0	13
chr16	68306948	68307697	1	1	1	8	0	1
chr16	68309153	68321648	1	1	1	5	0	16
chr16	68321775	68324298	1	1	1	6	0	8
chr16	68373872	68379577	1	1	1	6	0	5
chr16	68382335	68385292	1	1	1	1	0	14
chr16	68387470	68389625	1	1	1	0	13	1
chr16	68389787	68390603	1	1	1	2	0	6
chr16	68676896	68776393	2	2	0	0	5	12
chr16	68688505	69142278	1	1	0	5	0	21
chr16	68744116	68776382	2	2	0	0	2	15
chr16	68776431	69224845	2	2	0	240	0	14
chr16	68954802	69285468	1	1	0	0	6	25
chr16	68954802	69308001	1	1	0	0	6	25
chr16	68954802	69748569	1	1	0	0	6	25
chr16	68964199	69007930	1	1	1	2	0	24
chr16	68970449	69614770	1	1	0	0	4	20
chr16	69079569	69173464	2	2	0	0	2	24
chr16	69166593	69167360	1	1	1	9	0	27
chr16	69187584	69188295	1	1	1	8	0	5
chr16	69189897	69190986	1	1	1	6	0	3
chr16	69345436	69349910	1	1	1	3	0	25
chr16	69352150	70332090	0	0	0	0	7	31
chr16	69352615	69352725	1	1	1	2	0	29
chr16	69356604	69358110	1	1	1	1	0	4
chr16	69373789	69373908	1	1	1	4	0	25
chr16	69382771	69891183	1	3	0	0	8	29
chr16	69580827	70438901	0	0	0	8	0	30
chr16	69694915	70189494	1	1	0	1	5	32
chr16	69729283	69730262	1	1	1	1	0	10
chr16	69752725	70691465	1	1	0	0	11	13
chr16	69778921	69782134	2	2	1	9	0	27
chr16	69783022	69783115	2	2	1	10	0	15
chr16	69859957	70691465	1	1	0	0	11	13
chr16	70016754	70144611	1	1	0	7	0	28
chr16	70039572	70242603	0	0	0	0	7	32
chr16	70058574	70064890	2	2	1	0	10	22
chr16	70065872	70068073	2	2	1	0	2	9
chr16	70072889	70076253	2	2	1	1	3	3
chr16	70076320	70076832	2	2	1	0	2	29
chr16	70076907	70099658	2	2	1	0	5	20
chr16	70162769	70162861	1	1	1	0	5	22
chr16	70175790	70691465	1	1	0	0	11	13
chr16	70176293	70176455	1	1	1	9	0	31
chr16	70238765	70239145	1	1	0	0	4	17
chr16	70254784	70255156	2	2	1	0	5	6
chr16	70263796	70264896	2	2	1	0	3	3
chr16	70265427	70265814	2	2	1	0	4	27
chr16	70266015	70266566	2	2	1	0	1	13
chr16	70268196	70268899	2	2	1	0	7	18
chr16	70293090	70294946	2	2	1	4	0	27
chr16	70296428	70298860	2	2	1	3	0	7
chr16	70301713	70302173	2	2	1	5	0	22
chr16	70303667	70304098	2	2	1	3	0	20
chr16	70311058	70316522	2	2	1	2	0	19
chr16	70333258	70349871	1	1	1	7	0	29
chr16	70350008	70351398	1	1	1	4	0	8
chr16	70365788	70366870	1	1	1	0	5	24
chr16	70367063	70367423	1	1	1	0	1	4
chr16	70380952	70381777	1	1	1	0	1	3
chr16	70404289	70405274	1	1	1	0	5	24
chr16	70405467	70405827	1	1	1	0	1	4
chr16	70433437	70434598	2	2	1	7	0	21
chr16	70500161	70500784	1	1	1	8	0	5
chr16	70501870	70502751	1	1	1	4	0	15
chr16	70504976	70505084	1	1	1	3	0	11
chr16	70512363	70512453	1	1	1	9	0	6
chr16	70512554	70513086	1	1	0	8	0	25
chr16	70543292	70543818	2	2	1	1	0	29
chr16	70557832	70560489	1	1	1	5	0	9
chr16	70563103	70564647	1	1	1	5	0	9
chr16	70564821	70566381	1	1	1	7	0	5
chr16	70569324	70572225	1	1	1	4	0	15
chr16	70589110	70590081	1	1	1	23	0	17
chr16	70590238	70590788	1	1	1	7	0	6
chr16	70594495	70595532	1	1	1	8	0	13
chr16	70599428	70601313	1	1	1	0	1	1
chr16	70604053	70604997	1	1	1	1	0	10
chr16	70605103	70605575	1	1	1	2	0	1
chr16	70610335	70610667	2	2	0	5	0	13
chr16	70699612	70699707	0	0	0	7	0	30
chr16	70708432	70710783	2	2	1	1	0	32
chr16	70711803	70712154	2	2	1	3	0	12
chr16	70713608	70713688	2	2	1	18	0	21
chr16	70714771	70714866	2	2	1	14	0	29
chr16	70737729	70742919	0	0	0	3	0	31
chr16	70778483	70796442	2	2	1	4	0	9
chr16	70822630	70823445	0	0	0	0	7	32
chr16	71012945	71015293	2	2	1	0	1	4
chr16	71490732	71495561	2	2	1	3	0	10
chr16	71701237	71703177	2	2	1	3	0	17
chr16	71718505	71724421	2	2	1	12	0	19
chr16	71748705	71757671	2	2	1	5	0	12
chr16	71787791	71789921	2	2	1	5	0	23
chr16	71808496	71823181	2	2	1	5	0	21
chr16	71823386	71841703	2	2	1	1	0	24
chr16	71879972	71881912	1	1	0	7	0	20
chr16	71950546	71950949	1	1	1	5	0	7
chr16	72046162	72048371	1	1	1	2	0	19
chr16	72132692	72132825	1	1	1	8	0	9
chr16	72133787	72134334	1	1	1	4	0	2
chr16	72139248	72139415	1	1	1	1	0	13
chr16	72141448	72141543	1	1	1	3	0	27
chr16	72143410	72144854	1	1	1	4	0	20
chr16	72634373	72634454	2	2	0	1	0	15
chr16	72693595	72694463	0	0	0	3	0	30
chr16	72863759	72923629	2	2	1	3	0	21
chr16	72929463	73009080	2	2	0	0	5	25
chr16	73143880	73146351	2	2	0	0	1	21
chr16	73201477	73512214	2	2	0	5	0	12
chr16	74335043	74335452	1	1	1	2	0	14
chr16	74386102	74386194	2	2	1	0	5	22
chr16	74490291	74587603	2	2	0	0	3	19
chr16	74496094	74496385	2	2	1	4	0	9
chr16	74508531	74511293	2	2	1	14	0	31
chr16	74525114	74526854	2	2	1	10	0	27
chr16	74566052	74640554	2	2	1	1	0	20
chr16	74772650	75426264	2	2	0	4	0	12
chr16	74943816	74946095	2	2	1	5	0	31
chr16	74951907	74955844	2	2	1	1	0	24
chr16	74990509	74999670	2	2	1	8	0	32
chr16	75263922	75267743	2	2	1	3	0	5
chr16	75268835	75268898	2	2	0	7	0	24
chr16	75339081	75340284	2	2	1	4	0	13
chr16	75445851	75446432	2	2	1	1	0	18
chr16	75600298	75600320	0	0	0	4	0	31
chr16	75600419	75600749	1	1	1	5	0	28
chr16	75654233	75654528	2	2	1	3	0	13
chr16	75665488	75665590	2	2	1	5	0	9
chr16	75674248	75675461	2	2	1	10	0	14
chr16	75872799	75873795	2	2	1	0	1	7
chr16	75940678	76028427	2	2	0	3	0	17
chr16	77086381	77889789	2	2	0	0	8	24
chr16	77246544	77246753	1	1	1	13	0	5
chr16	77401621	77465191	2	2	1	7	0	20
chr16	77797512	77873217	1	1	0	0	4	26
chr16	77867435	77873217	1	1	0	0	4	26
chr16	78602429	78614027	1	1	0	1	0	26
chr16	80228027	81227315	2	2	0	0	8	32
chr16	80869554	80926356	2	2	0	0	2	25
chr16	81031035	81040338	2	2	1	6	0	21
chr16	81035966	81293034	1	1	0	0	4	23
chr16	81050991	81051362	1	1	1	3	0	31
chr16	81121270	81124205	2	2	1	0	4	27
chr16	81124286	81129735	2	2	1	3	0	10
chr16	81359791	81364739	0	0	0	3	0	32
chr16	81482314	81517899	0	0	0	10	0	30
chr16	81545212	81561981	2	2	0	1	0	28
chr16	81672095	81672170	0	0	0	3	0	31
chr16	81703851	81705570	1	1	1	1	0	9
chr16	81735406	81736226	1	1	1	8	0	16
chr16	81813030	81819547	1	1	1	1	0	15
chr16	81971509	81972405	1	1	1	7	0	18
chr16	82182469	82182913	2	2	1	2	0	19
chr16	83726624	83787086	1	1	0	0	6	26
chr16	84097051	84099294	2	2	1	7	0	10
chr16	84125454	84126792	2	2	1	1	0	22
chr16	84138454	84145578	1	3	0	0	1	12
chr16	84145737	84183225	1	1	0	0	7	21
chr16	84213951	84214648	2	2	1	0	4	5
chr16	84216047	84218456	2	2	1	0	1	2
chr16	84216940	84217015	2	2	1	2	0	6
chr16	84217385	84218456	2	2	1	1	4	30
chr16	84345554	84602708	2	2	0	0	8	23
chr16	84516317	84520236	2	2	1	6	0	5
chr16	84602734	84608898	2	4	1	0	8	6
chr16	84651190	84651443	2	2	1	11	0	17
chr16	84660088	84808219	1	1	0	0	3	12
chr16	84808832	84812500	1	1	1	6	0	16
chr16	84909219	85409724	1	1	0	5	0	13
chr16	85078217	85188760	1	1	0	0	5	25
chr16	85572887	85573027	0	0	0	10	0	31
chr16	85645186	85648993	0	0	0	4	0	31
chr16	85646917	85682157	1	1	1	0	8	1
chr16	85647005	85667519	1	1	1	0	4	3
chr16	85647073	85647143	1	1	0	8	0	24
chr16	85667739	85682157	1	1	1	10	0	24
chr16	85683705	85683729	1	1	0	10	0	21
chr16	85684067	85687470	2	2	0	14	0	30
chr16	85688598	85689331	1	1	1	2	0	11
chr16	85689524	85689948	1	1	1	8	0	8
chr16	85697221	85698620	1	1	1	4	0	13
chr16	85702031	85704600	1	1	1	0	6	2
chr16	85813474	85813984	2	2	1	2	0	22
chr16	87274987	87729371	1	1	0	0	4	16
chr16	87446583	87446660	2	2	1	2	0	9
chr16	87451349	87452452	2	2	1	3	0	21
chr16	87512433	87512824	0	0	0	5	0	30
chr16	87553536	87596421	1	1	0	9	0	30
chr16	87725122	87725197	0	0	0	6	0	32
chr16	87737039	87741955	2	2	1	0	11	2
chr16	87742073	87742870	2	2	1	21	0	32
chr16	87772335	87772357	2	2	0	0	1	26
chr16	87772335	87772422	2	2	0	0	6	31
chr16	87772335	87772468	2	2	0	0	1	26
chr16	87772335	87772510	2	2	0	0	6	31
chr16	87772446	87772468	2	2	0	0	1	26
chr16	87772446	87772510	2	2	0	0	6	31
chr16	87816271	87983715	2	2	0	0	7	14
chr16	87816271	88146616	2	2	0	0	7	14
chr16	87816271	88641469	2	2	0	0	7	14
chr16	87816271	88699535	2	2	0	0	7	14
chr16	87816271	88733666	2	2	0	0	7	14
chr16	87816271	88749417	2	2	0	0	7	14
chr16	87884089	87884267	0	0	0	4	0	30
chr16	87885613	87885660	1	1	0	6	0	23
chr16	88008792	88014641	1	1	1	2	0	24
chr16	88038018	88039695	1	1	1	6	0	1
chr16	88069001	88071578	1	1	1	5	0	4
chr16	88249211	88854579	1	1	0	0	4	22
chr16	88527436	88527546	2	2	0	9	0	15
chr16	88528497	88528532	0	0	0	7	0	32
chr16	88568217	88580081	2	4	0	2	0	25
chr16	88588529	88596849	2	2	1	0	6	1
chr16	88601379	88601495	1	1	0	6	0	16
chr16	88636975	88643517	1	1	1	7	0	14
chr16	88654022	88664585	1	1	1	3	0	31
chr16	88676245	88878299	1	1	0	6	0	12
chr16	88677945	88688604	1	1	1	4	0	25
chr16	88688797	88689626	1	1	1	1	0	8
chr16	88709980	88712523	2	2	1	10	0	8
chr16	88712606	88713162	2	2	1	1	0	30
chr16	88719014	88719707	2	2	1	5	0	5
chr16	88721216	88721606	2	2	1	2	0	18
chr16	88721826	88722063	2	2	1	8	0	24
chr16	88722139	88722512	2	2	1	1	0	13
chr16	88765494	88766027	2	2	1	2	0	16
chr16	88772237	88772274	1	3	0	3	0	24
chr16	88773007	88773543	1	1	1	10	0	28
chr16	88782528	88782605	2	2	1	7	0	4
chr16	88782892	88782966	2	2	1	9	0	15
chr16	88783140	88783213	2	2	1	1	0	1
chr16	88783307	88783430	2	2	1	2	0	12
chr16	88786130	88786209	2	2	1	11	0	29
chr16	88786369	88786476	2	2	1	11	0	17
chr16	88786692	88786792	2	2	1	9	0	17
chr16	88787839	88787945	2	2	1	6	0	19
chr16	88788135	88788215	2	2	1	3	0	28
chr16	88788475	88788625	2	2	1	9	0	28
chr16	88788806	88788990	2	2	1	3	0	6
chr16	88789418	88789502	2	2	1	6	0	11
chr16	88790380	88791823	2	2	1	2	0	17
chr16	88791928	88792002	2	2	1	5	0	27
chr16	88792093	88792691	2	4	1	14	0	26
chr16	88793052	88793122	2	2	1	2	0	15
chr16	88793601	88793964	2	2	1	2	0	1
chr16	88794070	88798113	2	2	1	12	0	30
chr16	88794951	88795035	2	2	0	0	9	17
chr16	88794951	88795120	2	2	0	0	9	17
chr16	88794951	88795205	2	2	0	0	9	17
chr16	88794951	88795885	2	2	0	0	9	17
chr16	88795291	88795885	2	2	0	0	4	12
chr16	88795291	88796141	2	2	0	0	4	12
chr16	88795461	88795885	2	2	0	0	9	17
chr16	88795546	88795885	2	2	0	0	9	17
chr16	88795716	88795885	2	2	0	0	9	17
chr16	88795801	88795885	2	2	0	0	9	17
chr16	88796793	88974536	1	1	0	0	3	21
chr16	88798944	88799014	2	2	1	10	0	21
chr16	88799863	88799995	2	2	1	2	0	19
chr16	88801207	88801282	2	2	1	5	0	13
chr16	88801462	88801542	2	2	1	6	0	2
chr16	88803148	88803966	2	2	1	8	0	31
chr16	88804055	88804135	2	2	1	2	0	7
chr16	88805145	88807885	2	2	1	3	0	30
chr16	88808098	88808307	1	1	0	0	2	29
chr16	88815888	88851308	2	2	1	9	0	25
chr16	88828653	88828719	0	0	0	5	0	31
chr16	88830709	88830793	0	0	0	9	0	31
chr16	88872278	88872428	1	1	1	1	0	20
chr16	88876557	88876830	2	2	1	8	0	7
chr16	88876965	88877957	2	4	1	8	0	9
chr16	88878065	88878227	2	2	1	20	0	7
chr16	88908380	88909113	2	2	1	4	0	1
chr16	89316103	89404906	1	1	0	0	3	23
chr16	89335072	89337224	2	2	1	0	3	17
chr16	89352058	89352446	2	2	1	1	0	7
chr16	89355079	89371613	2	2	0	4	0	25
chr16	89371753	89383340	2	2	1	1	0	25
chr16	89434783	89434988	0	0	0	3	0	32
chr16	89484777	89556652	2	2	1	11	0	19
chr16	89497735	89556652	2	2	1	1	0	2
chr16	89613169	89614410	1	1	1	5	0	8
chr16	89617018	89619386	1	1	1	4	0	10
chr16	89620369	89620893	1	1	1	11	0	30
chr16	89627121	89627347	1	1	1	64	0	15
chr16	89627138	89628758	2	2	0	4	0	15
chr16	89627439	89627641	1	1	0	0	2	29
chr16	89627472	89627634	1	1	1	21	0	28
chr16	89627777	89627985	1	1	1	41	6	18
chr16	89628160	89628742	1	1	1	4	17	27
chr16	89628800	89629291	1	1	1	11	6	25
chr16	89720332	89723989	2	2	1	7	0	1
chr16	89724830	89735693	1	1	1	6	0	8
chr16	89757033	89757850	1	1	1	9	0	24
chr16	89758925	89759681	1	1	1	4	0	12
chr16	89777821	89778289	2	2	1	5	0	28
chr16	89778631	89779096	1	1	1	4	0	1
chr16	89799821	89799889	1	1	1	7	1	2
chr16	89799939	89800355	1	1	0	7	0	14
chr16	89805117	89805289	2	2	1	3	0	26
chr16	89807275	89809207	2	4	1	9	0	27
chr16	89813097	89813238	2	2	1	3	0	14
chr16	89813299	89815066	2	2	1	7	0	16
chr16	89836433	89836573	2	2	1	8	0	7
chr16	89837043	89838085	2	2	1	7	0	3
chr16	89842224	89844748	2	2	1	0	4	2
chr16	89842224	89845208	2	2	1	0	4	2
chr16	89842779	89907253	1	1	0	0	2	32
chr16	89858477	89858878	2	2	1	9	0	26
chr16	89858956	89862313	2	2	1	11	0	29
chr16	89865641	89866012	2	2	1	3	0	9
chr16	89866047	89869666	2	2	1	3	0	8
chr16	89879220	89879266	1	5	0	6	0	16
chr16	89882395	89882944	2	2	1	6	0	25
chr16	89914918	89915005	1	1	0	0	2	29
chr16	89914918	89915049	1	1	0	0	2	29
chr16	89914918	89915269	1	1	0	0	2	29
chr16	89917069	89920693	1	1	1	6	0	21
chr16	89922645	89924745	1	1	1	8	0	12
chr16	89937097	89937157	1	1	0	6	0	26
chr16	89949921	89950989	1	1	1	9	0	30
chr16	89951065	89952255	1	1	1	9	0	18
chr16	89970614	89971345	1	1	1	6	0	21
chr16	89979012	89985385	0	0	0	12	0	32
chr16	89983891	89984796	0	0	0	7	0	30
chr16	90029852	90030628	1	1	1	1	0	11
chr16	90074309	90074632	2	2	0	0	5	26
chr16	90074309	90074754	2	2	0	0	5	26
chr16	90074309	90074876	2	2	0	0	5	26
chr16	90074593	90074632	2	2	0	0	5	26
chr16	90074593	90074754	2	2	0	0	5	26
chr16	90074593	90074876	2	2	0	0	5	26
chr16	90074674	90074754	2	2	0	0	5	26
chr16	90074674	90074876	2	2	0	0	5	26
chr16	90074796	90074876	2	2	0	0	5	26
chr16	90074837	90074876	2	2	0	0	5	26
chr16	90196337	90199626	1	1	1	0	4	6
chr16	90228778	90229004	1	1	1	0	3	1
chr16	90229063	90229155	1	1	1	0	5	16
chr16	90235379	90235813	1	1	0	0	5	23
chr16	90238785	90239010	2	2	0	0	5	26
chr17	230502	230564	2	2	0	0	5	21
chr17	230502	230873	2	2	0	0	5	21
chr17	293948	1253966	2	2	0	0	13	21
chr17	465986	489509	2	2	1	0	4	2
chr17	590456	590496	0	0	0	10	0	32
chr17	600725	602570	2	2	1	4	0	29
chr17	636010	636337	1	1	1	6	0	8
chr17	651273	654890	2	2	0	3	0	15
chr17	651273	655372	2	2	1	2	0	14
chr17	673398	674564	2	2	1	5	0	2
chr17	686568	691204	1	1	1	4	0	18
chr17	696365	697800	1	1	0	1	0	21
chr17	774334	1156180	2	2	0	0	8	30
chr17	774334	1158207	2	2	0	0	8	30
chr17	786122	824082	2	2	0	0	6	19
chr17	794998	795034	2	2	0	0	2	25
chr17	794998	795144	2	2	0	0	2	25
chr17	794998	795181	2	2	0	0	2	25
chr17	794998	795254	2	2	0	0	2	25
chr17	794998	795291	2	2	0	0	2	25
chr17	794998	795328	2	2	0	0	2	25
chr17	795071	795181	2	2	0	3	0	25
chr17	847343	896031	1	1	0	2	0	14
chr17	913025	913968	2	2	1	8	0	4
chr17	957858	957882	2	2	0	0	5	19
chr17	959350	960237	2	2	1	5	0	8
chr17	986868	994904	2	2	1	1	0	10
chr17	1067543	1067647	1	1	0	0	6	15
chr17	1067543	1067748	1	1	0	0	6	15
chr17	1087672	1112104	2	2	0	0	1	29
chr17	1168964	1603121	2	2	0	0	5	28
chr17	1248794	1303340	2	2	1	0	3	3
chr17	1257642	1264385	2	2	1	2	6	27
chr17	1264593	1265195	2	2	1	10	0	26
chr17	1265303	1268152	2	2	1	3	0	9
chr17	1268353	1303340	2	2	1	12	1	28
chr17	1338050	1432404	2	4	0	0	3	25
chr17	1370636	1370773	2	2	1	2	0	28
chr17	1558838	1559685	2	2	1	7	0	9
chr17	1559860	1559941	2	2	1	2	0	5
chr17	1564457	1564564	2	2	1	1	0	4
chr17	1576862	1577039	2	2	1	15	0	14
chr17	1577187	1577735	2	2	1	1	0	24
chr17	1578634	1578913	2	2	1	3	0	2
chr17	1579665	1579798	2	2	1	6	0	4
chr17	1580006	1580269	2	2	1	9	0	21
chr17	1580989	1581811	2	2	1	12	0	3
chr17	1584985	1585113	2	2	1	9	0	7
chr17	1585333	1585422	2	2	1	3	0	12
chr17	1585588	1586826	2	2	1	9	0	4
chr17	1587877	1588073	2	2	1	4	0	13
chr17	1612876	1613097	2	2	1	4	0	25
chr17	1680568	1681921	0	0	0	6	0	30
chr17	1695378	1697159	1	3	0	0	1	29
chr17	1747293	1747871	1	1	1	3	0	16
chr17	1841103	1928146	2	2	1	0	1	3
chr17	1895589	2145759	1	1	0	10	0	26
chr17	1937137	1939263	1	1	1	1	0	10
chr17	1939981	1940128	1	1	1	2	0	2
chr17	1976609	2308238	2	2	0	0	6	16
chr17	2076154	2089956	2	2	1	6	0	5
chr17	2164483	2242604	2	2	0	0	3	20
chr17	2175144	2175665	1	1	0	7	0	24
chr17	2225154	2334321	2	2	0	4	0	28
chr17	2233920	2234240	2	2	1	1	0	3
chr17	2234404	2235462	2	2	1	7	0	24
chr17	2238191	2238553	2	2	1	8	0	8
chr17	2239435	2239624	2	2	1	11	0	11
chr17	2241040	2246838	1	1	1	13	0	23
chr17	2270700	2274555	1	1	1	5	0	18
chr17	2371171	2376817	2	2	1	8	0	20
chr17	2497301	2502318	1	1	0	5	0	30
chr17	2534447	2535460	1	5	0	5	0	25
chr17	2594072	2594902	2	2	1	6	0	6
chr17	2595190	2595297	2	2	1	3	0	6
chr17	2597859	2598150	2	2	1	5	0	19
chr17	2598396	2598511	2	2	1	1	0	1
chr17	2598575	2598667	2	2	1	6	0	1
chr17	2601885	2603675	2	2	1	14	0	13
chr17	2605032	2605207	2	2	1	11	0	26
chr17	2605352	2606611	2	2	1	8	0	8
chr17	2606784	2607655	2	2	1	6	0	21
chr17	2721871	3647418	2	2	0	0	6	28
chr17	2935155	2935233	1	1	0	0	5	31
chr17	3486725	3489061	2	2	1	10	0	28
chr17	3594322	3594937	2	2	1	13	0	7
chr17	3716574	3717615	2	2	1	2	0	3
chr17	3729138	3729380	2	2	1	6	0	16
chr17	3772910	3773094	2	2	1	5	0	17
chr17	3776757	3779516	2	2	1	5	0	4
chr17	3786470	3786722	2	2	1	8	0	29
chr17	3787232	3787673	2	2	1	6	0	4
chr17	3789025	3796232	2	2	1	1	0	11
chr17	4027346	4045835	2	2	1	1	0	14
chr17	4074156	4075850	2	2	1	1	0	15
chr17	4086847	4087106	2	2	1	2	0	10
chr17	4145744	4167226	2	2	1	4	0	11
chr17	4163652	4306133	2	2	0	0	4	25
chr17	4163652	4948590	2	2	0	0	4	25
chr17	4182506	4191616	1	1	0	0	4	25
chr17	4253582	4267071	2	2	0	0	3	21
chr17	4253582	4279299	2	2	0	0	3	21
chr17	4356312	4532944	2	2	0	0	3	19
chr17	4443263	4443642	2	2	1	14	0	17
chr17	4443780	4444757	2	2	1	8	0	19
chr17	4445828	4445910	2	2	1	47	1	28
chr17	4446037	4446207	2	2	1	5	0	24
chr17	4446461	4447783	2	2	1	4	0	21
chr17	4447942	4448045	2	2	1	4	0	11
chr17	4448217	4448320	2	2	1	8	0	18
chr17	4448471	4448561	2	2	0	4	0	14
chr17	4451353	4451437	2	2	1	1	0	1
chr17	4451945	4452626	2	2	1	0	3	4
chr17	4455293	4455419	2	2	1	3	0	12
chr17	4455922	4457104	2	2	1	3	0	4
chr17	4467028	4655679	2	2	0	0	3	17
chr17	4576441	4576544	2	2	1	18	0	22
chr17	4576970	4577804	2	2	1	20	0	14
chr17	4577965	4578103	2	2	1	6	0	28
chr17	4579180	4579330	2	2	1	4	0	17
chr17	4579458	4579651	2	2	1	3	0	3
chr17	4579803	4580047	2	2	1	2	0	13
chr17	4580108	4585796	2	2	1	4	0	16
chr17	4594738	4607157	2	2	1	15	0	28
chr17	4618246	4618359	2	2	0	1	0	17
chr17	4618339	4618494	1	1	1	0	2	3
chr17	4619904	4620511	1	1	1	1	0	30
chr17	4620572	4620979	1	1	1	3	0	15
chr17	4621048	4621182	1	1	1	1	0	4
chr17	4622716	4623510	1	1	1	5	0	10
chr17	4628372	4655679	2	2	0	0	3	17
chr17	4628398	4630018	2	2	0	0	3	22
chr17	4634870	4635070	1	1	1	1	0	11
chr17	4645112	4645209	1	1	1	3	0	22
chr17	4670802	4685604	2	2	0	0	1	29
chr17	4700091	4700732	1	1	1	3	0	19
chr17	4701449	4701574	1	1	1	3	0	20
chr17	4717797	4717927	1	1	1	3	0	11
chr17	4788909	4789205	1	1	1	2	0	7
chr17	4790475	4790874	1	1	1	5	0	8
chr17	4798789	4798992	1	1	1	4	0	6
chr17	4799884	4799968	1	1	1	5	0	6
chr17	4841725	4841806	2	2	1	32	0	25
chr17	4842508	4843110	2	2	1	13	0	18
chr17	4844022	4844167	1	1	1	5	0	7
chr17	4849293	4849922	2	2	1	3	0	1
chr17	4876287	4876469	2	2	1	6	0	5
chr17	4877796	4880352	2	2	1	7	0	26
chr17	4883532	4884985	1	1	0	6	0	23
chr17	4886188	4886270	2	2	1	7	0	24
chr17	4889279	4890887	2	2	1	2	0	18
chr17	4889582	4890887	2	2	1	6	0	4
chr17	4901452	4903144	1	1	1	8	0	6
chr17	4902342	4903144	1	1	1	9	0	3
chr17	4904697	4905353	1	1	1	5	0	17
chr17	4910638	4910761	1	1	1	4	0	31
chr17	4939556	4956030	2	2	0	0	1	28
chr17	4951914	5005647	1	1	0	3	0	25
chr17	4970958	5224476	2	2	0	0	4	30
chr17	5015414	5016680	1	1	1	1	1	4
chr17	5040482	5040945	1	1	1	0	1	6
chr17	5185816	5211988	1	1	1	6	0	5
chr17	5185816	5235243	1	1	1	7	0	16
chr17	5290991	5291098	2	2	1	11	0	26
chr17	5320003	5322673	2	2	1	5	0	23
chr17	5329403	5335861	1	1	1	3	0	25
chr17	5329620	5331390	1	1	1	7	0	31
chr17	5336736	5336988	2	2	1	11	0	25
chr17	5338287	5341442	2	2	1	7	0	8
chr17	5341594	5342161	2	2	1	30	0	21
chr17	5357301	5358479	2	2	1	5	0	15
chr17	5383465	5383706	2	2	1	0	2	1
chr17	5383465	5384420	2	2	1	0	2	1
chr17	5808925	6312711	1	1	0	0	6	31
chr17	5993826	5998421	1	1	1	8	0	7
chr17	5998544	6012926	1	1	1	4	0	28
chr17	6376148	6377751	2	2	1	6	0	3
chr17	6503779	6510192	2	2	1	1	0	8
chr17	6533378	7206976	1	1	0	0	4	19
chr17	6544548	6545072	1	1	1	24	0	24
chr17	6545155	6545568	1	1	1	4	0	20
chr17	6756584	6993208	1	1	0	0	6	31
chr17	7111559	7120436	2	2	1	4	0	14
chr17	7121155	7126179	0	0	0	7	0	32
chr17	7123517	7123782	1	1	1	10	0	28
chr17	7123849	7123922	1	1	1	1	0	30
chr17	7123996	7124084	1	1	1	6	0	6
chr17	7124378	7125270	1	1	1	1	0	1
chr17	7125002	7125270	1	1	1	5	0	4
chr17	7126557	7126962	1	1	1	4	0	8
chr17	7127050	7127131	1	1	1	11	0	6
chr17	7127389	7127464	1	1	1	3	0	27
chr17	7128204	7128275	1	1	1	8	0	6
chr17	7129959	7130408	2	2	1	6	0	32
chr17	7131103	7131295	2	2	1	5	0	22
chr17	7132767	7132906	2	2	1	9	0	24
chr17	7134117	7137387	2	2	1	1	0	8
chr17	7140087	7140703	2	2	1	1	0	26
chr17	7147955	7149344	2	2	1	2	0	30
chr17	7155916	7156088	1	1	1	4	0	13
chr17	7156150	7156236	1	1	1	4	0	6
chr17	7190698	7394741	2	4	0	6	0	26
chr17	7211072	7212915	1	1	1	0	2	2
chr17	7211072	7212933	1	1	1	12	2	17
chr17	7211433	7212933	1	1	1	6	0	15
chr17	7214801	7214896	1	1	1	7	0	15
chr17	7216789	7216886	2	2	1	6	0	13
chr17	7217277	7217659	1	1	0	5	0	12
chr17	7221004	7221106	2	2	1	4	0	1
chr17	7224593	7224679	2	2	1	2	0	2
chr17	7224779	7224878	2	2	1	6	0	5
chr17	7227043	7227132	2	2	1	4	0	10
chr17	7227332	7227426	2	2	1	13	0	13
chr17	7227800	7228229	2	2	1	1	0	4
chr17	7231204	7232349	2	2	1	0	2	2
chr17	7284434	7286154	1	1	1	5	0	14
chr17	7388177	7399259	1	1	1	5	0	20
chr17	7393767	7548460	1	1	0	0	7	32
chr17	7393767	7595706	1	1	0	0	7	32
chr17	7399933	7400082	1	1	1	11	0	6
chr17	7402483	7402599	1	1	1	5	0	30
chr17	7404168	7404258	1	1	1	3	0	16
chr17	7404428	7404607	1	1	1	1	0	22
chr17	7404703	7404844	1	1	1	2	0	14
chr17	7405442	7405836	1	1	1	11	0	14
chr17	7406810	7406904	1	1	1	10	0	17
chr17	7407111	7411569	1	1	1	3	0	31
chr17	7415910	7416092	1	1	1	9	0	17
chr17	7416596	7416617	2	2	0	6	0	20
chr17	7465335	7466829	2	6	0	4	0	29
chr17	7467109	7467941	1	1	1	2	0	12
chr17	7468388	7468756	1	1	1	10	0	13
chr17	7470286	7470286	0	0	1	3	0	31
chr17	7470773	7479422	1	1	0	0	3	23
chr17	7476183	7477577	1	1	1	100	7	29
chr17	7476183	7477583	1	1	1	0	1	1
chr17	7476183	7477863	1	1	1	0	1	1
chr17	7477191	8042771	1	1	0	0	10	13
chr17	7477191	8129554	1	1	0	0	10	13
chr17	7477627	7477863	1	1	1	19	0	8
chr17	7477997	7478436	1	1	1	5	0	4
chr17	7478577	7479841	1	1	1	6	18	32
chr17	7478577	7479847	1	1	1	0	7	1
chr17	7480011	7480373	1	1	1	19	0	19
chr17	7480428	7480677	1	1	0	0	3	24
chr17	7480484	7480661	1	1	1	16	0	27
chr17	7480806	7480886	1	1	1	1	9	20
chr17	7481025	7481144	1	1	1	4	0	16
chr17	7481235	7481482	1	1	1	6	0	26
chr17	7481563	7481659	1	1	1	1	0	6
chr17	7485479	7487235	2	2	1	0	3	3
chr17	7496500	7496720	2	2	1	6	0	18
chr17	7498076	7499141	2	2	1	2	0	14
chr17	7509057	7509414	2	2	1	5	0	16
chr17	7574034	7576852	2	2	1	4	0	11
chr17	7574849	7622677	2	2	0	0	1	26
chr17	7577609	7578176	2	2	1	3	0	25
chr17	7578555	7579311	2	2	1	10	0	9
chr17	7579591	7579699	2	2	1	0	6	1
chr17	7579941	7590694	2	2	1	7	0	22
chr17	7606165	7606310	1	1	1	0	1	1
chr17	7702037	7702420	1	1	1	7	0	27
chr17	7749616	7749717	1	1	1	6	0	11
chr17	7760162	7760332	2	2	1	8	0	6
chr17	7796888	7797122	1	1	1	2	0	9
chr17	7797254	7797444	1	1	1	8	0	7
chr17	7798861	7800400	1	1	1	5	0	5
chr17	7801421	7801813	1	1	1	6	0	24
chr17	7811021	7811211	1	1	1	6	0	17
chr17	7812657	7813745	1	1	1	1	0	11
chr17	7814292	7814781	1	1	1	9	0	31
chr17	7826498	7826773	2	2	1	7	0	13
chr17	7831013	7831100	2	2	1	0	7	9
chr17	7831145	7832511	2	2	1	0	7	3
chr17	7847567	7847793	1	1	1	5	0	9
chr17	8065688	8066195	2	2	1	3	0	5
chr17	8076863	8779995	1	3	0	7	0	14
chr17	8090975	8966556	1	1	0	8	0	13
chr17	8110207	8110493	2	2	1	3	0	29
chr17	8110944	8111055	2	2	1	17	0	25
chr17	8111159	8113494	2	2	1	5	0	21
chr17	8113568	8113847	2	2	1	42	0	20
chr17	8152658	8157176	1	1	1	1	7	21
chr17	8157620	8158344	1	1	1	9	0	8
chr17	8159010	8159122	1	1	1	4	0	15
chr17	8159967	8160152	1	1	1	13	0	17
chr17	8166312	8166426	1	1	1	14	0	28
chr17	8167255	8167529	1	1	1	7	0	23
chr17	8170109	8172521	2	2	0	6	0	16
chr17	8170984	8171850	1	1	1	7	0	14
chr17	8192391	8192575	1	1	1	2	0	9
chr17	8281011	8283113	2	2	1	1	1	21
chr17	8283255	8285460	2	2	1	0	1	29
chr17	8285634	8286474	2	2	1	2	4	19
chr17	8354272	8358113	1	1	1	3	0	2
chr17	8381765	8383427	2	2	1	4	0	3
chr17	8390913	8393657	2	2	1	14	0	27
chr17	8397204	8398454	2	2	1	5	0	25
chr17	8402795	8404143	2	2	1	3	0	19
chr17	8413268	8415768	2	2	1	4	0	27
chr17	8414470	8578890	2	2	0	3	0	15
chr17	8448919	8449861	2	2	1	0	3	2
chr17	8455463	8457272	2	2	1	6	0	9
chr17	8526596	8533971	2	2	1	1	0	23
chr17	8526816	8533971	2	2	1	5	0	11
chr17	8896008	9356257	0	0	0	6	0	30
chr17	9102759	9104046	2	2	0	7	0	24
chr17	9143721	9143772	2	2	0	1	0	12
chr17	9271327	9277676	1	1	0	0	3	24
chr17	9342956	9349295	1	1	0	0	6	29
chr17	9590227	9596443	1	1	1	5	0	25
chr17	9616651	9909890	2	2	0	0	8	20
chr17	9965738	9991473	1	1	0	0	2	29
chr17	10599149	10600551	2	2	1	4	0	20
chr17	11866539	11898512	1	1	0	0	1	30
chr17	12859298	12859971	1	1	1	5	0	16
chr17	12860064	12862033	1	1	1	6	0	14
chr17	12897149	12897741	2	2	1	3	0	10
chr17	12899296	12899863	2	2	1	4	0	27
chr17	12920416	12921053	2	4	1	0	12	3
chr17	13972966	13977639	1	1	1	11	0	25
chr17	14063265	14095305	1	1	1	0	1	1
chr17	15449231	15450372	2	2	1	0	3	4
chr17	15450463	15458595	2	2	1	0	3	12
chr17	15457144	15458595	2	2	1	0	2	8
chr17	15458679	15466750	2	2	1	0	5	21
chr17	15581036	15584178	2	2	1	0	6	21
chr17	15603092	15603361	1	1	1	7	0	22
chr17	15603092	15603521	1	1	1	9	0	1
chr17	15609816	15611468	1	1	1	7	0	8
chr17	15903347	15903431	1	1	1	5	0	4
chr17	15938259	15942746	2	2	1	1	0	14
chr17	15942969	15943754	2	2	1	6	0	16
chr17	15965585	15967381	2	2	1	7	0	24
chr17	15969009	15971207	2	2	1	4	0	20
chr17	15983824	15983920	2	2	1	6	0	1
chr17	15984042	15989595	2	2	1	5	0	24
chr17	16040727	16041471	2	2	1	8	0	14
chr17	16090002	16097775	2	2	1	12	0	3
chr17	16097954	16118675	2	2	1	2	0	14
chr17	16114278	16155618	2	2	0	0	4	26
chr17	16188774	16258873	2	2	0	0	6	31
chr17	16216929	16219994	1	1	1	1	0	5
chr17	16253344	16256340	2	2	1	15	0	24
chr17	16284438	16285344	1	1	0	0	2	29
chr17	16284438	16285572	1	1	0	0	2	29
chr17	16284438	16285800	1	1	0	0	2	29
chr17	16284499	16285215	1	1	1	43	9	30
chr17	16284499	16285672	1	1	1	0	9	2
chr17	16285445	16285672	1	1	1	24	16	32
chr17	16342344	16342640	1	1	1	0	5	1
chr17	16342375	16342640	1	1	1	0	5	1
chr17	16342560	16342640	1	1	1	0	5	1
chr17	16342915	16343326	0	0	0	4	0	31
chr17	16343018	16343498	1	1	1	1	0	17
chr17	16343568	16344387	1	1	1	4	0	23
chr17	16343568	16344681	1	1	1	3	0	21
chr17	16554523	16568274	2	2	0	0	1	21
chr17	16599770	17527690	2	2	0	5	0	14
chr17	16638958	16640851	1	1	1	0	1	24
chr17	16916160	16949331	1	1	0	0	1	30
chr17	16981391	17030015	1	1	1	0	5	7
chr17	17030168	17034930	1	1	1	0	2	10
chr17	17039765	17041229	1	1	1	1	0	3
chr17	17041390	17045940	1	1	1	0	9	15
chr17	17053548	17057619	1	1	1	4	0	10
chr17	17106413	17109173	2	2	1	10	0	20
chr17	17124943	17125814	2	2	1	5	0	11
chr17	17149756	17206318	1	1	0	4	0	12
chr17	17165421	17168115	2	2	1	0	7	3
chr17	17165421	17171198	2	2	1	0	7	3
chr17	17171292	17174071	2	2	1	0	16	3
chr17	17174323	17179348	2	2	1	5	0	25
chr17	17203537	17203558	1	1	0	1	0	20
chr17	17266149	17770566	1	1	0	7	0	12
chr17	17286919	17287059	2	2	1	0	10	5
chr17	17287216	17287255	2	2	0	0	2	29
chr17	17412860	17415822	2	2	1	4	0	18
chr17	17467177	17467575	2	6	0	7	0	30
chr17	17630786	17630844	2	2	0	5	0	15
chr17	17718644	17719173	2	2	1	6	0	13
chr17	17786178	17787947	2	2	1	5	0	30
chr17	17985257	18017103	2	2	0	0	1	18
chr17	18003038	18003676	1	1	1	13	0	17
chr17	18003451	18003508	1	1	0	7	0	19
chr17	18007996	18009746	1	1	1	2	0	14
chr17	18009785	18010467	1	1	1	2	0	13
chr17	18133353	18135808	1	1	1	8	0	32
chr17	18135891	18135985	1	1	1	4	0	19
chr17	18144188	18144764	1	1	1	3	0	6
chr17	18145943	18146056	1	1	1	6	0	21
chr17	18150143	18150226	2	2	1	6	0	5
chr17	18150672	18150970	2	2	1	2	0	18
chr17	18151348	18151863	2	2	1	1	0	24
chr17	18152516	18152639	2	2	1	6	0	6
chr17	18154792	18154993	2	2	1	2	0	32
chr17	18155131	18155312	2	2	1	8	0	23
chr17	18158578	18159839	2	2	1	3	0	15
chr17	18159912	18160222	2	2	1	0	1	1
chr17	18205749	18205893	2	2	1	9	0	12
chr17	18210281	18211626	2	2	1	10	0	18
chr17	18227085	18967272	2	2	0	0	9	13
chr17	18227085	19015772	2	2	0	0	9	13
chr17	18227085	19093381	2	2	0	0	9	13
chr17	18332395	18965318	1	1	0	0	6	14
chr17	18332395	19091422	1	1	0	0	6	14
chr17	18481392	18482970	2	2	1	0	1	24
chr17	18507054	18509092	2	2	1	0	8	6
chr17	18585247	18585516	2	2	1	6	0	11
chr17	18604759	18607931	1	1	1	0	6	21
chr17	18684619	18692665	1	1	1	6	5	28
chr17	18692749	18694208	1	1	1	0	2	8
chr17	18692749	18700891	1	1	1	0	3	12
chr17	18700982	18702124	1	1	1	0	3	4
chr17	18702257	18707450	1	1	1	6	0	6
chr17	18743508	18745540	1	1	1	0	8	6
chr17	18761575	18768781	1	1	1	1	0	5
chr17	18761575	18769114	1	1	1	7	0	15
chr17	18965250	19091367	2	2	0	10	0	25
chr17	18965271	19091375	1	1	0	0	26	19
chr17	18965357	19497610	2	2	0	0	11	14
chr17	18965368	19091472	2	2	0	0	10	30
chr17	18965402	18990655	1	1	0	0	1	12
chr17	18965402	19091516	1	1	0	0	9	27
chr17	18965431	19091414	1	1	0	0	6	26
chr17	18965431	19091416	1	1	0	0	4	17
chr17	18965431	19091418	1	1	0	0	12	28
chr17	18965437	19091414	1	1	0	0	9	31
chr17	18965437	19091416	1	1	0	0	4	12
chr17	18965437	19091422	1	1	0	19	0	30
chr17	18965440	19091392	1	1	0	10	0	26
chr17	18965440	19091416	1	1	0	0	4	23
chr17	18967262	19015772	2	2	0	0	9	27
chr17	18967262	19093381	2	2	0	0	9	27
chr17	18967306	19015806	1	1	0	0	10	30
chr17	18967306	19093415	1	1	0	0	5	30
chr17	18967356	19015854	2	2	0	0	6	12
chr17	18967356	19093463	2	2	0	0	18	31
chr17	18967360	19015743	2	2	0	0	12	28
chr17	18967360	19093352	2	2	0	0	12	28
chr17	18967362	19015734	2	2	0	0	4	23
chr17	18967362	19015737	2	2	0	0	5	12
chr17	18967362	19015743	2	2	0	0	4	17
chr17	18967362	19093343	2	2	0	0	4	23
chr17	18967362	19093346	2	2	0	0	5	12
chr17	18967362	19093352	2	2	0	0	4	17
chr17	18967364	19015737	2	2	0	0	9	31
chr17	18967364	19015743	2	2	0	0	6	26
chr17	18967364	19093346	2	2	0	0	9	31
chr17	18967364	19093352	2	2	0	0	6	26
chr17	18967374	19015741	1	1	0	0	8	19
chr17	18967374	19093350	1	1	0	0	8	19
chr17	18967403	19093512	2	2	0	0	28	19
chr17	18967406	19093528	2	2	0	4	0	22
chr17	19015762	19093381	2	2	0	0	9	27
chr17	19015806	19093415	1	1	0	0	5	30
chr17	19015856	19093463	2	2	0	0	18	31
chr17	19015860	19093352	2	2	0	0	12	28
chr17	19015862	19093343	2	2	0	0	4	23
chr17	19015862	19093346	2	2	0	0	5	12
chr17	19015862	19093352	2	2	0	0	4	17
chr17	19015864	19093346	2	2	0	0	9	31
chr17	19015864	19093352	2	2	0	0	6	26
chr17	19015874	19093350	1	1	0	0	8	19
chr17	19068058	19093381	2	2	0	0	1	12
chr17	19091461	19497610	2	2	0	0	11	14
chr17	19091506	19116822	1	1	0	0	1	12
chr17	19093378	19093452	0	0	0	11	0	31
chr17	19250645	19251096	2	2	1	2	0	21
chr17	19349904	19349904	0	0	1	36	0	16
chr17	19470173	19470408	1	1	1	9	0	4
chr17	19552181	19559697	0	0	0	7	0	32
chr17	19552438	19554859	1	1	1	1	0	28
chr17	19561176	19564439	1	1	1	4	0	18
chr17	19816476	19816669	0	0	0	5	0	31
chr17	19871775	19880904	2	2	1	5	0	17
chr17	19919091	19919309	1	1	0	2	0	16
chr17	20135145	20135512	1	1	1	5	0	26
chr17	20214750	20302092	2	4	0	0	3	32
chr17	20243633	20245670	1	1	1	0	8	6
chr17	20887900	20888203	1	1	0	0	1	22
chr17	20911310	20914463	2	2	1	2	0	27
chr17	20919213	20921254	2	2	1	4	0	28
chr17	20931988	20945977	2	2	1	4	0	16
chr17	21030305	21075330	1	1	1	2	0	26
chr17	21201792	21202189	1	1	1	4	0	1
chr17	21204306	21205454	1	1	1	6	0	13
chr17	21731066	21731520	1	3	1	0	2	1
chr17	21731203	21731429	1	1	1	3	15	30
chr17	26551128	26551628	1	1	0	0	1	31
chr17	26659014	26659171	2	2	1	1	0	30
chr17	26883285	26883844	2	2	1	5	0	25
chr17	26905771	26906158	2	2	1	6	0	27
chr17	26931069	26931293	2	2	1	0	2	13
chr17	26939103	26939279	2	2	1	3	0	16
chr17	26939706	26940095	2	2	1	1	0	16
chr17	26940707	26941104	2	2	1	1	0	4
chr17	26943528	26943635	2	2	1	2	0	22
chr17	26945990	26946671	2	2	1	0	9	2
chr17	26946794	26946877	2	2	1	6	0	8
chr17	26948517	26950777	2	2	1	1	0	5
chr17	26960181	26960300	2	2	1	1	0	22
chr17	26961105	26961534	2	2	1	9	0	24
chr17	26962628	26963982	2	2	1	6	0	32
chr17	26964189	26964853	2	2	1	7	0	13
chr17	26966479	26966592	2	2	1	3	0	4
chr17	27003449	27004732	1	1	1	14	0	29
chr17	27008423	27008899	1	1	1	3	0	5
chr17	27010111	27010285	1	1	1	5	0	32
chr17	27017248	27017938	1	1	1	8	0	6
chr17	27028147	27028456	1	1	1	4	0	31
chr17	27044639	27045139	2	2	1	5	0	1
chr17	27047049	27047724	1	1	1	35	3	31
chr17	27047909	27049740	1	1	1	0	12	27
chr17	27049918	27050588	1	1	1	2	0	5
chr17	27050659	27050884	1	1	1	0	3	26
chr17	27052991	27061000	1	1	1	0	11	3
chr17	27071976	27072313	1	1	1	6	0	15
chr17	27210250	27211242	2	2	1	6	0	10
chr17	27225911	27228007	2	2	1	8	1	5
chr17	27400750	27400863	1	5	0	2	0	27
chr17	27417634	27417827	2	2	1	1	0	9
chr17	27446454	27447633	2	2	1	5	0	1
chr17	27551659	27747849	2	4	0	6	1	23
chr17	27680331	27798543	2	2	0	0	5	29
chr17	27680331	28302523	2	2	0	0	5	29
chr17	27794235	27802687	1	1	1	2	0	17
chr17	27822746	27825335	1	1	1	1	0	14
chr17	27844675	27849297	1	1	1	6	1	5
chr17	27899076	27899159	1	1	1	2	6	7
chr17	27899716	27899829	1	1	1	3	0	16
chr17	27902917	27903095	2	2	1	9	0	8
chr17	27920680	27934759	1	3	0	4	0	16
chr17	27928165	27976488	2	2	0	0	1	14
chr17	27934896	27935003	1	1	1	9	0	23
chr17	27936013	27936103	1	1	1	3	0	13
chr17	27936440	27937702	1	1	1	6	0	20
chr17	27937785	27938596	1	1	1	1	0	32
chr17	27973794	28797671	1	1	0	0	6	21
chr17	28240234	28240782	0	0	0	6	0	30
chr17	28443882	28445097	1	1	1	9	0	26
chr17	28499617	28505088	1	1	1	3	0	26
chr17	28504973	28517738	1	1	0	0	1	15
chr17	28792439	29048178	1	1	0	0	6	12
chr17	29021635	29030569	0	0	0	3	0	30
chr17	29061962	29062050	1	1	1	0	5	16
chr17	29080003	29081628	1	1	0	1	0	12
chr17	29089628	29089807	0	0	0	4	0	32
chr17	29112176	29113339	2	2	1	0	6	12
chr17	29122911	29125331	1	1	0	0	6	22
chr17	29176167	29294960	1	1	0	0	5	24
chr17	29185342	29187450	1	1	1	5	0	22
chr17	29277534	29277653	2	4	0	5	0	29
chr17	29315125	29324259	1	1	1	4	0	29
chr17	29460720	29463276	1	3	1	1	0	26
chr17	29508508	29508727	1	1	1	2	0	8
chr17	29508804	29509525	1	1	1	2	0	5
chr17	29683601	29683977	1	1	1	8	0	31
chr17	30010653	30279222	1	1	0	7	0	29
chr17	30183885	30186119	2	2	1	1	4	11
chr17	30200507	30200691	2	2	1	6	0	22
chr17	30205801	30207591	2	2	1	10	0	20
chr17	30207774	30211442	2	2	1	7	0	2
chr17	30267352	30267440	1	1	1	0	5	16
chr17	30655679	30656362	1	3	1	0	3	22
chr17	30660540	30661487	2	2	1	11	0	19
chr17	30687987	30688486	1	1	1	0	2	1
chr17	30687987	30689932	1	1	1	0	2	1
chr17	30690004	30692348	1	1	1	5	0	18
chr17	30692507	30694790	1	1	1	0	11	6
chr17	30695034	30696313	1	1	1	0	5	6
chr17	30696474	30696617	1	1	1	7	0	14
chr17	30771633	30773962	1	1	1	1	0	2
chr17	30791597	30796016	1	1	1	5	0	4
chr17	30801843	30804538	1	1	1	4	0	16
chr17	30804602	30806268	1	1	1	9	0	13
chr17	30813595	30813645	0	0	0	9	0	32
chr17	30842521	30884560	1	3	0	3	0	15
chr17	31087423	31087499	2	2	1	2	0	29
chr17	31249413	31249861	2	2	0	2	0	30
chr17	31249441	31249538	1	1	0	1	0	16
chr17	32908163	32953145	1	1	1	11	0	32
chr17	32929704	32936913	2	2	0	3	0	20
chr17	32955729	32956030	1	1	1	3	0	16
chr17	32962107	32963025	1	1	1	3	0	24
chr17	33353581	33412069	2	2	0	5	0	27
chr17	33353581	33416123	2	2	1	19	0	15
chr17	33460518	33462267	2	2	1	2	0	11
chr17	33464910	33466253	2	2	1	8	0	15
chr17	33466334	33466867	2	2	1	1	0	5
chr17	33469142	33469276	2	2	1	9	0	15
chr17	33694720	33700492	2	2	1	0	2	3
chr17	33895342	33895440	1	1	0	6	0	24
chr17	34036328	34037252	1	1	1	5	0	26
chr17	34062420	34067427	1	1	1	5	0	12
chr17	34136581	34144719	1	1	1	4	0	27
chr17	34147080	34147167	1	1	1	2	0	4
chr17	34147442	34149643	1	1	1	4	0	12
chr17	34151203	34160910	1	1	1	14	0	25
chr17	34160946	34161569	1	1	1	9	0	30
chr17	34169464	34171080	1	1	1	15	0	29
chr17	34172043	34173909	1	1	1	10	0	10
chr17	34202647	34205531	2	2	1	2	0	14
chr17	34495525	34495987	2	2	1	0	6	6
chr17	34501699	34589585	2	2	0	0	11	15
chr17	34501699	34754597	2	2	0	0	11	15
chr17	34501699	34805648	2	2	0	0	11	15
chr17	34583569	34584031	2	2	1	0	6	6
chr17	34589744	34754597	2	2	0	0	11	15
chr17	34589744	34805648	2	2	0	0	11	15
chr17	34748589	34749051	2	2	1	0	6	6
chr17	34754755	34805648	2	2	0	0	11	15
chr17	34799640	34800102	2	2	1	0	6	6
chr17	34866757	34867203	2	2	1	4	0	29
chr17	34890882	34892942	1	1	1	10	0	3
chr17	34937969	34941729	1	1	1	2	0	28
chr17	34955480	34956099	1	1	1	10	0	25
chr17	34956467	34956590	1	1	1	0	7	2
chr17	35306517	35307513	1	1	1	7	0	8
chr17	35578764	35580432	2	2	1	13	0	20
chr17	35609963	35614624	2	2	1	11	0	23
chr17	35882714	36849304	1	1	0	0	4	29
chr17	35929027	35930735	2	2	1	6	0	7
chr17	35950208	36857108	1	3	0	7	0	14
chr17	35960451	35969326	2	2	1	4	0	18
chr17	35979885	35980917	2	2	1	10	0	24
chr17	35986145	35986833	2	2	1	5	0	27
chr17	35990204	35992142	2	2	1	9	0	4
chr17	36291965	36292427	1	1	1	0	6	6
chr17	36340199	36340661	2	2	1	0	6	6
chr17	36407613	36456834	2	2	0	8	0	19
chr17	36483807	36998924	2	2	0	9	0	18
chr17	36533669	36551561	1	1	1	8	0	11
chr17	36626146	36628103	1	1	1	10	0	13
chr17	36716662	36717698	2	2	1	7	0	26
chr17	36865906	36865931	1	3	0	6	0	26
chr17	36872082	36872619	1	1	1	0	4	1
chr17	36874207	36875769	1	1	1	6	0	28
chr17	36875837	36876002	1	1	1	8	0	8
chr17	36876149	36876624	1	1	1	7	0	25
chr17	36876823	36876911	1	1	1	5	0	30
chr17	36886660	36887012	1	1	1	16	0	16
chr17	36887049	36887572	1	1	1	16	0	3
chr17	36891854	36892342	2	2	1	3	0	17
chr17	36894849	36895005	2	4	1	1	0	24
chr17	36895115	36895320	2	2	1	1	0	15
chr17	36909448	36912198	0	0	0	8	0	32
chr17	36909588	36912135	1	1	1	6	0	2
chr17	36916862	36918663	1	1	1	3	0	8
chr17	36963230	36965954	2	2	1	0	4	2
chr17	36969118	36971113	2	2	1	5	0	21
chr17	37006468	37006614	2	2	1	0	7	16
chr17	37006729	37008856	2	2	1	6	0	3
chr17	37008986	37009274	2	2	1	6	0	27
chr17	37009359	37009950	2	2	1	45	0	25
chr17	37112623	37120494	2	2	0	0	3	31
chr17	37347847	37351136	2	2	1	6	0	7
chr17	37351224	37353664	2	2	1	3	0	30
chr17	37356603	37357465	1	1	1	13	1	27
chr17	37356732	37357465	1	1	1	0	1	1
chr17	37356997	37357465	1	1	1	0	1	1
chr17	37357573	37358569	1	1	1	9	0	22
chr17	37359363	37360329	1	1	1	0	2	1
chr17	37360441	37360777	1	1	1	32	1	25
chr17	37369812	37370485	2	2	1	0	1	1
chr17	37580992	37583953	2	2	1	1	0	18
chr17	37619371	37627131	1	1	1	9	0	11
chr17	37649144	37650776	1	1	1	4	0	4
chr17	37654246	37687885	2	2	0	3	0	12
chr17	37676341	37680926	1	1	1	8	0	29
chr17	37815074	37815303	1	1	1	3	0	4
chr17	37815360	37815713	1	1	1	3	0	5
chr17	37816780	37817062	1	1	1	6	0	14
chr17	37868702	37871538	1	1	1	6	0	14
chr17	37881165	37881301	1	1	1	4	0	6
chr17	37883801	37883941	1	1	1	9	0	18
chr17	37886545	37886659	2	2	1	6	0	1
chr17	38145073	38145991	1	1	1	7	0	2
chr17	38146451	38151206	1	1	1	1	0	6
chr17	38151549	38151676	1	1	1	2	0	9
chr17	38183000	38183108	2	2	1	9	0	28
chr17	38183288	38183635	2	2	1	8	0	29
chr17	38189710	38191369	2	2	1	5	0	10
chr17	38192408	38209550	2	2	1	4	0	14
chr17	38209634	38209721	2	2	1	3	0	28
chr17	38209889	38210613	2	2	1	9	0	26
chr17	38240236	38240862	1	1	1	6	0	32
chr17	38245739	38245838	2	4	0	3	0	17
chr17	38297033	38297459	1	1	1	11	0	28
chr17	38297488	38297822	1	1	1	3	0	28
chr17	38319155	38319733	1	1	1	1	0	14
chr17	38347747	38347833	1	1	1	1	0	6
chr17	38444343	38445659	1	1	1	5	0	16
chr17	38453020	38457079	1	1	1	3	0	21
chr17	38546417	38547757	2	2	1	9	0	29
chr17	38548364	38548469	2	4	1	1	0	10
chr17	38548990	38551700	2	2	1	3	0	17
chr17	38550119	38550814	0	0	0	3	0	31
chr17	38556320	38556460	2	2	1	1	0	21
chr17	38556662	38556780	2	2	1	11	0	13
chr17	38567499	38567605	2	2	1	1	0	7
chr17	38567708	38567896	2	2	1	4	0	8
chr17	38573148	38574022	2	2	1	11	0	5
chr17	38798812	38801827	2	2	1	0	5	12
chr17	38801872	38802047	2	2	1	1	4	23
chr17	38975461	38989366	1	1	1	38	0	31
chr17	39523751	39554685	0	0	0	0	5	32
chr17	39573342	39588835	1	1	0	0	2	24
chr17	39680521	39680630	2	2	1	4	0	4
chr17	39724886	39725677	2	2	1	0	1	1
chr17	39845322	39846029	1	1	1	5	0	14
chr17	39925460	39925669	2	2	1	1	0	14
chr17	39973456	39974340	1	1	1	9	0	5
chr17	39974780	39975461	1	1	1	8	0	30
chr17	39987143	39988643	2	2	1	4	0	5
chr17	39991525	39992110	2	2	1	5	0	14
chr17	40024158	40024961	2	2	1	7	0	5
chr17	40025841	40027941	2	2	1	7	0	19
chr17	40034450	40035049	2	2	1	2	0	11
chr17	40035178	40039374	2	2	1	7	10	15
chr17	40040528	40042364	2	2	1	3	0	25
chr17	40061912	40062780	2	2	1	17	0	21
chr17	40065954	40066474	2	2	1	2	0	13
chr17	40066538	40075132	2	2	1	0	3	2
chr17	40068796	40069967	2	2	1	9	0	1
chr17	40070150	40075132	2	2	1	0	3	2
chr17	40148443	40149132	2	2	1	4	0	6
chr17	40152589	40169357	2	2	1	7	0	14
chr17	40172223	40173581	1	1	1	3	0	10
chr17	40174659	40175671	1	1	1	0	9	2
chr17	40267054	40267740	2	2	1	5	0	16
chr17	40269833	40269924	2	2	1	7	0	7
chr17	40272138	40272242	2	2	1	8	0	26
chr17	40272389	40272723	2	2	1	8	0	4
chr17	40282609	40306910	2	2	1	0	6	1
chr17	40468358	41115207	0	0	0	0	7	30
chr17	40498732	40500406	2	2	1	8	0	27
chr17	40634802	40754221	1	1	0	0	7	29
chr17	40642656	40646351	1	1	1	1	0	16
chr17	40646492	40647051	1	1	1	1	0	5
chr17	40665997	40666306	1	1	1	9	0	13
chr17	40688312	40690453	0	0	0	7	0	30
chr17	40690504	40690687	1	1	1	3	0	9
chr17	40714238	40714373	1	1	1	1	0	12
chr17	40716596	40716726	1	1	1	5	0	1
chr17	40717330	40717488	1	1	1	5	0	13
chr17	40747360	40748178	1	1	0	2	0	15
chr17	40765092	40765664	1	1	1	8	0	22
chr17	40766017	40766277	1	1	1	9	0	29
chr17	40820322	40821447	2	2	1	0	7	2
chr17	40822395	40822590	2	2	1	3	0	16
chr17	40841066	40841538	1	1	1	6	0	6
chr17	40855839	40856619	2	2	1	6	0	17
chr17	40940207	40940307	1	1	1	3	0	11
chr17	40946687	40946789	1	1	1	0	2	1
chr17	40946687	40947642	1	1	1	0	2	1
chr17	40970896	40971565	2	2	1	6	0	5
chr17	40989715	40990109	1	1	1	5	0	3
chr17	41116255	41116418	2	2	1	23	0	28
chr17	41150489	41150765	1	1	1	2	4	11
chr17	41150849	41151949	1	1	1	10	0	26
chr17	41154801	41154888	1	1	1	12	0	10
chr17	41192555	41194616	2	2	0	1	0	29
chr17	41246878	41247862	2	2	1	3	0	9
chr17	41254650	41446039	1	1	0	7	0	21
chr17	41295368	41301349	2	2	0	2	0	29
chr17	41346517	41346980	1	1	1	3	0	11
chr17	41401094	41411691	1	1	0	9	0	14
chr17	41529484	41529835	1	1	0	0	1	19
chr17	41622391	41622641	2	2	1	2	0	16
chr17	42040663	42042635	1	1	0	0	2	29
chr17	42091906	42092183	2	2	1	5	0	24
chr17	42091906	42092351	2	2	1	1	0	2
chr17	42148552	42151527	1	1	1	6	0	9
chr17	42152456	42152677	1	1	1	13	0	24
chr17	42156248	42156511	2	2	1	4	0	9
chr17	42161223	42161922	2	2	1	4	0	10
chr17	42234502	42246272	2	2	0	4	0	21
chr17	42256199	42257163	2	4	0	10	0	29
chr17	42264769	42266389	1	1	1	5	0	12
chr17	42288521	42288657	2	2	1	7	0	26
chr17	42380966	43127201	2	2	0	0	11	14
chr17	42398600	42398801	2	2	1	16	0	12
chr17	42399136	42402078	2	2	1	0	7	1
chr17	42400221	42400651	2	2	1	7	0	30
chr17	42400712	42400845	2	2	1	14	0	14
chr17	42400946	42402078	2	2	1	0	7	1
chr17	42400959	42402078	2	2	1	0	11	2
chr17	42401169	42402078	2	2	1	0	7	1
chr17	42427709	42427809	1	1	1	9	0	10
chr17	42428169	42428404	1	1	1	2	0	14
chr17	42429617	42429708	1	1	1	2	0	15
chr17	42474728	42478463	0	0	0	6	0	32
chr17	42512520	42513845	2	2	1	8	0	9
chr17	42662314	42678486	2	2	0	0	1	24
chr17	42761328	42766917	2	2	1	0	9	1
chr17	42767001	42767117	0	0	0	6	0	31
chr17	42800391	42807272	1	1	1	0	1	1
chr17	42824884	42825708	1	1	1	7	0	20
chr17	42836629	42837089	1	1	1	5	0	11
chr17	42850796	42851662	1	1	1	10	0	1
chr17	42852680	42852761	1	1	1	5	0	14
chr17	42854164	42854266	1	1	1	4	0	27
chr17	42870743	42871456	1	3	1	0	1	1
chr17	42876852	43111110	1	1	0	0	9	21
chr17	42892662	43127201	2	2	0	0	11	14
chr17	42901458	42902145	2	2	0	6	0	30
chr17	42928738	42929077	2	2	1	3	0	8
chr17	42931725	42931923	2	2	1	9	0	29
chr17	42932051	42932285	2	2	1	4	0	21
chr17	43004447	43005393	2	2	1	5	0	19
chr17	43005947	43006186	2	2	1	4	0	15
chr17	43010355	43011290	2	2	1	6	0	27
chr17	43011468	43011600	2	2	1	4	0	32
chr17	43011799	43011874	2	2	1	15	0	21
chr17	43013727	43024995	2	2	1	4	0	29
chr17	43120229	43120277	0	0	0	3	0	31
chr17	43175921	43176772	1	1	1	4	0	12
chr17	43182365	43182986	1	1	1	4	0	29
chr17	43295842	44126893	2	2	0	0	6	30
chr17	43487426	43487547	1	3	0	0	1	21
chr17	43515336	43516842	2	2	1	16	0	16
chr17	43628099	43628805	2	2	1	0	6	5
chr17	43697739	43699273	1	1	1	0	2	2
chr17	44116053	44116392	2	2	1	1	0	13
chr17	44301171	44302706	2	2	1	0	2	2
chr17	44410138	44627338	2	2	0	0	6	25
chr17	44410138	45128208	2	2	0	0	6	25
chr17	44414935	44415040	1	1	1	0	3	10
chr17	44430297	44435615	2	2	1	0	4	5
chr17	44435781	44439041	2	2	1	0	17	30
chr17	44588975	44589681	1	1	1	0	6	5
chr17	44628001	45128208	2	2	0	0	6	25
chr17	44632791	44632896	1	1	1	0	3	10
chr17	44648236	44653540	2	2	1	0	4	5
chr17	44653706	44656966	2	2	1	0	17	30
chr17	44786949	45695327	2	2	0	0	6	32
chr17	44832736	44833167	1	1	1	6	0	18
chr17	45199967	45201251	2	2	1	8	0	25
chr17	45249431	45258927	2	2	1	0	10	17
chr17	45259004	45266511	2	2	1	6	0	24
chr17	45680173	45680497	0	0	0	4	0	31
chr17	45689969	45691034	1	1	1	3	0	5
chr17	45691092	45695715	1	1	1	3	0	5
chr17	45727651	45727751	1	1	1	10	0	23
chr17	45727811	45730059	1	1	1	10	0	24
chr17	45730243	45734225	1	1	1	9	0	12
chr17	45734427	45735873	1	1	1	2	0	16
chr17	45740545	45741524	1	1	1	4	0	21
chr17	45747236	45748067	1	1	1	2	0	5
chr17	45748199	45750383	1	1	1	7	0	12
chr17	45750928	45752003	1	1	1	4	0	15
chr17	45752149	45753774	1	1	1	9	0	26
chr17	45753858	45754385	1	1	1	0	4	3
chr17	45757501	45757873	1	1	1	5	0	10
chr17	45758036	45759769	1	1	1	9	0	26
chr17	45775219	45806541	1	1	0	1	0	24
chr17	45776142	45776685	1	1	1	2	0	14
chr17	45892719	45893472	2	2	1	8	0	14
chr17	45906037	45908825	2	2	1	7	0	26
chr17	45973660	45992677	1	1	1	4	0	23
chr17	45992755	45993521	1	3	1	7	0	6
chr17	45998020	46097666	2	2	0	0	2	31
chr17	46022082	46022924	1	1	1	8	0	10
chr17	46051017	46051296	1	1	1	1	0	17
chr17	46125825	46127968	1	1	1	7	0	11
chr17	46153541	46154226	2	2	1	2	0	16
chr17	46209295	46350922	1	1	0	0	6	31
chr17	46290486	46556837	2	2	0	0	4	28
chr17	46290491	46566635	1	1	0	0	4	23
chr17	46347238	47000774	2	2	0	0	9	27
chr17	46350111	47097597	1	1	0	0	5	14
chr17	46627309	46677808	1	1	1	0	9	3
chr17	46632981	46651198	2	2	1	7	0	28
chr17	46667889	46683540	0	0	0	7	0	32
chr17	46669819	46670482	2	2	1	5	0	32
chr17	46700498	46703353	2	2	1	0	7	3
chr17	46746157	47097597	1	1	0	0	5	14
chr17	46835536	47097597	1	1	0	0	5	14
chr17	46971812	46972517	1	1	1	10	0	12
chr17	46972697	46973016	1	1	1	6	0	7
chr17	46986183	46988169	1	1	1	10	1	14
chr17	47018425	47021286	2	2	1	6	0	26
chr17	47075283	47076470	1	1	1	3	0	14
chr17	47117454	47118739	1	1	1	8	0	24
chr17	47118863	47119603	1	1	1	3	0	31
chr17	47120913	47121328	1	1	1	9	0	14
chr17	47121449	47122352	1	1	1	11	0	8
chr17	47212219	48162697	2	2	0	0	9	17
chr17	47389405	47390059	2	2	1	3	0	20
chr17	47481985	47482138	1	1	1	3	0	7
chr17	47490654	47492196	2	2	1	0	3	9
chr17	47784431	47784704	2	2	1	7	0	6
chr17	48182807	48183248	1	1	1	3	0	16
chr17	48185782	48185975	1	1	1	14	0	22
chr17	48218739	48220962	2	2	1	9	0	5
chr17	48221084	48222477	2	2	1	5	0	27
chr17	48447461	48447815	2	2	1	3	0	3
chr17	48453345	48453426	1	1	1	1	0	24
chr17	48469864	48470099	2	2	1	7	0	1
chr17	48470259	48472289	2	2	1	5	0	4
chr17	48512903	49014411	1	1	0	7	0	31
chr17	48556381	48556989	1	1	1	3	0	10
chr17	48819093	48821066	1	1	1	14	0	24
chr17	48823365	48823902	1	1	1	1	0	15
chr17	48824064	48827861	1	1	1	1	0	24
chr17	48833908	49088967	2	2	0	0	7	26
chr17	48888024	48935167	2	2	0	0	1	14
chr17	48934490	49143535	2	2	0	4	0	20
chr17	49043749	49048067	2	2	1	10	0	16
chr17	49072586	49072804	2	2	1	4	0	11
chr17	49153879	49158886	2	2	0	0	1	32
chr17	49231024	49231585	1	1	1	14	0	10
chr17	49231024	49233011	1	1	1	7	0	10
chr17	49233142	49237340	1	1	1	6	0	13
chr17	49236699	49236741	0	0	0	10	0	31
chr17	49243859	49244187	1	1	1	23	0	29
chr17	49243925	49244187	1	1	1	3	0	17
chr17	49244318	49245602	1	1	1	25	0	18
chr17	49245705	49247297	1	1	1	34	0	24
chr17	49247411	49248847	1	1	1	5	0	5
chr17	49280590	49281151	2	2	1	3	0	2
chr17	49284367	49294694	2	2	1	4	0	8
chr17	49336568	49337195	2	2	1	0	13	3
chr17	49340748	49343542	1	1	1	3	0	6
chr17	49371407	49374325	1	1	1	0	2	3
chr17	51616920	51710294	2	2	0	0	2	23
chr17	53042214	53045641	2	2	1	8	0	6
chr17	53491594	53499030	2	2	1	7	0	3
chr17	54985925	54990752	2	2	1	3	0	13
chr17	55055597	55058442	1	1	1	0	1	2
chr17	55055597	55058477	1	1	1	0	1	2
chr17	55137934	55961640	2	2	0	0	5	20
chr17	55196406	55197610	1	1	1	11	0	32
chr17	55334909	55335630	1	1	1	4	0	11
chr17	55478833	55607036	1	1	1	4	0	17
chr17	55918622	55926600	2	2	1	0	13	1
chr17	55926772	55927327	2	2	1	20	0	9
chr17	56067158	56068242	2	2	1	3	0	13
chr17	56081080	56082283	2	2	1	3	0	18
chr17	56081363	56082283	2	2	1	5	0	12
chr17	56083889	56084304	2	2	1	4	0	7
chr17	56366093	56790203	2	6	0	6	0	17
chr17	56423675	56424548	2	2	1	1	0	19
chr17	56505826	56696975	2	4	0	9	0	32
chr17	56638974	56642229	2	2	1	6	0	10
chr17	56770150	56772291	1	1	1	1	0	8
chr17	56772551	56774053	1	1	1	3	0	24
chr17	56797345	56797559	1	3	0	8	0	25
chr17	57082690	57126002	1	1	0	3	0	30
chr17	57094786	57105775	2	2	1	4	0	25
chr17	57160537	57209456	2	2	0	0	5	13
chr17	57182240	57295164	1	1	0	0	3	14
chr17	57208729	57232491	2	2	1	4	16	17
chr17	57233167	57247108	1	1	1	3	0	2
chr17	57274965	57275053	1	1	1	10	0	6
chr17	57275151	57278923	1	1	1	2	0	30
chr17	57279105	57280821	1	1	1	0	1	1
chr17	57279119	57281006	1	1	1	0	9	11
chr17	57348357	57350145	1	1	1	1	0	8
chr17	57350198	57351011	1	1	1	1	0	5
chr17	57697535	57721636	1	1	1	11	0	22
chr17	57725763	57728563	1	1	1	5	0	4
chr17	57756881	57758272	1	1	1	9	0	28
chr17	57759201	57759989	1	1	0	2	0	31
chr17	57760376	57760455	1	1	1	1	0	30
chr17	57944111	57955463	2	2	1	1	0	9
chr17	57955696	57970057	2	2	1	0	1	1
chr17	57968403	57970057	2	2	1	0	1	1
chr17	57969322	57970057	2	2	1	0	1	1
chr17	58088014	58088480	2	2	1	0	6	6
chr17	58126714	59026859	2	2	0	0	8	20
chr17	58235150	58235349	1	1	1	0	2	5
chr17	58364296	58386747	1	1	0	0	8	25
chr17	58366044	58372043	2	2	1	3	0	27
chr17	58468956	58469014	0	0	0	3	0	31
chr17	58780175	59026859	2	2	0	0	8	20
chr17	58910451	59026859	2	2	0	0	8	20
chr17	59147366	59147619	2	4	1	0	2	2
chr17	59161926	59431722	1	1	1	3	0	16
chr17	59450842	60205975	1	1	0	0	4	14
chr17	59451210	60205975	1	1	0	0	4	14
chr17	59466070	59469337	1	1	1	1	0	1
chr17	59471109	59471305	2	2	1	6	1	3
chr17	59504176	60205975	1	1	0	0	4	14
chr17	59685231	60628219	0	0	0	0	9	31
chr17	59853924	59857621	2	2	1	1	0	19
chr17	59921332	59921920	2	2	0	4	0	21
chr17	59921337	60205975	1	1	0	0	4	14
chr17	59971261	59972675	2	2	1	4	0	12
chr17	59999189	60002321	2	2	1	3	0	31
chr17	60042830	60043822	2	2	1	6	0	22
chr17	60140663	60142500	2	2	1	5	0	15
chr17	60431551	60441927	1	1	0	0	1	28
chr17	60594342	60594389	2	2	0	10	0	24
chr17	60599635	60600494	1	1	1	3	0	14
chr17	60613699	60629662	1	1	1	0	5	1
chr17	60631117	60637376	1	1	1	0	3	24
chr17	60636853	61531764	2	2	0	9	0	17
chr17	60646439	61295417	1	1	0	0	8	17
chr17	61382599	61902921	1	1	0	0	7	12
chr17	61522324	61529148	1	1	0	0	1	28
chr17	61662691	61666361	1	1	1	6	0	18
chr17	61663283	62612571	0	0	0	0	4	31
chr17	61843555	61850771	2	2	1	16	0	29
chr17	61851737	61864393	1	1	1	5	6	24
chr17	61886309	61886919	1	1	1	5	0	19
chr17	61899004	61899082	2	2	1	5	0	11
chr17	61901313	61901443	2	2	1	3	0	28
chr17	61901600	61901690	2	2	1	1	0	4
chr17	61904289	61904411	2	2	1	8	0	18
chr17	61905570	61906853	1	1	1	4	0	25
chr17	61907862	61908168	1	1	1	7	0	20
chr17	61908296	61908395	1	1	1	12	0	28
chr17	61909171	61909275	1	1	1	6	0	12
chr17	61911367	61911526	2	2	1	5	0	19
chr17	61978934	62855171	1	1	0	0	7	26
chr17	62055425	62817571	1	1	0	0	4	20
chr17	62291603	62340527	2	2	1	2	3	3
chr17	62477759	62992321	1	1	0	8	0	23
chr17	62498188	62498279	2	2	1	8	0	2
chr17	62499217	62499305	2	2	1	6	0	31
chr17	62499467	62499547	2	2	1	9	0	7
chr17	62499690	62499920	2	2	1	2	0	3
chr17	62500235	62500339	2	2	1	3	0	26
chr17	62502378	62502631	2	2	1	3	1	2
chr17	62502381	62502631	2	2	1	0	1	1
chr17	62502381	62502872	2	2	1	0	1	1
chr17	62515555	62517519	1	1	1	0	2	4
chr17	62520964	62690030	2	2	0	0	6	31
chr17	62529310	62530702	1	1	1	7	0	12
chr17	62542457	62543717	2	2	1	3	0	25
chr17	62870698	62870744	0	0	0	0	5	31
chr17	62893773	62894479	2	2	1	0	6	5
chr17	64173139	64179311	2	2	1	4	0	3
chr17	64299143	64302213	1	1	1	3	0	4
chr17	64307444	64308391	2	4	0	3	0	23
chr17	64560416	64728130	0	0	0	0	7	30
chr17	64738879	64770104	1	1	1	3	0	29
chr17	65214939	65235548	2	2	1	5	0	25
chr17	65265087	65308348	2	2	0	3	0	28
chr17	65265953	65861154	2	2	0	0	4	13
chr17	65265953	66178821	2	2	0	0	4	13
chr17	65337169	65338301	2	2	1	7	0	13
chr17	65340897	65341860	2	2	1	2	0	8
chr17	65679018	65884444	2	2	0	0	4	25
chr17	65714205	65715789	1	1	1	0	1	3
chr17	65720310	65722575	1	1	1	2	0	9
chr17	65733809	65733962	1	1	1	1	0	7
chr17	65753204	66329337	2	2	0	6	0	22
chr17	65770592	65785951	2	2	0	0	4	23
chr17	65943925	65944196	1	1	1	3	0	32
chr17	65944423	65955656	1	1	1	6	0	11
chr17	66031957	66033225	1	1	1	14	0	29
chr17	66039116	66039215	1	1	1	9	0	10
chr17	66039480	66039953	1	1	1	3	0	1
chr17	66122352	66125958	0	0	0	5	0	30
chr17	66126464	66130239	0	0	1	2	1	4
chr17	67256554	67257265	2	2	1	3	0	12
chr17	67310572	67321839	2	2	1	1	0	14
chr17	70119114	70119683	1	1	1	12	0	5
chr17	70864924	71074353	1	1	0	0	6	23
chr17	71192891	71193038	1	1	1	0	2	2
chr17	71228857	71229358	1	1	1	5	0	5
chr17	71397351	71397792	2	2	1	10	0	23
chr17	71608972	71812941	2	2	0	5	0	20
chr17	72199885	72200056	1	1	1	36	0	32
chr17	72199910	72200056	1	1	1	8	0	4
chr17	72200098	72200268	1	1	1	31	0	27
chr17	72200330	72205325	1	1	1	20	0	32
chr17	72205449	72205942	1	1	1	3	0	22
chr17	72491664	72973553	2	2	0	0	5	20
chr17	72688254	72973553	2	2	0	0	5	20
chr17	72717715	72901719	1	1	0	3	0	32
chr17	72761646	72973553	2	2	0	0	5	20
chr17	72771847	72772405	2	2	1	4	0	7
chr17	72827447	72833426	2	2	0	2	0	15
chr17	72861943	72862252	2	2	1	9	0	9
chr17	72973196	73357106	1	1	0	0	4	20
chr17	72984218	72995598	1	1	1	3	0	22
chr17	72984334	72984454	0	0	0	7	0	31
chr17	73035367	73036186	2	2	1	18	0	24
chr17	73038373	73038623	2	2	1	1	0	11
chr17	73038755	73043019	2	2	1	10	0	26
chr17	73099129	73119591	1	1	0	0	4	26
chr17	73144767	73150436	2	2	1	1	0	6
chr17	73170919	73177151	2	2	1	0	5	17
chr17	73177284	73178908	2	2	1	8	0	8
chr17	73186516	73357106	1	1	0	0	4	20
chr17	73204892	73205740	2	6	0	7	0	17
chr17	73216579	73574195	1	1	0	0	5	13
chr17	73216579	73783363	1	1	0	0	5	13
chr17	73216579	73951314	1	1	0	0	5	13
chr17	73222253	73227434	1	1	1	0	1	3
chr17	73229064	73229152	1	1	1	2	0	11
chr17	73229254	73230731	1	1	1	1	0	14
chr17	73237598	73237695	2	2	1	4	0	7
chr17	73239652	73240699	2	2	1	4	0	31
chr17	73239652	73242589	2	2	1	2	0	17
chr17	73248388	73403507	2	2	0	0	3	13
chr17	73258065	73258577	1	1	1	16	0	8
chr17	73259589	73261782	1	1	1	6	0	19
chr17	73263049	73263618	2	2	1	3	0	14
chr17	73265021	73802789	1	1	0	0	6	22
chr17	73266327	73267224	2	2	1	10	0	16
chr17	73275000	73802789	1	1	0	0	6	22
chr17	73284543	73285434	2	2	1	7	1	2
chr17	73308943	73403507	2	2	0	0	3	13
chr17	73389847	73401569	2	2	1	3	0	28
chr17	73434220	73802789	1	1	0	0	6	22
chr17	73441322	73802789	1	1	0	0	6	22
chr17	73452833	73467880	1	1	1	1	0	6
chr17	73485744	73486314	1	3	1	4	0	4
chr17	73486432	73486782	1	1	1	3	0	20
chr17	73491725	73492046	1	1	1	4	0	20
chr17	73515129	73517489	1	1	1	6	0	13
chr17	73661253	73662507	2	2	1	8	0	18
chr17	73662652	73663123	2	6	1	1	0	1
chr17	73663559	73664595	1	1	1	1	0	26
chr17	73699452	73699887	1	1	1	3	0	12
chr17	73755445	73802789	1	1	0	0	6	22
chr17	73757109	73786837	2	2	0	1	0	26
chr17	73760168	73761052	2	2	1	6	0	17
chr17	73774805	73774890	2	2	1	12	0	29
chr17	73816190	73818557	1	1	1	0	8	1
chr17	73839155	73839239	2	2	1	5	0	30
chr17	73843066	73843567	2	2	1	1	0	13
chr17	73847758	73851319	2	2	1	4	0	24
chr17	73854732	73927739	2	2	0	0	9	13
chr17	73887960	73888091	2	2	1	4	0	2
chr17	73888267	73888347	2	2	1	7	0	5
chr17	73890962	73891995	0	0	0	5	0	30
chr17	73895068	73895238	2	2	1	5	0	1
chr17	73895376	73895596	2	2	1	7	0	21
chr17	73898002	73898100	2	2	1	9	0	15
chr17	73900801	73900889	2	2	1	9	0	24
chr17	73908389	73909782	2	2	1	1	0	30
chr17	73914351	73915748	2	2	1	15	0	28
chr17	73916511	73917324	2	2	1	3	0	7
chr17	73923614	73924156	2	2	1	4	0	19
chr17	74044052	74046508	2	2	1	7	0	26
chr17	74057656	74060056	2	2	1	9	0	19
chr17	74079832	74080086	2	2	1	9	0	3
chr17	74082227	74083734	2	2	1	2	0	28
chr17	74085005	74085255	2	2	1	1	0	16
chr17	74085402	74086409	2	2	1	6	0	19
chr17	74097945	74099441	2	2	1	1	0	24
chr17	74099508	74099713	2	2	1	9	0	18
chr17	74302891	74762423	2	2	0	1	7	16
chr17	74388195	74391805	2	4	1	0	5	1
chr17	74393970	74394335	2	2	1	5	0	31
chr17	74396379	74396521	2	2	1	5	0	8
chr17	74398209	74398682	2	2	1	2	0	11
chr17	74469825	74469920	2	2	1	9	0	29
chr17	74490087	74494035	0	0	0	7	0	30
chr17	74553940	74557369	1	1	1	8	0	4
chr17	74555126	74557369	1	1	1	0	7	19
chr17	74557481	74559200	1	1	1	9	0	25
chr17	74562354	74563534	2	2	1	0	5	1
chr17	74718016	74719853	2	2	1	1	0	8
chr17	74723261	74725771	1	1	1	1	0	17
chr17	74732547	74732880	2	2	1	13	9	31
chr17	74732547	74732916	2	2	1	0	3	1
chr17	74734081	74734363	1	1	1	3	0	1
chr17	74757073	74784718	1	1	0	0	3	22
chr17	75085032	75085234	1	1	1	1	0	8
chr17	75187395	75189502	1	1	1	2	0	23
chr17	75192394	75196565	1	1	1	7	0	1
chr17	75211849	75212274	1	1	0	0	2	19
chr17	75211862	75212066	1	1	0	0	2	32
chr17	75211862	75212170	1	1	0	0	2	32
chr17	75211862	75212209	1	1	0	0	2	32
chr17	75212145	75212274	1	1	0	0	2	19
chr17	75212158	75212209	1	1	0	0	2	32
chr17	75212470	75212495	1	1	0	0	2	20
chr17	75212470	75212508	1	1	0	0	2	20
chr17	75427335	75427928	0	0	0	7	0	31
chr17	75436804	75481685	1	1	0	1	0	14
chr17	75739521	76092061	1	1	0	0	6	22
chr17	76069176	76071216	1	1	1	8	0	16
chr17	76164797	76166897	1	1	1	8	0	4
chr17	76167731	76167819	1	1	1	1	0	26
chr17	76171251	76171609	2	2	1	1	0	3
chr17	76210509	76210760	1	1	1	26	0	22
chr17	76210871	76212744	1	1	1	12	0	25
chr17	76395619	76396815	1	1	1	0	6	1
chr17	76476869	76480949	2	2	1	6	0	6
chr17	76551060	76683093	2	2	0	0	6	31
chr17	76672856	76673037	1	1	0	5	0	12
chr17	76688576	76694350	2	2	1	1	0	22
chr17	76793985	76794481	2	2	1	3	0	8
chr17	76795106	76795748	2	2	1	3	0	16
chr17	76800061	76801600	2	2	0	3	0	14
chr17	76817144	76818018	2	2	1	4	0	11
chr17	76853931	76922606	2	2	0	6	0	25
chr17	76855511	76863111	1	1	0	2	0	23
chr17	76969208	76973221	2	2	1	0	4	3
chr17	76969305	76970769	2	2	1	5	0	9
chr17	76970902	76972046	2	2	1	12	0	3
chr17	76972239	76973221	2	2	1	10	0	5
chr17	77073947	77075570	1	1	1	9	0	31
chr17	77145570	77146714	2	2	0	11	0	22
chr17	77812854	77812981	2	2	1	2	0	12
chr17	78059612	78947091	1	1	0	0	4	27
chr17	78075425	78075609	1	1	1	5	0	15
chr17	78075690	78078353	1	1	1	7	0	19
chr17	78084825	78085781	1	1	1	9	0	6
chr17	78091549	78091991	1	1	1	4	0	25
chr17	78109306	78109802	2	2	1	1	0	4
chr17	78110135	78111184	2	2	1	4	0	22
chr17	78151282	79119788	1	1	0	0	5	25
chr17	78164199	79119788	1	1	0	0	5	25
chr17	78286968	78290987	1	1	1	4	0	16
chr17	78302278	78305805	1	1	1	3	0	18
chr17	78322087	78323569	1	1	1	1	0	27
chr17	78350764	78351561	1	1	1	14	0	9
chr17	78361123	78993901	2	2	0	0	5	16
chr17	78447245	78449310	2	2	1	4	0	28
chr17	78448083	78448826	2	2	0	5	0	23
chr17	78523391	78550781	1	1	0	0	1	13
chr17	78655462	78655487	1	1	0	0	9	17
chr17	78829348	78831589	1	1	1	6	0	21
chr17	78849553	78849893	2	2	0	0	4	23
chr17	78849553	78849941	2	2	0	0	4	23
chr17	78849602	78849893	2	2	0	0	4	23
chr17	78849602	78849941	2	2	0	0	4	23
chr17	78899281	78914295	1	1	1	1	0	3
chr17	78936858	78938061	1	1	1	8	0	20
chr17	78988751	79809933	2	2	0	4	0	28
chr17	79007199	79008364	2	2	1	13	0	25
chr17	79029509	79221900	1	1	0	0	3	32
chr17	79080708	79082274	1	1	1	4	0	24
chr17	79098649	79098729	2	2	1	2	0	5
chr17	79102350	79104860	2	2	1	8	0	6
chr17	79167928	79168669	2	2	1	10	0	18
chr17	79170627	79170729	2	2	1	4	0	18
chr17	79173636	79174128	2	2	1	5	0	19
chr17	79182823	79193679	2	2	1	3	0	21
chr17	79203277	79204343	2	2	1	6	0	10
chr17	79205822	79206114	2	2	1	1	0	5
chr17	79207304	79207437	2	2	1	6	0	4
chr17	79213204	79213394	1	3	1	7	2	11
chr17	79213248	79213367	1	1	1	47	2	13
chr17	79213479	79214786	1	1	1	33	0	23
chr17	79234195	79244717	2	2	1	6	0	10
chr17	79412708	79414061	1	1	1	1	0	9
chr17	79422417	79423322	1	1	1	10	0	16
chr17	79425996	79426079	1	1	1	5	0	2
chr17	79427423	79427555	1	1	1	4	0	6
chr17	79477860	79477952	2	2	1	10	0	7
chr17	79478135	79478213	2	2	1	63	5	24
chr17	79478605	79478952	2	4	1	0	16	2
chr17	79478653	79478928	2	2	1	3	0	10
chr17	79479169	79479257	2	2	1	54	0	30
chr17	79479387	79479759	2	2	1	71	3	25
chr17	79482474	79482728	2	2	0	5	0	21
chr17	79504005	79507143	1	3	0	6	0	23
chr17	79507977	79508334	2	2	1	3	0	6
chr17	79516389	79517273	2	2	1	6	0	17
chr17	79518224	79519039	1	1	0	4	0	27
chr17	79524567	79525763	1	1	0	6	0	23
chr17	79532634	79534442	2	2	1	12	0	7
chr17	79556131	79563141	2	2	1	10	0	19
chr17	79563269	79564270	2	2	1	2	0	18
chr17	79564343	79567366	2	2	1	9	0	11
chr17	79573841	79575753	2	2	1	1	0	2
chr17	79627665	79806498	1	1	0	0	12	26
chr17	79633931	79634758	1	1	1	10	0	24
chr17	79651134	79651842	1	1	0	3	0	16
chr17	79654183	79654206	1	1	0	1	0	12
chr17	79657265	79657703	1	1	1	3	0	12
chr17	79657773	79658476	1	1	1	3	0	5
chr17	79658602	79660532	1	1	1	8	0	20
chr17	79660612	79660683	1	1	1	5	0	14
chr17	79660996	79661844	1	1	1	4	0	8
chr17	79663778	79663853	1	3	1	3	0	21
chr17	79671461	79671662	1	1	1	2	1	2
chr17	79671747	79673935	1	1	1	9	3	12
chr17	79674421	79674763	0	0	0	6	0	31
chr17	79680210	79680270	0	0	0	3	0	30
chr17	79681364	79681860	1	3	0	7	0	20
chr17	79682103	79682507	1	1	1	7	0	8
chr17	79683886	79684031	1	1	1	6	0	18
chr17	79801969	79803019	2	2	1	7	0	8
chr17	79803868	79804304	2	2	1	1	0	4
chr17	79804506	79804822	2	2	1	15	0	10
chr17	79804949	79805118	2	2	1	9	0	19
chr17	79813156	79813328	2	2	1	7	0	7
chr17	79813463	79817056	2	2	1	5	0	23
chr17	79825067	79825113	2	4	0	5	0	26
chr17	79826152	79828832	0	0	0	8	0	30
chr17	79827283	79827417	2	2	1	11	0	18
chr17	79827502	79827616	2	2	1	1	0	6
chr17	79827834	79828511	2	2	1	14	4	21
chr17	79827834	79829173	2	2	1	94	5	25
chr17	79846295	79846395	2	2	1	15	0	27
chr17	79846460	79847057	2	2	1	5	0	11
chr17	79847206	79848564	2	2	1	1	5	32
chr17	79848697	79849198	2	2	1	13	0	28
chr17	79849706	79850979	1	3	1	0	6	1
chr17	79849718	79852342	1	1	1	8	0	14
chr17	79863324	79863545	2	2	1	5	0	24
chr17	79865734	79866443	2	2	1	7	0	29
chr17	79870491	79871649	2	2	1	0	1	2
chr17	79872579	79873315	2	2	1	14	0	14
chr17	79875596	79875705	2	4	1	3	0	9
chr17	79894070	79894623	2	2	1	4	0	29
chr17	79914951	79915681	2	2	1	5	0	4
chr17	79946824	79957284	2	2	0	6	0	26
chr17	79958211	79962442	0	0	0	9	0	31
chr17	79967068	79967361	1	1	1	9	0	17
chr17	79968745	79969418	1	1	1	6	0	7
chr17	79974746	79974816	1	1	1	5	0	11
chr17	79977786	79980701	2	2	1	5	0	17
chr17	79978619	79981040	0	0	0	10	0	32
chr17	79981740	79982153	1	1	1	6	0	10
chr17	79981740	79982568	1	1	1	5	0	16
chr17	79982216	79982568	1	1	1	3	0	23
chr17	79984888	79985261	1	1	1	7	0	32
chr17	79985628	79985886	1	1	1	8	0	16
chr17	79986385	79986488	1	1	1	4	0	17
chr17	79986560	79986894	1	1	1	10	0	31
chr17	79986560	79986968	1	1	1	4	0	25
chr17	79987062	79987940	1	1	1	0	8	7
chr17	79987512	79987940	1	1	1	4	8	21
chr17	79988115	79988194	1	1	1	9	0	21
chr17	79990273	79990628	0	0	0	3	0	31
chr17	79990886	79991315	1	1	1	2	0	7
chr17	79991476	79991574	1	1	1	17	0	10
chr17	79994520	79994596	2	2	1	6	0	14
chr17	79994890	79995325	2	2	1	0	8	1
chr17	79994890	79995489	2	2	1	0	8	1
chr17	79994890	79995506	2	2	1	0	8	1
chr17	79995418	79995506	2	2	1	12	0	3
chr17	80006684	80006906	2	2	1	9	0	6
chr17	80008641	80009169	2	2	1	19	0	26
chr17	80009841	80011149	1	1	1	11	1	4
chr17	80010336	80010691	1	1	1	1	0	9
chr17	80012852	80013037	1	1	1	9	0	5
chr17	80013099	80013615	1	1	1	1	0	1
chr17	80013702	80013876	1	1	1	5	0	15
chr17	80014268	80014345	1	1	1	4	0	12
chr17	80014851	80014928	1	1	1	19	0	32
chr17	80017970	80018576	2	2	1	6	0	9
chr17	80019598	80019776	2	2	1	19	0	24
chr17	80019860	80020736	2	2	1	7	0	2
chr17	80020850	80021343	2	2	1	2	0	28
chr17	80021395	80022001	2	2	1	1	0	29
chr17	80022078	80022698	2	2	1	0	2	1
chr17	80022946	80023488	2	2	1	15	0	20
chr17	80037157	80037232	2	2	1	7	0	27
chr17	80037485	80038015	2	2	1	8	0	18
chr17	80038115	80038245	2	2	1	6	0	7
chr17	80038467	80038567	2	2	1	16	0	12
chr17	80038799	80039039	2	2	1	10	0	19
chr17	80039229	80039476	2	2	1	4	0	16
chr17	80039720	80039884	2	2	1	39	0	32
chr17	80039758	80039815	1	1	0	1	0	30
chr17	80040037	80040198	2	2	1	9	0	23
chr17	80040291	80040402	2	2	1	7	3	14
chr17	80040555	80040789	2	2	1	35	0	26
chr17	80040870	80041693	0	0	0	3	0	30
chr17	80040992	80041077	2	2	1	19	10	11
chr17	80041138	80041392	2	2	0	2	0	30
chr17	80041302	80041392	2	2	1	9	0	26
chr17	80041516	80041647	2	2	1	13	0	28
chr17	80041768	80041850	2	2	1	25	0	28
chr17	80042030	80042109	2	2	1	26	0	29
chr17	80042261	80042388	2	2	1	19	0	23
chr17	80042593	80042674	2	2	1	6	0	3
chr17	80042830	80042910	2	2	1	27	0	22
chr17	80043033	80043113	2	2	1	18	0	16
chr17	80043279	80043357	2	2	1	18	0	17
chr17	80043748	80044129	2	2	1	10	0	19
chr17	80044435	80044925	2	2	1	31	0	23
chr17	80045381	80045560	2	2	1	15	0	17
chr17	80046184	80046265	2	2	1	19	1	25
chr17	80046439	80046636	2	2	1	33	0	26
chr17	80046753	80046844	2	2	1	13	0	7
chr17	80047049	80047125	2	2	1	4	0	18
chr17	80047261	80047507	2	2	1	8	0	4
chr17	80047603	80048250	2	2	1	2	0	25
chr17	80048342	80048861	1	3	0	5	0	12
chr17	80048441	80048757	2	2	1	7	0	9
chr17	80048946	80049097	2	2	1	28	0	13
chr17	80049561	80050330	2	2	1	7	0	20
chr17	80050466	80050572	2	2	1	9	0	2
chr17	80050689	80050772	2	2	1	9	0	29
chr17	80050896	80051094	2	2	1	13	0	8
chr17	80051296	80051473	2	2	1	18	0	28
chr17	80051648	80053195	2	2	1	1	0	25
chr17	80053349	80054194	2	2	1	28	0	29
chr17	80059411	80059448	2	4	0	5	0	18
chr17	80075180	80075495	1	5	0	3	0	28
chr17	80086474	80091948	2	2	1	4	0	10
chr17	80107648	80108493	2	2	0	0	2	16
chr17	80115825	80121075	2	2	1	5	0	32
chr17	80121234	80129576	2	2	1	7	0	13
chr17	80129730	80130513	2	2	1	3	0	19
chr17	80152016	80153138	2	2	1	6	0	3
chr17	80154913	80155111	2	2	0	0	2	15
chr17	80166221	80586529	2	2	0	0	4	17
chr17	80206891	80207306	2	2	1	6	0	1
chr17	80207479	80209254	2	2	1	4	0	1
chr17	80209404	80210309	2	2	1	8	0	7
chr17	80210481	80210891	2	2	1	1	8	1
chr17	80210481	80213304	2	2	1	0	8	1
chr17	80212121	80212290	1	1	0	0	2	26
chr17	80212158	80212290	1	1	0	0	2	26
chr17	80213454	80223561	2	2	1	4	0	19
chr17	80223673	80229945	2	2	1	0	3	2
chr17	80223673	80231181	2	2	1	4	0	18
chr17	80310934	80586529	2	2	0	0	4	17
chr17	80339361	80339412	1	1	0	0	7	32
chr17	80339361	80339468	1	1	0	0	7	32
chr17	80350411	80352206	2	2	1	0	1	5
chr17	80361967	80363199	2	2	1	4	0	22
chr17	80478184	80521229	1	1	1	3	0	6
chr17	80601900	80606149	2	2	1	6	0	21
chr17	80619943	80621112	0	0	0	9	0	31
chr17	80676934	80678147	1	1	1	2	0	24
chr17	80763888	80765483	1	1	1	12	0	1
chr17	80765545	80767583	1	1	1	12	0	2
chr17	80767659	80772715	1	1	1	8	0	29
chr17	80833542	80833693	0	0	0	6	0	31
chr17	80885200	80885780	1	1	1	8	0	27
chr17	80885865	80886988	1	1	1	5	0	11
chr18	106934	110342	1	1	0	0	3	27
chr18	107070	108022	1	1	0	0	7	31
chr18	109385	110617	1	1	0	0	1	27
chr18	158715	163307	1	1	1	7	0	17
chr18	224201	224923	2	2	1	4	0	18
chr18	225140	225336	2	2	1	4	0	26
chr18	247958	252538	2	2	1	3	0	22
chr18	252613	254272	2	2	1	2	0	18
chr18	254356	259179	2	2	1	9	0	7
chr18	1340052	1388140	2	2	0	0	1	32
chr18	1406357	1407115	1	1	0	0	3	32
chr18	1886449	1906364	2	2	1	0	2	6
chr18	2573086	2574987	1	1	1	6	0	17
chr18	2589310	2590016	1	1	1	3	0	30
chr18	2960848	3013084	2	2	1	0	1	1
chr18	3262163	3262204	0	0	0	3	0	31
chr18	3262236	3272881	1	1	1	63	0	23
chr18	5395707	5396199	2	2	1	7	0	16
chr18	6359360	6853718	2	2	0	0	5	26
chr18	7185459	7336352	1	1	0	0	6	32
chr18	7638871	7662769	0	0	0	5	0	31
chr18	8720495	8777830	1	1	1	4	0	12
chr18	9102796	9117835	1	1	1	13	0	27
chr18	9102796	9254208	1	1	1	10	1	4
chr18	9396545	9399343	1	1	1	1	0	14
chr18	9931960	9936106	1	1	1	0	5	21
chr18	11613243	11614225	2	2	0	1	0	13
chr18	11689939	11752851	1	1	1	7	0	25
chr18	11889490	11893466	2	2	1	1	0	28
chr18	12028993	12030341	1	1	1	1	0	21
chr18	12308349	12308685	1	1	1	1	0	12
chr18	12353158	12356692	2	2	1	1	0	23
chr18	12371691	12376967	2	2	1	11	0	12
chr18	12419947	12420323	1	1	1	8	0	11
chr18	12452512	12453066	2	2	1	7	0	21
chr18	12650782	13104514	1	1	0	0	7	26
chr18	12817365	12825808	2	2	1	2	0	12
chr18	12948232	12951853	1	1	1	9	0	6
chr18	12963371	12971151	1	1	1	6	0	13
chr18	12979665	12979967	2	2	0	0	1	27
chr18	12980432	12980578	2	2	0	0	5	31
chr18	12991437	12999419	1	1	1	7	0	17
chr18	13049891	13052917	1	1	1	2	0	26
chr18	13068237	13068357	1	1	1	1	0	11
chr18	13671592	13684301	1	1	0	0	1	19
chr18	13726729	13730625	1	1	1	8	0	26
chr18	13737135	13740165	1	1	1	1	0	1
chr18	14224415	14224565	1	1	0	7	0	14
chr18	14314470	14330608	1	1	0	0	2	26
chr18	15004300	15004399	2	2	1	0	14	17
chr18	15235557	15236178	2	2	0	0	1	24
chr18	18512039	18517130	1	1	0	0	1	17
chr18	18603642	18608736	2	2	1	4	0	14
chr18	18619525	18622057	2	2	1	7	0	22
chr18	18624148	18625252	2	2	1	5	0	7
chr18	18629191	18629740	2	2	1	4	0	25
chr18	18739890	18756886	1	1	0	0	1	28
chr18	18756937	18763588	1	1	0	0	1	22
chr18	18801696	18920585	2	2	0	0	6	26
chr18	18801696	18975772	2	2	0	0	6	26
chr18	18801696	19732731	2	2	0	0	6	26
chr18	18802394	18882739	1	1	0	0	4	27
chr18	18822568	18822762	0	0	0	3	0	30
chr18	19173450	19176913	2	2	1	0	1	3
chr18	19202763	19203708	1	1	1	4	0	28
chr18	19203901	19209022	1	1	1	1	0	6
chr18	19757083	19761413	1	1	1	1	0	15
chr18	20548882	20562180	1	1	0	1	0	14
chr18	20555183	20562180	1	1	1	7	0	13
chr18	20616532	20649505	1	1	0	0	1	20
chr18	20680629	21184693	2	2	0	0	7	25
chr18	21055072	21056969	1	1	1	2	0	15
chr18	21100278	21101364	1	1	0	5	0	16
chr18	21110577	21111588	1	1	1	10	0	2
chr18	21115665	21116636	2	2	1	0	4	4
chr18	21484659	21485485	1	1	1	5	0	3
chr18	21494825	21495252	1	1	1	2	0	5
chr18	21519351	21523751	1	1	1	4	0	12
chr18	21719083	21735664	1	1	1	5	0	7
chr18	21747410	21750290	2	2	1	7	0	10
chr18	21883683	21891947	2	2	1	2	0	32
chr18	21964325	21964620	1	1	0	8	0	31
chr18	22006757	22007882	1	1	1	2	0	8
chr18	22688640	22721033	1	1	0	0	1	15
chr18	23598345	23612362	2	2	1	5	0	6
chr18	23788526	23788851	1	1	0	0	2	19
chr18	25565726	25568487	2	2	1	0	6	1
chr18	25573602	25582960	2	2	1	3	0	14
chr18	27102511	27177848	1	1	0	0	5	27
chr18	28598223	28598631	2	2	1	2	0	27
chr18	28673607	28681865	2	2	1	5	0	27
chr18	29078260	29098201	1	1	1	7	0	11
chr18	29121278	29122482	1	1	1	13	0	30
chr18	29205349	29501227	1	1	0	0	6	16
chr18	29286381	29296849	1	1	0	0	1	28
chr18	29451084	29453392	2	2	1	1	0	18
chr18	29488382	29488716	2	2	1	0	8	1
chr18	29488974	29489629	2	2	1	3	0	29
chr18	29501317	29504463	2	2	0	1	0	26
chr18	29672199	29672662	1	1	1	6	1	2
chr18	29992957	29993163	0	0	0	4	0	30
chr18	30350360	30352854	1	1	0	1	0	13
chr18	32870356	32870973	1	1	1	4	0	5
chr18	32919941	32920194	2	2	1	1	0	1
chr18	32920698	32924333	2	2	1	21	0	21
chr18	33058314	33059263	2	2	1	2	0	9
chr18	33161827	33207394	1	1	0	7	0	23
chr18	33161827	33234523	1	1	1	21	0	22
chr18	33718390	33718757	1	1	1	6	0	5
chr18	33726345	33734812	1	1	1	5	0	16
chr18	34192059	34205473	1	1	1	5	0	31
chr18	35065052	35065594	1	1	0	5	0	20
chr18	37170370	37190409	2	2	0	0	1	14
chr18	39613922	39617655	1	1	1	4	0	8
chr18	41960228	41994555	1	1	0	1	0	28
chr18	43103533	43193219	2	2	0	0	4	26
chr18	43528543	43529449	2	2	1	3	0	16
chr18	43673332	43675018	2	2	1	6	0	15
chr18	43675098	43678137	2	2	1	49	20	23
chr18	43678246	43684102	2	2	1	0	4	3
chr18	43704860	43705709	1	1	1	6	0	1
chr18	43924337	44721613	2	2	0	0	6	14
chr18	44426805	44435307	2	2	1	5	0	14
chr18	44532458	44661727	1	1	0	0	6	32
chr18	44661076	44662672	2	2	1	1	0	24
chr18	45423181	45457170	2	2	1	17	0	25
chr18	45456818	45457170	2	2	1	1	0	18
chr18	45899087	45902037	0	0	0	3	0	31
chr18	46607694	46608087	0	0	0	10	0	30
chr18	46657826	46759209	2	2	0	0	4	28
chr18	46992657	46992959	2	2	0	1	0	32
chr18	47010142	47013412	2	2	1	0	1	1
chr18	47010142	47013576	2	2	1	6	1	22
chr18	47010142	47015728	2	2	1	0	1	1
chr18	47014937	47015728	2	2	1	14	8	27
chr18	47015921	47016823	2	2	1	7	0	23
chr18	47016923	47017162	2	2	1	15	14	19
chr18	47017298	47017774	2	2	1	1	7	30
chr18	47017816	47017901	2	2	1	0	3	10
chr18	47017955	47018500	2	2	1	4	0	2
chr18	47017955	47018827	2	2	1	16	0	24
chr18	47018204	47018827	2	2	1	17	0	12
chr18	47115883	47489925	0	0	0	5	0	30
chr18	47317970	47318521	2	2	1	4	0	19
chr18	47329224	47340186	2	2	1	0	1	3
chr18	47810472	47810747	2	2	1	5	0	2
chr18	47810933	47811101	2	2	1	7	0	2
chr18	47813010	47813109	2	2	1	1	0	25
chr18	47919603	48389812	2	2	0	0	7	16
chr18	48405679	48422178	1	1	1	2	0	15
chr18	48446936	48447030	1	1	1	4	0	6
chr18	48556994	48573289	1	1	1	7	0	13
chr18	48556994	48575055	1	1	1	6	0	28
chr18	48573666	48575055	1	1	1	6	0	23
chr18	50912509	50918084	1	1	1	0	4	3
chr18	51131520	51666299	1	1	0	0	5	12
chr18	51882815	51884161	2	2	1	0	2	8
chr18	55283208	55287800	2	2	1	0	3	4
chr18	55287884	55288939	2	2	1	4	3	17
chr18	56001125	56008269	1	1	1	8	0	22
chr18	56013222	56325952	2	2	0	0	10	32
chr18	56816855	56819767	1	1	1	2	0	21
chr18	56998772	57000322	2	2	1	5	0	16
chr18	57022653	57022735	2	2	1	8	0	25
chr18	57104161	57563084	1	3	0	0	4	23
chr18	57567468	57567659	1	1	1	4	1	29
chr18	59925322	59925744	1	1	1	4	0	12
chr18	59936182	59941212	1	1	1	0	10	1
chr18	59936746	59941212	1	1	1	0	10	1
chr18	61002592	61006032	2	2	1	7	0	3
chr18	61058310	61060641	2	2	1	4	0	5
chr18	66350219	66351426	2	2	1	3	0	24
chr18	67766430	67770680	2	6	0	1	0	32
chr18	67869220	67871321	2	2	1	2	0	7
chr18	67956327	67991778	1	1	1	3	0	8
chr18	72163667	72167116	1	1	1	7	0	23
chr18	74104507	74104611	1	1	0	0	4	26
chr18	74104542	74104611	1	1	0	0	4	26
chr18	74457084	74493480	1	1	0	0	9	30
chr18	74590109	74592068	1	1	1	8	0	4
chr18	74635131	74637144	1	1	1	6	0	22
chr18	74640063	74647935	1	1	1	0	5	1
chr18	75132028	75216377	1	1	0	0	4	14
chr18	76833396	77766154	1	3	0	0	5	25
chr18	76870506	76873240	1	1	1	3	0	24
chr18	76948166	76949507	0	0	0	3	0	30
chr18	77227657	77236582	1	1	0	5	0	13
chr18	77471807	77472818	0	0	0	11	0	32
chr20	259972	264603	2	2	1	3	0	30
chr20	270318	270899	2	2	1	6	0	8
chr20	330008	330259	1	1	0	1	0	24
chr20	400113	400201	1	1	1	6	0	12
chr20	422334	422500	2	2	1	1	0	2
chr20	470526	472897	2	2	1	0	5	22
chr20	485874	489094	2	2	1	0	2	20
chr20	489305	524315	2	2	1	18	0	8
chr20	1145121	1145672	1	1	1	1	0	9
chr20	1350717	1352719	2	2	1	0	3	2
chr20	1356248	1373477	2	2	1	3	0	22
chr20	1358643	1358713	2	2	0	1	0	15
chr20	1426476	1433137	2	2	1	3	0	11
chr20	1552684	1558983	2	2	1	0	1	20
chr20	1896102	1902040	1	1	1	0	1	20
chr20	2442381	2451387	2	4	0	4	0	19
chr20	2442440	2443281	2	2	1	8	0	25
chr20	2442586	2443281	2	2	1	20	0	25
chr20	2443408	2443734	2	2	1	11	1	25
chr20	2448405	2451333	2	2	1	7	0	29
chr20	2633310	2633487	1	1	1	52	0	20
chr20	2633578	2633924	1	1	1	20	0	20
chr20	2635594	2635970	1	1	1	1	0	15
chr20	2636159	2636240	1	1	1	4	0	16
chr20	2636393	2636579	1	1	1	6	0	1
chr20	2637865	2638574	1	1	1	14	0	13
chr20	2638135	2638574	1	1	1	4	0	1
chr20	2639484	2640170	2	2	1	6	0	23
chr20	2640440	2640713	2	2	1	2	0	8
chr20	2641616	2644091	2	2	1	2	0	30
chr20	2688667	2690219	1	1	1	9	0	30
chr20	2730400	2730492	1	1	1	7	0	8
chr20	2841510	2841615	1	1	1	5	0	16
chr20	2845964	2846044	1	1	1	5	0	4
chr20	2905388	2906407	1	1	0	1	0	29
chr20	3005268	3007332	1	1	1	6	0	21
chr20	3027384	3028380	1	1	1	10	0	21
chr20	3171466	3171835	2	2	1	4	0	3
chr20	3171885	3172410	2	2	1	4	0	13
chr20	3176000	3180646	2	2	1	7	1	21
chr20	3180749	3180987	2	4	1	2	0	16
chr20	3199279	3202486	1	1	1	7	0	28
chr20	3202564	3204011	1	1	1	4	0	8
chr20	3452165	3515899	1	1	1	7	0	21
chr20	3571954	3575125	1	1	1	3	0	8
chr20	3740834	3748309	2	2	1	9	0	32
chr20	3755111	3848146	1	1	0	0	7	15
chr20	3766870	3766957	2	2	0	5	0	32
chr20	3777379	3778268	1	1	1	5	0	5
chr20	3780977	3781108	1	1	1	9	0	6
chr20	3781146	3781389	1	1	1	9	0	20
chr20	3781741	3781900	1	1	1	7	0	29
chr20	3782748	3782927	1	1	1	2	0	6
chr20	3783854	3784050	1	1	1	9	0	32
chr20	3827551	3835204	1	1	1	15	0	18
chr20	3835389	3838281	1	1	1	0	6	1
chr20	3835389	3841978	1	1	1	0	6	1
chr20	3842152	3842900	1	1	1	7	0	16
chr20	3848147	4801060	1	1	0	0	10	21
chr20	3878378	3901217	1	1	0	0	1	13
chr20	5081578	5086833	2	2	1	7	0	30
chr20	5096009	5096094	2	2	1	6	0	14
chr20	5098311	5099255	2	2	1	10	0	20
chr20	5099513	5100223	2	2	1	12	0	14
chr20	5545725	5547378	2	2	1	5	0	19
chr20	5547419	5548128	2	2	1	5	0	6
chr20	5769747	5781306	2	4	0	2	0	29
chr20	5937876	5939173	1	1	1	9	0	11
chr20	5943253	5944414	2	2	0	0	6	31
chr20	5948234	5948475	1	1	1	4	0	9
chr20	5953843	5958521	1	1	1	7	0	22
chr20	8939481	9702064	1	1	0	0	7	31
chr20	9346162	9351860	1	1	1	8	0	21
chr20	10628759	10629196	2	2	1	7	0	19
chr20	10632343	10632778	2	2	1	2	0	3
chr20	11900485	11903281	1	1	1	2	0	11
chr20	13698162	13699554	2	2	1	1	0	3
chr20	13747572	13750552	2	2	1	2	0	30
chr20	13789549	13793616	1	1	1	0	1	2
chr20	17581691	17585199	1	1	1	0	1	1
chr20	17601016	17601359	2	2	1	4	0	4
chr20	17608028	17608148	2	2	1	6	0	18
chr20	17691610	17691769	0	0	0	8	0	30
chr20	17923052	17923753	2	2	1	1	0	23
chr20	17928290	17929533	2	2	1	5	0	9
chr20	17933355	17934639	2	2	1	3	0	27
chr20	17943433	17943538	1	1	0	2	0	14
chr20	17949101	17949342	2	2	1	12	0	29
chr20	18404876	18413967	2	2	0	0	8	26
chr20	18460826	18461045	1	1	1	2	0	12
chr20	18491701	18492868	1	1	1	18	0	7
chr20	18505314	18505578	1	1	1	8	0	3
chr20	18516387	18522939	1	1	1	1	0	20
chr20	19998094	20003099	1	1	1	2	0	20
chr20	20006412	20007427	1	1	1	4	0	6
chr20	20018216	20018992	2	2	1	5	0	26
chr20	20022270	20022968	2	2	1	7	0	25
chr20	20029146	20029983	2	2	1	10	0	20
chr20	20486179	20491897	2	2	1	2	0	17
chr20	21139549	21238417	2	4	0	3	0	24
chr20	21309309	21311118	1	1	1	1	0	15
chr20	21311344	21312198	1	1	1	1	0	6
chr20	21313079	21314181	1	1	1	6	0	25
chr20	21329069	21330026	1	1	1	13	0	4
chr20	21346343	21349100	1	1	1	2	0	6
chr20	21981714	22048876	2	2	0	0	8	13
chr20	22308215	22499575	1	1	0	0	4	24
chr20	22421668	22499575	1	1	0	0	4	24
chr20	23616005	23618256	2	2	1	7	0	14
chr20	24618169	24619518	0	0	0	8	0	31
chr20	24881442	24902540	1	1	0	0	11	15
chr20	24959519	24964538	2	2	1	2	1	4
chr20	24993576	24994171	2	2	1	5	0	15
chr20	25198218	25199185	1	1	1	0	8	4
chr20	25201970	25203473	1	1	1	12	0	19
chr20	25257394	25257879	1	1	1	6	0	24
chr20	25261049	25261584	1	1	1	16	0	16
chr20	25275667	25282854	2	2	1	3	0	26
chr20	25344147	25358492	2	2	0	1	0	18
chr20	25448095	25450626	2	2	1	10	0	4
chr20	25478834	25484334	1	1	0	7	0	25
chr20	25507235	25566090	2	2	1	0	7	1
chr20	25559352	25562000	2	2	0	0	1	32
chr20	25774957	25844304	2	2	0	4	0	21
chr20	26180160	26189798	2	2	1	0	1	1
chr20	26180160	26189805	2	2	1	0	4	4
chr20	26180953	26189805	2	2	1	0	4	1
chr20	29640126	29640599	1	1	0	0	4	31
chr20	29640249	29640599	1	1	0	0	1	19
chr20	29935010	30096140	0	0	0	0	5	32
chr20	30126065	30132749	1	1	1	5	0	8
chr20	30136918	30137009	1	1	1	3	0	4
chr20	30149540	30154012	1	1	1	4	0	14
chr20	30154099	30156922	1	1	1	8	0	30
chr20	30330451	30345209	1	1	1	13	0	12
chr20	30365442	30366615	1	1	1	2	0	10
chr20	30366788	30370051	1	1	1	11	0	24
chr20	30371725	30380537	1	1	1	13	0	12
chr20	30382352	30385206	1	1	1	4	0	9
chr20	30631058	30647431	2	2	0	0	5	27
chr20	30738507	30738602	1	1	1	4	0	5
chr20	30746318	30747794	1	1	1	14	0	19
chr20	30764571	30764619	1	1	0	0	4	32
chr20	30764571	30764971	1	1	0	0	4	32
chr20	30764747	30764971	1	1	0	0	4	32
chr20	30764923	30764971	1	1	0	0	4	32
chr20	30790096	30795443	2	2	1	2	0	15
chr20	30904678	30914573	1	1	1	6	0	27
chr20	30946636	30954186	1	1	1	7	0	27
chr20	31383341	31383455	1	1	1	4	0	30
chr20	31388732	31389083	1	1	1	7	0	14
chr20	31407835	31413730	1	1	1	8	0	27
chr20	31407835	31413733	1	1	0	1	0	19
chr20	31424648	31427540	1	1	1	13	0	13
chr20	31434577	31436477	1	1	1	9	0	10
chr20	31436924	31446206	1	1	0	5	0	32
chr20	31772962	31773191	2	2	0	1	0	16
chr20	31946894	31967266	1	5	1	0	5	1
chr20	31962019	31967266	2	2	1	0	5	1
chr20	31980049	31981837	2	2	1	5	0	19
chr20	32035132	32595412	1	1	0	0	5	28
chr20	32046315	32921394	1	1	0	0	6	25
chr20	32078108	32194761	1	1	1	9	0	17
chr20	32236005	32236107	1	1	0	11	0	13
chr20	32247357	32247458	2	2	1	11	0	10
chr20	32247810	32248064	2	2	1	0	2	1
chr20	32271189	32271222	0	0	0	5	0	31
chr20	32335394	32342836	2	2	0	0	8	13
chr20	32619411	32659871	1	1	1	9	0	21
chr20	32660137	32661368	1	1	1	2	0	1
chr20	32663847	32664507	1	1	1	7	0	24
chr20	32685323	32686303	2	2	1	1	0	22
chr20	32691372	32693173	2	2	1	0	2	14
chr20	32693352	32699901	2	2	1	0	16	11
chr20	32868972	32873245	2	2	1	3	0	14
chr20	32869585	32873833	2	2	1	0	9	1
chr20	32878256	32878356	2	2	1	2	0	6
chr20	32879338	32880163	2	2	1	1	0	23
chr20	32951156	32957199	1	1	1	47	0	26
chr20	32952775	32974877	1	1	0	0	1	25
chr20	32972321	33068242	1	1	0	6	0	15
chr20	33104267	33114072	1	1	1	0	1	2
chr20	33122600	33128384	1	1	1	8	0	6
chr20	33173385	33176256	2	2	1	3	0	16
chr20	33203944	33222418	2	2	1	0	5	1
chr20	33230046	33471994	2	2	0	6	0	16
chr20	33306405	33434201	1	1	0	0	7	21
chr20	33364252	33369923	2	2	1	6	0	2
chr20	33475681	33496471	2	2	0	0	1	30
chr20	33584686	33585450	0	0	0	4	0	30
chr20	33584977	33585053	1	1	1	1	0	2
chr20	33587209	33587373	1	1	1	0	2	8
chr20	33596551	33597989	2	2	1	5	0	7
chr20	33657216	33665848	2	2	1	4	0	6
chr20	33665978	33680416	2	2	1	3	0	6
chr20	33759824	33764770	1	3	0	5	0	24
chr20	33855792	33859807	2	2	1	2	0	1
chr20	33867010	33867368	2	2	1	19	0	28
chr20	33867551	33867744	2	2	1	5	0	15
chr20	33872296	33872528	2	2	1	16	1	22
chr20	33872296	33872567	2	2	1	0	1	1
chr20	33894583	33902490	2	2	1	3	0	4
chr20	33902511	33969786	2	2	1	7	0	4
chr20	33902511	33971845	2	2	1	0	3	1
chr20	33969829	33971840	2	2	1	7	0	5
chr20	34009759	34016081	1	1	0	0	2	20
chr20	34043059	34046124	1	1	1	0	7	1
chr20	34067599	34067800	1	1	1	3	0	14
chr20	34129935	34130071	1	1	1	15	0	20
chr20	34130143	34130261	1	1	1	8	0	32
chr20	34130350	34130570	1	1	1	4	0	16
chr20	34136619	34142814	1	1	1	4	0	8
chr20	34143901	34143977	1	1	1	15	0	18
chr20	34168141	34450553	1	1	0	0	4	25
chr20	34214726	34215201	2	2	1	29	0	23
chr20	34215336	34218360	2	2	1	1	0	15
chr20	34220846	34252681	2	2	1	1	0	18
chr20	34243267	34246851	2	2	1	6	0	17
chr20	34261607	34262271	2	2	1	6	0	24
chr20	34285723	34286402	2	2	1	4	0	6
chr20	34287686	34288719	1	1	1	28	0	24
chr20	34293253	34295041	2	2	1	1	0	3
chr20	34295124	34297145	2	2	1	9	0	18
chr20	34301019	34302106	2	2	1	3	0	9
chr20	34302312	34304661	2	2	1	0	2	6
chr20	34309800	34312491	2	2	1	7	0	13
chr20	34312645	34312959	2	2	1	11	0	32
chr20	34314941	34394911	1	1	0	5	0	15
chr20	34317288	34317383	2	2	1	6	0	26
chr20	34320058	34322107	2	2	1	6	0	11
chr20	34324683	34438960	2	2	0	0	7	16
chr20	34328520	34328745	2	2	1	2	0	30
chr20	34328810	34329862	2	2	1	1	0	18
chr20	34329917	34330147	0	0	0	3	0	32
chr20	34363463	35194837	1	1	0	0	6	27
chr20	34363463	35299990	1	1	0	0	6	27
chr20	34435357	34446223	1	1	1	2	0	29
chr20	34600667	34612179	2	2	0	1	0	21
chr20	34753119	34753327	1	1	0	4	0	22
chr20	34824426	34827742	1	1	1	10	0	6
chr20	34951409	35366296	2	2	0	0	10	15
chr20	35010651	35116564	2	2	0	0	5	19
chr20	35205339	35205844	2	2	0	0	1	20
chr20	35207370	35219312	1	1	1	3	0	28
chr20	35234469	35236117	1	1	1	10	0	32
chr20	35288788	35293448	2	2	1	3	0	28
chr20	35383254	35384084	2	2	1	3	0	31
chr20	35386565	35386960	2	2	1	5	0	30
chr20	35399877	35402064	2	2	1	1	0	11
chr20	35540956	35545124	2	2	1	2	0	15
chr20	35545234	35545351	2	2	1	3	0	10
chr20	35594740	35769230	2	2	0	0	7	25
chr20	35604728	35605078	2	2	0	0	1	30
chr20	35807773	35812582	1	1	1	19	8	24
chr20	35835853	35838449	1	1	1	4	0	10
chr20	35860795	35862422	1	1	1	4	0	10
chr20	35918090	35927165	1	1	1	11	3	19
chr20	35974659	35975520	1	1	0	2	0	20
chr20	36147753	36156194	2	2	1	3	0	18
chr20	36694659	36718127	1	1	1	4	0	20
chr20	36710852	36711063	0	0	0	7	0	31
chr20	37049548	37049652	2	2	1	9	0	19
chr20	37057605	37057725	0	0	0	5	0	30
chr20	37058370	37062565	1	1	0	0	6	18
chr20	37601295	37612341	1	1	1	1	0	26
chr20	38427451	38431662	2	2	0	1	0	19
chr20	39709881	39713101	1	1	1	2	0	26
chr20	39716863	39717943	1	3	0	9	0	21
chr20	39750796	39751834	1	1	1	2	0	27
chr20	39765676	39766160	1	1	1	7	8	22
chr20	39788604	39788745	1	1	1	2	0	21
chr20	39788794	39791013	1	1	1	1	0	9
chr20	39791177	39791281	1	1	1	14	0	19
chr20	39792842	39793572	1	1	1	2	0	9
chr20	39795035	39795115	1	1	1	11	0	20
chr20	39797816	39798096	1	1	1	9	0	23
chr20	39802175	39802291	1	1	1	2	0	5
chr20	39954470	39967412	1	1	0	0	14	27
chr20	39976288	39977258	1	1	1	9	0	25
chr20	39984675	39985679	1	1	1	5	0	19
chr20	40065975	40068639	2	2	1	7	0	22
chr20	40180000	40246978	2	2	1	12	0	27
chr20	40232287	41195693	2	2	0	0	4	27
chr20	41435060	42298680	1	1	0	0	6	21
chr20	41913067	42298680	1	1	0	0	6	21
chr20	41990037	41991538	2	2	0	0	3	20
chr20	42084418	42298680	1	1	0	0	6	21
chr20	42088882	42089154	1	1	1	3	0	18
chr20	42089239	42089342	1	1	1	1	0	27
chr20	42219670	42223332	1	1	1	0	5	1
chr20	42264654	42265784	1	1	1	7	0	12
chr20	42295756	42295794	2	2	0	10	0	31
chr20	42295944	42302445	1	1	1	11	0	2
chr20	42315713	42320796	1	1	1	5	0	8
chr20	42320960	42328396	1	1	1	8	0	27
chr20	42338703	42340127	1	1	1	4	0	27
chr20	42341747	42343773	1	1	1	22	0	26
chr20	42725760	43279156	2	2	0	0	6	27
chr20	42885064	42993927	1	1	0	0	8	18
chr20	42938663	42939294	0	0	0	13	0	32
chr20	43142682	43150553	2	2	1	0	3	2
chr20	43514528	43530171	1	1	1	7	0	20
chr20	43532758	43533608	1	1	1	11	0	23
chr20	43534738	43535022	1	1	1	7	0	17
chr20	43536909	43536961	2	4	0	1	0	17
chr20	43583862	43585026	2	2	1	9	0	4
chr20	43585127	43588847	2	2	1	41	0	32
chr20	43623899	43625809	1	1	1	2	0	7
chr20	43961710	43964421	2	2	1	3	0	9
chr20	43961710	43976964	2	2	1	7	0	23
chr20	43964561	43976964	2	2	1	4	0	6
chr20	43991956	43992168	1	1	1	6	0	10
chr20	44035373	44037099	1	1	1	5	0	25
chr20	44044984	44045156	1	1	1	7	0	6
chr20	44049070	44049167	1	1	1	5	0	29
chr20	44274306	44274383	2	2	0	1	0	14
chr20	44420749	44421315	1	1	1	11	0	17
chr20	44421387	44422559	1	1	1	7	0	20
chr20	44424083	44429712	1	1	1	0	6	2
chr20	44444385	44444492	1	1	1	4	0	16
chr20	44444553	44445347	1	1	1	3	0	10
chr20	44470596	44472165	2	2	1	14	0	19
chr20	44520019	44520207	1	1	1	7	0	20
chr20	44523773	44525603	1	1	1	6	0	30
chr20	44579013	44579091	2	2	1	13	0	28
chr20	44590822	44592111	2	2	1	3	1	3
chr20	44592630	44594266	2	2	1	0	10	1
chr20	44669254	44669967	1	1	1	0	1	2
chr20	44691529	44691998	2	2	1	6	0	27
chr20	45022241	45022619	0	0	1	69	0	4
chr20	45022241	45022687	2	2	1	0	1	3
chr20	45523627	45618639	1	1	1	1	0	8
chr20	45658906	46240608	2	2	0	0	9	15
chr20	45700892	45702796	1	1	1	2	0	4
chr20	45702975	45717877	1	1	1	6	0	5
chr20	45714041	45806733	2	2	0	0	9	26
chr20	45821484	46615980	1	1	0	4	0	28
chr20	45850126	45852969	2	2	1	6	0	3
chr20	45870607	46064986	1	3	0	0	3	31
chr20	45905540	45910845	2	2	1	4	0	15
chr20	45919019	45920539	2	2	1	6	0	18
chr20	45938949	45976599	2	2	1	3	0	13
chr20	45976671	45985400	2	2	1	19	0	22
chr20	46154275	46154856	2	2	0	0	4	17
chr20	46319040	46331262	2	2	1	9	0	5
chr20	46352391	46354532	1	1	0	7	0	32
chr20	46381720	46422392	2	2	0	0	1	22
chr20	46423913	46435775	2	2	0	1	0	18
chr20	47662961	47674989	1	1	1	22	0	10
chr20	47685360	47686741	1	1	1	3	0	5
chr20	47689235	47691321	1	1	1	8	0	11
chr20	47691388	47691964	1	1	0	6	0	28
chr20	47707377	47707473	1	1	1	4	0	8
chr20	47710824	47711268	1	1	1	0	3	1
chr20	47711501	47712712	1	1	1	11	0	25
chr20	47711501	47712885	1	1	1	5	0	23
chr20	47736666	47739628	2	2	1	9	0	12
chr20	47836079	47837988	1	1	1	0	10	1
chr20	47839554	47839804	1	1	1	7	0	24
chr20	47843073	47845251	1	1	1	7	0	24
chr20	47858744	47859130	1	1	1	4	0	3
chr20	47881402	47882671	2	2	1	3	0	29
chr20	48182703	48267109	1	1	0	0	4	22
chr20	48253980	48256214	2	2	1	0	3	1
chr20	48436773	48437330	2	4	0	5	0	28
chr20	48437300	49248917	2	2	0	5	0	13
chr20	48500604	48503288	1	1	1	4	0	32
chr20	48525130	48531791	2	2	0	4	0	12
chr20	48645629	49559006	2	2	0	5	0	13
chr20	48688903	48774537	1	1	0	3	0	21
chr20	48698409	48729653	0	0	0	6	0	30
chr20	48713358	48729643	2	2	1	3	1	24
chr20	48741717	48744511	2	2	1	9	0	16
chr20	48778566	48826166	1	1	0	0	8	22
chr20	48778566	49452058	1	1	0	0	8	22
chr20	49069113	49562543	2	2	0	8	0	12
chr20	49181607	49184916	1	1	1	3	0	11
chr20	49265876	50053144	0	0	0	9	0	30
chr20	49520539	49547362	2	2	1	5	0	4
chr20	49551774	49552684	2	2	1	1	0	20
chr20	49693088	50561666	1	1	0	0	5	26
chr20	50205826	50206231	2	2	0	3	0	25
chr20	50225166	50226639	2	2	1	6	0	17
chr20	50342472	50346372	2	2	1	3	0	15
chr20	50426482	50431229	1	1	0	0	3	24
chr20	50569199	51113282	1	1	0	0	7	29
chr20	50795499	50797060	0	0	0	8	0	32
chr20	52358730	52362300	2	2	0	0	8	19
chr20	52533262	52545254	2	2	0	0	8	25
chr20	52824664	52830889	1	1	1	10	0	27
chr20	52830998	52831838	1	1	1	3	0	10
chr20	54967770	54970576	1	1	1	6	3	16
chr20	54991337	55120587	2	2	0	0	10	26
chr20	55092258	55093142	1	1	1	4	0	18
chr20	55156017	55179176	2	2	0	1	0	25
chr20	55748367	55749986	2	2	1	1	0	15
chr20	55765279	55765314	1	1	0	3	0	24
chr20	55777680	55803284	2	2	1	4	0	15
chr20	55921847	55922546	0	0	0	3	0	32
chr20	55940499	55941862	1	1	1	5	0	23
chr20	55943869	55948530	1	1	1	5	0	12
chr20	55968390	55982598	1	1	1	1	0	12
chr20	57016140	57019132	1	1	1	3	0	29
chr20	57244510	57245567	1	1	1	10	0	13
chr20	57245660	57248686	1	1	1	0	5	1
chr20	57246354	57248686	1	1	1	1	5	29
chr20	57248768	57251242	1	1	1	5	5	9
chr20	57274335	57276071	1	1	1	5	0	6
chr20	57430389	57466636	1	1	1	0	3	1
chr20	57464409	57470666	1	1	1	0	8	1
chr20	57466501	57466529	1	1	0	3	0	13
chr20	57466921	57470666	1	1	1	5	0	5
chr20	57478847	57480437	1	1	1	6	0	23
chr20	57484272	57484404	1	1	1	9	0	21
chr20	57484479	57484575	1	1	1	6	0	9
chr20	57485137	57485388	1	1	1	7	0	18
chr20	57485457	57485737	1	1	1	14	0	8
chr20	57556425	57561147	1	1	1	15	0	23
chr20	57566131	57566366	1	1	1	5	0	27
chr20	57576700	57581376	2	2	1	8	0	15
chr20	57605485	57607274	2	2	1	0	3	9
chr20	58792016	58793268	1	1	0	0	7	28
chr20	59832906	59833015	0	0	0	6	0	30
chr20	59974421	59980968	2	2	0	0	3	21
chr20	60557459	60557577	2	2	0	2	0	16
chr20	60575778	60578215	2	2	1	6	0	29
chr20	60584231	60585101	2	2	1	8	0	26
chr20	60624750	60637709	0	0	0	4	0	31
chr20	60713347	60714130	2	2	1	3	0	32
chr20	60714962	60715873	2	2	1	7	0	15
chr20	60716001	60718263	2	2	1	5	0	15
chr20	60740571	60747737	1	1	1	6	0	16
chr20	60774314	60775738	1	1	1	0	3	5
chr20	60813654	60831112	1	1	1	11	0	13
chr20	60821119	60821141	2	4	0	6	0	26
chr20	60850543	60850591	2	2	0	0	5	27
chr20	60854396	60856113	1	1	1	3	0	20
chr20	60878106	60878623	1	1	1	11	0	22
chr20	60878838	60879516	1	1	1	3	0	21
chr20	60881377	60881703	1	1	1	8	0	7
chr20	60882509	60882651	1	1	1	27	0	23
chr20	60883527	60883710	1	1	1	12	0	10
chr20	60884892	60885043	2	2	1	6	0	1
chr20	60885368	60885474	2	2	1	5	0	5
chr20	60886151	60886217	2	2	1	8	0	8
chr20	60886841	60886975	2	2	1	4	0	8
chr20	60887589	60887687	2	2	1	5	0	7
chr20	60888517	60888704	2	2	1	9	0	31
chr20	60893707	60893898	2	2	1	2	0	5
chr20	60903502	60903899	2	2	1	6	0	25
chr20	60904112	60904193	2	2	1	5	0	24
chr20	60904973	60905543	2	2	1	4	0	28
chr20	60909399	60909577	2	2	1	7	0	8
chr20	60909678	60910076	2	2	1	10	0	10
chr20	60910326	60911395	2	2	1	8	0	31
chr20	60922085	60926759	2	2	1	4	0	4
chr20	60927417	60928189	2	2	1	7	0	12
chr20	60929435	60930100	2	2	0	0	1	17
chr20	60962193	60962376	1	1	1	6	7	32
chr20	60962445	60962666	1	1	1	7	1	11
chr20	60962971	60963364	1	1	1	6	0	29
chr20	60963421	60963512	1	1	1	14	0	4
chr20	61286619	61286730	1	1	0	0	8	15
chr20	61286675	61286730	1	1	0	0	8	15
chr20	61389295	61393229	1	1	0	9	0	27
chr20	61525901	61526161	2	2	1	10	0	22
chr20	61528349	61537238	2	2	1	6	0	10
chr20	61912700	61914170	1	1	1	5	0	4
chr20	61913440	62648159	1	1	0	4	0	12
chr20	62085460	62085917	2	2	0	4	0	26
chr20	62092174	62092325	0	0	0	6	0	32
chr20	62118219	62118519	2	2	0	0	2	31
chr20	62118219	62118563	2	2	0	0	2	31
chr20	62119779	62120270	2	2	1	1	0	9
chr20	62124641	62126157	2	2	1	8	0	4
chr20	62152717	62152864	1	1	1	5	0	24
chr20	62227121	62229109	2	2	1	9	0	2
chr20	62254937	62263140	1	1	0	1	0	32
chr20	62292850	62293202	1	1	1	5	0	24
chr20	62293981	62294181	1	1	1	8	0	8
chr20	62298907	62303908	1	1	1	2	0	31
chr20	62309537	62309620	1	1	1	11	0	4
chr20	62311300	62312016	1	1	1	9	0	13
chr20	62319404	62319491	1	1	1	14	0	11
chr20	62319533	62319653	1	1	1	10	0	6
chr20	62319959	62320407	1	1	1	6	0	13
chr20	62320486	62320854	1	1	1	11	0	1
chr20	62321795	62322157	1	1	1	2	0	29
chr20	62324826	62324870	2	2	0	0	1	20
chr20	62324832	62324870	2	2	0	0	1	20
chr20	62324844	62324876	2	2	0	0	1	24
chr20	62324844	62325011	2	2	0	0	1	24
chr20	62325842	62326093	1	1	1	5	0	20
chr20	62328876	62329632	1	1	1	6	0	7
chr20	62338445	62339218	2	2	1	8	0	17
chr20	62372833	62373221	1	1	1	4	0	17
chr20	62373584	62373688	1	1	1	12	0	18
chr20	62373969	62374051	1	1	1	8	0	27
chr20	62500795	62505020	1	1	1	1	0	15
chr20	62572210	62572302	2	2	1	10	0	11
chr20	62575812	62575897	2	2	1	3	0	26
chr20	62577076	62577157	2	2	1	11	0	2
chr20	62578810	62579689	0	0	0	9	0	31
chr20	62591493	62592661	2	2	1	8	0	12
chr20	62591812	62592023	2	2	0	0	5	14
chr20	62593728	62593939	2	2	1	2	0	5
chr20	62594135	62594447	2	2	1	11	0	16
chr20	62594794	62594970	2	2	1	6	0	13
chr20	62595064	62595141	2	2	1	2	0	24
chr20	62595571	62595672	2	2	1	20	0	22
chr20	62595745	62595842	2	2	1	3	0	29
chr20	62596070	62597493	2	2	1	4	0	17
chr20	62599306	62601166	2	2	1	0	6	1
chr20	62612670	62614399	1	1	1	5	0	22
chr20	62624839	62626268	1	1	1	4	0	15
chr20	62630493	62630955	1	1	1	3	0	29
chr20	62654232	62655907	1	1	1	5	0	8
chr20	62658512	62658955	1	1	1	4	0	6
chr20	62659090	62659830	1	1	1	4	0	25
chr20	62700845	62701117	1	1	1	8	0	18
chr20	62705398	62705496	2	2	1	3	0	5
chrY	150982	155399	1	1	1	0	4	6
chrY	234313	234460	1	1	0	0	7	20
chrY	234315	234460	1	1	0	0	1	20
chrY	249446	249512	2	2	1	0	7	24
chrY	254851	254958	2	2	0	0	6	32
chrY	254851	255012	2	2	0	0	6	32
chrY	254932	254958	2	2	0	0	6	32
chrY	254932	255012	2	2	0	0	6	32
chrY	811076	818076	1	1	0	0	5	31
chrY	967202	967521	2	2	0	0	2	22
chrY	1336754	1336874	1	1	0	0	8	16
chrY	1455653	1456171	2	2	1	0	4	19
chrY	1461657	1465264	1	1	0	0	9	32
chrY	1684668	1717222	2	4	0	0	1	17
chrY	2260516	2276785	2	2	1	0	6	28
chrY	2271666	2389923	1	1	0	0	8	29
chrY	13350282	13351066	0	0	0	0	4	31
chrY	13467211	13483149	2	2	0	0	1	25
chrY	13469164	13474444	2	2	0	0	5	21
chrY	13469164	13480804	2	2	0	0	5	21
chrY	13471662	13478298	1	1	0	0	5	18
chrY	13481376	13483149	2	2	0	0	1	25
chrY	13484088	13485652	2	2	0	0	1	23
chrY	26523373	27432710	1	1	0	0	4	25
chrY	28680831	28681689	2	2	0	5	0	31
chrY	58985046	58986138	1	1	0	0	6	21
chrY	58989448	58997105	2	2	0	0	4	20
chrY	58989546	58997000	1	1	0	0	1	23
chrY	58994369	58994844	1	1	0	0	5	26
chrY	59214118	59222126	1	1	1	0	4	26
chrY	59215362	59241688	1	1	0	0	1	21
chrY	59354464	59354669	1	1	1	0	4	14
chrY	59357772	59357911	1	1	1	0	6	26
chr19	198548	198692	2	2	1	0	8	23
chr19	199033	199174	2	2	1	6	6	30
chr19	199273	199660	2	2	0	0	9	30
chr19	199273	199709	2	2	0	0	9	30
chr19	199661	199758	2	2	0	0	7	31
chr19	199808	199904	2	2	0	0	1	23
chr19	199808	200098	2	2	0	0	1	23
chr19	201814	203874	2	2	0	0	7	26
chr19	201814	203946	2	2	0	0	14	14
chr19	317352	319187	2	2	0	1	0	23
chr19	326599	327132	2	2	1	4	0	19
chr19	501625	507375	2	2	1	1	0	5
chr19	572702	577773	1	1	1	0	5	3
chr19	572702	579499	1	1	1	16	5	19
chr19	579657	580378	1	1	1	4	0	26
chr19	580462	580645	1	1	1	1	0	7
chr19	582583	582749	1	1	1	11	0	22
chr19	598312	601285	2	4	0	1	0	14
chr19	617656	617776	2	2	1	1	0	18
chr19	619297	619585	2	2	1	2	0	9
chr19	621847	622148	2	2	1	0	6	2
chr19	623604	624718	2	2	1	10	0	9
chr19	630169	632833	2	2	1	0	1	2
chr19	648488	648881	2	2	1	8	0	7
chr19	716357	838880	0	0	0	5	0	31
chr19	728789	771124	1	1	0	0	3	26
chr19	728789	775883	1	1	0	0	3	26
chr19	732482	734632	1	1	0	0	8	14
chr19	797506	799412	1	1	1	33	15	14
chr19	797506	803560	1	1	1	0	15	1
chr19	804703	804828	1	1	1	4	0	13
chr19	860774	860860	1	1	1	9	0	22
chr19	870465	916297	1	1	0	0	6	32
chr19	886757	1642142	2	2	0	5	0	12
chr19	980942	1195829	1	1	0	0	7	31
chr19	980942	1197643	1	1	0	0	7	31
chr19	980942	1965157	1	1	0	0	7	31
chr19	984564	985864	1	1	1	3	0	13
chr19	991352	991954	1	1	1	8	0	19
chr19	992122	994018	1	1	1	9	0	17
chr19	1008019	1008175	2	2	0	7	0	28
chr19	1009861	1010175	2	2	1	1	0	8
chr19	1009863	1010009	2	2	0	3	0	21
chr19	1010895	1011094	2	2	1	3	0	21
chr19	1011499	1011578	2	2	1	7	0	12
chr19	1011612	1011739	2	2	1	8	0	11
chr19	1011992	1012064	2	2	1	27	0	19
chr19	1012188	1012461	2	2	1	7	0	23
chr19	1012573	1013239	2	2	1	8	0	21
chr19	1013340	1014190	2	2	1	1	0	4
chr19	1014473	1020770	2	2	1	8	1	4
chr19	1015864	1015929	0	0	0	5	0	31
chr19	1089551	1089882	2	2	1	7	0	12
chr19	1090145	1090906	2	2	1	6	0	15
chr19	1090213	1090305	0	0	0	13	0	31
chr19	1093903	1095257	2	2	1	0	4	1
chr19	1094049	1094083	1	1	0	6	0	14
chr19	1104127	1105184	1	1	1	9	0	25
chr19	1105510	1105656	1	1	1	3	0	12
chr19	1112067	1112187	2	2	1	1	0	7
chr19	1113704	1114229	2	2	1	4	0	32
chr19	1149442	1154182	2	2	1	3	0	7
chr19	1158281	1163679	2	2	0	11	0	22
chr19	1164556	1164682	1	1	0	0	3	17
chr19	1164556	1164835	1	1	0	0	4	21
chr19	1164556	1164853	1	1	0	0	4	21
chr19	1164556	1164871	1	1	0	0	4	21
chr19	1164556	1164955	1	1	0	0	4	21
chr19	1165713	1165754	2	2	0	0	12	12
chr19	1205807	1205957	1	3	0	6	0	30
chr19	1212800	1944842	0	0	0	5	0	32
chr19	1222131	1222399	1	3	0	1	0	20
chr19	1223172	1226452	1	1	1	5	0	12
chr19	1226663	1227591	1	1	1	4	0	19
chr19	1235565	1235777	2	2	1	9	0	13
chr19	1248660	1249888	1	1	1	8	0	30
chr19	1254478	1254900	1	1	1	7	0	18
chr19	1255061	1255420	1	1	1	6	0	22
chr19	1269410	1270926	1	1	1	2	0	22
chr19	1271036	1271138	1	1	1	6	0	3
chr19	1271467	1271549	1	1	1	4	0	3
chr19	1355020	1356322	1	1	1	0	2	2
chr19	1355020	1357007	1	1	1	0	1	1
chr19	1383637	2118494	1	1	0	0	6	14
chr19	1383942	1387809	1	1	1	7	0	24
chr19	1407802	1417498	1	1	1	21	0	19
chr19	1429996	1430220	1	1	1	5	0	18
chr19	1430362	1432512	1	1	1	10	1	6
chr19	1437192	1437430	1	1	0	2	0	18
chr19	1438428	1438805	1	1	1	40	40	27
chr19	1438580	1438805	1	1	1	0	27	2
chr19	1438892	1439604	1	1	1	0	4	1
chr19	1438892	1439966	1	1	1	0	4	4
chr19	1438892	1440017	1	1	1	8	0	11
chr19	1439003	1440121	0	0	0	5	0	31
chr19	1439333	1941304	2	2	0	0	11	13
chr19	1440241	1440347	1	1	1	0	6	2
chr19	1440253	1440347	1	1	1	0	10	11
chr19	1478905	1479161	2	2	1	11	0	19
chr19	1575138	1575861	1	1	0	2	0	28
chr19	1578158	1578333	2	2	1	14	0	18
chr19	1599560	1605358	2	2	1	4	0	8
chr19	1619234	1619314	2	2	1	5	0	23
chr19	1619853	1620966	2	2	1	7	0	3
chr19	1622223	1622311	2	2	1	4	0	6
chr19	1650287	1651048	2	4	1	0	4	2
chr19	1650287	1652298	2	2	1	0	4	2
chr19	1650290	1652298	2	2	0	8	0	19
chr19	1672720	1686547	1	1	0	0	1	19
chr19	1699131	2207122	2	2	0	7	0	13
chr19	1816345	1816429	2	2	1	6	0	6
chr19	1818595	1818704	2	2	1	4	0	32
chr19	1821682	1823570	2	2	1	3	0	7
chr19	1822998	1823032	2	2	0	3	0	20
chr19	1833319	1837460	0	0	0	10	0	32
chr19	1852450	1853190	1	3	1	0	1	1
chr19	1881804	1885350	2	2	1	0	25	12
chr19	1890697	1896106	2	2	0	0	1	26
chr19	1905439	1912079	1	1	0	14	0	29
chr19	1905439	1914977	1	1	1	5	0	15
chr19	1923187	1924106	1	1	1	6	0	15
chr19	1954089	1957503	0	0	0	11	0	30
chr19	1978345	1978440	1	1	1	5	0	31
chr19	1979643	1979750	1	1	1	8	0	30
chr19	1993764	1995250	1	3	0	3	0	20
chr19	2029903	2054361	1	1	0	0	2	20
chr19	2042870	2043122	2	2	1	9	0	4
chr19	2050947	2051094	2	2	1	2	0	8
chr19	2059051	2219230	2	2	0	13	0	21
chr19	2121311	2121732	2	2	1	8	0	20
chr19	2121879	2123356	2	2	1	5	0	28
chr19	2127201	2129088	2	2	1	3	0	4
chr19	2129163	2129316	2	4	1	3	0	6
chr19	2130537	2132469	2	2	1	1	0	10
chr19	2164265	2180711	1	1	1	7	0	8
chr19	2180756	2185853	1	1	1	3	0	18
chr19	2191240	2193687	1	1	1	4	0	18
chr19	2208976	2210398	1	1	1	2	0	5
chr19	2210510	2210619	1	1	1	9	0	16
chr19	2236901	2243380	1	1	1	9	2	19
chr19	2244615	2244731	1	1	1	21	0	19
chr19	2244779	2245444	1	1	1	9	0	7
chr19	2245555	2246751	1	1	1	16	0	11
chr19	2247022	2247592	1	1	1	6	0	7
chr19	2247662	2247765	1	1	1	8	0	7
chr19	2250171	2250505	2	4	0	1	0	19
chr19	2251008	2251097	1	1	1	3	0	18
chr19	2269744	2271389	1	1	1	0	6	2
chr19	2269884	2271383	1	1	0	16	0	17
chr19	2270676	2271383	1	1	1	1	0	4
chr19	2271076	2271383	1	1	0	7	0	13
chr19	2328205	3195115	1	1	0	0	7	18
chr19	2339208	2339822	1	1	1	7	0	2
chr19	2434104	2434292	2	2	1	7	0	14
chr19	2435170	2438160	2	2	1	9	0	16
chr19	2438287	2438372	2	2	1	8	0	3
chr19	2444539	2456667	2	2	1	7	0	9
chr19	2570884	2576632	2	2	0	0	11	24
chr19	2760452	3195115	1	1	0	0	7	18
chr19	2761521	2762503	2	2	1	7	0	28
chr19	2763756	2765183	2	2	1	2	0	1
chr19	2767219	2767577	2	2	1	5	0	21
chr19	2769090	2783230	2	2	1	13	0	19
chr19	2799790	2805013	1	1	1	1	0	7
chr19	2810661	2813493	1	1	1	0	5	2
chr19	2939406	2944835	2	2	1	7	0	15
chr19	3054039	3054117	2	2	1	14	0	17
chr19	3061256	3062171	2	2	1	5	0	3
chr19	3098393	3098520	2	4	0	7	0	27
chr19	3119052	3119203	1	1	1	0	4	19
chr19	3123010	3123176	2	4	0	3	0	12
chr19	3193427	3196180	1	1	1	9	0	4
chr19	3201625	3203753	1	1	1	10	0	22
chr19	3203843	3204002	1	1	1	8	0	11
chr19	3204143	3204570	1	1	1	6	0	17
chr19	3204750	3205936	1	1	1	8	0	9
chr19	3206025	3206149	1	1	1	7	0	25
chr19	3206189	3206262	1	1	1	7	0	1
chr19	3366665	3381709	1	1	1	5	0	9
chr19	3433591	3434274	1	1	1	2	0	4
chr19	3526182	3526256	1	1	1	3	0	2
chr19	3532094	3532414	1	1	1	13	0	11
chr19	3576306	3576550	1	1	1	14	0	10
chr19	3577106	3577978	1	1	1	14	0	16
chr19	3610970	3611226	2	2	1	0	5	1
chr19	3610970	3611901	2	4	1	1	0	16
chr19	3611075	3611226	2	2	1	0	5	1
chr19	3613585	3614394	2	2	1	12	0	9
chr19	3654170	3660675	0	0	0	7	0	32
chr19	3656556	3660963	2	2	1	7	0	24
chr19	3746787	3746843	0	0	0	6	0	32
chr19	3784450	3784822	2	2	1	3	0	14
chr19	3894429	4243051	2	4	0	0	4	23
chr19	3914207	4003159	2	2	0	0	4	25
chr19	3936379	4003159	2	2	0	0	4	25
chr19	3959636	3960056	2	2	1	0	13	2
chr19	3963918	3964241	2	2	1	3	0	19
chr19	3969828	3971019	2	2	1	0	13	1
chr19	3976746	3977212	2	2	1	15	0	31
chr19	3977346	3977425	2	2	1	28	0	18
chr19	3977609	3977816	2	2	1	7	0	15
chr19	3978171	3979326	2	2	1	29	0	27
chr19	3979435	3979805	2	2	1	35	0	32
chr19	3980065	3980511	2	2	1	13	0	29
chr19	3980708	3980838	2	2	1	15	0	20
chr19	3980978	3981336	2	2	1	26	0	28
chr19	3981451	3981944	2	2	1	7	0	9
chr19	3982051	3982243	2	2	1	1	0	26
chr19	3982423	3982804	2	2	1	31	0	17
chr19	3983017	3983107	2	2	1	11	0	13
chr19	3983290	3984133	2	2	1	1	0	5
chr19	3984349	3985375	2	2	1	6	7	32
chr19	4017918	4018054	2	2	0	0	2	28
chr19	4101279	4102373	2	2	1	4	0	27
chr19	4158430	4441540	1	1	0	0	4	28
chr19	4306327	4307878	1	1	1	5	0	30
chr19	4405960	4408899	1	1	1	7	0	17
chr19	4423872	4428660	1	1	1	1	0	11
chr19	4429786	4430545	1	1	1	18	0	9
chr19	4430639	4431948	1	1	1	17	0	12
chr19	4432205	4433066	1	1	1	5	0	19
chr19	4445621	4446045	2	2	1	1	0	8
chr19	4446411	4446496	2	2	1	3	0	2
chr19	4493860	4493978	1	1	1	7	0	30
chr19	4498374	4498810	1	1	1	6	0	22
chr19	4498913	4499487	1	1	1	2	0	27
chr19	4685784	4689581	2	2	0	3	0	19
chr19	4700442	4700476	2	2	0	8	0	29
chr19	4716026	4718781	0	0	0	5	0	32
chr19	4735913	4819624	2	2	0	0	6	29
chr19	4769770	4770096	1	1	1	0	5	5
chr19	4781551	4827692	2	2	0	0	5	27
chr19	4909668	4910887	1	1	1	11	0	5
chr19	4910259	4910887	1	1	1	14	0	13
chr19	4930889	4932752	1	1	1	8	0	32
chr19	4944463	4945872	1	1	1	0	8	1
chr19	4954834	4956719	1	1	1	0	1	26
chr19	4969242	5016267	1	1	1	3	5	10
chr19	5041263	5047486	1	1	1	6	0	16
chr19	5119231	5119663	1	1	1	12	0	17
chr19	5210606	5210689	2	2	1	10	0	3
chr19	5246057	5258027	2	2	1	3	0	9
chr19	5316449	5362777	1	3	0	0	1	30
chr19	5587779	5587878	2	2	1	10	0	17
chr19	5594190	5595371	2	2	1	6	0	23
chr19	5604707	5604797	2	2	1	13	0	11
chr19	5623406	5626415	1	1	1	3	0	17
chr19	5626501	5641604	1	1	1	4	0	26
chr19	5651084	5653125	1	1	1	9	0	25
chr19	5653276	5653348	1	1	1	5	0	7
chr19	5664171	5664407	1	1	1	6	0	19
chr19	5667176	5667357	1	1	1	4	0	28
chr19	5674984	5690343	1	1	1	0	27	3
chr19	5678660	5679355	2	2	1	5	0	26
chr19	5690339	5690516	1	1	1	37	0	21
chr19	5690612	5691329	1	1	1	32	0	23
chr19	5691465	5691542	1	1	1	15	0	10
chr19	5692136	5692212	2	4	0	5	0	19
chr19	5693781	5694397	2	2	1	10	0	9
chr19	5694564	5694771	2	2	1	3	0	10
chr19	5785287	5785393	2	2	1	8	0	13
chr19	5785523	5785613	2	2	1	1	0	4
chr19	5787373	5787599	2	2	1	3	0	10
chr19	5788188	5788367	2	2	1	5	0	21
chr19	5894866	5896463	2	2	1	10	0	17
chr19	5914752	5914950	1	1	1	10	0	7
chr19	5933941	5941631	2	2	1	5	0	23
chr19	5941847	5951403	2	2	1	4	0	7
chr19	5957985	5978071	2	2	1	8	0	26
chr19	5976542	6361146	1	1	0	0	4	22
chr19	6014304	6251951	1	1	0	4	0	13
chr19	6361784	6361879	1	1	1	11	0	17
chr19	6362554	6364462	1	1	1	1	0	4
chr19	6380702	6380914	2	2	1	8	0	4
chr19	6392915	6392994	2	2	1	4	0	29
chr19	6415469	6415544	2	2	1	7	0	29
chr19	6415908	6416308	2	2	1	4	0	2
chr19	6416419	6416500	2	2	1	12	0	29
chr19	6416894	6416997	2	2	1	3	0	5
chr19	6417099	6417749	2	2	1	11	0	7
chr19	6417853	6417991	2	2	1	6	0	12
chr19	6420483	6421288	2	2	1	1	0	4
chr19	6421329	6421660	2	2	1	1	0	21
chr19	6422441	6424463	2	2	0	3	0	13
chr19	6493617	7416468	2	2	0	0	4	22
chr19	6493928	7416468	2	2	0	0	4	22
chr19	6731123	6731209	2	2	1	13	0	25
chr19	6733925	6734015	2	2	1	7	0	5
chr19	6734319	6735632	2	2	1	5	0	12
chr19	6743126	6743204	1	1	1	9	0	20
chr19	7409607	7654523	1	1	0	0	4	12
chr19	7434470	8403544	1	1	0	0	4	25
chr19	7511421	7558683	1	1	0	0	1	21
chr19	7516153	7518352	1	1	1	6	0	9
chr19	7534916	7535011	1	1	1	10	0	21
chr19	7581136	7584090	1	1	1	0	8	1
chr19	7600464	7600818	1	1	1	2	0	9
chr19	7644042	7790014	1	1	0	0	7	17
chr19	7685333	7685432	2	2	1	8	0	5
chr19	7688769	7689186	2	2	1	3	0	30
chr19	7708670	7708874	1	1	0	0	4	20
chr19	7708670	7708942	1	1	0	0	4	20
chr19	7708670	7709044	1	1	0	0	4	20
chr19	7741263	7749529	1	3	0	1	0	19
chr19	7745765	7747127	1	1	1	9	0	11
chr19	7920064	8068522	1	1	0	0	3	24
chr19	7934431	7934600	2	2	1	4	0	20
chr19	7976045	7976134	1	1	1	10	0	18
chr19	7977080	7977181	1	1	1	6	0	17
chr19	7983015	7983801	1	1	1	3	0	20
chr19	7997818	7998369	2	2	1	1	0	5
chr19	7998456	7998748	2	2	1	7	0	23
chr19	8000031	8002911	2	2	1	2	0	1
chr19	8016277	8259989	2	2	0	0	12	22
chr19	8032675	8038608	2	2	1	0	4	1
chr19	8038763	8045966	2	2	1	3	0	17
chr19	8046071	8056527	2	2	1	6	0	30
chr19	8089666	8099688	2	2	0	0	4	28
chr19	8147896	8170947	1	1	0	1	0	13
chr19	8229466	8242388	1	1	0	0	2	24
chr19	8329184	8347262	2	2	0	0	1	22
chr19	8329184	8362115	2	2	0	0	1	22
chr19	8386454	8386539	1	1	1	3	2	22
chr19	8386588	8386836	1	1	1	0	12	16
chr19	8386976	8387155	1	1	1	4	19	29
chr19	8405137	8405183	2	2	0	1	0	28
chr19	8405137	8405185	2	2	0	2	0	28
chr19	8478305	8483420	1	1	1	10	0	18
chr19	8504968	8505929	1	1	0	14	0	22
chr19	8509996	8520288	1	1	1	13	0	21
chr19	8520459	8527412	1	1	1	4	0	26
chr19	8528571	8530207	1	1	1	3	0	9
chr19	8533719	8536209	1	1	1	8	0	9
chr19	8548096	8550486	1	1	1	1	0	12
chr19	8793697	9620511	2	2	0	0	26	25
chr19	9006412	9006641	2	2	1	4	0	14
chr19	9024497	9024825	2	2	1	10	0	23
chr19	9126569	9398879	2	2	0	0	4	24
chr19	9127718	9160953	2	2	0	0	1	17
chr19	9183770	9196145	1	1	0	0	1	32
chr19	9251269	9266600	1	1	1	4	0	25
chr19	9269103	9494634	1	1	0	0	8	19
chr19	9679759	9695136	2	2	1	2	0	10
chr19	9707405	9905749	2	2	0	0	7	25
chr19	9766995	9767510	2	2	0	0	2	30
chr19	9938661	9939002	1	1	1	3	0	13
chr19	9939352	9939512	1	1	1	5	0	18
chr19	9946079	9949111	1	1	1	25	0	24
chr19	10019206	10437494	1	1	0	0	11	17
chr19	10217089	10217176	1	1	1	4	0	32
chr19	10217348	10218180	1	1	1	6	0	4
chr19	10218531	10218639	1	1	1	4	0	14
chr19	10220923	10220999	1	1	1	3	0	27
chr19	10221291	10221372	1	1	1	3	0	6
chr19	10221468	10221620	1	1	1	7	0	8
chr19	10221543	10221620	1	1	1	10	0	5
chr19	10226751	10227475	2	2	1	5	0	30
chr19	10227666	10227759	2	2	1	3	0	5
chr19	10230377	10230515	2	2	1	21	0	22
chr19	10251005	10251456	2	2	1	7	0	6
chr19	10251112	11197886	2	2	0	0	6	14
chr19	10257201	10259559	2	2	1	7	0	21
chr19	10260334	10260528	2	2	1	9	0	8
chr19	10262222	10262425	2	2	1	8	0	21
chr19	10265450	10265580	2	2	1	2	0	25
chr19	10270444	10270517	2	2	1	8	0	22
chr19	10270599	10270693	2	2	1	8	0	1
chr19	10273425	10274001	2	2	1	8	0	16
chr19	10274037	10277273	2	2	1	8	0	14
chr19	10280865	10281597	1	3	0	1	0	29
chr19	10291246	10291453	2	2	1	3	0	19
chr19	10291562	10292716	2	2	1	11	0	28
chr19	10319953	10477142	1	1	0	0	9	15
chr19	10362987	10363072	1	1	1	24	0	17
chr19	10363378	10365264	1	1	1	16	0	16
chr19	10365317	10367383	1	1	1	7	0	7
chr19	10367502	10368897	1	1	1	6	0	11
chr19	10402018	10402164	1	1	1	8	0	9
chr19	10421319	10421528	2	2	1	8	0	10
chr19	10428450	10428904	2	2	1	9	0	23
chr19	10432295	10433320	2	2	1	7	0	13
chr19	10502383	10503761	2	2	1	3	0	26
chr19	10506020	10506110	2	2	1	3	0	24
chr19	10506880	10514053	2	2	1	2	0	16
chr19	10600045	10600323	2	2	1	5	0	22
chr19	10610757	10613084	2	2	1	0	2	2
chr19	10610757	10613372	2	2	1	5	2	7
chr19	10665862	10665960	2	2	1	6	0	13
chr19	10670385	10670485	2	2	1	9	0	30
chr19	10671757	10671844	2	2	1	4	0	5
chr19	10673514	10675604	2	2	1	0	1	2
chr19	10699657	10750848	2	2	0	0	3	21
chr19	10747262	10747337	1	1	1	8	0	32
chr19	10747433	10748319	1	1	1	6	0	29
chr19	10765164	10781191	1	1	1	1	0	14
chr19	10781285	10781649	1	1	1	6	1	1
chr19	10782212	10787838	1	1	1	13	0	21
chr19	10787987	10789288	1	1	1	5	0	8
chr19	10787987	10789772	1	1	1	0	6	2
chr19	10789381	10789772	1	1	1	0	6	2
chr19	10789869	10790491	1	1	1	4	0	30
chr19	10790604	10791021	1	1	1	6	0	1
chr19	10791807	10791894	1	1	1	3	0	12
chr19	10792869	10793212	1	1	1	7	0	17
chr19	10793381	10793800	1	1	1	7	0	7
chr19	10793939	10794041	1	1	1	14	0	17
chr19	10798385	10799225	1	1	1	6	0	9
chr19	10799355	10799854	1	1	1	16	0	17
chr19	10818888	10886006	2	2	0	2	0	24
chr19	10823717	10823793	1	1	1	5	0	21
chr19	10849630	10958653	1	1	0	0	3	27
chr19	10939945	10940802	1	1	1	4	0	17
chr19	10982599	11015626	1	1	1	8	0	6
chr19	11015753	11018714	1	1	1	4	0	21
chr19	11018822	11019778	1	1	1	3	0	15
chr19	11027174	11027371	1	1	1	9	0	12
chr19	11027454	11030270	1	1	1	1	3	12
chr19	11031623	11031725	1	1	1	5	0	14
chr19	11034084	11034170	2	2	1	7	0	25
chr19	11067535	11211877	1	1	0	0	6	22
chr19	11071851	11094796	1	1	1	6	0	27
chr19	11075531	11075978	2	2	0	8	0	17
chr19	11096082	11096864	1	1	1	3	0	5
chr19	11098601	11099992	1	1	1	8	0	15
chr19	11107057	11107169	1	1	1	10	0	5
chr19	11107221	11113704	1	1	1	15	0	29
chr19	11113836	11114015	1	1	1	5	0	26
chr19	11138627	11141405	1	1	1	14	0	31
chr19	11145809	11151982	1	1	1	4	0	8
chr19	11220928	11781974	1	1	0	0	6	19
chr19	11220928	12179227	1	1	0	0	6	19
chr19	11503429	11896615	2	2	0	0	6	17
chr19	11503429	12327129	2	2	0	0	6	17
chr19	11546528	11546861	1	1	1	13	0	16
chr19	11546532	11546861	1	1	1	2	0	3
chr19	11547327	11548696	1	1	1	10	0	21
chr19	11548793	11548887	1	1	1	5	0	10
chr19	11548946	11552054	1	1	1	3	0	25
chr19	11557976	11558253	1	1	1	7	0	20
chr19	11558413	11558507	1	1	1	12	0	24
chr19	11558605	11559036	1	1	1	4	0	6
chr19	11559445	11559728	1	1	1	6	0	9
chr19	11559991	11560080	1	1	1	8	0	14
chr19	11560244	11561460	1	1	1	1	0	2
chr19	11560698	11561243	1	3	1	0	4	1
chr19	11560803	11561400	1	3	1	0	2	2
chr19	11625037	11629889	2	2	1	3	0	12
chr19	11630009	11639876	2	2	1	10	0	3
chr19	11664897	11665046	2	2	1	7	0	1
chr19	11665181	11670005	2	2	1	31	0	28
chr19	11695423	12552284	0	0	0	7	0	31
chr19	11697487	11697820	0	0	1	0	1	1
chr19	11871434	12062125	2	2	0	0	4	24
chr19	12197302	12397652	1	1	0	5	0	25
chr19	12336095	12337186	2	2	1	0	1	4
chr19	12401123	12583258	2	2	0	4	0	14
chr19	12472923	12561240	1	1	0	3	0	22
chr19	12510900	12550742	1	1	0	0	3	16
chr19	12758413	12758988	2	2	1	7	0	14
chr19	12763275	12766507	2	2	1	8	0	21
chr19	12772191	12774130	2	2	1	14	0	14
chr19	12776620	12777356	2	2	1	4	0	21
chr19	12779240	12779333	2	2	1	3	0	20
chr19	12788667	12788924	1	3	0	1	0	23
chr19	12790737	12790974	2	2	1	9	0	28
chr19	12795470	12795743	0	0	0	11	0	30
chr19	12800252	12800354	2	2	1	7	0	3
chr19	12812058	12812139	2	2	1	14	0	26
chr19	12812962	12813636	2	2	1	11	0	23
chr19	12816414	12816495	2	2	1	2	0	32
chr19	12822428	12825634	2	2	1	5	0	5
chr19	12826353	12826446	2	2	1	2	0	1
chr19	12826554	12829842	2	2	1	11	0	30
chr19	12830151	12831692	2	2	1	3	0	7
chr19	12830919	13052378	2	2	0	0	4	12
chr19	12848348	12858945	0	0	0	7	0	32
chr19	12907837	12912567	1	1	1	1	0	8
chr19	12911114	12911729	2	2	1	7	11	18
chr19	12912085	12912553	2	2	1	10	0	3
chr19	12917615	12917821	1	1	1	6	0	21
chr19	12921219	12923896	1	1	1	6	0	28
chr19	12967199	13316610	2	2	0	0	5	27
chr19	12967199	13523373	2	2	0	0	5	27
chr19	12967199	13736785	2	2	0	0	5	27
chr19	12975762	12975859	1	1	1	4	0	24
chr19	12989593	12991680	1	1	0	6	0	17
chr19	13033701	13034964	2	2	1	7	0	16
chr19	13035080	13035262	2	2	1	8	0	16
chr19	13035341	13035452	2	2	1	5	0	9
chr19	13035818	13035903	2	2	1	2	0	19
chr19	13035989	13039155	2	2	1	4	0	6
chr19	13041156	13041242	2	2	1	9	0	2
chr19	13041564	13044363	2	2	1	0	2	3
chr19	13049585	13049947	1	1	1	8	0	6
chr19	13050050	13050241	1	1	1	13	0	30
chr19	13050962	13051056	1	1	1	7	0	5
chr19	13051267	13051354	1	1	1	5	0	9
chr19	13054468	13054547	1	1	0	5	0	22
chr19	13056835	13058661	1	1	1	4	0	4
chr19	13059367	13059499	1	1	1	4	0	16
chr19	13063635	13063749	1	1	1	8	0	1
chr19	13063668	13063749	1	1	1	4	0	18
chr19	13072841	13074806	2	2	0	0	1	21
chr19	13216211	13216300	2	2	1	1	0	8
chr19	13216421	13218387	2	2	1	4	6	19
chr19	13218674	13220194	2	2	1	8	0	9
chr19	13220281	13220363	2	2	1	3	0	25
chr19	13220653	13220728	2	2	1	9	0	13
chr19	13223826	13226092	2	2	1	0	1	2
chr19	13227246	13227466	2	2	1	31	0	26
chr19	13248390	13248960	1	1	1	1	0	4
chr19	13277312	13692126	1	1	0	4	0	32
chr19	13277553	13361487	1	1	0	0	6	22
chr19	13299811	13327372	2	2	0	0	7	28
chr19	13299811	14039752	2	2	0	0	7	28
chr19	13300319	13302956	2	2	0	0	1	12
chr19	13308734	13324585	2	2	0	0	1	12
chr19	13730620	13940536	1	3	0	5	0	29
chr19	13831792	13845671	2	2	0	0	5	28
chr19	13832632	14458845	2	2	0	0	4	27
chr19	13868661	13869681	1	1	1	2	0	22
chr19	13871461	13872485	0	0	0	6	0	30
chr19	13875535	13875684	1	1	1	5	0	8
chr19	13879552	13879637	1	1	1	1	0	13
chr19	13885389	13885465	1	1	1	11	0	12
chr19	13916689	14894110	1	1	0	4	0	19
chr19	14017315	14020635	1	1	1	5	0	14
chr19	14031736	14034145	1	1	1	12	0	29
chr19	14034625	14037329	1	1	1	13	0	26
chr19	14040256	14040346	1	1	1	3	0	19
chr19	14057013	14426978	1	1	0	0	6	28
chr19	14067335	14069856	1	1	1	10	0	12
chr19	14070486	14070578	1	1	1	4	0	22
chr19	14071393	14071751	1	1	1	5	0	26
chr19	14083940	14088803	2	2	1	3	0	18
chr19	14104708	14116914	2	2	1	1	0	6
chr19	14199595	14199691	2	2	1	6	0	9
chr19	14201388	14201749	2	2	1	8	0	8
chr19	14237050	14247159	2	2	1	7	0	6
chr19	14267537	14267736	2	2	1	9	0	17
chr19	14268865	14269149	2	2	1	8	0	2
chr19	14269365	14269901	2	2	1	2	0	24
chr19	14274696	14274823	2	2	0	10	0	31
chr19	14275518	14277827	2	2	1	0	11	1
chr19	14305779	15279617	2	4	0	9	0	17
chr19	14307379	14595540	2	2	0	5	0	17
chr19	14352243	14719527	2	2	0	4	0	18
chr19	14499313	14499513	1	1	1	0	10	21
chr19	14519997	14520114	2	2	1	8	0	26
chr19	14520260	14520347	2	2	1	9	0	8
chr19	14520794	14521027	2	2	1	4	0	4
chr19	14521147	14521800	2	2	1	10	0	21
chr19	14523491	14523824	2	2	1	5	0	24
chr19	14544355	14551954	1	1	1	7	0	19
chr19	14552256	14554281	1	1	1	4	0	23
chr19	14569188	14574478	1	1	1	1	0	7
chr19	14578606	14578687	1	1	1	1	0	11
chr19	14580801	14580974	1	1	1	10	0	17
chr19	14581495	14581582	1	1	1	6	0	24
chr19	14581664	14582392	1	1	1	6	0	13
chr19	14589380	14589495	2	2	1	8	0	13
chr19	14591298	14591404	2	2	1	3	0	7
chr19	14602556	14603668	2	2	1	2	0	32
chr19	14602556	14606848	2	2	1	1	0	19
chr19	14612363	14612777	1	1	0	0	1	21
chr19	14640524	14673336	1	1	1	27	5	23
chr19	14647507	14673336	1	1	1	0	5	2
chr19	14656701	14673336	1	1	1	0	5	2
chr19	14663372	14684528	1	1	0	1	0	30
chr19	14672934	14673336	1	1	1	0	5	2
chr19	14673388	14674017	1	1	1	19	5	23
chr19	14674070	14674469	1	1	1	3	0	1
chr19	14674515	14674611	1	1	1	3	0	18
chr19	14674910	14674993	1	1	1	2	0	25
chr19	14675671	14675760	1	1	1	0	7	19
chr19	14676103	14676429	1	1	1	0	2	8
chr19	14676476	14676555	1	1	1	0	8	7
chr19	14884867	14885067	2	2	1	0	10	21
chr19	15226242	15226376	2	2	1	9	0	24
chr19	15234055	15234185	2	2	1	4	0	31
chr19	15354299	15355041	2	2	1	14	0	24
chr19	15365074	15366107	2	2	1	2	0	8
chr19	15374360	15375214	2	2	1	5	0	26
chr19	15375578	15376164	2	2	1	1	0	13
chr19	15376455	15378226	2	2	1	1	0	4
chr19	15379854	15383625	2	2	1	3	1	15
chr19	15382204	15383625	2	2	0	4	0	17
chr19	15383945	15442646	2	2	1	8	1	16
chr19	15383945	15443100	2	2	1	3	0	7
chr19	15386651	15442646	2	2	1	0	1	2
chr19	15466182	15469777	2	2	1	6	0	27
chr19	15497543	15498728	0	0	0	8	0	30
chr19	15521406	15529721	2	2	1	7	0	7
chr19	15541994	15543244	2	2	1	1	0	7
chr19	16121356	16422890	1	1	0	0	5	25
chr19	16187508	16192722	1	1	1	8	0	20
chr19	16222836	16229035	1	1	1	1	0	9
chr19	16229097	16232559	1	1	1	10	0	4
chr19	16232621	16236279	1	1	1	10	0	1
chr19	16238902	16240363	1	1	1	7	0	6
chr19	16318961	16319840	1	1	1	1	0	11
chr19	16319989	16337231	1	1	1	4	0	14
chr19	16322019	16322448	2	4	0	6	0	23
chr19	16344430	16345009	1	1	1	10	0	27
chr19	16345086	16345223	1	1	1	13	0	23
chr19	16406575	17389350	2	2	0	0	5	27
chr19	16434873	16723209	2	2	0	0	7	26
chr19	16553031	16582723	2	2	1	2	0	18
chr19	16607277	16611602	1	1	1	8	0	7
chr19	16619714	16621929	2	2	0	0	1	32
chr19	16640712	16641395	2	2	1	7	0	23
chr19	16643561	16643821	2	2	1	9	0	6
chr19	16646448	16652680	2	2	1	3	0	12
chr19	16652855	16653164	2	2	1	7	0	25
chr19	16662709	16662832	1	3	1	7	0	4
chr19	16708503	16737273	0	0	0	5	0	30
chr19	16758073	16764845	2	2	1	7	0	1
chr19	16770812	16770895	2	2	1	7	0	26
chr19	16957925	16962222	1	1	1	6	0	3
chr19	16976460	16977183	1	1	1	5	0	12
chr19	17156182	17161792	2	4	0	0	2	20
chr19	17241260	17242257	0	0	0	6	0	32
chr19	17268523	17278730	2	2	1	0	2	6
chr19	17278875	17283145	1	1	1	0	9	2
chr19	17298993	17545903	2	2	0	0	7	23
chr19	17306283	17308600	1	1	1	5	0	10
chr19	17308668	17308992	1	1	1	6	0	22
chr19	17346875	17351479	2	2	1	4	0	27
chr19	17348276	17349677	0	0	0	8	0	30
chr19	17382465	17384712	1	1	1	5	0	9
chr19	17416767	17416974	1	1	1	5	0	11
chr19	17426805	17430354	1	1	1	1	0	7
chr19	17448461	17448911	1	1	0	13	0	25
chr19	17448474	17448816	1	1	1	5	0	15
chr19	17449551	17449762	1	3	1	23	0	31
chr19	17449836	17449931	1	1	1	3	0	18
chr19	17450409	17451852	1	1	1	9	0	19
chr19	17452132	17452286	1	1	1	6	0	2
chr19	17535487	17535739	1	1	1	5	0	11
chr19	17603542	17824542	0	0	0	0	7	30
chr19	17628660	17631752	1	1	1	4	0	31
chr19	17670231	17671156	1	1	1	7	0	26
chr19	17724668	17724957	1	1	1	0	1	12
chr19	17758302	17759239	2	2	1	1	0	1
chr19	17770477	17788303	1	1	0	0	2	19
chr19	17818645	17824049	1	1	0	0	1	16
chr19	17835018	17835857	1	1	1	1	0	5
chr19	17850798	18348496	2	2	0	0	6	31
chr19	17909262	18804725	2	2	0	0	9	16
chr19	17970784	17972101	1	1	1	0	7	22
chr19	17972282	17972902	1	1	1	9	0	32
chr19	17973033	17973726	1	1	1	2	4	9
chr19	17973837	17973979	1	1	1	9	0	32
chr19	17989096	18804725	2	2	0	0	9	16
chr19	17999988	18804725	2	2	0	0	9	16
chr19	18043858	18047218	1	1	1	29	0	11
chr19	18047389	18053464	1	1	1	5	0	3
chr19	18053655	18054069	1	1	1	5	0	16
chr19	18058081	18062195	0	0	0	7	0	31
chr19	18071221	18804725	2	2	0	0	9	16
chr19	18120504	18120591	1	1	1	7	0	20
chr19	18203088	18395121	1	1	0	0	3	28
chr19	18239762	18241303	1	1	1	4	0	28
chr19	18264105	18266266	1	1	1	7	0	11
chr19	18267012	18271280	1	1	1	9	0	18
chr19	18271996	18272088	1	1	1	16	0	29
chr19	18272306	18272775	1	1	1	29	0	29
chr19	18272862	18273011	1	1	1	11	0	3
chr19	18277113	18277939	1	1	1	1	0	12
chr19	18304845	18305586	1	1	1	3	0	16
chr19	18322087	18322568	2	2	1	6	0	15
chr19	18357040	19091899	2	2	0	0	6	32
chr19	18391751	18391812	0	0	0	6	0	31
chr19	18426876	18433827	2	2	1	20	0	7
chr19	18453722	18466704	1	1	1	3	0	29
chr19	18538624	18538707	1	1	1	7	0	20
chr19	18542517	18542602	1	1	1	1	0	24
chr19	18542673	18542809	1	1	1	4	0	3
chr19	18545928	18546075	2	2	1	2	0	25
chr19	18546732	18546841	2	2	1	5	0	22
chr19	18547058	18547139	2	2	1	12	0	7
chr19	18547688	18547782	2	2	1	0	8	1
chr19	18547688	18548669	2	2	1	0	8	1
chr19	18548561	18548606	0	0	0	7	0	30
chr19	18548571	18548669	2	2	1	0	4	6
chr19	18548799	18548902	2	2	1	10	0	25
chr19	18561786	18562361	2	2	1	1	0	25
chr19	18650270	18650360	2	2	1	2	0	10
chr19	18652806	18654295	2	4	1	3	0	7
chr19	18672968	18675678	1	1	1	5	0	26
chr19	18675832	18677941	1	1	1	5	0	15
chr19	18682720	18684102	1	1	1	5	0	13
chr19	18684214	18684471	1	1	1	1	0	26
chr19	18685783	18685866	1	1	1	9	0	22
chr19	18856771	18857862	1	5	1	6	0	17
chr19	18912628	19382588	2	2	0	0	6	28
chr19	18964160	18965409	1	1	1	4	0	29
chr19	18966052	18966733	1	1	1	5	0	14
chr19	18967110	18967685	1	1	1	7	0	11
chr19	18976588	18976852	1	1	1	4	0	23
chr19	19015662	19016384	2	2	1	5	0	4
chr19	19021881	19023792	2	2	1	6	0	9
chr19	19030666	19031388	1	1	1	9	0	15
chr19	19031513	19032471	1	1	1	2	0	10
chr19	19032558	19032651	1	1	1	4	0	23
chr19	19035509	19035690	1	1	1	18	0	12
chr19	19035789	19037111	1	1	1	14	0	10
chr19	19141892	19144297	2	2	1	0	12	1
chr19	19303910	19304747	1	1	1	9	0	27
chr19	19308431	19308915	1	1	1	4	0	3
chr19	19389606	19390021	2	2	1	11	0	11
chr19	19452217	19453343	1	1	1	0	1	5
chr19	19453491	19453584	1	1	1	0	6	2
chr19	19465255	19466072	1	1	1	5	0	31
chr19	19518904	19568457	1	1	0	5	0	31
chr19	19601077	19601130	1	1	0	5	0	24
chr19	19603248	19603389	1	1	1	3	0	26
chr19	19605193	19606562	1	1	1	10	0	23
chr19	19607029	19609251	1	1	1	5	0	7
chr19	19637070	19638089	1	1	1	9	0	9
chr19	19638162	19638509	1	1	1	3	0	7
chr19	19638580	19638815	1	1	1	1	0	19
chr19	19645954	19646145	1	1	1	5	0	7
chr19	19646260	19646337	1	1	1	6	0	9
chr19	19739011	19739236	2	2	1	0	1	3
chr19	19751381	19752618	2	2	1	3	0	16
chr19	19758135	19758222	2	2	1	6	0	2
chr19	19763530	19764592	2	2	1	5	0	16
chr19	19768218	19770409	2	2	1	4	0	3
chr19	19770797	19774079	2	2	1	6	0	26
chr19	20586073	20586400	1	1	0	0	1	22
chr19	20712808	20712856	2	2	0	0	1	28
chr19	20959257	20975317	1	1	1	2	0	30
chr19	21236288	21296400	2	2	0	0	3	26
chr19	21288103	21827336	2	2	0	0	5	20
chr19	21507152	21510113	2	2	0	0	5	25
chr19	21591143	21633815	2	2	0	1	0	19
chr19	21841216	21927449	1	1	0	0	10	24
chr19	23109544	23109820	1	1	0	0	1	28
chr19	23414164	23414968	2	2	1	6	0	18
chr19	23872235	23883249	0	0	0	6	0	32
chr19	23893207	23943697	2	2	0	0	3	32
chr19	23972729	24018684	2	2	0	1	0	20
chr19	27993876	28347138	1	1	0	0	4	25
chr19	28269952	28283907	2	2	1	2	0	29
chr19	29055490	29055583	0	0	0	6	0	32
chr19	29129223	29130779	0	0	0	6	0	30
chr19	29699066	29703811	2	2	1	0	8	14
chr19	30303486	30303595	1	1	1	3	0	20
chr19	30308190	30308312	1	1	1	10	0	18
chr19	30809434	30812102	2	2	0	4	0	22
chr19	32405175	32452431	2	2	0	0	1	12
chr19	32836690	32838150	1	1	1	5	0	16
chr19	32959720	32968427	1	1	1	3	0	30
chr19	32968561	32971304	1	1	1	0	7	2
chr19	33072134	33075884	1	1	0	6	0	26
chr19	33072234	33073100	1	1	1	22	0	18
chr19	33075918	33076721	1	1	1	6	0	14
chr19	33076814	33077763	1	1	1	2	0	27
chr19	33113526	33116779	2	2	1	4	0	9
chr19	33134538	33135230	2	2	1	6	0	16
chr19	33135386	33137364	2	2	1	2	0	19
chr19	33183581	33200090	1	1	1	16	0	13
chr19	33407812	33430481	1	1	0	1	0	20
chr19	33428027	33428536	2	2	1	6	0	30
chr19	33464684	33506878	2	2	0	0	1	23
chr19	33481576	33482728	2	2	1	7	0	21
chr19	33490612	33493152	2	2	1	5	0	31
chr19	33503631	33512476	2	2	1	7	0	2
chr19	33693893	33695543	1	1	1	8	0	13
chr19	33697615	33697941	0	0	0	4	0	32
chr19	33697640	33697893	1	1	1	12	0	12
chr19	33864802	33870049	1	1	1	2	0	14
chr19	33878388	33878795	2	2	1	1	0	7
chr19	33878988	33882200	2	2	1	8	0	26
chr19	33991908	34001933	2	2	1	0	2	10
chr19	34002062	34003498	2	2	1	2	0	20
chr19	34027545	34749005	1	1	0	0	4	26
chr19	34288852	34288883	2	4	0	1	0	19
chr19	34291426	34292071	1	1	1	5	0	9
chr19	34302458	34303694	1	1	1	6	0	28
chr19	34570088	34570185	2	2	0	0	6	19
chr19	34663669	34685382	1	1	1	5	0	29
chr19	34685547	34686123	1	1	1	0	1	2
chr19	34707059	34709163	2	4	0	7	0	28
chr19	34707596	34744180	2	2	0	1	0	32
chr19	34710783	34712411	1	1	1	1	0	16
chr19	34815514	35766194	2	2	0	4	0	17
chr19	34855925	34856164	1	1	1	5	0	16
chr19	34856294	34857249	1	1	1	7	0	11
chr19	34857341	34857687	1	1	1	6	0	10
chr19	34857757	34859487	1	1	1	5	0	27
chr19	34859608	34868407	1	1	1	7	0	26
chr19	34868787	34869838	1	1	1	8	0	13
chr19	34869911	34870422	1	1	1	6	0	16
chr19	34878438	34878466	1	1	0	3	0	29
chr19	34881127	34882448	1	1	0	5	0	21
chr19	34882198	34882448	1	1	0	0	1	12
chr19	34882198	34882750	1	1	0	0	1	12
chr19	34882198	34882997	1	1	0	0	1	12
chr19	34882198	34883047	1	1	0	0	1	12
chr19	34882198	34883547	1	1	0	1	1	16
chr19	34882315	34882816	1	1	0	4	0	22
chr19	34882449	34882947	1	1	0	11	9	17
chr19	34882465	34882816	1	1	0	7	0	19
chr19	34882600	34883147	1	1	0	1	0	21
chr19	34882840	34883386	1	1	0	1	0	24
chr19	34882898	34882947	1	1	0	0	9	12
chr19	34882898	34883097	1	1	0	14	0	19
chr19	34882998	34883097	1	1	0	5	0	18
chr19	34883724	34885382	2	2	0	4	0	30
chr19	34884214	34884632	1	1	1	16	5	12
chr19	34884677	34884818	1	1	1	11	0	7
chr19	34884972	34887205	1	1	1	11	0	16
chr19	34887336	34887485	1	1	1	15	0	24
chr19	34887563	34890111	1	1	1	5	0	12
chr19	34890537	34890623	1	1	1	8	0	31
chr19	34890691	34890805	1	1	1	4	0	19
chr19	34895444	34895553	1	1	1	4	0	18
chr19	34895721	34895834	1	1	1	8	0	3
chr19	34895896	34900065	1	1	1	5	0	11
chr19	34919476	34920997	1	1	1	3	0	10
chr19	34919476	34921480	1	1	1	1	0	11
chr19	34941270	34942885	1	1	1	0	2	27
chr19	34949830	34951374	1	1	1	2	0	12
chr19	34951472	34954930	1	1	1	11	0	29
chr19	34957920	34959944	1	1	1	7	0	4
chr19	34984528	34985490	1	1	1	8	0	7
chr19	34985543	34986607	1	1	1	8	0	6
chr19	35168739	35169641	1	1	1	9	0	15
chr19	35225952	35230052	1	1	1	9	0	20
chr19	35491391	35500022	1	1	1	4	0	7
chr19	35501284	35502377	1	1	1	4	0	27
chr19	35505292	35506727	1	1	1	21	0	21
chr19	35510214	35510294	1	1	1	4	0	6
chr19	35510438	35512405	1	1	1	9	0	12
chr19	35512510	35512594	1	1	1	4	0	22
chr19	35512769	35512854	1	1	1	4	0	29
chr19	35513807	35514394	2	4	0	4	0	29
chr19	35514452	35516952	1	1	1	1	0	7
chr19	35645713	35646453	1	1	1	1	0	24
chr19	35657229	35660468	1	1	1	8	0	23
chr19	35740035	35741217	1	1	1	3	0	13
chr19	35752885	35753448	1	1	1	7	0	7
chr19	35754157	35995452	2	2	0	0	8	32
chr19	35757436	35757581	1	1	1	8	0	19
chr19	35757642	35757741	1	1	1	2	0	3
chr19	35761709	35761985	1	1	1	3	0	8
chr19	35942098	35995452	2	2	0	0	8	32
chr19	35989666	35989775	2	2	1	5	0	24
chr19	35989800	35990859	2	2	1	3	0	9
chr19	35991483	35993037	2	2	1	4	0	4
chr19	35994350	35996619	2	2	1	5	0	3
chr19	35998414	35999106	2	2	1	9	0	31
chr19	36000864	36001085	2	2	1	5	0	22
chr19	36001155	36001280	2	2	1	8	0	12
chr19	36036701	36635322	2	2	0	0	4	18
chr19	36036719	36036789	1	1	1	9	0	9
chr19	36036860	36037427	1	1	1	1	0	15
chr19	36037711	36037846	1	1	1	4	0	8
chr19	36037932	36038020	1	1	1	7	0	30
chr19	36056298	36066548	2	4	0	1	0	13
chr19	36104803	36104936	1	1	1	1	0	21
chr19	36104962	36105943	1	1	1	1	0	14
chr19	36105134	36105943	1	1	1	3	0	4
chr19	36108272	36108756	1	1	1	6	0	5
chr19	36108815	36108972	1	1	1	14	0	29
chr19	36109952	36110325	1	1	1	3	0	26
chr19	36110407	36110514	1	1	1	3	0	12
chr19	36110661	36110913	1	1	1	5	0	5
chr19	36111026	36111096	1	1	1	3	0	29
chr19	36113636	36113777	1	1	1	15	0	26
chr19	36120184	36120421	1	1	1	7	0	17
chr19	36120576	36122041	1	1	1	10	0	11
chr19	36122308	36123999	1	1	1	0	6	4
chr19	36125276	36128059	1	1	1	21	0	28
chr19	36139306	36142134	1	1	1	1	0	28
chr19	36145574	36149495	1	1	1	1	0	5
chr19	36209284	36210685	1	1	0	4	0	23
chr19	36212707	36213260	1	1	1	1	0	23
chr19	36213375	36213469	1	1	1	3	0	14
chr19	36213621	36213896	1	1	1	4	0	11
chr19	36214177	36214348	1	1	1	7	0	10
chr19	36216527	36216623	1	1	1	13	0	28
chr19	36217255	36218056	1	1	1	6	0	26
chr19	36218171	36218338	1	1	1	9	0	10
chr19	36218524	36218598	1	1	1	6	0	16
chr19	36218887	36218998	1	1	1	3	0	9
chr19	36219791	36219885	1	1	1	2	0	32
chr19	36221364	36221438	1	1	1	4	0	26
chr19	36227729	36227812	1	1	1	8	0	8
chr19	36236114	36236248	2	2	1	3	0	19
chr19	36236602	36236735	1	1	1	4	0	14
chr19	36236602	36236773	1	1	1	8	0	5
chr19	36239660	36242951	1	1	1	0	7	4
chr19	36245059	36245146	1	1	1	1	0	4
chr19	36249128	36250274	1	1	1	14	0	32
chr19	36250372	36250689	1	1	1	5	1	26
chr19	36250372	36257993	1	1	1	0	1	4
chr19	36257857	36257972	1	1	1	1	0	7
chr19	36277975	36278069	1	1	1	4	0	10
chr19	36359686	36360568	1	1	1	7	0	6
chr19	36369855	36369975	1	1	1	6	0	20
chr19	36384508	36582999	1	1	0	0	8	30
chr19	36410987	36425299	1	1	0	0	5	31
chr19	36410987	36582999	1	1	0	0	8	30
chr19	36504325	36505076	2	2	1	1	0	2
chr19	36505489	36507713	1	1	1	5	0	22
chr19	36531039	36545036	2	2	1	1	0	6
chr19	36558913	36562457	1	1	1	0	7	2
chr19	36572473	36573964	1	1	1	7	0	19
chr19	36577715	36579939	1	1	1	9	0	11
chr19	36592220	36592915	1	1	0	1	0	13
chr19	36592677	36592915	1	1	1	0	4	1
chr19	36593754	36593849	1	1	1	3	0	28
chr19	36604969	36605078	2	2	1	8	1	4
chr19	36605315	36605560	2	2	1	7	0	29
chr19	36605616	36605699	2	2	1	35	0	19
chr19	36607087	36611611	1	1	1	6	0	19
chr19	36631060	36631898	1	1	1	5	0	26
chr19	36631060	36631901	1	1	1	11	0	21
chr19	36634031	36636707	1	1	1	5	0	17
chr19	36637215	36640479	1	1	1	2	0	11
chr19	36709098	36719649	1	1	1	4	0	18
chr19	36716148	36716977	0	0	0	4	0	30
chr19	36719722	36726560	1	1	1	3	0	8
chr19	36720689	37352708	0	0	0	7	0	31
chr19	36760529	36768101	2	2	0	0	1	17
chr19	36760531	36768101	2	2	0	0	3	17
chr19	36760539	36773188	2	2	0	0	1	27
chr19	36760541	36773188	2	2	0	0	3	27
chr19	36765563	36768101	2	2	0	0	1	17
chr19	36765565	36768101	2	2	0	0	3	17
chr19	36765573	36773188	2	2	0	0	1	27
chr19	36765575	36773188	2	2	0	0	3	27
chr19	36768116	36773188	2	2	0	0	1	27
chr19	36768118	36773188	2	2	0	0	3	27
chr19	36770668	36773188	2	2	0	0	1	27
chr19	36770670	36773188	2	2	0	0	3	27
chr19	36821395	36822348	2	2	1	7	0	28
chr19	36956569	37473467	1	1	0	6	0	17
chr19	37006602	37016075	2	2	1	3	0	1
chr19	37016276	37019120	2	2	1	3	0	4
chr19	37044116	37045452	2	2	0	1	0	32
chr19	37047100	37063234	2	2	1	1	0	4
chr19	37063295	37080516	2	2	1	2	0	20
chr19	37087188	37175958	1	1	0	4	0	29
chr19	37100956	37101551	1	1	1	1	0	19
chr19	37119909	37120756	1	3	1	1	0	17
chr19	37155689	37157591	2	2	1	1	0	29
chr19	37316595	37341601	2	2	1	4	0	11
chr19	37344278	37401795	1	1	0	0	5	21
chr19	37407494	37408480	1	1	1	2	0	23
chr19	37582024	37618029	1	1	1	4	0	24
chr19	37667167	37667955	2	2	0	0	3	28
chr19	37698157	37701360	2	2	1	4	0	22
chr19	37698157	37708519	2	2	1	6	0	21
chr19	37769513	37792249	1	1	0	0	1	17
chr19	37772041	37792249	1	1	0	0	1	17
chr19	37777090	37792253	1	1	0	0	1	13
chr19	37779614	37792249	1	1	0	0	1	17
chr19	37789718	37792253	1	1	0	0	1	13
chr19	37870149	37870388	1	1	1	2	0	15
chr19	37956376	37957985	2	2	1	1	0	11
chr19	37967337	37974780	1	1	1	4	0	26
chr19	37980786	37994260	1	1	0	0	3	26
chr19	37997869	37999166	1	1	1	8	0	12
chr19	37998104	37999166	1	1	0	5	0	13
chr19	38138801	38145612	2	2	1	4	0	6
chr19	38269073	38349743	2	2	0	0	3	32
chr19	38406726	38569924	1	1	0	5	0	23
chr19	38469546	38737628	1	1	0	0	4	20
chr19	38573740	38579360	1	1	1	0	3	2
chr19	38578428	38579360	1	1	1	0	3	2
chr19	38579492	38590601	1	1	1	8	0	21
chr19	38702774	38702919	2	2	1	9	0	12
chr19	38713105	38713187	2	2	1	7	0	15
chr19	38755639	38774266	1	1	1	3	0	7
chr19	38779832	38780758	1	1	1	2	0	3
chr19	38798393	38799431	2	2	1	6	0	4
chr19	38799490	38799618	2	2	1	7	0	17
chr19	38800284	38806356	2	2	1	4	0	5
chr19	38800284	38806362	2	2	1	5	0	22
chr19	38800284	38806508	2	2	1	11	0	29
chr19	38828287	38828379	1	1	1	5	0	2
chr19	38865602	38866799	1	1	1	0	9	3
chr19	38866150	38866799	1	1	1	0	9	3
chr19	38871640	38872756	1	1	1	8	0	5
chr19	38895754	38895983	1	1	1	8	0	10
chr19	38951166	39900806	2	2	0	0	8	16
chr19	39102996	39237517	1	1	0	0	9	15
chr19	39111076	39114716	1	1	1	2	1	6
chr19	39114838	39116667	1	1	1	11	0	15
chr19	39116743	39123069	1	1	1	2	0	18
chr19	39123319	39125632	1	1	1	7	0	28
chr19	39155604	39155704	2	2	0	7	0	19
chr19	39191762	39195573	1	1	1	5	0	16
chr19	39195661	39196683	1	1	1	2	2	3
chr19	39200117	39200896	1	1	1	5	0	8
chr19	39200983	39205108	1	1	1	7	0	19
chr19	39202002	39205108	1	1	1	3	0	21
chr19	39205202	39207725	1	1	1	11	0	32
chr19	39207957	39208566	1	1	1	7	0	18
chr19	39214332	39220507	0	0	0	8	0	30
chr19	39214718	39214796	1	1	1	17	0	30
chr19	39214980	39215070	1	1	1	12	0	20
chr19	39216544	39217596	1	1	1	16	0	27
chr19	39219795	39219913	1	1	1	12	0	31
chr19	39233970	39234006	1	1	0	0	1	20
chr19	39233970	39234078	1	1	0	0	1	20
chr19	39233970	39234405	1	1	0	0	1	20
chr19	39234042	39234078	1	1	0	0	5	20
chr19	39234042	39234405	1	1	0	0	5	20
chr19	39234114	39234405	1	1	0	0	5	20
chr19	39306996	39307092	2	2	1	2	0	11
chr19	39307998	39322399	0	0	0	5	0	31
chr19	39327934	39329145	0	0	0	3	0	31
chr19	39328120	39328233	2	2	1	6	0	1
chr19	39329239	39329533	2	2	1	6	0	31
chr19	39329656	39330735	2	2	1	4	0	10
chr19	39331017	39331127	2	2	1	3	0	11
chr19	39331200	39334481	2	2	1	0	13	18
chr19	39336376	39336492	2	2	1	0	7	9
chr19	39338075	39340339	2	2	1	10	0	4
chr19	39360901	39361209	2	2	1	7	0	8
chr19	39369951	39370073	2	2	1	8	0	28
chr19	39372132	39374266	2	2	1	9	0	11
chr19	39380602	39380742	2	2	1	6	0	13
chr19	39396176	39397860	1	1	1	16	0	21
chr19	39398300	39399370	1	1	1	8	0	4
chr19	39406390	39406480	2	2	1	0	8	2
chr19	39406955	39408363	2	2	1	2	0	25
chr19	39408649	39408733	2	2	1	7	0	16
chr19	39410508	39410725	2	2	1	2	0	8
chr19	39412087	39412166	2	2	1	5	0	13
chr19	39456235	39463987	2	4	0	5	0	29
chr19	39524774	39612694	2	2	0	0	6	25
chr19	39579919	39782593	1	1	0	0	9	27
chr19	39583506	39767875	2	2	0	0	9	18
chr19	39629691	39629971	0	0	0	6	0	31
chr19	39644170	39767875	2	2	0	0	9	18
chr19	39667356	39668314	1	1	1	4	0	3
chr19	39668450	39669063	1	1	1	5	3	8
chr19	39808999	39811432	2	2	1	19	0	30
chr19	39833217	39844645	1	1	1	0	3	1
chr19	39833217	39847328	1	1	1	0	3	1
chr19	39871754	39873847	1	1	1	1	0	1
chr19	39880802	39880899	2	2	1	4	0	4
chr19	39897569	39898382	1	1	1	10	0	15
chr19	39906080	39906987	1	1	1	2	0	4
chr19	39907055	39907190	1	1	1	5	0	10
chr19	39912929	39913371	1	1	1	3	0	5
chr19	39924059	39924161	2	2	1	13	0	13
chr19	39924210	39924304	2	2	1	45	0	32
chr19	39924402	39926246	2	2	1	17	0	15
chr19	39926349	39926487	2	2	1	18	0	17
chr19	39936278	39936443	1	1	1	12	0	12
chr19	39936606	39943995	1	1	1	5	1	20
chr19	39942051	39943451	1	1	0	1	0	27
chr19	39942051	40018655	1	1	0	0	5	29
chr19	39949528	39949644	1	1	1	7	0	7
chr19	39949890	39950198	1	1	1	1	0	1
chr19	39950601	39955437	1	1	1	13	0	23
chr19	39951151	39953708	1	3	0	3	0	28
chr19	39957210	39957314	1	1	1	9	0	22
chr19	39957386	39959395	1	1	1	9	0	24
chr19	39959502	39959718	1	1	1	11	0	25
chr19	39959813	39959901	1	1	1	6	0	28
chr19	39960915	39961016	1	1	1	6	0	31
chr19	39962144	39962244	1	1	1	14	0	23
chr19	39962371	39963048	1	1	1	3	0	11
chr19	39963134	39963449	1	1	1	3	0	15
chr19	39963755	39963842	1	1	1	6	0	26
chr19	39964162	39964602	1	1	1	6	0	11
chr19	39964762	39964873	1	1	1	3	0	19
chr19	39971602	39972522	1	1	1	11	0	25
chr19	39972674	39973524	1	1	1	10	0	16
chr19	39973557	39973774	1	1	1	3	0	31
chr19	39976243	39976327	1	1	1	4	0	18
chr19	39976932	39977036	1	1	1	5	0	14
chr19	39977136	39978700	1	1	1	0	4	3
chr19	39979286	39980358	1	1	1	10	0	23
chr19	40019940	40568997	2	2	0	0	8	17
chr19	40316927	40317311	2	2	1	6	0	1
chr19	40325203	40325307	2	2	1	6	12	10
chr19	40325454	40327195	2	2	1	5	0	27
chr19	40327309	40328350	2	2	1	0	3	1
chr19	40329846	40330872	2	2	1	6	0	29
chr19	40331150	40331322	2	4	1	0	5	2
chr19	40331156	40331256	2	2	1	19	0	22
chr19	40331428	40336930	2	2	1	4	0	7
chr19	40477146	40478052	1	1	1	2	0	14
chr19	40478463	40480200	1	1	1	3	0	7
chr19	40480348	40480430	1	1	1	11	0	12
chr19	40485892	40485976	1	1	1	13	0	13
chr19	40534725	40534762	0	0	0	3	0	32
chr19	40555861	41002184	1	1	0	6	0	32
chr19	40624187	40624314	1	1	0	0	4	15
chr19	40741055	40741169	2	2	1	5	0	23
chr19	40741258	40741796	2	2	1	2	0	18
chr19	40742012	40742163	2	2	1	12	0	29
chr19	40744881	40745951	2	2	1	0	7	1
chr19	40761177	40762832	2	2	1	3	0	12
chr19	40761207	40762832	2	2	1	1	0	15
chr19	40771259	40791087	2	2	1	2	0	24
chr19	40789603	40790030	0	0	0	8	0	30
chr19	40834458	40839757	2	2	1	2	0	18
chr19	40847798	40854230	2	2	1	15	3	25
chr19	40872823	40873602	1	1	1	5	0	19
chr19	40880528	40882515	1	1	1	5	0	16
chr19	40882682	40883692	1	1	1	1	0	32
chr19	40883793	40883892	1	1	1	2	0	25
chr19	40887076	40889689	2	2	1	0	1	6
chr19	41040251	41055094	1	1	1	4	0	8
chr19	41069994	41436932	2	2	0	0	4	16
chr19	41083537	41084059	1	1	1	6	0	24
chr19	41088373	41089303	1	1	1	1	0	13
chr19	41089624	41092679	1	1	1	14	0	31
chr19	41094686	41094987	1	1	1	3	0	28
chr19	41095085	41096149	1	1	1	5	0	7
chr19	41111559	41111634	1	1	1	4	0	28
chr19	41112214	41112309	1	1	1	4	0	16
chr19	41114276	41114389	1	1	1	11	0	32
chr19	41114510	41115435	1	1	1	2	0	14
chr19	41128573	41129508	1	1	1	9	0	17
chr19	41133261	41133609	1	1	1	6	0	6
chr19	41151177	41436932	2	2	0	0	4	16
chr19	41216042	41219971	2	2	1	14	0	23
chr19	41220541	41220961	2	2	1	3	0	17
chr19	41243675	41245261	1	1	1	5	0	13
chr19	41253493	41436932	2	2	0	0	4	16
chr19	41254435	41256100	0	0	0	6	0	32
chr19	41256843	41257291	1	1	1	10	0	16
chr19	41265516	41268805	1	1	1	8	0	13
chr19	41268980	41269491	1	1	1	5	0	23
chr19	41269581	41270912	1	1	1	5	13	2
chr19	41286419	41289799	2	4	0	7	0	14
chr19	41288988	41400282	1	1	0	0	4	27
chr19	41288988	41676430	1	1	0	0	4	27
chr19	41768488	41774127	1	1	1	8	0	19
chr19	41770704	41774127	1	1	1	11	0	18
chr19	41778141	41779886	1	1	1	6	0	8
chr19	41782204	41784981	1	1	1	8	0	17
chr19	41787181	41798149	1	1	1	2	0	5
chr19	41802138	41802976	2	2	0	0	5	19
chr19	41807652	41808528	2	2	1	0	2	1
chr19	41808855	41809876	1	1	1	0	1	1
chr19	41810167	41811550	1	1	1	2	0	15
chr19	41810167	41811736	1	1	1	0	3	2
chr19	41811773	41812353	1	1	1	0	3	4
chr19	41812451	41812470	1	1	0	2	0	16
chr19	41822745	41825478	1	1	1	25	0	24
chr19	41826376	41828499	1	1	1	9	0	10
chr19	41925202	41928068	1	1	1	5	0	24
chr19	41944320	41945786	2	2	1	33	0	20
chr19	42319946	42560219	2	2	0	0	11	30
chr19	42364360	42364844	1	1	1	22	0	30
chr19	42364516	42364844	1	1	1	18	0	26
chr19	42364565	42364844	1	1	1	6	0	8
chr19	42364916	42365180	1	1	1	30	0	31
chr19	42365282	42373100	1	1	1	64	4	28
chr19	42365630	42373100	1	3	1	0	4	3
chr19	42373285	42373768	1	1	1	1	0	21
chr19	42392937	42396095	1	1	1	10	0	12
chr19	42396445	42396673	1	1	1	5	0	8
chr19	42398380	42398523	1	1	1	1	0	13
chr19	42406507	42406682	1	1	1	6	0	28
chr19	42461087	42461169	2	2	1	9	0	21
chr19	42463101	42463388	2	2	1	2	0	26
chr19	42471493	42471813	2	2	1	5	0	22
chr19	42480719	42482087	2	2	1	3	0	5
chr19	42482951	42485653	2	2	1	7	0	14
chr19	42534545	42850264	1	1	0	0	7	32
chr19	42580439	42582738	1	1	1	3	0	16
chr19	42719405	42720831	2	2	1	12	0	4
chr19	42719405	42721783	2	2	1	5	0	11
chr19	42721198	42721783	2	2	1	11	0	18
chr19	42741094	42744106	2	2	1	1	0	23
chr19	42744295	42746334	2	2	1	16	4	12
chr19	42746559	42746629	2	2	0	2	0	15
chr19	42754095	42754482	2	2	1	5	0	28
chr19	42765753	42903885	2	2	0	0	7	19
chr19	42791602	42791696	1	1	1	11	0	29
chr19	42792128	42793039	1	1	1	3	0	22
chr19	42795252	43107654	1	1	0	0	11	18
chr19	42796360	42796451	1	1	1	5	0	28
chr19	42797989	42798086	1	1	1	8	0	16
chr19	42798888	42798975	1	1	1	8	0	29
chr19	42801518	42804121	2	2	1	3	0	3
chr19	42819593	42820632	1	1	1	6	0	1
chr19	42839538	42840082	1	1	1	5	0	21
chr19	42848738	42848821	1	1	1	7	0	24
chr19	42855487	42855580	1	1	1	7	0	29
chr19	42856609	42857079	1	1	1	6	0	14
chr19	42857828	42857926	1	1	1	6	0	5
chr19	42863395	42864926	1	1	1	12	0	2
chr19	42865159	42866241	1	1	1	0	1	1
chr19	42866750	42867199	1	1	1	7	0	3
chr19	42872815	42872994	1	1	1	6	0	21
chr19	43978612	44473324	1	1	0	6	0	12
chr19	44047840	44048295	2	2	1	7	0	29
chr19	44050880	44051035	2	2	1	7	0	3
chr19	44057061	44057133	2	2	1	1	0	3
chr19	44057665	44057760	2	2	1	11	0	22
chr19	44111712	44112155	0	0	0	7	0	31
chr19	44118587	44123709	2	2	1	16	0	30
chr19	44251692	44251784	2	2	1	5	0	2
chr19	44298770	44299563	2	4	1	0	5	9
chr19	44323482	44671516	1	1	0	0	5	32
chr19	44323482	45264141	1	1	0	0	5	32
chr19	44331597	44332353	1	1	1	1	0	17
chr19	44433724	44433838	2	6	0	7	0	19
chr19	44469229	44469384	1	1	1	4	0	20
chr19	44559345	44564607	1	1	1	0	1	2
chr19	44598697	44598822	0	0	0	8	0	30
chr19	44648801	44652923	1	1	1	4	0	4
chr19	44676368	44677012	1	1	1	2	0	29
chr19	44744306	44750123	0	0	0	5	0	31
chr19	44768529	44770350	1	1	1	6	0	15
chr19	44807606	44809123	2	2	1	11	1	16
chr19	45000731	45001335	2	2	1	0	7	1
chr19	45080069	45088173	2	2	0	0	5	27
chr19	45102526	45233983	2	2	0	12	0	14
chr19	45153378	45157168	1	1	1	3	0	25
chr19	45318018	45321778	1	1	1	4	0	24
chr19	45368918	45375109	1	1	1	1	0	21
chr19	45394572	45394663	1	1	1	2	0	1
chr19	45404362	45404464	1	1	1	5	0	27
chr19	45406624	45406681	1	1	0	7	0	29
chr19	45417991	45418128	1	1	1	1	0	4
chr19	45463853	45464692	1	1	0	8	0	22
chr19	45476468	45477695	1	1	1	8	0	9
chr19	45477855	45480599	1	1	1	4	0	15
chr19	45494632	45495490	1	1	1	4	0	2
chr19	45495659	45495868	1	1	1	1	0	14
chr19	45504944	45506206	1	1	1	1	0	8
chr19	45522464	45679853	1	1	0	0	3	16
chr19	45543570	45555328	1	1	1	2	0	21
chr19	45559793	45561007	1	1	1	13	0	23
chr19	45561157	45562525	1	1	1	8	0	26
chr19	45563726	45563811	1	1	1	6	0	4
chr19	45563886	45565411	1	1	1	5	0	17
chr19	45565454	45567269	1	1	1	3	0	6
chr19	45572507	45573279	1	1	1	11	0	25
chr19	45579121	45579333	2	2	1	15	0	21
chr19	45582538	45583164	1	1	1	1	0	17
chr19	45587093	45588413	1	1	0	0	5	32
chr19	45587106	46395427	2	2	0	0	5	19
chr19	45596786	45611944	1	1	1	0	4	1
chr19	45596786	45643763	1	1	1	0	4	1
chr19	45643920	45644579	1	1	1	0	1	4
chr19	45648254	45648351	1	1	1	2	0	20
chr19	45667268	45667421	2	2	1	7	0	19
chr19	45682090	45682545	1	1	1	2	0	16
chr19	45684907	46402450	2	2	0	0	4	14
chr19	45781874	45783631	1	1	1	8	0	23
chr19	45803114	45805631	1	1	1	6	0	6
chr19	45854980	45855466	2	2	1	10	0	28
chr19	45856075	45856340	2	2	1	1	0	6
chr19	45860802	45860887	2	2	1	3	0	21
chr19	45867378	45867492	2	2	1	2	0	5
chr19	45888987	45889081	2	2	1	1	0	25
chr19	45896902	45911082	1	1	0	0	12	26
chr19	45909977	45910351	1	1	1	2	0	15
chr19	46124591	46124740	2	2	1	9	0	23
chr19	46191825	46195144	2	2	1	8	0	10
chr19	46216832	46234106	2	2	1	9	0	7
chr19	46273899	46274228	2	2	1	1	0	8
chr19	46274315	46274607	2	2	1	3	0	28
chr19	46274319	46274607	2	2	1	3	0	3
chr19	46274489	46274532	0	0	0	5	0	30
chr19	46274655	46274825	2	2	1	4	0	10
chr19	46274924	46275028	2	2	1	3	0	27
chr19	46280849	46280924	2	2	1	6	0	19
chr19	46281132	46281384	2	2	1	1	0	4
chr19	46282781	46283035	2	2	1	3	0	12
chr19	46287549	46288851	2	2	1	5	0	21
chr19	46290130	46294162	2	2	1	6	0	17
chr19	46326105	46326629	2	2	1	9	0	4
chr19	46329632	46330767	2	2	1	4	0	21
chr19	46330882	46331094	2	2	1	5	0	12
chr19	46333463	46334641	2	2	1	5	0	22
chr19	46338487	46341718	2	2	1	0	8	1
chr19	46357766	46366315	2	2	1	7	0	15
chr19	46405084	46405827	2	2	1	13	0	21
chr19	46511560	46518306	1	1	1	5	0	22
chr19	46532644	47263889	1	1	0	0	13	16
chr19	46855582	46856560	0	0	0	5	0	30
chr19	46872970	47870931	1	1	0	0	4	22
chr19	46891989	46893307	1	1	1	5	0	18
chr19	46950731	47079476	1	1	0	7	0	15
chr19	47109115	47111453	1	1	1	6	0	6
chr19	47112636	47113842	2	4	1	0	14	2
chr19	47155578	47314251	1	1	0	0	15	29
chr19	47207649	47207751	2	2	1	8	0	32
chr19	47214296	47219387	2	2	1	0	7	2
chr19	47214881	47391441	2	2	0	0	6	25
chr19	47223596	47223792	2	2	1	23	0	27
chr19	47224029	47225242	2	2	1	8	0	31
chr19	47225598	47226066	2	2	1	4	0	17
chr19	47228186	47228588	2	2	1	2	0	20
chr19	47240159	47241420	2	2	1	9	0	16
chr19	47250552	47251283	1	1	1	1	0	9
chr19	47279005	47280231	2	2	1	9	0	21
chr19	47280367	47280467	2	2	1	6	0	19
chr19	47280663	47281931	2	2	1	1	0	13
chr19	47282166	47285639	2	2	1	5	0	18
chr19	47285807	47287353	2	2	1	0	15	2
chr19	47287817	47290656	2	2	1	1	0	19
chr19	47306649	47595281	2	2	0	0	5	23
chr19	47306649	47963770	2	2	0	0	5	23
chr19	47312590	47314266	1	1	0	0	1	21
chr19	47342836	47354020	2	2	1	1	0	5
chr19	47349400	47354020	2	2	1	7	0	5
chr19	47539388	47542293	1	1	1	3	0	31
chr19	47549944	47551664	2	2	1	7	0	13
chr19	47572601	47575034	2	2	1	6	0	4
chr19	47609835	47609933	1	5	0	13	0	30
chr19	47624706	47739064	1	1	0	0	8	22
chr19	47634116	47646750	1	1	1	2	0	24
chr19	47634286	47646750	1	1	1	5	0	2
chr19	47641532	47657278	2	2	0	0	1	30
chr19	47653633	47656154	1	1	1	12	0	5
chr19	47658471	47673074	1	1	1	3	0	22
chr19	47741569	47757775	1	3	0	0	9	32
chr19	47774445	47774530	1	1	1	4	0	3
chr19	47781481	47782487	1	1	0	2	0	16
chr19	47785371	47786476	1	1	0	0	2	30
chr19	47839625	47888174	1	1	0	0	1	25
chr19	47852610	47856010	1	1	1	3	0	19
chr19	47855479	47855685	1	5	0	2	0	21
chr19	47858608	47861122	1	1	1	2	0	24
chr19	47884250	47884442	1	1	1	10	0	16
chr19	47910395	47910608	2	2	1	2	0	10
chr19	47912505	47912692	2	2	1	4	0	26
chr19	47941231	47944425	2	2	1	10	0	10
chr19	47981039	47983119	2	2	1	7	0	22
chr19	47986473	47986551	2	2	1	3	0	26
chr19	47989196	47989946	2	2	0	3	0	29
chr19	48026234	48267219	2	2	0	0	5	24
chr19	48116316	48116521	1	1	0	12	0	12
chr19	48120145	49070770	1	1	0	0	6	13
chr19	48153430	49023836	2	4	0	7	0	28
chr19	48156058	48987439	1	1	0	0	5	14
chr19	48189768	48612080	1	1	0	0	5	24
chr19	48226688	48826518	1	1	0	0	5	24
chr19	48249041	48250223	1	1	1	4	0	14
chr19	48254365	48254776	1	1	1	4	0	2
chr19	48254848	48255768	1	1	1	10	0	29
chr19	48255865	48257783	1	1	1	6	0	18
chr19	48259862	48259944	1	1	1	4	0	28
chr19	48284646	48287546	1	1	1	6	0	31
chr19	48336653	48337186	2	2	0	0	1	27
chr19	48640342	48640778	2	2	1	1	0	25
chr19	48654594	48657128	2	2	1	6	0	27
chr19	48728517	48826518	1	1	0	0	5	24
chr19	48828868	48830086	1	1	1	2	0	14
chr19	48832750	48833557	1	1	1	4	0	6
chr19	48893182	48893218	1	3	0	0	4	19
chr19	48949172	48949641	1	1	1	0	7	1
chr19	48949450	48949641	1	1	1	0	7	1
chr19	48953784	48953922	1	1	1	7	0	26
chr19	48954066	48954290	1	1	1	13	0	12
chr19	48974658	49097139	2	2	0	0	9	17
chr19	48981403	48981531	1	1	1	9	0	32
chr19	48981850	48982379	1	1	1	20	0	23
chr19	49119204	49119335	2	2	1	35	1	26
chr19	49120082	49120572	2	2	1	9	0	26
chr19	49120681	49121047	2	2	1	5	0	11
chr19	49121135	49121816	2	2	1	3	0	10
chr19	49121135	49122397	2	2	1	16	1	16
chr19	49123811	49129147	1	1	1	2	0	15
chr19	49132676	49132908	2	2	0	3	0	23
chr19	49220001	49222230	2	2	1	1	0	6
chr19	49298722	49299684	2	2	1	0	5	3
chr19	49310332	49314240	2	2	1	8	0	22
chr19	49387110	49387188	2	2	1	0	1	5
chr19	49416822	49421982	1	1	1	8	0	2
chr19	49422544	49424410	1	1	1	14	0	27
chr19	49425190	49425574	1	1	1	1	0	24
chr19	49463687	50382956	2	2	0	0	6	27
chr19	49474281	49477469	2	2	1	8	0	6
chr19	49481260	49481354	2	2	1	3	0	20
chr19	49497181	49502575	1	1	1	4	0	10
chr19	49502631	49506535	1	1	1	7	2	3
chr19	49506592	49507533	1	1	1	1	0	22
chr19	49514568	49517740	1	1	1	20	0	28
chr19	49519779	49526668	2	2	0	0	9	20
chr19	49519779	49551437	2	2	0	0	9	20
chr19	49589819	49593547	1	1	1	10	0	13
chr19	49593778	49601683	1	1	1	7	0	7
chr19	49601749	49601898	1	1	1	8	0	8
chr19	49604729	49605370	1	1	1	8	0	5
chr19	49607993	49610881	1	1	1	11	0	24
chr19	49610970	49611051	1	1	1	7	0	6
chr19	49611584	49611804	0	0	0	9	0	32
chr19	49631726	49632104	1	1	1	8	0	7
chr19	49637959	49638092	1	1	1	6	0	30
chr19	49704921	50382956	2	2	0	0	6	27
chr19	49843765	49844988	0	0	0	7	0	30
chr19	49876041	50458973	2	2	0	0	5	31
chr19	49927566	50382956	2	2	0	0	6	27
chr19	49951320	49952731	2	2	1	4	0	15
chr19	49952912	49954038	2	2	1	6	0	10
chr19	49966013	49967110	1	1	1	9	0	12
chr19	49966306	49966525	1	1	0	0	5	17
chr19	49966306	49966596	1	1	0	0	4	17
chr19	49966306	49966780	1	1	0	0	5	17
chr19	49966306	49966851	1	1	0	0	4	17
chr19	49966561	49966596	1	1	0	0	4	17
chr19	49966561	49966780	1	1	0	0	5	17
chr19	49966561	49966851	1	1	0	0	4	17
chr19	49966816	49966851	1	1	0	0	4	17
chr19	49967521	49967673	1	1	1	2	0	19
chr19	49969163	49969338	1	1	1	3	0	11
chr19	49990902	49993106	1	1	1	23	31	32
chr19	49993180	49993488	1	1	1	27	7	20
chr19	49993555	49993731	1	1	1	7	0	8
chr19	49993834	49994035	1	1	1	18	2	27
chr19	49994122	49994296	1	1	1	0	14	8
chr19	49994357	49994681	1	1	1	8	6	32
chr19	49994524	49994681	1	1	1	0	6	1
chr19	49994805	49994985	1	1	1	14	0	8
chr19	49999729	50000450	1	1	1	30	0	30
chr19	50000583	50000776	1	1	1	13	0	32
chr19	50001304	50002768	1	1	1	7	1	24
chr19	50016501	50016643	1	1	1	0	5	2
chr19	50016731	50017138	1	1	1	9	0	7
chr19	50049081	50382956	2	2	0	0	6	27
chr19	50059683	50059805	2	2	1	4	0	18
chr19	50060251	50060346	2	2	1	11	0	6
chr19	50063950	50080015	2	2	1	0	10	1
chr19	50072995	50114824	1	1	0	1	0	25
chr19	50105176	50117789	1	1	1	6	0	18
chr19	50119477	50123608	1	1	1	11	0	24
chr19	50123735	50124781	1	1	1	6	0	14
chr19	50145498	50154771	0	0	0	7	0	32
chr19	50150088	50154124	1	1	1	2	0	17
chr19	50161147	50161464	1	1	1	7	0	20
chr19	50170419	50172107	1	1	1	3	0	13
chr19	50172373	50173472	1	1	1	0	11	2
chr19	50180522	50189483	1	1	0	4	0	17
chr19	50180574	50183128	1	1	1	6	0	17
chr19	50180574	50183743	1	1	1	48	0	23
chr19	50183183	50183743	1	1	1	1	0	4
chr19	50183187	50183396	1	5	1	6	0	11
chr19	50185323	50185452	1	1	1	16	0	25
chr19	50186771	50227269	2	2	0	1	0	28
chr19	50187327	50188010	1	1	1	7	0	20
chr19	50188099	50188178	1	1	1	2	0	16
chr19	50189501	50189861	1	1	1	13	0	24
chr19	50189984	50191418	1	1	1	6	0	27
chr19	50190639	50190893	1	1	0	9	0	29
chr19	50305147	50305237	1	1	1	2	0	3
chr19	50310632	50311371	2	2	1	0	1	1
chr19	50310632	50311670	2	2	1	0	1	1
chr19	50322554	50331705	1	1	1	3	0	29
chr19	50333206	50333344	1	1	1	2	0	8
chr19	50334719	50335192	1	1	1	7	0	27
chr19	50335673	50338242	1	1	1	9	0	24
chr19	50358146	50358226	1	1	1	5	0	18
chr19	50358335	50360231	1	1	1	11	0	3
chr19	50360330	50361603	2	2	1	0	1	1
chr19	50360388	50360949	1	1	1	6	0	11
chr19	50361911	50363242	1	1	1	8	0	32
chr19	50362355	50362462	2	2	1	4	0	18
chr19	50363594	50363870	1	1	1	6	0	5
chr19	50363813	50363886	1	1	0	6	0	28
chr19	50365139	50365300	2	2	1	8	0	2
chr19	50369703	50370310	2	2	1	5	0	5
chr19	50373318	50374803	2	2	1	6	0	14
chr19	50374974	50375068	2	2	1	2	0	25
chr19	50376560	50379859	2	2	1	18	0	17
chr19	50386150	50386229	1	1	1	3	0	8
chr19	50391575	50391680	1	1	1	9	0	11
chr19	50431073	50432582	2	2	1	7	0	6
chr19	50482500	50484211	2	2	1	6	0	10
chr19	50498177	50498447	2	2	1	0	1	2
chr19	50519421	50523841	2	2	1	8	0	8
chr19	50523905	50528602	2	2	1	2	0	9
chr19	50671595	50742511	1	1	0	0	4	16
chr19	50671595	51404569	1	1	0	0	4	16
chr19	50794306	50795517	1	1	1	8	0	7
chr19	50887648	50902107	1	1	1	12	0	9
chr19	50902742	50905034	1	1	1	10	0	8
chr19	50905182	50905255	1	1	1	5	0	20
chr19	50906477	50906749	1	1	1	1	0	17
chr19	50910432	50910583	1	1	1	7	0	7
chr19	50912159	50912378	1	1	1	12	0	26
chr19	50916779	50916998	1	1	1	15	0	23
chr19	50920527	50921098	1	1	1	8	0	21
chr19	50979916	50981185	1	1	1	6	0	9
chr19	50981259	50982213	1	1	1	4	0	5
chr19	50982324	50983367	1	1	1	10	0	27
chr19	50983473	50983837	1	1	1	10	0	19
chr19	51165967	51167261	0	0	0	4	0	32
chr19	51252599	51424586	1	1	0	0	12	28
chr19	51252599	51514550	1	1	0	0	12	28
chr19	51252599	51575114	1	1	0	0	12	28
chr19	51252599	51583560	1	1	0	0	12	28
chr19	51252599	51701711	1	1	0	0	12	28
chr19	51252599	52081179	1	1	0	0	12	28
chr19	51302216	51302550	2	2	1	6	0	14
chr19	51302615	51305473	2	2	1	4	0	19
chr19	51410343	51411834	2	2	1	0	27	5
chr19	51607848	51611603	2	2	1	21	0	31
chr19	51833116	51862850	2	2	0	1	0	14
chr19	51857563	51869523	2	2	1	6	4	14
chr19	52197809	52204910	1	1	1	3	0	29
chr19	52359221	52364156	2	2	1	4	0	4
chr19	52380631	52381641	2	2	1	11	0	21
chr19	52529215	52531494	2	2	1	4	0	28
chr19	52649677	52984071	2	2	0	10	0	23
chr19	52705288	52709215	1	1	1	8	0	16
chr19	52714746	52715938	1	1	1	4	0	11
chr19	52716087	52716207	1	1	1	10	0	23
chr19	52723503	52724231	1	1	1	5	0	23
chr19	52785491	52786537	1	1	1	2	0	10
chr19	52800477	52803646	1	1	1	2	0	14
chr19	52900521	52900714	2	2	1	1	0	14
chr19	52905007	52905199	1	1	1	4	0	21
chr19	52936852	52999814	2	2	0	0	4	26
chr19	53065413	53136945	2	2	0	0	6	23
chr19	53065418	53108490	1	1	0	0	6	27
chr19	53132104	53132126	2	2	0	0	1	15
chr19	53211583	53211673	2	2	1	1	0	7
chr19	53309036	53503854	1	1	0	3	0	30
chr19	53546462	54414361	2	2	0	4	0	28
chr19	53844576	53848758	1	1	1	4	0	3
chr19	54041746	54042469	1	1	1	2	0	11
chr19	54042537	54072557	1	1	1	0	4	4
chr19	54059163	54072557	1	1	1	0	4	4
chr19	54160349	54356834	1	3	0	0	3	20
chr19	54233491	54348640	1	1	0	0	5	22
chr19	54378062	54379062	2	2	0	1	0	15
chr19	54434872	55149789	1	1	0	0	9	24
chr19	54606497	54609240	1	1	1	10	0	29
chr19	54617167	55280420	1	1	0	6	0	28
chr19	54619178	54621650	1	1	1	8	1	19
chr19	54626940	54627127	1	1	1	6	0	26
chr19	54628036	54629902	1	1	1	8	0	32
chr19	54637332	54637437	2	2	0	0	2	22
chr19	54637332	54637466	2	2	0	0	2	22
chr19	54641710	54646664	1	1	1	3	0	22
chr19	54647486	54647741	1	1	1	10	0	1
chr19	54649554	54649645	1	1	1	3	0	4
chr19	54653494	54655962	1	1	1	3	0	24
chr19	54657578	54657680	1	1	1	0	1	1
chr19	54659679	54660500	2	2	1	5	0	13
chr19	54682659	54684489	2	2	1	6	0	16
chr19	54691170	54692070	2	2	1	6	0	13
chr19	54695845	54696065	0	0	0	4	0	30
chr19	54696225	54697029	1	1	1	9	0	20
chr19	54704757	54705027	1	1	1	5	0	31
chr19	54705478	54710143	1	1	1	6	0	15
chr19	54710331	54711265	1	1	1	5	0	21
chr19	54938404	55149789	1	1	0	0	9	24
chr19	54967425	54967503	1	1	1	13	0	13
chr19	54969028	54969112	1	1	1	2	0	21
chr19	54969412	54969492	1	1	1	1	0	6
chr19	54969701	54971945	1	1	1	7	0	6
chr19	54970000	54971548	0	0	0	12	0	30
chr19	54970605	54970716	1	1	0	4	0	32
chr19	55383520	55934479	2	2	0	0	6	27
chr19	55471619	55480164	1	1	0	1	0	23
chr19	55511765	55555008	2	4	0	4	0	28
chr19	55553706	55553734	0	0	0	4	0	30
chr19	55603913	55603989	2	2	1	28	0	32
chr19	55604031	55604150	2	2	1	37	2	32
chr19	55604602	55605712	2	2	1	6	0	7
chr19	55606727	55606812	2	2	1	1	0	2
chr19	55607704	55610151	2	2	1	4	0	27
chr19	55610464	55614776	2	2	1	1	0	4
chr19	55617856	55619026	2	2	0	3	0	27
chr19	55653289	55656911	2	2	1	0	6	3
chr19	55658636	55659022	2	2	0	0	7	24
chr19	55658795	55659022	2	2	0	0	15	32
chr19	55672556	55672660	2	2	1	1	0	5
chr19	55673194	55673500	2	2	1	3	0	4
chr19	55704366	56474049	1	1	0	7	0	23
chr19	55742253	55742777	2	2	1	5	0	18
chr19	55742860	55742965	2	2	1	5	0	4
chr19	55743215	55743504	1	1	0	4	0	14
chr19	55743351	55743442	2	2	1	9	0	17
chr19	55743580	55748010	2	2	1	9	0	5
chr19	55748339	55750772	2	2	1	7	0	23
chr19	55751483	55751603	2	2	1	6	0	26
chr19	55751669	55752312	2	2	1	4	0	3
chr19	55752448	55752606	2	2	1	5	0	13
chr19	55753857	55756487	2	2	1	4	0	1
chr19	55756554	55756632	2	2	1	13	0	8
chr19	55777655	55785765	2	2	1	1	0	13
chr19	55785991	55789009	2	2	1	11	0	24
chr19	55789149	55790766	2	2	1	0	6	1
chr19	55789215	55790766	2	2	1	6	0	13
chr19	55791071	55791402	2	2	1	1	9	11
chr19	55897334	55897717	1	1	1	21	0	29
chr19	55897807	55897937	1	1	1	9	0	3
chr19	55898062	55899297	1	1	1	9	0	22
chr19	55899417	55899610	1	1	1	13	1	30
chr19	55913131	55915655	2	2	1	0	3	12
chr19	55915847	55918182	2	2	1	6	0	6
chr19	55918331	55918954	2	2	1	0	11	11
chr19	56091008	56092160	2	2	1	7	0	2
chr19	56109268	56110839	2	2	1	6	0	2
chr19	56166520	56170575	1	1	1	7	0	32
chr19	56171588	56171881	1	1	1	10	0	9
chr19	56171986	56172403	1	1	1	12	0	16
chr19	56172556	56173136	1	1	1	3	0	9
chr19	56172556	56173867	1	1	1	13	0	13
chr19	56173985	56174971	1	1	1	5	0	5
chr19	56175111	56179872	1	1	1	16	0	15
chr19	56180159	56180448	1	1	1	7	0	28
chr19	56180548	56180809	1	3	1	8	0	8
chr19	56186802	56189892	1	1	1	6	0	10
chr19	56197012	56200235	1	1	1	5	0	16
chr19	56203424	56204051	1	1	1	7	0	22
chr19	56204404	56206091	1	1	1	3	0	24
chr19	56301138	56351863	2	4	0	0	2	20
chr19	56555176	56690919	2	2	0	0	9	21
chr19	56652727	56657615	1	1	1	11	0	30
chr19	56657790	56658258	1	1	1	4	0	28
chr19	56660414	56660705	2	2	0	0	3	13
chr19	56660414	56660742	2	2	0	0	3	13
chr19	56747262	56747821	2	2	0	0	5	32
chr19	56747612	56747821	2	2	0	0	5	32
chr19	56747787	56747821	2	2	0	0	5	32
chr19	56824754	56826049	2	2	1	5	0	14
chr19	57752290	57755290	1	1	1	7	0	15
chr19	57759362	58643843	1	1	0	8	0	22
chr19	57774671	57775237	2	4	0	3	0	29
chr19	57791493	57795918	1	1	1	3	0	20
chr19	57791912	57802111	0	0	0	7	0	32
chr19	57792035	58661915	2	2	0	0	7	16
chr19	57813099	57813844	0	0	0	6	0	31
chr19	57832059	58661915	2	2	0	0	7	16
chr19	57969352	58689174	1	1	0	5	0	29
chr19	58216897	58859490	1	1	0	0	8	30
chr19	58281247	58290118	1	1	1	4	0	2
chr19	58320472	58324661	2	2	1	7	0	17
chr19	58355052	58359432	2	2	0	8	0	28
chr19	58361440	58365143	1	1	1	0	1	1
chr19	58367602	58369943	1	1	1	0	5	16
chr19	58421483	58423427	2	2	1	0	5	16
chr19	58654566	58662118	2	2	1	5	0	21
chr19	58694810	58695287	1	1	1	3	0	17
chr19	58723053	58723526	1	1	1	12	0	28
chr19	58740313	58740833	1	1	1	4	0	17
chr19	58741829	58743137	1	1	1	2	0	20
chr19	58809644	58835520	2	2	0	0	1	24
chr19	58838481	58846117	1	1	1	1	0	3
chr19	58898707	58899503	1	1	1	12	0	10
chr19	58899613	58904342	1	1	1	8	0	15
chr19	58904553	58904725	1	1	1	7	0	23
chr19	58916193	58916373	2	2	1	3	0	4
chr19	58963072	58963494	1	1	1	0	18	1
chr19	58963072	58964553	1	1	1	0	21	1
chr19	58963072	58965062	1	1	1	0	18	1
chr19	58991095	58991296	1	1	1	12	0	2
chr19	59055929	59056304	1	3	1	0	1	4
chr19	59056465	59056791	1	1	1	18	0	26
chr19	59056905	59057130	1	1	1	7	0	19
chr19	59057264	59058742	1	1	1	28	0	31
chr19	59058879	59058963	1	1	1	5	0	17
chr19	59059081	59059158	1	1	1	7	0	17
chr19	59059960	59060106	1	1	1	4	0	16
chr19	59060278	59060354	1	1	1	4	0	13
chr19	59061018	59061103	1	1	1	23	0	17
chr19	59061403	59061513	1	1	1	18	0	15
chr19	59067597	59067682	2	2	1	10	0	22
chr19	59068525	59069639	2	2	1	14	0	5
chr19	59080954	59081710	2	2	1	6	0	12
chr22	16187303	16189031	2	2	1	0	5	31
chr22	16189144	16189263	2	2	1	0	1	2
chr22	17039575	17041002	2	2	0	0	1	25
chr22	17039575	17045323	2	2	0	0	1	25
chr22	17411952	17600217	1	1	0	0	3	13
chr22	17584915	17585196	1	1	0	0	1	22
chr22	17585116	17585196	1	1	0	0	1	22
chr22	17612695	17625024	1	1	0	0	4	13
chr22	17823080	17941060	2	2	0	0	4	26
chr22	17944067	18249080	2	2	0	0	10	16
chr22	17985903	18246221	1	1	0	5	0	29
chr22	18100296	18115755	1	1	0	0	6	25
chr22	18185153	18209442	1	1	1	3	0	16
chr22	18232941	18257146	2	2	1	10	0	9
chr22	18347753	18348689	2	2	1	7	0	32
chr22	18368818	18369935	2	2	1	6	0	3
chr22	18389653	18484158	2	2	1	5	0	8
chr22	18452223	18453748	1	1	0	1	0	28
chr22	18560814	18561061	1	1	1	1	0	2
chr22	18568025	18570737	1	1	1	7	0	25
chr22	19055739	19076880	2	2	1	3	0	15
chr22	19124946	19125727	2	2	1	7	0	22
chr22	19126806	19127124	2	2	1	4	0	9
chr22	19163758	19163933	2	2	1	5	0	8
chr22	19164718	19165239	2	2	1	5	0	23
chr22	19165754	19166092	2	2	1	7	0	7
chr22	19172257	19172282	2	4	0	4	0	26
chr22	19184168	19187244	2	2	1	4	0	7
chr22	19189005	19195663	0	0	1	1	0	4
chr22	19189928	19190033	2	2	0	0	4	21
chr22	19189964	19190033	2	2	0	0	4	29
chr22	19338970	19340878	2	2	1	6	0	20
chr22	19347008	19348759	2	2	1	1	0	7
chr22	19373260	19375233	2	2	1	5	0	8
chr22	19375340	19376006	2	2	1	9	0	19
chr22	19394798	19396005	2	2	1	8	0	9
chr22	19398302	19418962	2	2	1	3	0	23
chr22	19407905	19408089	1	5	0	6	0	21
chr22	19435069	19435187	2	2	1	7	0	7
chr22	19444442	19445593	2	2	1	3	0	19
chr22	19467741	19468475	1	1	1	12	0	24
chr22	19479412	19523094	2	2	0	0	1	21
chr22	19495041	19495288	1	1	1	7	0	17
chr22	19576522	19589008	2	2	0	0	1	32
chr22	19808899	19841965	2	2	1	8	0	12
chr22	19842063	19842204	2	2	1	1	0	1
chr22	19906528	19907065	2	2	1	12	0	18
chr22	19929421	19948721	1	1	1	5	0	31
chr22	19948813	19950049	1	1	1	10	0	23
chr22	19951283	19951690	1	1	1	13	0	22
chr22	19969615	19997977	2	2	0	2	0	23
chr22	20030967	20039987	1	1	1	3	0	12
chr22	20067907	20073209	1	1	1	0	4	4
chr22	20077782	20078957	1	1	1	10	0	26
chr22	20105188	20106535	1	1	1	15	0	20
chr22	20106673	20109786	1	1	1	1	0	7
chr22	20112960	20113825	1	1	1	0	15	6
chr22	20302348	20302858	2	2	1	2	0	22
chr22	20385196	20385725	2	2	1	8	1	16
chr22	20389205	20390268	2	2	1	0	6	17
chr22	20393605	20394518	2	2	1	6	0	17
chr22	20397241	20397877	2	2	1	0	5	4
chr22	20398337	20398536	2	2	1	0	2	3
chr22	20467265	21054740	2	2	0	0	4	30
chr22	20739212	20893498	0	0	0	5	0	31
chr22	20784121	20784715	2	2	1	8	0	10
chr22	20843532	20850046	2	2	1	4	0	6
chr22	20922919	20929399	1	1	1	0	2	1
chr22	20939303	20939387	1	1	1	6	0	13
chr22	21055153	21732179	1	1	0	0	4	30
chr22	21063668	21064195	2	2	1	0	1	7
chr22	21065750	21066773	2	2	1	0	2	7
chr22	21067679	21068745	2	2	1	0	4	15
chr22	21081686	21082061	2	2	1	11	0	29
chr22	21083795	21083919	2	2	1	7	0	5
chr22	21084000	21084179	2	2	1	4	0	19
chr22	21088483	21088682	2	2	1	0	2	3
chr22	21158689	21159261	2	2	1	7	0	29
chr22	21159454	21161649	2	2	1	6	0	22
chr22	21161747	21165254	2	2	1	1	0	8
chr22	21193020	21212857	2	2	1	2	0	24
chr22	21272534	21288066	1	1	1	6	0	28
chr22	21343162	21343913	1	1	1	10	0	31
chr22	21344815	21345916	1	1	1	7	0	28
chr22	21347194	21347950	1	1	1	5	0	13
chr22	21828970	21829499	2	2	1	0	1	7
chr22	21831054	21832078	2	2	1	0	2	7
chr22	21832984	21834047	2	2	1	0	6	17
chr22	21841217	21841853	2	2	1	0	5	4
chr22	21842313	21842512	2	2	1	0	2	3
chr22	21922061	21947149	1	1	1	0	27	25
chr22	21922061	21965145	1	1	1	4	0	12
chr22	21947246	21965145	1	1	1	0	1	28
chr22	21983077	21983298	2	2	1	13	0	4
chr22	21983697	21983831	2	2	1	5	0	25
chr22	21983697	21983890	2	2	1	3	0	23
chr22	21984051	21984139	2	2	1	15	0	3
chr22	22026119	22418094	2	2	0	5	0	29
chr22	22048162	22048881	1	1	1	3	0	6
chr22	22142678	22142982	2	2	1	1	0	18
chr22	22143098	22153300	2	2	1	12	0	17
chr22	22210652	22321020	2	2	0	0	4	14
chr22	22221800	22221893	1	1	0	8	0	29
chr22	22314109	22314692	2	2	1	0	1	1
chr22	22315187	22315415	0	0	0	4	0	30
chr22	22317266	22318294	2	2	1	3	0	14
chr22	22318688	22319656	2	2	1	13	0	32
chr22	22327091	22328728	2	2	1	0	1	2
chr22	22330560	22337126	2	2	1	4	2	14
chr22	22367032	23143027	2	2	0	0	4	20
chr22	22661957	22663061	1	1	1	0	8	5
chr22	23412757	23437433	1	1	1	4	0	24
chr22	23440184	24120926	1	1	0	5	0	12
chr22	23442949	23442989	2	2	0	4	0	27
chr22	23487739	23488791	1	1	1	3	0	5
chr22	23603242	23603541	1	1	1	6	0	22
chr22	24108214	24108314	2	2	1	4	0	17
chr22	24129450	24133942	1	1	1	8	0	15
chr22	24135876	24143130	1	1	1	9	0	25
chr22	24143269	24145481	1	1	1	8	0	9
chr22	24159124	24167411	1	1	1	2	0	4
chr22	24236770	24236958	1	1	1	10	1	30
chr22	24237132	24237226	1	1	1	44	0	23
chr22	24279138	24279333	1	1	0	0	2	17
chr22	24374539	24398371	1	1	0	1	0	13
chr22	24431969	24432536	1	1	1	1	0	5
chr22	24458489	24459421	1	1	1	4	0	9
chr22	24515666	24530268	1	1	1	6	0	9
chr22	24563282	24564414	1	1	1	6	0	13
chr22	24567964	24572078	1	1	1	8	0	16
chr22	24671718	24672382	2	2	0	3	0	20
chr22	24803447	24812300	1	1	0	0	1	13
chr22	24964145	24967883	1	1	1	7	0	32
chr22	24964740	24966854	1	1	0	4	0	28
chr22	24968604	24971468	2	2	0	0	1	31
chr22	24969055	24970623	2	2	0	13	0	30
chr22	25009536	25302718	1	1	0	4	0	20
chr22	25107914	26091749	2	2	0	0	5	25
chr22	25179473	25861249	2	2	0	0	8	24
chr22	25309909	25789462	1	1	0	0	6	17
chr22	25348740	25410396	1	1	1	12	0	2
chr22	25445332	25566786	1	1	1	4	0	5
chr22	25566906	25570206	1	1	1	1	0	8
chr22	25586752	25588372	1	1	1	7	0	8
chr22	25755675	25755772	2	4	0	7	0	22
chr22	25844252	25851678	1	1	1	2	0	1
chr22	26074883	26081136	1	1	1	4	0	18
chr22	26321645	26368694	1	1	0	0	1	23
chr22	26868906	26872958	2	2	1	5	0	8
chr22	26878113	26879730	2	2	0	2	0	22
chr22	26908142	26908359	2	2	1	2	0	2
chr22	26914773	26926762	1	1	0	0	12	23
chr22	26976162	27263461	1	3	0	4	0	20
chr22	28307098	28310304	2	2	1	5	0	19
chr22	28501791	28503049	2	2	1	1	0	17
chr22	28504392	28559079	2	2	1	7	0	25
chr22	28689883	29024007	2	2	0	5	0	23
chr22	29169023	29169712	1	1	1	1	7	8
chr22	29169023	29176935	1	1	1	0	7	1
chr22	29196710	29197524	0	0	0	5	0	30
chr22	29630189	29630293	1	1	1	2	0	20
chr22	29656603	29656690	2	2	1	6	0	10
chr22	29661658	29663414	2	2	1	13	0	17
chr22	29664339	29668204	1	1	1	32	0	30
chr22	29668242	29668368	1	1	1	28	0	25
chr22	29668421	29669729	1	1	1	0	8	20
chr22	29668421	29674119	1	1	1	0	3	2
chr22	29669854	29674018	1	1	1	0	3	25
chr22	29674206	29678378	1	1	1	5	0	23
chr22	29678547	29682911	1	1	1	0	3	13
chr22	29683124	29684594	1	1	1	4	0	10
chr22	29684776	29687553	1	1	1	5	0	10
chr22	29687589	29688125	1	1	1	4	0	23
chr22	29688159	29688476	1	1	1	4	4	9
chr22	29693940	29694722	1	1	1	1	0	7
chr22	29695842	29696111	1	1	1	7	0	19
chr22	29724885	29726366	2	2	1	6	0	22
chr22	29726699	29727437	2	2	1	6	0	17
chr22	29727906	29730253	2	2	1	6	0	6
chr22	29750861	29752414	2	2	1	1	0	25
chr22	29752606	29754714	2	2	1	10	0	23
chr22	29763260	29784412	2	2	1	12	0	12
chr22	29787061	30781340	1	1	0	0	4	21
chr22	29853055	29902536	2	2	0	0	1	29
chr22	29938946	29939417	2	2	1	5	0	17
chr22	29940574	29949516	0	0	0	3	0	31
chr22	29956818	29957159	2	2	1	2	0	8
chr22	29965277	29966150	2	2	1	3	0	24
chr22	30145311	30240205	2	2	0	0	7	21
chr22	30145311	31104723	2	2	0	0	7	21
chr22	30200820	30202204	2	2	1	3	0	10
chr22	30228332	30234166	2	2	1	3	0	16
chr22	30733170	30733678	2	2	1	6	0	4
chr22	30735241	30736184	2	2	1	2	0	29
chr22	30736371	30736683	2	2	1	7	0	1
chr22	30738340	30738793	2	2	1	5	0	4
chr22	30741180	30742300	2	2	1	0	3	1
chr22	30974986	30975123	2	2	1	5	0	6
chr22	30975291	30975737	2	2	1	13	0	24
chr22	30976689	30976998	2	2	1	4	0	15
chr22	30977632	30980351	2	2	1	9	0	3
chr22	30983383	30984007	2	2	1	9	0	10
chr22	31182093	31182867	2	2	0	0	4	21
chr22	31342437	31345737	2	2	1	5	0	25
chr22	31354681	31363807	2	2	1	10	0	26
chr22	31402676	31415300	2	2	0	0	1	16
chr22	31414006	31424946	1	1	0	0	4	12
chr22	31479296	31483950	1	1	1	1	0	31
chr22	31484764	31484857	1	1	1	4	0	10
chr22	31484880	31485916	1	1	0	4	0	22
chr22	31486167	31486793	1	1	1	4	0	19
chr22	31491596	31491837	1	1	1	0	2	5
chr22	31501273	31501643	2	2	1	1	0	24
chr22	31796730	31799014	1	1	1	2	0	14
chr22	31799191	31806997	1	1	1	9	0	18
chr22	31805807	32264328	2	2	0	15	0	12
chr22	31807068	31816241	1	1	1	6	0	10
chr22	31823169	31829857	1	1	1	0	2	2
chr22	31839081	31840591	2	2	1	6	0	3
chr22	31987647	31987904	2	2	0	0	1	24
chr22	32009517	32009587	1	1	1	6	0	8
chr22	32021028	32021497	0	0	0	7	0	30
chr22	32150151	32150847	1	1	1	11	8	11
chr22	32174846	32175137	0	0	0	4	0	30
chr22	32340807	32352125	1	1	1	4	0	7
chr22	32346377	32349743	2	4	0	5	0	22
chr22	32871112	32874967	1	1	1	7	0	16
chr22	32992723	33260901	2	2	1	0	1	4
chr22	33060638	33455102	1	3	0	4	0	20
chr22	33702085	33702664	2	4	0	1	0	24
chr22	33996986	34302047	1	1	0	0	4	29
chr22	34153767	34155070	0	0	0	9	0	31
chr22	35660090	35660640	1	1	1	3	0	31
chr22	35684401	35688984	1	1	1	5	0	22
chr22	35796202	35796423	1	1	1	1	0	6
chr22	35806904	35808502	1	1	1	10	0	23
chr22	36177794	36205826	2	2	1	0	6	3
chr22	36444595	36502738	2	2	0	0	15	27
chr22	36489430	36502738	2	2	0	0	15	27
chr22	36681376	36681703	2	2	1	4	0	6
chr22	36682893	36684297	2	2	1	1	0	23
chr22	36691123	36691550	2	2	1	0	1	2
chr22	36691764	36692888	2	2	1	10	0	4
chr22	36695089	36696172	2	2	1	6	0	9
chr22	36697712	36698613	2	2	1	0	12	2
chr22	36705442	36708093	2	2	1	10	0	26
chr22	36708268	36710189	2	2	1	9	0	9
chr22	36710364	36712561	2	2	1	12	0	17
chr22	36745301	36783851	2	2	1	9	0	6
chr22	36876796	36877610	2	2	1	11	0	14
chr22	36876885	36877610	2	2	1	6	0	9
chr22	36894204	36897287	2	2	1	0	9	1
chr22	36902471	36903055	2	2	1	1	0	18
chr22	36912838	36913347	2	2	1	7	0	24
chr22	36922179	36924926	2	2	1	2	0	13
chr22	36922179	36925122	2	2	1	24	0	18
chr22	37310475	37332590	1	1	0	0	1	12
chr22	37414795	37415440	2	2	1	4	7	3
chr22	37415914	37420232	1	1	1	9	0	20
chr22	37457968	37459120	0	0	0	9	0	30
chr22	37956596	37962078	1	1	1	0	6	2
chr22	37959790	37962078	1	1	1	0	6	2
chr22	37961730	37962078	1	1	1	0	6	2
chr22	37984580	38129910	1	1	0	0	6	14
chr22	37996842	38833889	2	2	0	0	8	25
chr22	38010282	38012928	1	1	1	7	0	17
chr22	38021957	38025468	1	1	1	6	0	19
chr22	38026178	38026909	1	1	1	6	0	27
chr22	38049881	38051278	1	1	1	0	1	3
chr22	38055364	38061561	1	1	1	11	0	18
chr22	38084023	38084318	1	1	1	2	0	13
chr22	38087432	38089338	1	1	1	5	0	22
chr22	38089418	38093594	1	1	1	0	4	1
chr22	38142428	38147778	1	1	1	22	0	12
chr22	38147836	38150883	1	1	1	5	0	5
chr22	38228025	38228643	2	2	1	6	0	7
chr22	38245490	38246021	1	1	1	10	0	17
chr22	38254748	38258975	1	1	1	2	0	14
chr22	38259353	38266182	1	1	1	1	0	7
chr22	38269518	38620340	0	0	0	0	10	32
chr22	38269533	38331171	2	2	0	0	6	17
chr22	38272019	38273680	1	1	1	5	0	12
chr22	38305186	38305789	0	0	0	3	0	32
chr22	38313803	38315042	1	1	1	5	0	7
chr22	38315186	38317978	1	1	1	7	0	3
chr22	38323834	38327805	1	1	1	10	0	2
chr22	38328896	38329045	1	1	1	5	0	6
chr22	38355484	38363105	1	1	1	2	0	15
chr22	38453444	38453759	1	1	1	2	0	9
chr22	38461138	38463710	1	1	1	11	0	26
chr22	38468618	38469006	1	1	1	8	0	18
chr22	38470459	38470870	1	1	1	4	0	8
chr22	38470975	38472037	1	1	0	3	0	14
chr22	38508313	38508510	2	2	1	2	0	9
chr22	38564626	38684354	1	1	0	0	3	13
chr22	38564626	38728544	1	1	0	0	3	13
chr22	38642107	38643775	2	2	1	4	0	28
chr22	38687448	38689266	0	0	0	9	0	32
chr22	38690255	38690347	2	2	1	8	0	24
chr22	38694940	38695899	2	2	1	5	0	16
chr22	38695758	38734252	2	2	0	0	3	21
chr22	38696071	38696728	2	2	1	2	0	17
chr22	38701304	38701486	0	0	0	5	0	31
chr22	38882446	38883877	2	2	1	4	0	15
chr22	38895505	38897134	2	2	1	12	0	30
chr22	38897286	38901955	2	2	1	19	0	23
chr22	38977015	39006008	2	2	0	0	7	29
chr22	39078447	39078883	1	1	1	2	0	22
chr22	39144789	39145770	2	2	1	1	0	15
chr22	39147379	39148511	2	2	1	2	0	5
chr22	39178876	39190072	2	2	1	4	0	3
chr22	39250844	39517502	1	1	0	0	4	27
chr22	39263153	39267484	2	2	1	0	3	2
chr22	39263207	39267484	2	2	1	0	1	1
chr22	39267552	39267696	2	2	1	18	0	27
chr22	39598937	39666068	1	1	0	4	0	28
chr22	39708990	39709195	2	2	1	0	1	6
chr22	39709316	39709638	2	2	1	3	20	21
chr22	39710852	39711373	2	2	1	7	0	10
chr22	39711561	39712710	2	2	1	10	2	19
chr22	39714598	39715599	2	2	1	9	2	22
chr22	39812883	39813715	1	1	1	1	0	9
chr22	39916757	39917358	1	1	1	3	0	14
chr22	39917677	39917777	1	1	1	6	0	9
chr22	39928529	39928691	2	2	1	78	0	24
chr22	40469519	40469658	2	4	0	8	0	32
chr22	40642107	40647182	1	1	1	0	1	1
chr22	40742716	40745835	1	1	1	7	0	13
chr22	40749122	40750251	1	1	1	4	0	30
chr22	40757347	40757491	1	1	1	4	0	10
chr22	40757640	40758984	1	1	1	2	0	22
chr22	40761061	40762439	1	1	1	10	0	27
chr22	40766693	40796699	1	1	1	2	2	18
chr22	40800460	40800560	1	1	1	5	0	10
chr22	40801289	40801652	1	1	1	1	0	5
chr22	40803076	40803204	1	1	1	3	0	4
chr22	40803333	40803416	1	1	1	13	0	25
chr22	40804125	40804280	1	1	1	12	0	28
chr22	40804702	40804797	1	1	1	1	0	2
chr22	40804847	40804936	1	1	1	1	0	11
chr22	40805377	40805468	1	1	1	10	0	19
chr22	40813051	40813344	2	2	1	11	0	11
chr22	40897217	40897871	2	2	0	0	1	15
chr22	40897344	40897871	2	2	0	0	1	15
chr22	40897393	40897871	2	2	0	0	1	15
chr22	40897520	40897871	2	2	0	0	1	15
chr22	40897569	40897871	2	2	0	0	1	15
chr22	40897696	40897871	2	2	0	0	1	15
chr22	40897823	40897871	2	2	0	0	1	15
chr22	41223234	41225629	2	2	1	0	5	6
chr22	41225679	41226843	2	2	1	0	2	31
chr22	41228676	41231563	2	2	1	0	5	2
chr22	41246885	41252434	2	2	1	9	0	10
chr22	41337135	41413635	2	2	0	0	8	31
chr22	41360122	41363802	1	1	1	13	0	15
chr22	41365652	41373957	1	1	0	0	1	12
chr22	41381306	41950479	1	1	0	0	5	20
chr22	41526008	41527391	1	1	1	6	0	21
chr22	41531022	41701403	0	0	0	4	0	30
chr22	41564604	41564724	1	1	1	5	0	14
chr22	41568668	41569626	1	1	1	6	0	15
chr22	41569789	41572250	1	1	1	5	0	15
chr22	41642677	41645333	2	2	1	6	0	28
chr22	41645456	41645732	2	2	1	10	0	5
chr22	41645822	41647010	2	2	1	3	0	9
chr22	41652295	41652714	2	2	1	7	0	29
chr22	41652829	41653951	2	2	1	9	0	7
chr22	41660848	41664100	2	2	1	6	0	1
chr22	41664161	41670603	2	2	1	12	0	27
chr22	41677080	41681989	2	2	0	6	0	18
chr22	41677087	41681366	2	2	0	4	0	14
chr22	41721923	41723209	1	1	1	4	0	11
chr22	41808212	41917880	1	1	0	0	8	24
chr22	41863619	41864127	2	2	1	56	0	16
chr22	41864152	41864605	2	2	1	68	0	24
chr22	41911540	41911770	1	1	1	3	0	5
chr22	41928162	41928662	2	2	1	7	0	11
chr22	42003018	42003265	2	2	0	11	0	30
chr22	42017350	42017993	1	1	1	60	0	27
chr22	42024235	42032116	1	1	1	18	0	18
chr22	42033796	42042899	1	1	1	3	0	5
chr22	42043087	42046726	1	1	1	4	0	13
chr22	42046896	42049532	1	1	1	0	1	27
chr22	42057449	42059625	1	1	1	9	0	19
chr22	42076369	42084797	2	2	1	6	0	21
chr22	42090991	42094006	0	0	0	5	0	31
chr22	42181711	43099404	1	1	0	0	6	31
chr22	42206296	42209267	1	1	1	4	0	22
chr22	42209450	42209754	1	1	1	4	0	1
chr22	42290942	42293055	1	1	1	2	0	13
chr22	42321559	42322104	2	2	1	6	0	8
chr22	42334919	42335618	1	3	0	4	0	28
chr22	42337183	42338401	1	1	0	2	0	14
chr22	42342010	42342113	2	2	0	3	0	25
chr22	42461904	42462713	2	2	1	1	0	6
chr22	42463295	42463768	2	2	1	7	0	23
chr22	42466378	42466766	2	2	1	11	0	11
chr22	42475959	42477928	1	1	1	7	0	6
chr22	42524774	42533725	2	2	0	4	0	16
chr22	42565903	42575614	2	2	1	6	0	3
chr22	42631081	42631104	0	0	0	5	0	30
chr22	42638145	42900181	1	1	0	0	4	23
chr22	42638145	42953496	1	1	0	0	4	23
chr22	42638145	43140279	1	1	0	0	4	23
chr22	42877663	42920500	2	2	0	0	1	25
chr22	42976366	42977934	2	2	1	6	0	9
chr22	43011366	43374447	2	2	0	0	6	12
chr22	43015952	43019794	2	2	1	7	0	9
chr22	43026995	43027383	2	2	1	7	0	15
chr22	43027457	43032720	2	2	1	2	0	4
chr22	43028967	43153411	1	1	0	0	4	23
chr22	43195167	43203078	2	2	1	3	0	27
chr22	43268247	43271620	2	4	0	3	0	17
chr22	43273017	43275053	2	2	1	3	0	2
chr22	43336880	43337033	2	2	0	7	0	26
chr22	43354656	43369974	0	0	0	3	0	31
chr22	43523802	43524501	1	1	1	2	0	7
chr22	43564166	43564779	2	2	1	1	0	21
chr22	43569833	43570214	2	2	1	8	0	5
chr22	43570410	43570504	2	2	1	3	0	12
chr22	43570622	43571276	2	2	1	1	0	4
chr22	43570622	43572325	2	2	1	10	0	22
chr22	43575759	43575846	2	2	1	10	0	7
chr22	43579156	43582898	2	2	1	18	0	29
chr22	43950977	43972176	2	2	1	5	0	31
chr22	44319979	44322814	1	1	1	10	1	5
chr22	44319979	44322819	1	1	1	0	1	1
chr22	44354441	44380274	2	2	0	0	1	24
chr22	44368223	44368750	1	1	1	6	0	6
chr22	44431484	44516953	2	2	0	0	7	18
chr22	45255715	45258154	1	1	1	3	0	23
chr22	45282471	45778916	1	1	0	0	6	30
chr22	45316371	45404425	2	2	1	6	1	1
chr22	45559345	45559463	0	0	0	7	0	31
chr22	45571962	45574118	1	1	1	1	0	11
chr22	45624824	45624898	2	2	0	0	4	19
chr22	45624824	45624939	2	2	0	0	4	19
chr22	45624824	45625101	2	2	0	0	4	19
chr22	45743584	45908751	2	2	0	8	0	21
chr22	45956868	46752822	1	1	0	5	0	12
chr22	46068060	46085591	1	1	1	0	2	1
chr22	46134720	46136248	1	1	1	14	0	21
chr22	46143730	46145656	1	3	0	5	0	26
chr22	46475690	46475811	2	4	0	4	0	31
chr22	46476373	46476564	0	0	0	8	0	30
chr22	46480148	46481570	1	1	0	11	0	28
chr22	46481401	46492464	1	1	0	6	0	31
chr22	46491242	46491804	1	1	0	0	9	32
chr22	46491362	46491763	1	1	0	1	0	23
chr22	46491764	46491804	1	1	0	0	9	32
chr22	46493891	46494373	1	1	1	2	0	4
chr22	46499130	46501288	1	1	1	0	13	1
chr22	46499456	46500347	2	4	0	9	0	28
chr22	46546556	46547790	1	1	1	5	0	7
chr22	46692829	46693276	1	1	1	2	0	11
chr22	46697688	46697737	0	0	0	8	0	31
chr22	46708203	46709786	1	1	1	3	0	1
chr22	46739266	46742318	1	1	1	4	0	27
chr22	46773159	46773244	2	2	1	0	1	3
chr22	46773159	46774487	2	2	1	9	0	11
chr22	46805060	46805651	2	2	1	6	0	17
chr22	46807657	46829289	2	2	1	13	0	5
chr22	47013049	47013200	1	1	0	0	1	17
chr22	47051341	47051485	0	0	0	5	0	32
chr22	47061604	47062721	1	1	1	6	0	17
chr22	47095363	47097532	2	2	1	4	0	9
chr22	47103886	47106982	2	2	1	3	0	7
chr22	47116913	47133903	2	2	1	8	0	22
chr22	47193518	47274548	1	1	1	9	0	13
chr22	47256205	47256307	1	1	0	0	5	15
chr22	47256205	47256358	1	1	0	0	5	15
chr22	47465745	47466057	2	2	0	0	5	17
chr22	48989948	49725707	2	2	0	15	0	12
chr22	50192335	50192635	2	2	1	1	0	9
chr22	50215307	50215358	0	0	0	4	0	32
chr22	50217980	50219377	2	2	1	0	7	4
chr22	50234556	50547974	2	2	0	4	0	28
chr22	50303737	50304081	2	2	1	5	0	28
chr22	50304256	50307032	2	2	1	2	0	18
chr22	50307166	50307251	2	2	1	6	0	11
chr22	50354883	50354965	1	1	1	20	0	22
chr22	50355017	50355089	1	1	1	6	0	3
chr22	50624431	50631455	1	1	1	5	0	28
chr22	50624435	50631455	1	1	0	9	0	12
chr22	50632084	50632768	1	1	1	9	0	23
chr22	50632936	50633328	1	1	1	8	0	11
chr22	50633121	50633207	1	1	0	6	0	32
chr22	50636425	50636503	1	1	1	2	0	4
chr22	50647146	50648609	1	1	1	8	0	31
chr22	50652968	50669818	1	1	0	0	3	19
chr22	50654297	50655119	1	1	1	14	0	29
chr22	50660532	50660882	2	2	1	16	0	27
chr22	50664808	50665161	2	2	1	7	0	6
chr22	50668007	50671744	2	2	1	5	0	22
chr22	50671956	50678632	2	2	1	3	0	5
chr22	50686722	50686794	2	2	1	2	0	6
chr22	50686902	50687090	2	2	1	4	0	18
chr22	50687181	50687259	2	2	1	4	0	26
chr22	50687884	50688063	2	2	1	1	0	16
chr22	50688133	50688288	2	2	1	0	2	1
chr22	50688394	50688491	2	2	1	2	0	11
chr22	50688953	50689199	2	2	1	1	8	8
chr22	50693800	50693881	2	2	1	12	0	32
chr22	50694124	50694238	2	2	1	3	0	19
chr22	50694629	50695027	2	2	1	6	0	9
chr22	50695076	50695363	2	2	1	5	0	27
chr22	50695394	50695510	2	2	1	5	0	28
chr22	50695623	50696671	2	2	1	3	0	9
chr22	50716949	50717024	2	2	1	8	0	21
chr22	50717441	50718058	2	2	1	2	0	16
chr22	50718501	50718917	2	2	1	12	0	29
chr22	50719100	50719172	2	2	1	3	0	12
chr22	50719929	50719994	2	2	1	8	0	18
chr22	50720511	50720612	2	2	1	6	0	13
chr22	50721311	50721478	2	2	1	7	0	32
chr22	50722420	50722560	2	2	1	7	0	15
chr22	50723985	50724024	2	2	0	0	8	25
chr22	50723985	50724105	2	2	0	0	8	25
chr22	50724066	50724105	2	2	0	0	8	25
chr22	50724528	50724601	2	2	1	3	0	11
chr22	50726223	50726365	2	2	1	12	0	25
chr22	50727572	50727945	2	2	1	6	0	9
chr22	50729027	50733147	2	2	1	3	0	9
chr22	50729027	50733154	2	2	1	5	0	21
chr22	50733208	50745981	2	2	1	5	0	14
chr22	50738266	50739266	0	0	0	3	0	30
chr22	50739720	50739805	0	0	0	4	0	31
chr22	50781980	50810448	1	1	1	7	0	27
chr22	50860810	50861890	1	1	1	10	0	17
chr22	50871638	50871761	1	1	0	0	8	21
chr22	50871700	50871761	1	1	0	0	8	21
chr22	50871750	50872680	2	2	0	0	2	14
chr22	50871750	50873163	2	2	0	0	2	14
chr22	50871874	50872680	2	2	0	0	2	14
chr22	50871874	50873163	2	2	0	0	2	14
chr22	50871948	50872815	1	1	0	0	10	21
chr22	50872680	50873163	2	2	0	0	2	14
chr22	50873101	50873163	2	2	0	0	2	14
chr22	50875366	50875387	2	2	0	5	0	13
chr22	50876033	50876271	1	1	1	3	0	19
chr22	50876330	50876602	1	1	1	5	0	14
chr22	50885883	50885950	2	2	1	2	0	11
chr22	50894825	50894920	2	2	1	8	0	26
chr22	50895541	50897683	2	2	1	17	0	14
chr22	50898589	50898700	2	2	1	7	0	8
chr22	50900148	50900224	2	2	1	2	0	27
chr22	50900299	50900375	2	2	1	8	0	25
chr22	50900549	50900633	2	2	1	3	0	22
chr22	50900903	50900987	2	2	1	7	0	30
chr22	50903168	50903247	2	2	1	1	0	7
chr22	50903559	50903643	2	2	1	0	7	2
chr22	50905140	50905766	2	2	1	9	0	26
chr22	50942334	50942768	2	2	1	4	0	22
chr22	50942881	50942987	2	2	1	12	0	26
chr22	50943967	50944102	2	2	1	7	0	2
chr22	50954978	50955855	1	1	1	7	0	6
chr22	50955912	50956005	1	1	1	15	0	29
chr22	50956239	50956401	1	1	1	5	0	12
chr22	50960278	50960414	1	1	1	6	0	17
chr22	50962854	50963900	2	2	1	6	0	32
chr22	50967768	50967924	2	2	1	0	1	1
chr22	51008098	51008721	2	2	1	3	0	26
chr22	51008836	51009319	2	2	1	6	0	29
chr22	51009969	51010434	2	2	1	9	0	7
chr22	51010552	51010631	2	2	1	7	0	31
chr22	51012290	51012677	1	1	0	2	0	24
chr22	51014765	51014964	2	2	1	11	0	3
chr22	51015464	51015752	2	2	1	4	0	24
chr22	51015893	51016203	2	2	1	5	0	4
chr22	51016364	51016977	2	2	1	5	0	29
chr22	51017089	51017464	2	2	1	4	0	19
chr22	51018260	51018402	2	2	1	1	0	28
chr22	51018846	51018993	2	2	1	6	0	10
chr22	51040324	51041651	1	1	1	3	0	29
chr22	51071390	51081460	1	1	0	0	1	22
chr22	51137294	51234846	1	1	0	0	2	14
chr22	51206137	51207187	2	2	1	0	1	1
chr22	51207553	51207852	2	2	1	0	1	7
chr21	9700648	9827541	2	2	0	4	0	16
chr21	9825503	9825962	2	4	0	0	3	31
chr21	9825838	9826014	0	0	0	8	0	32
chr21	9825890	9825926	1	3	0	10	0	30
chr21	9826064	9826687	2	4	0	0	3	26
chr21	9826115	9826703	2	4	0	0	6	18
chr21	9826286	9826342	0	0	0	29	0	32
chr21	9826776	9826834	0	0	0	0	4	30
chr21	9827138	9827403	2	2	0	0	6	19
chr21	9827140	9827403	2	2	0	0	14	30
chr21	9827143	9827505	2	2	0	0	2	30
chr21	9827155	9827454	2	2	0	0	20	22
chr21	9827157	9827438	1	1	0	0	5	18
chr21	9827160	9827438	1	1	0	0	2	32
chr21	9827160	9827450	1	1	0	0	3	21
chr21	9827166	9827454	2	2	0	0	5	28
chr21	9827201	9827245	0	0	0	5	0	30
chr21	9827308	9827454	2	2	0	0	6	20
chr21	9827314	9827406	2	2	0	12	0	23
chr21	9827347	9827372	0	0	0	16	0	31
chr21	9827369	9827403	2	2	0	0	7	27
chr21	9827369	9827406	2	2	0	0	21	28
chr21	9827387	9827450	1	1	0	0	7	12
chr21	9827387	9848790	1	1	0	1	0	14
chr21	9948131	9948915	0	0	0	0	4	31
chr21	10205615	10207244	2	2	0	0	2	28
chr21	10996140	10998206	2	2	1	0	1	9
chr21	15457407	15465174	2	2	0	0	1	14
chr21	15460131	16200474	0	0	0	5	0	30
chr21	17181205	17183455	1	1	1	5	0	24
chr21	18937930	18965469	1	1	1	1	0	12
chr21	19190643	19191619	2	2	1	8	0	11
chr21	19756096	19832889	2	2	1	0	2	2
chr21	26972179	26973679	2	2	1	7	0	21
chr21	27020400	27385168	1	1	0	0	5	19
chr21	27096989	27097536	2	2	1	4	0	2
chr21	27097662	27101941	2	2	1	4	0	11
chr21	27102113	27107163	2	2	1	15	0	30
chr21	27134677	27136520	1	1	1	0	3	7
chr21	27254083	27264033	2	2	1	8	0	14
chr21	27284275	27326903	2	2	1	6	0	10
chr21	27328070	27347382	2	2	1	5	0	14
chr21	27354791	27394155	2	2	1	10	0	22
chr21	27423510	27425551	2	2	1	8	0	32
chr21	27425665	27462258	2	2	1	13	0	23
chr21	27484464	27542881	2	2	1	18	0	20
chr21	27551906	27618839	2	2	0	0	5	29
chr21	28210934	28211905	2	2	1	3	0	10
chr21	30315659	30315988	2	2	1	5	0	8
chr21	30316919	30318128	2	2	1	14	0	16
chr21	30319929	30324481	2	2	1	4	0	6
chr21	30324587	30325538	2	2	1	11	0	12
chr21	30380943	30391531	2	2	1	6	0	18
chr21	30397099	30400193	1	1	1	4	0	28
chr21	30400296	30402915	1	1	1	2	0	30
chr21	30407262	30408591	1	1	1	3	0	9
chr21	30410752	30411346	1	1	1	5	0	27
chr21	30414426	30414792	1	1	1	1	0	15
chr21	30428874	30432861	2	2	1	5	0	12
chr21	30433739	30433816	2	2	1	0	3	23
chr21	30433889	30434448	2	2	1	2	0	12
chr21	30434737	30434810	2	2	1	5	0	17
chr21	30434878	30435672	2	2	1	8	0	6
chr21	30437427	30439036	2	2	1	9	0	9
chr21	30439099	30439211	2	2	1	4	0	13
chr21	30581610	30627716	1	1	0	0	5	32
chr21	30933166	31478533	2	2	0	0	5	25
chr21	32548004	32549889	0	0	0	3	0	32
chr21	32585789	32589868	2	2	1	4	1	6
chr21	32690532	32814340	1	1	0	4	0	23
chr21	32784835	32785815	2	2	0	7	0	28
chr21	32818426	32820767	1	1	0	1	0	30
chr21	32836349	32931239	2	2	1	3	0	17
chr21	32890878	32901509	1	1	0	0	6	26
chr21	33038832	33039570	1	1	1	8	2	7
chr21	33039689	33040783	1	1	1	6	0	29
chr21	33044668	33057361	2	2	1	4	0	27
chr21	33058047	33060619	2	2	1	2	0	14
chr21	33065798	33066516	2	2	1	1	0	9
chr21	33067294	33068425	2	2	1	1	0	14
chr21	33078671	33103975	2	2	1	6	0	16
chr21	33104028	33104414	2	2	0	13	0	17
chr21	33104042	33104180	1	1	0	1	0	12
chr21	33281829	33281864	2	2	0	3	0	22
chr21	33368262	33370838	1	1	1	4	0	17
chr21	33690229	33691526	2	2	1	3	0	4
chr21	33696913	33697538	2	2	1	9	0	3
chr21	33709824	33711015	2	2	1	5	0	10
chr21	33732218	33733315	2	2	1	7	0	6
chr21	33740908	33744815	2	2	1	7	0	23
chr21	33744941	33745955	2	2	1	2	0	9
chr21	33756774	33757853	2	2	1	3	0	27
chr21	33974284	33974581	2	2	1	7	0	12
chr21	33974678	33975470	2	2	1	12	0	8
chr21	34107379	34109564	2	2	1	0	1	2
chr21	34134629	34136658	2	2	1	1	0	18
chr21	34136836	34142124	2	2	1	10	0	12
chr21	34602522	34614190	1	1	1	4	0	27
chr21	34726090	34727621	1	1	1	4	0	7
chr21	34773133	35135158	1	1	0	0	9	16
chr21	34775923	34787194	1	1	1	3	0	14
chr21	34829894	34831910	1	1	0	0	6	23
chr21	34837717	34839316	2	2	1	5	0	4
chr21	34878010	34878280	2	2	1	5	0	22
chr21	34882228	34883558	2	2	1	8	0	11
chr21	34889916	34892670	2	2	1	11	0	14
chr21	34897308	34900472	2	2	1	0	6	2
chr21	34900911	34901155	2	2	1	2	0	16
chr21	34901244	34903064	2	2	1	9	0	18
chr21	34903191	34903794	2	2	1	4	0	12
chr21	34904763	34906884	2	2	1	5	0	9
chr21	34911663	34914370	2	2	1	15	4	19
chr21	34923281	34923417	2	2	0	12	0	30
chr21	34931683	34931892	1	1	1	11	0	9
chr21	34944937	34945613	1	1	1	5	0	21
chr21	34945762	34947901	1	1	1	3	0	16
chr21	34952439	35009686	1	1	0	0	7	24
chr21	34952439	35178450	1	1	0	0	7	24
chr21	34954362	34954470	2	2	1	6	0	11
chr21	34958488	34960626	2	2	1	7	0	8
chr21	34959909	34960626	2	2	1	1	0	17
chr21	35093576	35094892	1	1	1	3	0	24
chr21	35284704	35286753	2	2	1	11	0	15
chr21	35286805	35288031	2	2	1	5	0	20
chr21	35747867	35751726	1	1	1	15	0	20
chr21	37384228	37625070	1	1	0	0	7	23
chr21	37416255	37417879	2	2	1	6	0	24
chr21	37465689	38464158	1	1	0	9	0	23
chr21	37507484	37507607	2	2	0	16	0	32
chr21	37744830	37747440	1	1	1	1	0	12
chr21	37757750	37758357	1	1	1	5	0	30
chr21	37760029	37763848	1	1	1	4	0	15
chr21	37771904	37775055	1	1	1	6	0	16
chr21	37783903	37785181	1	1	1	3	0	3
chr21	38105889	38105939	2	4	0	8	0	13
chr21	38201503	38229018	2	2	0	0	1	13
chr21	38302856	38303908	1	3	0	1	0	28
chr21	38334471	38362457	2	2	1	1	0	28
chr21	38444838	38445360	2	2	0	3	0	12
chr21	38529209	38532000	1	1	1	0	1	2
chr21	38559447	38560795	1	1	1	7	0	8
chr21	38854430	38854573	0	0	0	5	0	31
chr21	38877893	38878401	1	1	1	1	0	20
chr21	40119571	40140795	2	2	0	0	1	12
chr21	40553805	40555177	2	2	1	14	0	27
chr21	40582074	40582711	2	2	1	3	0	14
chr21	40608711	40610404	2	2	1	9	0	12
chr21	40684827	40684997	2	2	1	6	0	27
chr21	40685028	40685166	2	2	1	0	5	3
chr21	40715086	40717071	2	2	1	0	3	4
chr21	40720266	40720347	2	2	1	3	0	18
chr21	40720378	40720470	2	2	1	4	0	10
chr21	40720504	40720828	2	2	1	4	0	24
chr21	40880955	40883606	1	1	1	4	0	13
chr21	43241587	43242258	2	2	1	7	0	12
chr21	43256317	43256576	2	2	1	8	0	2
chr21	43279795	43280435	2	2	1	4	0	4
chr21	43508591	43519035	1	1	1	0	12	1
chr21	43510549	43519035	1	1	1	0	12	1
chr21	43514135	43519035	1	1	1	0	12	1
chr21	43522389	43523977	1	1	1	0	9	2
chr21	43689136	43689683	0	0	0	7	0	30
chr21	43711303	43711607	1	1	1	4	0	14
chr21	44021686	44329861	2	2	0	5	0	16
chr21	44145580	44625420	2	2	0	5	0	15
chr21	44263392	44270150	2	2	1	0	11	6
chr21	44268489	44268746	2	2	0	0	27	24
chr21	44268489	44268781	2	2	0	0	14	24
chr21	44268524	44268589	2	2	0	0	9	20
chr21	44268524	44268816	2	2	0	0	9	20
chr21	44268524	44269010	2	2	0	0	2	16
chr21	44268528	44268686	2	2	0	0	12	32
chr21	44268528	44268770	2	2	0	8	0	26
chr21	44268528	44269241	2	2	0	0	3	13
chr21	44268559	44268589	2	2	0	0	8	16
chr21	44268559	44268816	2	2	0	0	8	16
chr21	44268559	44269010	2	2	0	0	2	16
chr21	44268656	44268816	2	2	0	0	9	20
chr21	44268687	44268816	2	2	0	0	9	20
chr21	44268687	44269010	2	2	0	0	2	16
chr21	44268782	44268816	2	2	0	11	9	22
chr21	44268782	44268851	2	2	0	0	2	20
chr21	44268782	44269010	2	2	0	0	4	20
chr21	44268786	44268851	2	2	0	0	2	30
chr21	44268786	44268882	2	2	0	0	2	30
chr21	44268786	44268913	2	2	0	0	2	30
chr21	44268786	44269010	2	2	0	0	2	30
chr21	44268786	44269041	2	2	0	0	2	30
chr21	44268786	44269241	2	2	0	9	3	30
chr21	44268945	44269010	2	2	0	0	2	16
chr21	44268949	44269241	2	2	0	0	3	13
chr21	44269077	44269241	2	2	0	0	3	13
chr21	44269734	44269865	1	1	0	4	0	25
chr21	44281249	45148147	1	1	0	6	0	12
chr21	44282505	44283549	2	2	1	4	0	9
chr21	44296878	44299516	2	2	1	4	0	23
chr21	44313492	44317036	1	1	1	6	0	23
chr21	44313492	44328973	1	1	0	1	0	18
chr21	44479079	44479335	2	2	1	6	0	30
chr21	44482506	44483062	2	2	1	2	0	28
chr21	44485383	44485496	2	2	1	6	0	7
chr21	44485632	44485725	2	2	1	5	0	28
chr21	44485806	44486352	2	2	1	1	0	32
chr21	44486488	44488618	2	2	1	7	0	18
chr21	44488726	44492094	2	2	1	4	0	22
chr21	44492312	44493375	2	2	1	8	0	12
chr21	44493452	44495879	2	2	1	3	0	19
chr21	44513360	44514580	2	2	1	11	0	26
chr21	44514674	44514764	2	2	1	0	1	3
chr21	44514899	44515547	2	2	1	8	0	31
chr21	44519080	44519661	0	0	0	6	0	30
chr21	44520630	44524424	2	2	1	15	1	23
chr21	44521543	44524424	2	2	1	1	0	7
chr21	44901740	44905241	1	1	0	5	0	23
chr21	45053303	45064169	2	2	1	5	0	31
chr21	45079471	45079497	2	4	0	7	0	30
chr21	45092247	45093750	1	1	1	4	0	27
chr21	45093837	45094516	1	1	1	4	0	2
chr21	45094579	45094914	1	1	1	4	0	1
chr21	45163689	45165959	1	1	1	3	0	32
chr21	45170427	45172398	1	1	1	0	3	2
chr21	45186975	45358450	2	2	0	5	0	12
chr21	45194212	45194538	2	2	1	26	1	10
chr21	45209479	45209526	2	4	0	6	0	21
chr21	45209644	45211230	1	1	1	6	0	27
chr21	45212611	45213199	1	1	1	6	0	11
chr21	45214738	45214799	0	0	0	5	0	32
chr21	45215085	45220425	2	2	0	1	0	16
chr21	45217433	45217511	1	1	1	17	0	27
chr21	45217577	45217787	1	1	1	3	0	27
chr21	45219531	45220397	1	1	1	9	0	20
chr21	45220496	45220742	1	1	1	1	0	17
chr21	45220763	45222154	1	1	1	1	0	19
chr21	45222269	45223392	1	1	1	11	0	29
chr21	45230325	45230486	0	0	0	5	0	30
chr21	45285227	45323837	1	1	1	6	0	28
chr21	45323901	45379514	1	1	1	14	0	27
chr21	45387959	45388998	1	1	0	1	0	18
chr21	45389161	45390533	1	1	1	11	0	31
chr21	45390688	45391268	1	1	1	6	0	2
chr21	45398003	45400869	1	1	1	1	0	15
chr21	45401069	45402184	1	1	1	5	0	10
chr21	45454103	45454554	0	0	0	12	0	32
chr21	45511931	45513943	1	1	1	8	0	14
chr21	45527316	45528864	1	1	1	10	0	5
chr21	45528978	45533633	1	1	1	4	0	6
chr21	45537845	45538643	1	1	1	7	0	25
chr21	45546001	45546780	1	1	1	6	0	3
chr21	45548032	45548127	1	1	1	10	0	26
chr21	45553721	45553983	1	1	1	8	0	2
chr21	45554037	45555941	1	1	1	16	0	32
chr21	45557179	45560131	1	1	1	1	0	20
chr21	45560225	45563086	1	1	1	1	0	4
chr21	45726638	45727142	1	1	0	5	0	31
chr21	45726638	45730888	1	1	1	2	3	6
chr21	45733566	45733795	1	1	1	11	0	8
chr21	45736223	45736314	1	1	1	8	0	18
chr21	45736408	45738352	1	1	1	21	0	19
chr21	45739299	45739966	1	1	1	11	0	32
chr21	45740944	45910910	1	1	0	9	0	16
chr21	45743802	45744373	1	1	1	6	0	26
chr21	45744539	45744738	1	1	1	4	0	24
chr21	45745148	45745614	1	1	1	3	0	1
chr21	45745944	45746041	1	1	1	1	0	7
chr21	45746148	45746597	1	1	1	12	0	5
chr21	45757551	45759000	2	2	1	1	0	6
chr21	46191405	46193461	2	2	1	7	0	6
chr21	46193603	46197213	2	2	1	4	0	17
chr21	46270351	46270435	0	0	0	8	0	31
chr21	46271543	46275124	2	2	1	2	0	6
chr21	46275172	46276107	2	2	1	3	0	12
chr21	46360102	46363598	1	1	1	5	0	9
chr21	46387097	46393111	1	1	1	6	0	6
chr21	46393181	46396594	1	1	1	0	9	18
chr21	46395693	46395905	1	1	0	2	0	28
chr21	46499988	46506404	0	0	0	5	0	31
chr21	46687629	46689753	2	2	1	1	0	14
chr21	46700633	46712669	1	1	0	0	1	12
chr21	46700704	46712669	1	1	0	0	1	12
chr21	46705844	46707655	2	2	1	3	0	22
chr21	46828015	46828371	2	2	1	0	1	1
chr21	46899879	46899983	1	1	1	11	0	4
chr21	46900435	46900613	1	1	1	5	0	24
chr21	46912479	46912600	1	1	1	4	0	8
chr21	46912628	46913076	1	1	1	10	0	26
chr21	46913490	46914458	1	1	1	4	0	18
chr21	46914486	46914775	1	1	1	4	0	20
chr21	46936055	46945730	2	2	1	4	0	17
chr21	46957923	46962281	2	2	1	5	0	15
chr21	47291671	47303050	0	0	0	7	0	32
chr21	47401862	47402547	1	1	1	9	0	21
chr21	47407090	47407412	1	1	1	6	0	15
chr21	47407434	47407523	1	1	1	6	0	21
chr21	47409567	47409665	1	1	1	2	0	1
chr21	47409693	47410171	1	1	1	3	0	27
chr21	47410199	47410291	1	1	1	3	0	10
chr21	47410337	47410686	1	1	1	4	0	3
chr21	47410741	47410892	1	1	1	4	0	3
chr21	47412132	47412276	1	1	1	6	0	14
chr21	47412313	47412661	1	1	1	8	0	23
chr21	47414144	47417334	1	1	1	4	0	16
chr21	47417398	47417613	1	1	1	4	0	25
chr21	47417677	47418034	1	1	1	11	0	27
chr21	47531506	47531892	1	1	1	1	0	18
chr21	47541533	47542021	1	1	1	4	0	11
chr21	47544835	47545179	1	1	1	6	0	20
chr21	47613148	47613385	1	1	0	0	4	16
chr21	47613148	47613625	1	1	0	0	4	16
chr21	47626683	47627341	2	2	1	11	0	31
chr21	47633750	47635093	2	2	1	1	0	8
chr21	47635708	47636302	2	2	1	1	0	12
chr21	47636439	47639389	2	2	1	8	0	11
chr21	47648514	47648645	2	2	1	5	0	13
chr21	47653110	47654884	1	1	0	6	0	21
chr21	47674441	47674689	2	2	1	7	0	13
chr21	47679006	47680706	2	2	1	4	0	4
chr21	47684132	47685234	2	2	1	3	0	4
chr21	47685438	47685838	2	2	1	15	0	5
chr21	47693500	47695099	2	2	1	3	0	13
chr21	47700052	47700410	2	2	1	2	0	29
chr21	47722491	47731369	2	2	1	8	0	8
chr21	47731482	47734629	2	2	1	4	0	17
chr21	47731765	47731908	2	2	0	0	2	18
chr21	47738135	47738698	2	2	1	1	0	32
chr21	47738135	47743050	2	2	1	0	1	1
chr21	47739393	47740335	2	6	0	5	0	24
chr21	47745125	47746290	1	1	1	1	0	7
chr21	47746504	47754310	1	1	1	8	0	25
chr21	47766913	47767370	1	1	1	18	0	26
chr21	47769735	47771342	1	1	1	6	0	21
chr21	47773241	47773900	1	1	1	9	0	7
chr21	47773983	47775366	1	1	1	3	0	13
chr21	47777107	47783394	1	1	1	7	0	18
chr21	47801756	47805746	1	1	1	6	0	24
chr21	47805899	47808656	1	1	1	11	0	31
chr21	47811292	47817178	1	1	1	9	0	28
chr21	47818045	47818148	1	1	1	1	0	21
chr21	47818170	47819503	1	1	1	1	0	7
chr21	47819189	47819238	1	1	0	3	0	22
chr21	47819189	47819265	1	1	0	4	0	28
chr21	47821636	47822244	1	1	1	7	0	19
chr21	47821847	47880688	2	2	0	0	3	17
chr21	47822398	47831102	1	1	1	6	0	5
chr21	47832907	47835982	1	1	1	5	0	5
chr21	47838221	47841883	1	1	1	10	0	27
chr21	47850147	47850420	1	1	1	2	0	3
chr21	47858251	47859995	1	1	1	1	0	11
chr21	47959905	47961668	1	1	1	15	0	21
chr21	47961809	47965049	1	1	1	5	0	6
chr21	48068532	48069486	1	1	1	6	0	5
chr6_ssto_hap7	1186921	1239995	1	3	0	0	3	24
chr6_ssto_hap7	1856319	1856369	0	0	0	0	4	32
chr6_ssto_hap7	2004645	2004890	1	1	0	0	7	25
chr6_ssto_hap7	2004645	2005505	1	1	0	0	7	25
chr6_ssto_hap7	3038658	3039757	1	1	0	0	2	22
chr6_ssto_hap7	3268715	3268749	1	1	0	0	5	28
chr6_mcf_hap5	1548497	1791413	1	3	0	0	4	13
chr6_mcf_hap5	1905897	1905947	0	0	0	0	4	32
chr6_mcf_hap5	3043054	3100061	2	2	0	0	8	24
chr6_mcf_hap5	3087524	3088623	1	1	0	0	2	22
chr6_mcf_hap5	3315849	3315883	1	1	0	0	5	28
chr6_mcf_hap5	3438954	3509554	2	2	0	0	6	27
chr6_cox_hap2	1678763	1921595	1	3	0	0	4	13
chr6_cox_hap2	2036092	2036142	0	0	0	0	4	32
chr6_cox_hap2	2752522	2752922	1	3	0	0	2	27
chr6_cox_hap2	2835940	2837609	2	4	0	0	5	29
chr6_cox_hap2	3172993	3229962	2	2	0	0	8	24
chr6_cox_hap2	3217449	3218548	1	1	0	0	2	22
chr6_cox_hap2	3305205	3305530	2	6	0	0	3	23
chr6_cox_hap2	3445761	3445795	1	1	0	0	5	28
chr6_cox_hap2	3529781	3600406	2	2	0	0	6	27
chr6_mann_hap4	1515161	1757642	1	3	0	0	4	13
chr6_mann_hap4	1872115	1872165	0	0	0	0	4	32
chr6_mann_hap4	3050730	3051829	1	1	0	0	2	22
chr6_mann_hap4	3401963	3472552	2	2	0	0	6	27
chr6_mann_hap4	4081262	4081490	1	1	0	0	7	21
chr6_apd_hap1	1406862	1721197	1	3	0	0	4	13
chr6_apd_hap1	3110387	3110712	2	6	0	0	3	23
chr6_apd_hap1	3615603	3788519	2	2	0	0	3	17
chr6_qbl_hap6	1150257	1203439	1	3	0	0	3	24
chr6_qbl_hap6	1459589	1702477	1	3	0	0	4	13
chr6_qbl_hap6	1816947	1816997	0	0	0	0	4	32
chr6_qbl_hap6	2957025	3014013	2	2	0	0	8	24
chr6_qbl_hap6	3001478	3002577	1	1	0	0	2	22
chr6_qbl_hap6	3089274	3089599	2	6	0	0	3	23
chr6_qbl_hap6	3229794	3229828	1	1	0	0	5	28
chr6_dbb_hap3	1460352	1703220	1	3	0	0	4	13
chr6_dbb_hap3	1817675	1817725	0	0	0	0	4	32
chr6_dbb_hap3	2534870	2535265	1	3	0	0	2	27
chr6_dbb_hap3	2948945	3005950	2	2	0	0	8	24
chr6_dbb_hap3	2993414	2994513	1	1	0	0	2	22
chr6_dbb_hap3	3081210	3081535	2	6	0	0	3	23
chr17_ctg5_hap1	102562	102683	1	3	0	0	1	21
chr17_ctg5_hap1	198803	198825	0	0	0	0	3	32
chr17_ctg5_hap1	202278	420097	0	0	0	4	0	31
chr17_ctg5_hap1	218634	218680	0	0	0	0	5	31
chr17_ctg5_hap1	416724	416746	0	0	0	0	3	32
chr17_ctg5_hap1	436569	436615	0	0	0	0	5	31
chr17_ctg5_hap1	617420	1345693	2	4	0	7	0	31
chr17_ctg5_hap1	1401009	1540315	2	4	0	0	7	32
chr17_ctg5_hap1	1468909	1468955	0	0	0	0	5	30
chrUn_gl000225	12956	19234	2	2	0	0	1	25
chrUn_gl000225	18246	38909	2	2	0	0	3	28
chrUn_gl000225	21926	34926	2	2	0	0	7	20
chrUn_gl000225	28700	61776	1	1	0	0	3	27
chrUn_gl000225	41844	55374	2	2	0	0	4	25
chrUn_gl000225	54800	83623	1	1	0	0	1	12
chrUn_gl000225	54800	87168	1	1	0	0	1	12
chrUn_gl000225	70046	128042	2	2	0	0	7	27
chrUn_gl000225	75588	81683	2	2	0	0	13	23
chrUn_gl000225	75605	102418	1	1	0	0	13	15
chrUn_gl000225	75605	116763	1	1	0	0	13	15
chrUn_gl000225	81156	92422	1	1	0	0	1	18
chrUn_gl000225	81906	102418	1	1	0	0	13	15
chrUn_gl000225	81906	116763	1	1	0	0	13	15
chrUn_gl000225	86397	116150	1	1	0	0	7	17
chrUn_gl000225	91416	140829	2	2	0	4	0	26
chrUn_gl000225	92697	102418	1	1	0	0	13	15
chrUn_gl000225	92697	116763	1	1	0	0	13	15
chrUn_gl000225	94452	101647	1	1	0	0	2	29
chrUn_gl000225	95838	140340	1	1	0	0	1	24
chrUn_gl000225	118334	119224	1	1	0	0	1	30
chrUn_gl000225	118334	133704	1	1	0	0	1	30
chrUn_gl000225	119481	128042	2	2	0	0	7	27
chrUn_gl000225	122284	128042	2	2	0	0	7	27
chrUn_gl000225	124265	128042	2	2	0	0	7	27
chrUn_gl000225	130174	130378	1	1	0	0	1	22
chrUn_gl000225	130617	138248	1	1	0	0	2	23
chrUn_gl000216	135621	169371	2	2	0	0	1	25
chrUn_gl000216	137716	145155	2	2	0	0	2	23
chrUn_gl000216	142978	145155	2	2	0	0	2	23
chrUn_gl000216	143695	148540	2	2	0	0	2	25
chrUn_gl000216	144514	148540	2	2	0	0	2	25
chrUn_gl000216	148472	148540	2	2	0	0	2	25
chr9_gl000199_random	31033	35797	2	2	0	0	5	20
chr9_gl000199_random	31033	39710	2	2	0	0	5	20
chr9_gl000199_random	31033	128149	2	2	0	0	5	20
chr9_gl000199_random	31033	132062	2	2	0	0	5	20
chr9_gl000199_random	31033	132404	2	2	0	0	5	20
chrUn_gl000220	12866	112132	2	2	0	2	0	14
chrUn_gl000220	31344	112017	2	2	0	0	3	12
chrUn_gl000220	31344	155989	2	2	0	0	3	12
chrUn_gl000220	41904	117999	1	1	0	0	6	17
chrUn_gl000220	54116	109647	2	2	0	0	3	13
chrUn_gl000220	54116	153619	2	2	0	0	3	13
chrUn_gl000220	55058	117655	2	2	0	0	3	12
chrUn_gl000220	55058	161627	2	2	0	0	3	12
chrUn_gl000220	68082	114678	2	2	0	0	4	22
chrUn_gl000220	68082	158650	2	2	0	0	4	22
chrUn_gl000220	68094	68321	2	2	0	0	6	21
chrUn_gl000220	68142	68321	2	2	0	0	6	21
chrUn_gl000220	68257	114678	2	2	0	0	4	22
chrUn_gl000220	68257	158650	2	2	0	0	4	22
chrUn_gl000220	68976	117776	2	2	0	0	1	25
chrUn_gl000220	90350	115995	1	1	0	1	0	19
chrUn_gl000220	95547	113442	1	1	0	0	5	15
chrUn_gl000220	95547	157414	1	1	0	0	5	15
chrUn_gl000220	95644	117733	2	2	0	0	7	18
chrUn_gl000220	95644	161705	2	2	0	0	7	18
chrUn_gl000220	95798	110130	2	2	0	0	5	32
chrUn_gl000220	95798	154102	2	2	0	0	5	32
chrUn_gl000220	96246	116905	2	4	0	0	1	12
chrUn_gl000220	100290	114454	2	2	0	0	3	13
chrUn_gl000220	100290	158426	2	2	0	0	3	13
chrUn_gl000220	104170	112357	2	2	0	0	3	13
chrUn_gl000220	104170	156329	2	2	0	0	3	13
chrUn_gl000220	104490	117401	2	2	0	0	1	22
chrUn_gl000220	104597	114605	1	1	0	0	1	14
chrUn_gl000220	105347	112247	1	1	0	0	1	14
chrUn_gl000220	105564	110615	2	2	0	0	5	32
chrUn_gl000220	105564	154587	2	2	0	0	5	32
chrUn_gl000220	105606	138843	1	1	0	6	0	12
chrUn_gl000220	105651	149395	0	0	0	12	0	30
chrUn_gl000220	105783	149755	1	1	0	0	11	12
chrUn_gl000220	105889	148775	1	1	0	0	1	13
chrUn_gl000220	105922	115150	1	1	0	0	12	16
chrUn_gl000220	105922	159122	1	1	0	0	12	16
chrUn_gl000220	105947	114008	2	2	0	0	1	15
chrUn_gl000220	105962	116600	1	1	0	0	1	15
chrUn_gl000220	105974	134642	2	2	0	1	0	17
chrUn_gl000220	105977	112850	2	2	0	0	1	14
chrUn_gl000220	106134	150106	2	2	0	0	16	12
chrUn_gl000220	106153	150129	0	0	0	20	0	30
chrUn_gl000220	106195	109533	2	2	0	0	4	28
chrUn_gl000220	106195	153505	2	2	0	0	4	28
chrUn_gl000220	106197	114586	2	2	0	0	2	26
chrUn_gl000220	106197	158558	2	2	0	0	2	26
chrUn_gl000220	106205	150095	1	1	0	4	0	15
chrUn_gl000220	106217	110965	1	1	0	0	7	12
chrUn_gl000220	106217	154937	1	1	0	0	7	12
chrUn_gl000220	106261	110809	1	1	0	0	1	31
chrUn_gl000220	106261	154781	1	1	0	0	1	31
chrUn_gl000220	106271	106586	0	0	0	0	6	32
chrUn_gl000220	106300	115256	1	1	0	0	1	17
chrUn_gl000220	106328	106365	1	1	0	0	6	19
chrUn_gl000220	106328	109742	1	1	0	0	7	28
chrUn_gl000220	106328	153714	1	1	0	0	7	28
chrUn_gl000220	106340	106760	1	1	0	0	7	25
chrUn_gl000220	106350	112442	1	1	0	0	6	16
chrUn_gl000220	106350	156414	1	1	0	0	6	16
chrUn_gl000220	106369	106760	1	1	0	0	5	27
chrUn_gl000220	106396	106722	1	1	0	0	3	24
chrUn_gl000220	106419	150399	2	4	0	7	0	24
chrUn_gl000220	106453	106708	1	1	0	0	7	18
chrUn_gl000220	106513	106628	1	1	0	0	4	30
chrUn_gl000220	106529	109118	1	1	0	0	5	17
chrUn_gl000220	106529	113056	1	1	0	0	1	16
chrUn_gl000220	106529	153090	1	1	0	0	5	17
chrUn_gl000220	106584	109998	1	1	0	0	4	16
chrUn_gl000220	106584	153970	1	1	0	0	4	16
chrUn_gl000220	106586	109998	1	1	0	0	1	16
chrUn_gl000220	106586	117953	1	1	0	1	0	17
chrUn_gl000220	106586	153970	1	1	0	0	1	16
chrUn_gl000220	106650	110274	1	1	0	0	4	12
chrUn_gl000220	106650	110813	1	1	0	0	1	16
chrUn_gl000220	106650	117433	1	1	0	0	1	12
chrUn_gl000220	106650	117446	1	1	0	0	18	12
chrUn_gl000220	106650	154246	1	1	0	0	4	12
chrUn_gl000220	106650	154785	1	1	0	0	1	16
chrUn_gl000220	106650	161418	1	1	0	0	2	12
chrUn_gl000220	106709	150429	1	1	0	7	0	15
chrUn_gl000220	106723	117302	1	1	0	0	1	12
chrUn_gl000220	106763	115727	1	1	0	0	8	21
chrUn_gl000220	106763	159699	1	1	0	0	8	21
chrUn_gl000220	106799	117398	2	2	0	0	2	22
chrUn_gl000220	106815	150787	1	1	0	0	35	30
chrUn_gl000220	106834	150219	0	0	0	10	0	32
chrUn_gl000220	106903	150822	1	1	0	10	0	25
chrUn_gl000220	106907	117398	2	2	0	0	12	20
chrUn_gl000220	106907	161370	2	2	0	0	6	20
chrUn_gl000220	106911	109071	2	2	0	0	2	29
chrUn_gl000220	106911	153043	2	2	0	0	2	29
chrUn_gl000220	106959	115136	2	2	0	0	8	24
chrUn_gl000220	106959	159108	2	2	0	0	8	24
chrUn_gl000220	106964	114586	2	2	0	0	10	14
chrUn_gl000220	106964	158558	2	2	0	0	10	14
chrUn_gl000220	107018	117072	1	1	0	0	1	17
chrUn_gl000220	107021	107072	1	1	0	0	3	20
chrUn_gl000220	107029	151001	1	1	0	5	7	26
chrUn_gl000220	107043	151030	2	4	0	6	0	24
chrUn_gl000220	107072	110729	1	1	0	0	6	12
chrUn_gl000220	107072	151044	1	1	0	0	6	30
chrUn_gl000220	107072	154701	1	1	0	0	6	12
chrUn_gl000220	107138	107201	0	0	0	6	0	31
chrUn_gl000220	107163	109370	2	2	0	0	1	30
chrUn_gl000220	107163	153342	2	2	0	0	1	30
chrUn_gl000220	107193	151165	1	1	0	7	2	29
chrUn_gl000220	107200	107228	2	2	0	0	4	25
chrUn_gl000220	107272	108198	2	4	0	0	2	30
chrUn_gl000220	107288	138843	1	1	0	5	0	12
chrUn_gl000220	107310	116272	1	1	0	0	1	12
chrUn_gl000220	107361	115032	1	1	0	0	12	15
chrUn_gl000220	107361	115216	1	1	0	0	2	26
chrUn_gl000220	107361	159004	1	1	0	0	12	15
chrUn_gl000220	107361	159188	1	1	0	0	2	26
chrUn_gl000220	107438	107557	1	1	0	0	5	14
chrUn_gl000220	107461	114308	1	1	0	0	1	12
chrUn_gl000220	107527	117254	1	1	0	0	1	14
chrUn_gl000220	107553	107597	2	4	0	0	6	20
chrUn_gl000220	107580	108039	2	4	0	0	3	31
chrUn_gl000220	107669	110846	2	2	0	0	1	32
chrUn_gl000220	107669	154818	2	2	0	0	1	32
chrUn_gl000220	107762	151734	2	2	0	71	50	32
chrUn_gl000220	107798	114348	2	2	0	0	2	12
chrUn_gl000220	107854	151641	0	0	0	23	0	30
chrUn_gl000220	107914	151886	2	2	0	0	7	19
chrUn_gl000220	107925	116073	1	1	0	0	1	17
chrUn_gl000220	108083	114283	2	2	0	0	8	20
chrUn_gl000220	108083	115930	2	2	0	0	14	27
chrUn_gl000220	108083	158255	2	2	0	0	8	20
chrUn_gl000220	108083	159902	2	2	0	0	14	27
chrUn_gl000220	108178	114040	2	2	0	0	2	17
chrUn_gl000220	108178	158012	2	2	0	0	2	17
chrUn_gl000220	108192	108779	2	4	0	0	6	18
chrUn_gl000220	108214	152189	0	0	0	0	3	31
chrUn_gl000220	108234	151044	1	1	0	6	0	25
chrUn_gl000220	108248	117446	1	1	0	0	1	12
chrUn_gl000220	108359	115730	2	2	0	0	6	22
chrUn_gl000220	108359	159702	2	2	0	0	6	22
chrUn_gl000220	108605	152294	1	3	0	7	0	28
chrUn_gl000220	108658	117433	1	1	0	0	1	22
chrUn_gl000220	108739	116193	1	1	0	0	1	18
chrUn_gl000220	108781	151165	1	1	0	0	1	18
chrUn_gl000220	108827	115256	1	1	0	0	2	28
chrUn_gl000220	108827	159228	1	1	0	0	2	28
chrUn_gl000220	108843	151044	1	1	0	14	0	21
chrUn_gl000220	108941	114040	2	2	0	0	1	25
chrUn_gl000220	108941	158012	2	2	0	0	1	25
chrUn_gl000220	108977	151428	1	1	0	0	4	18
chrUn_gl000220	108981	151428	1	1	0	1	0	17
chrUn_gl000220	108984	148954	1	1	0	0	1	22
chrUn_gl000220	109016	151018	2	2	0	16	0	21
chrUn_gl000220	109039	109894	1	1	0	0	7	23
chrUn_gl000220	109039	150966	1	1	0	4	0	16
chrUn_gl000220	109049	113056	1	1	0	0	3	13
chrUn_gl000220	109049	157028	1	1	0	0	3	13
chrUn_gl000220	109066	153043	2	2	0	6	0	26
chrUn_gl000220	109068	153048	2	2	0	32	0	28
chrUn_gl000220	109072	112106	2	2	0	0	5	15
chrUn_gl000220	109072	153048	2	2	0	64	0	32
chrUn_gl000220	109072	156078	2	2	0	0	5	15
chrUn_gl000220	109077	153052	2	2	0	1	0	26
chrUn_gl000220	109091	110292	2	2	0	0	3	23
chrUn_gl000220	109091	154264	2	2	0	0	3	23
chrUn_gl000220	109097	115627	1	1	0	0	6	30
chrUn_gl000220	109097	159599	1	1	0	0	6	30
chrUn_gl000220	109110	117220	1	1	0	0	7	31
chrUn_gl000220	109110	117276	1	1	0	0	2	31
chrUn_gl000220	109110	161192	1	1	0	0	7	31
chrUn_gl000220	109110	161248	1	1	0	0	2	31
chrUn_gl000220	109135	115378	2	2	0	0	7	13
chrUn_gl000220	109135	159350	2	2	0	0	7	13
chrUn_gl000220	109139	113056	1	1	0	0	2	29
chrUn_gl000220	109139	153111	1	1	0	0	3	29
chrUn_gl000220	109139	157028	1	1	0	0	2	29
chrUn_gl000220	109152	113756	1	1	0	0	6	13
chrUn_gl000220	109152	157728	1	1	0	0	6	13
chrUn_gl000220	109157	113583	1	1	0	0	3	12
chrUn_gl000220	109157	113756	1	1	0	0	17	19
chrUn_gl000220	109157	157555	1	1	0	0	3	12
chrUn_gl000220	109157	157728	1	1	0	0	17	19
chrUn_gl000220	109173	110517	2	2	0	0	5	13
chrUn_gl000220	109173	154489	2	2	0	0	5	13
chrUn_gl000220	109185	153157	1	1	0	0	11	30
chrUn_gl000220	109211	109476	2	2	0	0	6	19
chrUn_gl000220	109211	114586	2	2	0	0	5	15
chrUn_gl000220	109211	114674	2	2	0	0	3	18
chrUn_gl000220	109211	158558	2	2	0	0	5	15
chrUn_gl000220	109211	158646	2	2	0	0	3	18
chrUn_gl000220	109213	109476	2	2	0	0	14	30
chrUn_gl000220	109216	109578	2	2	0	0	2	30
chrUn_gl000220	109216	110268	2	2	0	0	6	22
chrUn_gl000220	109216	114982	2	2	0	0	4	32
chrUn_gl000220	109216	115310	2	2	0	0	2	27
chrUn_gl000220	109216	153191	2	2	0	8	0	20
chrUn_gl000220	109216	154240	2	2	0	0	6	22
chrUn_gl000220	109216	158954	2	2	0	0	4	32
chrUn_gl000220	109216	159282	2	2	0	0	2	27
chrUn_gl000220	109219	115624	2	2	0	0	5	21
chrUn_gl000220	109219	117562	2	2	0	0	2	21
chrUn_gl000220	109219	153127	2	2	0	3	0	22
chrUn_gl000220	109219	153191	2	2	0	0	6	25
chrUn_gl000220	109219	159596	2	2	0	0	5	21
chrUn_gl000220	109219	161534	2	2	0	0	2	21
chrUn_gl000220	109228	109527	2	2	0	0	20	22
chrUn_gl000220	109228	110268	2	2	0	0	11	30
chrUn_gl000220	109228	110295	2	2	0	0	4	27
chrUn_gl000220	109228	112132	2	2	0	0	8	19
chrUn_gl000220	109228	114674	2	2	0	0	3	18
chrUn_gl000220	109228	116181	2	2	0	0	5	28
chrUn_gl000220	109228	153200	2	2	0	0	30	26
chrUn_gl000220	109228	154240	2	2	0	0	11	30
chrUn_gl000220	109228	154267	2	2	0	0	4	27
chrUn_gl000220	109228	156104	2	2	0	0	8	19
chrUn_gl000220	109228	158646	2	2	0	0	3	18
chrUn_gl000220	109228	160153	2	2	0	0	5	28
chrUn_gl000220	109230	109511	1	1	0	0	5	18
chrUn_gl000220	109230	113399	1	1	0	0	4	30
chrUn_gl000220	109230	114277	1	1	0	0	5	31
chrUn_gl000220	109230	114603	1	1	0	0	2	14
chrUn_gl000220	109230	115630	1	1	0	0	2	20
chrUn_gl000220	109230	115875	1	1	0	0	7	31
chrUn_gl000220	109230	117127	1	1	0	0	2	15
chrUn_gl000220	109230	157371	1	1	0	0	4	30
chrUn_gl000220	109230	158249	1	1	0	0	5	31
chrUn_gl000220	109230	158575	1	1	0	0	2	14
chrUn_gl000220	109230	159602	1	1	0	0	2	20
chrUn_gl000220	109230	159847	1	1	0	0	7	31
chrUn_gl000220	109230	161099	1	1	0	0	2	15
chrUn_gl000220	109233	109511	1	1	0	0	2	32
chrUn_gl000220	109233	109523	1	1	0	0	3	21
chrUn_gl000220	109233	109733	1	1	0	0	14	31
chrUn_gl000220	109239	109527	2	2	0	0	5	28
chrUn_gl000220	109245	113414	2	2	0	0	2	18
chrUn_gl000220	109245	113418	2	2	0	0	4	29
chrUn_gl000220	109245	157386	2	2	0	0	2	18
chrUn_gl000220	109245	157390	2	2	0	0	4	29
chrUn_gl000220	109290	109932	1	1	0	0	2	30
chrUn_gl000220	109290	110742	1	1	0	0	1	26
chrUn_gl000220	109290	117446	1	1	0	0	1	12
chrUn_gl000220	109290	154714	1	1	0	0	1	26
chrUn_gl000220	109370	153342	2	2	0	0	6	15
chrUn_gl000220	109372	153282	2	2	0	5	0	27
chrUn_gl000220	109381	109527	2	2	0	0	6	20
chrUn_gl000220	109404	109496	1	1	0	0	3	26
chrUn_gl000220	109404	109905	1	1	0	0	7	23
chrUn_gl000220	109404	109998	1	1	0	0	1	19
chrUn_gl000220	109404	110524	1	1	0	0	3	15
chrUn_gl000220	109404	113421	1	1	0	0	3	25
chrUn_gl000220	109404	113591	1	1	0	0	6	31
chrUn_gl000220	109404	113756	1	1	0	0	8	31
chrUn_gl000220	109404	114312	1	1	0	0	4	20
chrUn_gl000220	109404	114740	1	1	0	0	4	14
chrUn_gl000220	109404	115630	1	1	0	0	12	20
chrUn_gl000220	109404	117652	1	1	0	0	6	22
chrUn_gl000220	109404	154496	1	1	0	0	3	15
chrUn_gl000220	109404	157393	1	1	0	0	3	25
chrUn_gl000220	109404	157563	1	1	0	0	6	31
chrUn_gl000220	109404	157728	1	1	0	0	8	31
chrUn_gl000220	109404	158284	1	1	0	0	4	20
chrUn_gl000220	109404	158712	1	1	0	0	4	14
chrUn_gl000220	109404	159602	1	1	0	0	12	20
chrUn_gl000220	109404	161624	1	1	0	0	6	22
chrUn_gl000220	109430	153414	2	2	0	9	0	30
chrUn_gl000220	109442	109476	2	2	0	0	7	27
chrUn_gl000220	109442	109479	2	2	0	0	21	28
chrUn_gl000220	109442	112024	2	2	0	0	2	19
chrUn_gl000220	109442	153414	2	2	0	4	298	32
chrUn_gl000220	109442	155996	2	2	0	0	2	19
chrUn_gl000220	109451	114682	1	1	0	0	7	19
chrUn_gl000220	109451	143452	1	1	0	0	1	12
chrUn_gl000220	109451	158654	1	1	0	0	7	19
chrUn_gl000220	109454	153426	1	1	0	4	0	30
chrUn_gl000220	109460	109523	1	1	0	0	7	12
chrUn_gl000220	109464	153282	2	2	0	10	0	13
chrUn_gl000220	109464	153439	2	2	0	2	0	21
chrUn_gl000220	109498	114980	1	1	0	0	6	22
chrUn_gl000220	109498	117881	1	1	0	5	0	15
chrUn_gl000220	109498	158952	1	1	0	0	6	22
chrUn_gl000220	109519	115930	2	2	0	0	9	25
chrUn_gl000220	109519	159902	2	2	0	0	9	25
chrUn_gl000220	109571	110600	2	2	0	0	4	13
chrUn_gl000220	109571	153282	2	2	0	0	2	25
chrUn_gl000220	109571	153499	2	2	0	5	0	25
chrUn_gl000220	109571	154572	2	2	0	0	4	13
chrUn_gl000220	109587	110228	1	1	0	0	5	21
chrUn_gl000220	109587	115453	1	1	0	0	4	19
chrUn_gl000220	109587	116243	1	1	0	0	10	13
chrUn_gl000220	109587	159425	1	1	0	0	4	19
chrUn_gl000220	109587	160215	1	1	0	0	10	13
chrUn_gl000220	109590	110228	1	1	0	0	6	25
chrUn_gl000220	109590	114603	1	1	0	0	5	16
chrUn_gl000220	109590	153157	1	1	0	9	0	16
chrUn_gl000220	109590	153562	1	1	0	0	3	16
chrUn_gl000220	109590	158575	1	1	0	0	5	16
chrUn_gl000220	109616	110155	2	2	0	0	6	23
chrUn_gl000220	109642	113126	1	1	0	0	13	24
chrUn_gl000220	109688	109908	1	1	0	0	2	16
chrUn_gl000220	109688	153515	1	1	0	6	0	16
chrUn_gl000220	109703	117446	1	1	0	0	6	31
chrUn_gl000220	109703	153523	1	1	0	0	5	25
chrUn_gl000220	109703	153649	1	1	0	5	0	18
chrUn_gl000220	109703	161418	1	1	0	0	6	31
chrUn_gl000220	109713	109927	2	2	0	0	2	22
chrUn_gl000220	109713	114040	2	2	0	0	17	26
chrUn_gl000220	109713	117184	2	2	0	0	2	13
chrUn_gl000220	109713	158012	2	2	0	0	17	26
chrUn_gl000220	109713	161156	2	2	0	0	2	13
chrUn_gl000220	109723	109742	1	1	0	0	6	27
chrUn_gl000220	109733	112076	1	1	0	0	1	12
chrUn_gl000220	109733	153705	1	1	0	0	13	12
chrUn_gl000220	109733	156048	1	1	0	0	1	12
chrUn_gl000220	109737	113348	2	2	0	0	2	16
chrUn_gl000220	109737	117661	2	2	0	0	5	16
chrUn_gl000220	109737	157320	2	2	0	0	2	16
chrUn_gl000220	109737	161633	2	2	0	0	5	16
chrUn_gl000220	109742	153614	1	1	0	4	0	21
chrUn_gl000220	109742	153714	1	1	0	0	2	21
chrUn_gl000220	109742	153722	1	1	0	10	0	32
chrUn_gl000220	109751	109927	2	2	0	0	3	30
chrUn_gl000220	109754	109905	1	1	0	0	1	32
chrUn_gl000220	109754	110148	1	1	0	0	7	29
chrUn_gl000220	109754	110584	1	1	0	0	6	32
chrUn_gl000220	109757	109905	1	1	0	0	7	29
chrUn_gl000220	109757	114980	1	1	0	0	5	27
chrUn_gl000220	109757	153705	1	1	0	6	0	29
chrUn_gl000220	109757	158952	1	1	0	0	5	27
chrUn_gl000220	109782	153765	1	1	0	6	0	16
chrUn_gl000220	109845	109982	2	2	0	0	2	19
chrUn_gl000220	109850	117173	2	2	0	0	8	29
chrUn_gl000220	109850	161145	2	2	0	0	8	29
chrUn_gl000220	109875	114603	1	1	0	0	6	23
chrUn_gl000220	109875	158575	1	1	0	0	6	23
chrUn_gl000220	109880	153852	2	2	0	0	7	30
chrUn_gl000220	109920	115730	2	2	0	0	3	20
chrUn_gl000220	109920	153286	2	2	0	8	0	20
chrUn_gl000220	109920	159702	2	2	0	0	3	20
chrUn_gl000220	109933	114314	2	2	0	0	7	32
chrUn_gl000220	109933	114856	2	2	0	0	7	32
chrUn_gl000220	109933	115222	2	2	0	0	5	20
chrUn_gl000220	109933	117562	2	2	0	0	7	32
chrUn_gl000220	109933	117568	2	2	0	0	20	32
chrUn_gl000220	109933	153191	2	2	0	9	0	26
chrUn_gl000220	109933	158286	2	2	0	0	7	32
chrUn_gl000220	109933	158828	2	2	0	0	7	32
chrUn_gl000220	109933	159194	2	2	0	0	5	20
chrUn_gl000220	109933	161534	2	2	0	0	7	32
chrUn_gl000220	109933	161540	2	2	0	0	20	32
chrUn_gl000220	109958	115027	1	1	0	0	19	20
chrUn_gl000220	109958	158999	1	1	0	0	19	20
chrUn_gl000220	109968	110228	1	1	0	0	9	17
chrUn_gl000220	109968	110274	1	1	0	0	1	19
chrUn_gl000220	109968	115216	1	1	0	0	5	19
chrUn_gl000220	109968	118082	1	1	0	6	0	19
chrUn_gl000220	109968	153649	1	1	0	0	7	19
chrUn_gl000220	109968	153908	1	1	0	1	0	25
chrUn_gl000220	109968	159188	1	1	0	0	5	19
chrUn_gl000220	109972	115198	1	1	0	0	7	23
chrUn_gl000220	109972	115219	1	1	0	0	5	25
chrUn_gl000220	109972	153666	1	1	0	6	0	19
chrUn_gl000220	109972	153922	1	1	0	3	4	21
chrUn_gl000220	109972	159170	1	1	0	0	7	23
chrUn_gl000220	109972	159191	1	1	0	0	5	25
chrUn_gl000220	109982	115724	2	2	0	0	2	32
chrUn_gl000220	109982	138839	2	2	0	0	8	16
chrUn_gl000220	109982	159696	2	2	0	0	2	32
chrUn_gl000220	110019	114998	1	1	0	0	5	27
chrUn_gl000220	110019	115875	1	1	0	0	7	31
chrUn_gl000220	110019	153274	1	1	0	11	0	26
chrUn_gl000220	110019	153880	1	1	0	0	9	20
chrUn_gl000220	110019	154007	1	1	0	0	2	30
chrUn_gl000220	110019	158970	1	1	0	0	5	27
chrUn_gl000220	110019	159847	1	1	0	0	7	31
chrUn_gl000220	110030	110171	2	2	0	0	7	17
chrUn_gl000220	110030	112017	2	2	0	0	9	16
chrUn_gl000220	110030	112024	2	2	0	0	6	31
chrUn_gl000220	110030	113414	2	2	0	0	7	32
chrUn_gl000220	110030	114716	2	2	0	0	2	27
chrUn_gl000220	110030	118282	2	2	0	1	0	31
chrUn_gl000220	110030	155989	2	2	0	0	9	16
chrUn_gl000220	110030	155996	2	2	0	0	6	31
chrUn_gl000220	110030	157386	2	2	0	0	7	32
chrUn_gl000220	110030	158688	2	2	0	0	2	27
chrUn_gl000220	110036	110148	1	1	0	0	3	21
chrUn_gl000220	110036	110567	1	1	0	0	10	26
chrUn_gl000220	110036	113456	1	1	0	0	7	26
chrUn_gl000220	110036	117300	1	1	0	0	6	30
chrUn_gl000220	110036	153523	1	1	0	5	0	23
chrUn_gl000220	110036	157428	1	1	0	0	7	26
chrUn_gl000220	110036	161272	1	1	0	0	6	30
chrUn_gl000220	110044	110155	2	2	0	0	5	21
chrUn_gl000220	110114	154086	1	1	0	0	5	17
chrUn_gl000220	110187	110483	1	1	0	0	7	18
chrUn_gl000220	110187	153347	1	1	0	1	0	24
chrUn_gl000220	110212	110775	2	2	0	0	13	15
chrUn_gl000220	110212	151706	2	2	0	7	0	12
chrUn_gl000220	110212	153976	2	2	0	4	0	20
chrUn_gl000220	110212	154195	2	2	0	9	0	19
chrUn_gl000220	110228	110584	1	1	0	0	6	31
chrUn_gl000220	110228	113800	1	1	0	0	4	30
chrUn_gl000220	110228	114277	1	1	0	0	5	29
chrUn_gl000220	110228	115256	1	1	0	0	7	23
chrUn_gl000220	110228	115441	1	1	0	0	12	32
chrUn_gl000220	110228	115875	1	1	0	0	1	32
chrUn_gl000220	110228	117947	1	1	0	1	0	26
chrUn_gl000220	110228	153908	1	1	0	5	0	32
chrUn_gl000220	110228	154200	1	1	0	23	717	32
chrUn_gl000220	110228	157772	1	1	0	0	4	30
chrUn_gl000220	110228	158249	1	1	0	0	5	29
chrUn_gl000220	110228	159228	1	1	0	0	7	23
chrUn_gl000220	110228	159413	1	1	0	0	12	32
chrUn_gl000220	110228	159847	1	1	0	0	1	32
chrUn_gl000220	110230	110466	2	2	0	0	6	20
chrUn_gl000220	110230	110712	2	2	0	0	11	28
chrUn_gl000220	110230	113495	2	2	0	0	3	31
chrUn_gl000220	110230	113783	2	2	0	0	1	12
chrUn_gl000220	110230	118286	2	2	0	1	0	30
chrUn_gl000220	110230	118291	2	2	0	9	0	25
chrUn_gl000220	110230	153458	2	2	0	2	0	30
chrUn_gl000220	110230	157467	2	2	0	0	3	31
chrUn_gl000220	110236	138843	1	1	0	2	0	12
chrUn_gl000220	110248	110483	1	1	0	0	5	18
chrUn_gl000220	110248	110584	1	1	0	0	18	21
chrUn_gl000220	110248	110623	1	1	0	0	7	18
chrUn_gl000220	110248	110725	1	1	0	0	5	13
chrUn_gl000220	110248	110757	1	1	0	0	6	14
chrUn_gl000220	110248	113346	1	1	0	0	7	23
chrUn_gl000220	110248	113421	1	1	0	0	7	16
chrUn_gl000220	110248	113591	1	1	0	0	5	17
chrUn_gl000220	110248	113746	1	1	0	0	8	18
chrUn_gl000220	110248	113800	1	1	0	0	7	18
chrUn_gl000220	110248	114081	1	1	0	0	2	12
chrUn_gl000220	110248	114312	1	1	0	0	2	18
chrUn_gl000220	110248	114570	1	1	0	0	4	18
chrUn_gl000220	110248	114998	1	1	0	0	20	20
chrUn_gl000220	110248	115001	1	1	0	0	49	30
chrUn_gl000220	110248	115017	1	1	0	0	17	18
chrUn_gl000220	110248	115441	1	1	0	0	33	17
chrUn_gl000220	110248	115443	1	1	0	0	9	13
chrUn_gl000220	110248	115875	1	1	0	0	79	28
chrUn_gl000220	110248	115891	1	1	0	0	7	17
chrUn_gl000220	110248	115990	1	1	0	0	5	17
chrUn_gl000220	110248	116155	1	1	0	0	5	18
chrUn_gl000220	110248	117011	1	1	0	0	18	15
chrUn_gl000220	110248	117176	1	1	0	0	2	20
chrUn_gl000220	110248	117251	1	1	0	0	13	17
chrUn_gl000220	110248	117254	1	1	0	0	8	20
chrUn_gl000220	110248	117276	1	1	0	0	10	20
chrUn_gl000220	110248	117652	1	1	0	0	2	13
chrUn_gl000220	110248	118257	1	1	0	6	0	17
chrUn_gl000220	110248	138843	1	1	0	6	0	12
chrUn_gl000220	110248	153111	1	1	0	4	0	14
chrUn_gl000220	110248	153274	1	1	0	16	0	27
chrUn_gl000220	110248	153637	1	1	0	0	1	29
chrUn_gl000220	110248	153655	1	1	0	2	0	16
chrUn_gl000220	110248	153722	1	1	0	16	0	17
chrUn_gl000220	110248	153729	1	1	0	9	0	19
chrUn_gl000220	110248	153821	1	1	0	2	0	18
chrUn_gl000220	110248	153877	1	1	0	6	0	18
chrUn_gl000220	110248	153972	1	1	0	7	0	21
chrUn_gl000220	110248	154220	1	1	0	123	233	32
chrUn_gl000220	110248	157318	1	1	0	0	7	23
chrUn_gl000220	110248	157393	1	1	0	0	7	16
chrUn_gl000220	110248	157563	1	1	0	0	5	17
chrUn_gl000220	110248	157718	1	1	0	0	8	18
chrUn_gl000220	110248	157772	1	1	0	0	7	18
chrUn_gl000220	110248	158053	1	1	0	0	2	12
chrUn_gl000220	110248	158284	1	1	0	0	2	18
chrUn_gl000220	110248	158542	1	1	0	0	4	18
chrUn_gl000220	110248	158970	1	1	0	0	20	20
chrUn_gl000220	110248	158973	1	1	0	0	49	30
chrUn_gl000220	110248	158989	1	1	0	0	17	18
chrUn_gl000220	110248	159413	1	1	0	0	33	17
chrUn_gl000220	110248	159415	1	1	0	0	9	13
chrUn_gl000220	110248	159847	1	1	0	0	79	28
chrUn_gl000220	110248	159863	1	1	0	0	7	17
chrUn_gl000220	110248	159962	1	1	0	0	5	17
chrUn_gl000220	110248	160127	1	1	0	0	5	18
chrUn_gl000220	110248	160983	1	1	0	0	12	15
chrUn_gl000220	110248	161148	1	1	0	0	2	20
chrUn_gl000220	110248	161223	1	1	0	0	13	17
chrUn_gl000220	110248	161226	1	1	0	0	8	20
chrUn_gl000220	110248	161248	1	1	0	0	10	20
chrUn_gl000220	110248	161624	1	1	0	0	2	13
chrUn_gl000220	110253	110483	1	1	0	0	7	18
chrUn_gl000220	110253	113407	1	1	0	0	4	20
chrUn_gl000220	110253	113756	1	1	0	0	3	23
chrUn_gl000220	110253	114304	1	1	0	0	13	24
chrUn_gl000220	110253	114312	1	1	0	0	4	20
chrUn_gl000220	110253	114998	1	1	0	0	4	22
chrUn_gl000220	110253	115001	1	1	0	0	16	26
chrUn_gl000220	110253	115441	1	1	0	0	4	22
chrUn_gl000220	110253	115875	1	1	0	0	6	21
chrUn_gl000220	110253	115990	1	1	0	0	5	22
chrUn_gl000220	110253	117151	1	1	0	0	8	22
chrUn_gl000220	110253	117220	1	1	0	0	11	30
chrUn_gl000220	110253	157379	1	1	0	0	4	20
chrUn_gl000220	110253	157728	1	1	0	0	3	23
chrUn_gl000220	110253	158276	1	1	0	0	13	24
chrUn_gl000220	110253	158284	1	1	0	0	4	20
chrUn_gl000220	110253	158970	1	1	0	0	4	22
chrUn_gl000220	110253	158973	1	1	0	0	16	26
chrUn_gl000220	110253	159413	1	1	0	0	4	22
chrUn_gl000220	110253	159847	1	1	0	0	6	21
chrUn_gl000220	110253	159962	1	1	0	0	5	22
chrUn_gl000220	110253	161123	1	1	0	0	8	22
chrUn_gl000220	110253	161192	1	1	0	0	11	30
chrUn_gl000220	110262	110295	2	2	0	0	9	15
chrUn_gl000220	110262	110480	2	2	0	0	11	31
chrUn_gl000220	110262	110487	2	2	0	0	4	26
chrUn_gl000220	110262	110712	2	2	0	0	5	27
chrUn_gl000220	110262	110777	2	2	0	0	5	32
chrUn_gl000220	110262	110846	2	2	0	0	8	31
chrUn_gl000220	110262	113414	2	2	0	0	33	25
chrUn_gl000220	110262	114314	2	2	0	0	10	31
chrUn_gl000220	110262	114882	2	2	0	0	12	31
chrUn_gl000220	110262	115058	2	2	0	0	4	19
chrUn_gl000220	110262	115136	2	2	0	0	7	17
chrUn_gl000220	110262	115724	2	2	0	0	3	31
chrUn_gl000220	110262	117096	2	2	0	0	4	14
chrUn_gl000220	110262	117562	2	2	0	0	13	23
chrUn_gl000220	110262	117599	2	2	0	0	8	32
chrUn_gl000220	110262	117894	2	2	0	2	0	32
chrUn_gl000220	110262	153282	2	2	0	3	0	32
chrUn_gl000220	110262	153352	2	2	0	2	0	19
chrUn_gl000220	110262	153539	2	2	0	3	0	20
chrUn_gl000220	110262	154112	2	2	0	6	0	19
chrUn_gl000220	110262	154172	2	2	0	2	0	25
chrUn_gl000220	110262	157386	2	2	0	0	33	25
chrUn_gl000220	110262	158286	2	2	0	0	10	31
chrUn_gl000220	110262	158854	2	2	0	0	12	31
chrUn_gl000220	110262	159030	2	2	0	0	4	19
chrUn_gl000220	110262	159108	2	2	0	0	7	17
chrUn_gl000220	110262	159696	2	2	0	0	3	31
chrUn_gl000220	110262	161068	2	2	0	0	4	14
chrUn_gl000220	110262	161534	2	2	0	0	13	23
chrUn_gl000220	110262	161571	2	2	0	0	8	32
chrUn_gl000220	110268	110777	2	2	0	0	4	28
chrUn_gl000220	110268	113418	2	2	0	0	11	16
chrUn_gl000220	110268	114991	2	2	0	0	3	26
chrUn_gl000220	110268	116161	2	2	0	0	1	30
chrUn_gl000220	110268	153439	2	2	0	9	0	27
chrUn_gl000220	110268	154240	2	2	0	0	8	23
chrUn_gl000220	110268	157390	2	2	0	0	11	16
chrUn_gl000220	110268	158963	2	2	0	0	3	26
chrUn_gl000220	110268	160133	2	2	0	0	1	30
chrUn_gl000220	110308	117173	2	2	0	0	2	30
chrUn_gl000220	110308	161145	2	2	0	0	2	30
chrUn_gl000220	110314	110360	2	2	0	0	1	21
chrUn_gl000220	110314	110712	2	2	0	0	2	15
chrUn_gl000220	110314	117950	2	2	0	7	0	27
chrUn_gl000220	110324	117745	2	2	0	0	1	19
chrUn_gl000220	110324	154296	2	2	0	0	61	31
chrUn_gl000220	110339	110712	2	2	0	0	6	19
chrUn_gl000220	110380	110565	2	2	0	0	3	28
chrUn_gl000220	110395	110524	1	1	0	0	18	20
chrUn_gl000220	110395	110533	1	1	0	0	4	32
chrUn_gl000220	110395	110543	1	1	0	0	15	17
chrUn_gl000220	110395	114280	1	1	0	0	1	17
chrUn_gl000220	110395	117881	1	1	0	8	0	17
chrUn_gl000220	110395	158252	1	1	0	0	1	17
chrUn_gl000220	110399	110567	1	1	0	0	7	21
chrUn_gl000220	110399	117276	1	1	0	0	10	21
chrUn_gl000220	110399	161248	1	1	0	0	10	21
chrUn_gl000220	110402	110533	1	1	0	0	6	24
chrUn_gl000220	110402	110552	1	1	0	0	6	25
chrUn_gl000220	110402	114873	1	1	0	0	12	24
chrUn_gl000220	110402	154246	1	1	0	7	0	24
chrUn_gl000220	110402	158845	1	1	0	0	12	24
chrUn_gl000220	110405	110483	1	1	0	0	5	19
chrUn_gl000220	110405	113442	1	1	0	0	4	20
chrUn_gl000220	110405	113758	1	1	0	0	1	20
chrUn_gl000220	110405	117085	1	1	0	0	2	27
chrUn_gl000220	110405	153468	1	1	0	1	0	12
chrUn_gl000220	110405	157414	1	1	0	0	4	20
chrUn_gl000220	110405	157730	1	1	0	0	1	20
chrUn_gl000220	110405	161057	1	1	0	0	2	27
chrUn_gl000220	110415	113591	1	1	0	0	3	31
chrUn_gl000220	110415	114603	1	1	0	0	1	28
chrUn_gl000220	110415	115219	1	1	0	0	3	17
chrUn_gl000220	110415	116627	1	1	0	0	19	28
chrUn_gl000220	110415	117601	1	1	0	0	6	25
chrUn_gl000220	110415	153821	1	1	0	6	0	30
chrUn_gl000220	110415	154200	1	1	0	5	0	18
chrUn_gl000220	110415	154259	1	1	0	2	1	29
chrUn_gl000220	110415	157563	1	1	0	0	3	31
chrUn_gl000220	110415	158575	1	1	0	0	1	28
chrUn_gl000220	110415	159191	1	1	0	0	3	17
chrUn_gl000220	110415	160599	1	1	0	0	19	28
chrUn_gl000220	110415	161573	1	1	0	0	6	25
chrUn_gl000220	110418	110466	2	2	0	0	8	27
chrUn_gl000220	110418	110480	2	2	0	0	1	25
chrUn_gl000220	110418	110492	2	2	0	0	2	28
chrUn_gl000220	110418	110517	2	2	0	0	3	32
chrUn_gl000220	110418	110565	2	2	0	0	10	25
chrUn_gl000220	110418	110773	2	2	0	0	4	32
chrUn_gl000220	110418	115358	2	2	0	0	6	25
chrUn_gl000220	110418	117295	2	2	0	0	6	30
chrUn_gl000220	110418	117733	2	2	0	0	8	28
chrUn_gl000220	110418	118077	2	2	0	6	0	31
chrUn_gl000220	110418	154240	2	2	0	4	0	32
chrUn_gl000220	110418	154254	2	2	0	6	0	25
chrUn_gl000220	110418	159330	2	2	0	0	6	25
chrUn_gl000220	110418	161267	2	2	0	0	6	30
chrUn_gl000220	110418	161705	2	2	0	0	8	28
chrUn_gl000220	110422	110584	1	1	0	0	2	21
chrUn_gl000220	110422	114312	1	1	0	0	2	13
chrUn_gl000220	110422	115001	1	1	0	0	6	30
chrUn_gl000220	110422	115308	1	1	0	0	7	21
chrUn_gl000220	110422	115946	1	1	0	0	2	31
chrUn_gl000220	110422	153877	1	1	0	2	0	20
chrUn_gl000220	110422	153970	1	1	0	29	1	29
chrUn_gl000220	110422	154108	1	1	0	1	0	28
chrUn_gl000220	110422	154246	1	1	0	18	0	29
chrUn_gl000220	110422	154394	1	1	0	3	19	29
chrUn_gl000220	110422	158284	1	1	0	0	2	13
chrUn_gl000220	110422	158973	1	1	0	0	6	30
chrUn_gl000220	110422	159280	1	1	0	0	7	21
chrUn_gl000220	110422	159918	1	1	0	0	2	31
chrUn_gl000220	110426	110524	1	1	0	0	2	30
chrUn_gl000220	110426	115219	1	1	0	0	5	21
chrUn_gl000220	110426	134552	1	1	0	0	1	25
chrUn_gl000220	110426	153483	1	1	0	1	0	28
chrUn_gl000220	110426	153495	1	1	0	2	0	24
chrUn_gl000220	110426	153970	1	1	0	24	0	24
chrUn_gl000220	110426	154183	1	1	0	1	0	12
chrUn_gl000220	110426	159191	1	1	0	0	5	21
chrUn_gl000220	110438	117999	1	1	0	1	0	20
chrUn_gl000220	110443	110742	1	1	0	0	2	19
chrUn_gl000220	110476	153048	2	2	0	1	0	25
chrUn_gl000220	110480	116997	2	2	0	0	5	15
chrUn_gl000220	110480	153048	2	2	0	2	0	22
chrUn_gl000220	110480	154452	2	2	0	0	1	28
chrUn_gl000220	110480	160969	2	2	0	0	5	15
chrUn_gl000220	110483	117711	1	1	0	0	3	19
chrUn_gl000220	110483	154455	1	1	0	2	23	28
chrUn_gl000220	110483	161683	1	1	0	0	3	19
chrUn_gl000220	110508	137564	1	1	0	0	1	15
chrUn_gl000220	110508	153294	1	1	0	1	0	17
chrUn_gl000220	110508	154120	1	1	0	4	0	17
chrUn_gl000220	110517	111727	2	2	0	0	9	17
chrUn_gl000220	110517	154134	2	2	0	23	0	30
chrUn_gl000220	110517	154332	2	2	0	3	0	23
chrUn_gl000220	110517	154489	2	2	0	0	10	20
chrUn_gl000220	110517	155699	2	2	0	0	9	17
chrUn_gl000220	110520	115579	2	2	0	0	4	24
chrUn_gl000220	110520	154127	2	2	0	5	0	24
chrUn_gl000220	110520	154134	2	2	0	8	0	25
chrUn_gl000220	110520	154240	2	2	0	3	0	15
chrUn_gl000220	110520	154429	2	2	0	1	0	18
chrUn_gl000220	110520	159551	2	2	0	0	4	24
chrUn_gl000220	110533	113591	1	1	0	0	12	14
chrUn_gl000220	110533	157563	1	1	0	0	12	14
chrUn_gl000220	110568	154343	1	1	0	3	0	29
chrUn_gl000220	110568	154351	1	1	0	2	0	28
chrUn_gl000220	110570	154326	2	2	0	0	1	15
chrUn_gl000220	110570	154328	2	2	0	0	6	14
chrUn_gl000220	110580	110615	2	2	0	0	8	27
chrUn_gl000220	110580	153048	2	2	0	8	0	16
chrUn_gl000220	110580	154332	2	2	0	4	0	13
chrUn_gl000220	110587	117663	1	1	0	0	2	24
chrUn_gl000220	110595	123175	2	2	0	0	2	12
chrUn_gl000220	110595	154572	2	2	0	7	1	16
chrUn_gl000220	110606	154583	2	2	0	16	0	30
chrUn_gl000220	110611	154583	2	2	0	0	3	27
chrUn_gl000220	110615	154267	2	2	0	8	0	22
chrUn_gl000220	110619	110712	2	2	0	0	7	31
chrUn_gl000220	110619	115222	2	2	0	0	12	32
chrUn_gl000220	110619	115282	2	2	0	0	3	23
chrUn_gl000220	110619	154254	2	2	0	1	0	19
chrUn_gl000220	110619	154301	2	2	0	4	0	28
chrUn_gl000220	110619	159194	2	2	0	0	12	32
chrUn_gl000220	110619	159254	2	2	0	0	3	23
chrUn_gl000220	110625	115768	1	1	0	0	3	27
chrUn_gl000220	110625	159740	1	1	0	0	3	27
chrUn_gl000220	110631	154303	2	2	0	0	2	26
chrUn_gl000220	110631	154310	2	2	0	2	0	18
chrUn_gl000220	110636	117855	2	2	0	6	0	21
chrUn_gl000220	110636	154195	2	2	0	7	0	24
chrUn_gl000220	110654	113449	1	1	0	0	4	12
chrUn_gl000220	110654	157421	1	1	0	0	4	12
chrUn_gl000220	110675	115861	1	1	0	0	3	32
chrUn_gl000220	110675	116243	1	1	0	0	4	19
chrUn_gl000220	110675	154200	1	1	0	8	0	22
chrUn_gl000220	110675	159833	1	1	0	0	3	32
chrUn_gl000220	110675	160215	1	1	0	0	4	19
chrUn_gl000220	110725	154200	1	1	0	10	0	31
chrUn_gl000220	110729	113421	1	1	0	0	6	15
chrUn_gl000220	110729	113442	1	1	0	0	8	26
chrUn_gl000220	110729	154701	1	1	0	0	2	30
chrUn_gl000220	110729	157393	1	1	0	0	6	15
chrUn_gl000220	110729	157414	1	1	0	0	8	26
chrUn_gl000220	110743	116997	2	2	0	0	6	16
chrUn_gl000220	110743	117950	2	2	0	3	0	26
chrUn_gl000220	110743	118316	2	2	0	6	0	23
chrUn_gl000220	110743	160969	2	2	0	0	6	16
chrUn_gl000220	110757	154729	1	1	0	0	3	15
chrUn_gl000220	110766	154301	2	2	0	6	0	16
chrUn_gl000220	110770	113395	1	1	0	0	8	16
chrUn_gl000220	110770	114873	1	1	0	0	4	15
chrUn_gl000220	110770	115441	1	1	0	0	9	19
chrUn_gl000220	110770	115727	1	1	0	0	4	22
chrUn_gl000220	110770	115799	1	1	0	0	6	29
chrUn_gl000220	110770	115861	1	1	0	0	6	14
chrUn_gl000220	110770	153274	1	1	0	4	0	13
chrUn_gl000220	110770	157367	1	1	0	0	8	16
chrUn_gl000220	110770	158845	1	1	0	0	4	15
chrUn_gl000220	110770	159413	1	1	0	0	9	19
chrUn_gl000220	110770	159699	1	1	0	0	4	22
chrUn_gl000220	110770	159771	1	1	0	0	6	29
chrUn_gl000220	110770	159833	1	1	0	0	6	14
chrUn_gl000220	110783	113777	1	1	0	0	4	22
chrUn_gl000220	110783	154351	1	1	0	6	0	28
chrUn_gl000220	110783	157749	1	1	0	0	4	22
chrUn_gl000220	110787	115730	2	2	0	0	5	15
chrUn_gl000220	110787	116952	2	2	0	0	3	26
chrUn_gl000220	110787	154143	2	2	0	12	0	30
chrUn_gl000220	110787	154172	2	2	0	8	0	28
chrUn_gl000220	110787	159702	2	2	0	0	5	15
chrUn_gl000220	110787	160924	2	2	0	0	3	26
chrUn_gl000220	110790	154134	2	2	0	12	0	31
chrUn_gl000220	110790	154762	2	2	0	0	9	17
chrUn_gl000220	110804	114998	1	1	0	0	2	16
chrUn_gl000220	110804	158970	1	1	0	0	2	16
chrUn_gl000220	110824	110859	0	0	0	0	7	30
chrUn_gl000220	110837	112901	1	1	0	0	1	15
chrUn_gl000220	110837	156873	1	1	0	0	1	15
chrUn_gl000220	110879	116181	2	2	0	0	11	23
chrUn_gl000220	110879	160153	2	2	0	0	11	23
chrUn_gl000220	110884	154765	2	2	0	6	0	26
chrUn_gl000220	110888	138839	2	2	0	0	9	15
chrUn_gl000220	110888	154765	2	2	0	31	0	27
chrUn_gl000220	110897	153274	1	1	0	17	0	32
chrUn_gl000220	110897	154455	1	1	0	6	0	25
chrUn_gl000220	110903	114605	1	1	0	0	1	21
chrUn_gl000220	110903	115821	1	1	0	0	4	32
chrUn_gl000220	110903	154498	1	1	0	4	0	21
chrUn_gl000220	110903	154875	1	1	0	0	3	26
chrUn_gl000220	110903	158577	1	1	0	0	1	21
chrUn_gl000220	110903	159793	1	1	0	0	4	32
chrUn_gl000220	110914	114873	1	1	0	0	11	16
chrUn_gl000220	110914	158845	1	1	0	0	11	16
chrUn_gl000220	110924	153347	1	1	0	0	2	31
chrUn_gl000220	110995	111021	2	2	0	0	3	24
chrUn_gl000220	111017	111092	0	0	0	0	5	31
chrUn_gl000220	111110	111452	1	3	0	2	0	32
chrUn_gl000220	111189	113346	1	1	0	0	1	22
chrUn_gl000220	111189	157318	1	1	0	0	1	22
chrUn_gl000220	111191	115498	1	1	0	0	1	12
chrUn_gl000220	111191	159470	1	1	0	0	1	12
chrUn_gl000220	111194	114308	1	1	0	0	5	29
chrUn_gl000220	111194	158280	1	1	0	0	5	29
chrUn_gl000220	111220	112697	1	1	0	0	3	12
chrUn_gl000220	111220	156669	1	1	0	0	3	12
chrUn_gl000220	111272	115448	2	2	0	0	1	12
chrUn_gl000220	111272	159420	2	2	0	0	1	12
chrUn_gl000220	111291	116073	1	1	0	0	2	18
chrUn_gl000220	111291	160045	1	1	0	0	1	16
chrUn_gl000220	111307	111919	1	1	0	0	1	15
chrUn_gl000220	111354	112405	2	2	0	0	2	12
chrUn_gl000220	111354	156377	2	2	0	0	2	12
chrUn_gl000220	111449	115724	2	2	0	0	4	22
chrUn_gl000220	111449	159696	2	2	0	0	4	22
chrUn_gl000220	111518	114081	1	1	0	0	7	28
chrUn_gl000220	111518	158053	1	1	0	0	7	28
chrUn_gl000220	111618	119013	1	1	0	0	10	12
chrUn_gl000220	111618	119729	1	1	0	0	10	12
chrUn_gl000220	111618	155590	1	1	0	0	8	27
chrUn_gl000220	111663	155635	2	2	0	0	10	21
chrUn_gl000220	111746	115222	2	2	0	0	4	24
chrUn_gl000220	111746	159194	2	2	0	0	4	24
chrUn_gl000220	111802	155528	1	1	0	2	0	21
chrUn_gl000220	111854	155424	1	1	0	6	0	23
chrUn_gl000220	111882	112574	1	1	0	0	1	16
chrUn_gl000220	111882	155080	1	1	0	8	0	22
chrUn_gl000220	111892	113677	1	1	0	0	4	16
chrUn_gl000220	111892	157649	1	1	0	0	4	16
chrUn_gl000220	111899	115436	1	1	0	0	5	32
chrUn_gl000220	111899	159408	1	1	0	0	5	32
chrUn_gl000220	111901	112024	2	2	0	0	3	32
chrUn_gl000220	111915	114283	2	2	0	0	7	14
chrUn_gl000220	111915	117950	2	2	0	2	0	30
chrUn_gl000220	111915	158255	2	2	0	0	7	14
chrUn_gl000220	111935	114674	2	2	0	0	4	26
chrUn_gl000220	111935	115058	2	2	0	0	1	29
chrUn_gl000220	111935	158646	2	2	0	0	4	26
chrUn_gl000220	111935	159030	2	2	0	0	1	29
chrUn_gl000220	111957	112378	1	1	0	0	1	14
chrUn_gl000220	111989	112699	1	1	0	0	1	14
chrUn_gl000220	112049	113768	2	2	0	0	5	27
chrUn_gl000220	112049	118291	2	2	0	5	0	25
chrUn_gl000220	112049	155989	2	2	0	3	0	24
chrUn_gl000220	112049	157740	2	2	0	0	5	27
chrUn_gl000220	112052	113744	1	1	0	0	2	27
chrUn_gl000220	112052	113748	1	1	0	0	6	27
chrUn_gl000220	112052	113750	1	1	0	0	5	29
chrUn_gl000220	112052	113756	1	1	0	0	1	32
chrUn_gl000220	112052	113758	1	1	0	0	12	27
chrUn_gl000220	112052	157716	1	1	0	0	2	27
chrUn_gl000220	112052	157720	1	1	0	0	6	27
chrUn_gl000220	112052	157722	1	1	0	0	5	29
chrUn_gl000220	112052	157728	1	1	0	0	1	32
chrUn_gl000220	112052	157730	1	1	0	0	12	27
chrUn_gl000220	112056	113387	1	1	0	0	2	28
chrUn_gl000220	112056	113421	1	1	0	0	4	26
chrUn_gl000220	112056	113744	1	1	0	0	18	29
chrUn_gl000220	112056	113746	1	1	0	0	6	32
chrUn_gl000220	112056	113750	1	1	0	0	5	31
chrUn_gl000220	112056	113756	1	1	0	0	65	32
chrUn_gl000220	112056	114257	1	1	0	0	7	28
chrUn_gl000220	112056	114308	1	1	0	0	11	32
chrUn_gl000220	112056	114570	1	1	0	0	8	24
chrUn_gl000220	112056	157359	1	1	0	0	2	28
chrUn_gl000220	112056	157393	1	1	0	0	4	26
chrUn_gl000220	112056	157716	1	1	0	0	18	29
chrUn_gl000220	112056	157718	1	1	0	0	6	32
chrUn_gl000220	112056	157722	1	1	0	0	5	31
chrUn_gl000220	112056	157728	1	1	0	0	65	32
chrUn_gl000220	112056	158229	1	1	0	0	7	28
chrUn_gl000220	112056	158280	1	1	0	0	11	32
chrUn_gl000220	112056	158542	1	1	0	0	8	24
chrUn_gl000220	112073	118327	2	2	0	3	0	16
chrUn_gl000220	112073	153118	2	2	0	7	0	17
chrUn_gl000220	112091	113677	1	1	0	0	6	16
chrUn_gl000220	112091	114312	1	1	0	0	6	21
chrUn_gl000220	112091	156073	1	1	0	8	0	31
chrUn_gl000220	112091	157649	1	1	0	0	6	16
chrUn_gl000220	112091	158284	1	1	0	0	6	21
chrUn_gl000220	112121	113686	2	2	0	0	16	25
chrUn_gl000220	112121	157658	2	2	0	0	16	25
chrUn_gl000220	112132	156104	2	2	0	1	18	29
chrUn_gl000220	112145	113056	1	1	0	0	6	18
chrUn_gl000220	112145	113750	1	1	0	0	2	13
chrUn_gl000220	112145	114570	1	1	0	0	8	29
chrUn_gl000220	112145	116105	1	1	0	0	7	12
chrUn_gl000220	112145	157722	1	1	0	0	2	13
chrUn_gl000220	112145	158542	1	1	0	0	8	29
chrUn_gl000220	112145	160077	1	1	0	0	7	12
chrUn_gl000220	112149	113348	2	2	0	0	3	26
chrUn_gl000220	112149	115448	2	2	0	0	4	18
chrUn_gl000220	112149	118077	2	2	0	5	0	14
chrUn_gl000220	112149	150505	2	2	0	2	0	22
chrUn_gl000220	112149	154452	2	2	0	1	0	19
chrUn_gl000220	112149	157320	2	2	0	0	3	26
chrUn_gl000220	112149	159420	2	2	0	0	4	18
chrUn_gl000220	112164	116219	2	2	0	0	3	17
chrUn_gl000220	112164	160191	2	2	0	0	3	17
chrUn_gl000220	112174	113346	1	1	0	0	23	27
chrUn_gl000220	112174	157318	1	1	0	0	23	27
chrUn_gl000220	112178	113348	2	2	0	0	35	31
chrUn_gl000220	112178	113737	2	2	0	0	4	21
chrUn_gl000220	112178	117398	2	2	0	0	5	22
chrUn_gl000220	112178	154195	2	2	0	2	0	18
chrUn_gl000220	112178	156104	2	2	0	2	0	15
chrUn_gl000220	112178	157320	2	2	0	0	35	31
chrUn_gl000220	112178	157709	2	2	0	0	4	21
chrUn_gl000220	112178	161370	2	2	0	0	5	22
chrUn_gl000220	112267	113777	1	1	0	0	6	21
chrUn_gl000220	112267	157749	1	1	0	0	6	21
chrUn_gl000220	112273	154459	2	2	0	0	1	24
chrUn_gl000220	112303	113113	2	2	0	0	3	26
chrUn_gl000220	112305	112405	2	2	0	0	17	21
chrUn_gl000220	112305	117912	2	2	0	3	0	15
chrUn_gl000220	112324	134642	2	2	0	0	1	14
chrUn_gl000220	112324	148131	2	2	0	5	0	13
chrUn_gl000220	112331	117213	2	2	0	0	2	21
chrUn_gl000220	112331	142118	2	2	0	3	0	13
chrUn_gl000220	112331	161185	2	2	0	0	2	21
chrUn_gl000220	112346	144410	2	2	0	0	1	16
chrUn_gl000220	112346	156329	2	2	0	28	0	27
chrUn_gl000220	112350	112471	1	1	0	0	1	15
chrUn_gl000220	112350	113442	1	1	0	0	3	23
chrUn_gl000220	112350	157414	1	1	0	0	3	23
chrUn_gl000220	112471	114740	1	1	0	0	6	32
chrUn_gl000220	112471	114768	1	1	0	0	1	12
chrUn_gl000220	112471	158712	1	1	0	0	6	32
chrUn_gl000220	112488	115766	2	2	0	0	4	25
chrUn_gl000220	112488	153342	2	2	0	5	0	21
chrUn_gl000220	112488	159738	2	2	0	0	4	25
chrUn_gl000220	112499	113750	1	1	0	0	2	30
chrUn_gl000220	112499	157722	1	1	0	0	2	30
chrUn_gl000220	112553	112574	1	1	0	0	7	17
chrUn_gl000220	112553	113442	1	1	0	0	6	25
chrUn_gl000220	112568	117067	1	1	0	0	7	23
chrUn_gl000220	112568	161039	1	1	0	0	7	23
chrUn_gl000220	112575	112901	1	1	0	0	11	31
chrUn_gl000220	112575	113758	1	1	0	0	9	22
chrUn_gl000220	112575	157730	1	1	0	0	9	22
chrUn_gl000220	112580	156428	1	1	0	0	4	25
chrUn_gl000220	112586	113395	1	1	0	0	8	32
chrUn_gl000220	112601	115097	1	1	0	0	1	16
chrUn_gl000220	112601	159069	1	1	0	0	1	16
chrUn_gl000220	112608	116243	1	1	0	0	6	14
chrUn_gl000220	112608	156375	1	1	0	7	0	18
chrUn_gl000220	112608	160215	1	1	0	0	6	14
chrUn_gl000220	112626	115899	1	1	0	0	2	19
chrUn_gl000220	112626	159871	1	1	0	0	2	19
chrUn_gl000220	112628	149036	1	1	0	0	1	12
chrUn_gl000220	112638	117302	1	1	0	0	1	13
chrUn_gl000220	112638	137892	1	1	0	1	0	14
chrUn_gl000220	112638	161274	1	1	0	0	1	13
chrUn_gl000220	112666	156219	1	1	0	1	0	12
chrUn_gl000220	112682	156669	1	1	0	12	0	30
chrUn_gl000220	112701	156671	1	1	0	0	12	30
chrUn_gl000220	112714	116243	1	1	0	0	2	24
chrUn_gl000220	112714	160215	1	1	0	0	2	24
chrUn_gl000220	112787	134642	2	2	0	6	0	18
chrUn_gl000220	112793	142112	2	2	0	0	2	18
chrUn_gl000220	112809	156742	2	2	0	0	3	27
chrUn_gl000220	112948	116627	1	1	0	0	1	16
chrUn_gl000220	112948	150680	1	1	0	2	0	28
chrUn_gl000220	112948	160599	1	1	0	0	1	16
chrUn_gl000220	113011	156256	2	2	0	7	0	26
chrUn_gl000220	113094	144268	2	2	0	0	1	17
chrUn_gl000220	113114	117696	2	2	0	0	4	17
chrUn_gl000220	113114	156377	2	2	0	8	0	17
chrUn_gl000220	113114	161668	2	2	0	0	4	17
chrUn_gl000220	113131	117446	1	1	0	0	1	12
chrUn_gl000220	113166	114873	1	1	0	0	1	14
chrUn_gl000220	113166	118049	1	1	0	13	0	18
chrUn_gl000220	113166	158845	1	1	0	0	1	14
chrUn_gl000220	113239	116026	1	1	0	0	6	21
chrUn_gl000220	113239	156373	1	1	0	7	0	21
chrUn_gl000220	113239	156408	1	1	0	3	0	32
chrUn_gl000220	113239	159998	1	1	0	0	6	21
chrUn_gl000220	113264	113346	1	1	0	0	8	25
chrUn_gl000220	113264	156254	1	1	0	8	0	22
chrUn_gl000220	113266	157245	2	2	0	6	0	27
chrUn_gl000220	113279	117276	1	1	0	0	6	24
chrUn_gl000220	113279	161248	1	1	0	0	6	24
chrUn_gl000220	113310	116272	1	1	0	0	1	21
chrUn_gl000220	113310	160244	1	1	0	0	1	21
chrUn_gl000220	113377	114314	2	2	0	0	4	30
chrUn_gl000220	113377	156100	2	2	0	2	0	29
chrUn_gl000220	113414	157386	2	2	0	1	0	20
chrUn_gl000220	113442	115315	1	1	0	0	4	16
chrUn_gl000220	113442	159287	1	1	0	0	4	16
chrUn_gl000220	113498	114851	1	1	0	0	5	20
chrUn_gl000220	113498	115219	1	1	0	0	8	18
chrUn_gl000220	113498	156073	1	1	0	1	0	16
chrUn_gl000220	113498	157393	1	1	0	4	0	17
chrUn_gl000220	113498	158823	1	1	0	0	5	20
chrUn_gl000220	113498	159191	1	1	0	0	8	18
chrUn_gl000220	113530	113575	2	2	0	0	20	32
chrUn_gl000220	113530	114674	2	2	0	0	1	24
chrUn_gl000220	113530	114848	2	2	0	0	16	24
chrUn_gl000220	113530	115245	2	2	0	0	4	31
chrUn_gl000220	113530	115616	2	2	0	0	11	31
chrUn_gl000220	113530	117655	2	2	0	0	12	29
chrUn_gl000220	113530	153448	2	2	0	3	0	31
chrUn_gl000220	113530	155996	2	2	0	8	0	12
chrUn_gl000220	113530	158646	2	2	0	0	1	24
chrUn_gl000220	113530	158820	2	2	0	0	16	24
chrUn_gl000220	113530	159217	2	2	0	0	4	31
chrUn_gl000220	113530	159588	2	2	0	0	11	31
chrUn_gl000220	113530	161627	2	2	0	0	12	29
chrUn_gl000220	113533	113591	1	1	0	0	17	31
chrUn_gl000220	113533	115771	1	1	0	0	2	17
chrUn_gl000220	113533	115875	1	1	0	0	4	17
chrUn_gl000220	113533	159743	1	1	0	0	2	17
chrUn_gl000220	113533	159847	1	1	0	0	4	17
chrUn_gl000220	113546	113583	1	1	0	0	15	17
chrUn_gl000220	113546	113591	1	1	0	0	113	28
chrUn_gl000220	113546	113677	1	1	0	0	5	26
chrUn_gl000220	113546	113758	1	1	0	0	6	20
chrUn_gl000220	113546	114605	1	1	0	0	6	27
chrUn_gl000220	113546	117663	1	1	0	0	16	16
chrUn_gl000220	113546	117892	1	1	0	8	0	15
chrUn_gl000220	113546	118259	1	1	0	4	0	27
chrUn_gl000220	113546	157414	1	1	0	7	0	13
chrUn_gl000220	113546	157433	1	1	0	11	0	21
chrUn_gl000220	113546	157518	1	1	0	0	1	17
chrUn_gl000220	113546	158577	1	1	0	0	6	27
chrUn_gl000220	113546	161635	1	1	0	0	16	16
chrUn_gl000220	113549	115724	2	2	0	0	9	15
chrUn_gl000220	113549	117568	2	2	0	0	7	14
chrUn_gl000220	113549	117655	2	2	0	0	1	14
chrUn_gl000220	113549	155999	2	2	0	9	0	25
chrUn_gl000220	113549	159696	2	2	0	0	9	15
chrUn_gl000220	113549	161540	2	2	0	0	7	14
chrUn_gl000220	113549	161627	2	2	0	0	1	14
chrUn_gl000220	113552	113575	2	2	0	0	10	20
chrUn_gl000220	113552	155989	2	2	0	3	0	17
chrUn_gl000220	113577	113756	1	1	0	0	1	17
chrUn_gl000220	113577	115744	1	1	0	0	9	18
chrUn_gl000220	113577	116243	1	1	0	0	4	15
chrUn_gl000220	113577	118082	1	1	0	7	0	25
chrUn_gl000220	113577	154436	1	1	0	4	0	20
chrUn_gl000220	113577	159716	1	1	0	0	9	18
chrUn_gl000220	113577	160215	1	1	0	0	4	15
chrUn_gl000220	113579	115727	1	1	0	0	2	21
chrUn_gl000220	113579	159699	1	1	0	0	2	21
chrUn_gl000220	113588	117314	1	1	0	0	1	18
chrUn_gl000220	113588	117673	1	1	0	0	1	17
chrUn_gl000220	113588	157563	1	1	0	5	0	14
chrUn_gl000220	113588	161645	1	1	0	0	1	17
chrUn_gl000220	113616	157393	1	1	0	5	0	26
chrUn_gl000220	113618	157467	2	2	0	6	0	28
chrUn_gl000220	113618	157478	2	2	0	9	0	28
chrUn_gl000220	113627	157414	1	1	0	11	0	16
chrUn_gl000220	113627	157433	1	1	0	29	0	29
chrUn_gl000220	113632	157367	1	1	0	3	0	30
chrUn_gl000220	113632	157414	1	1	0	3	0	19
chrUn_gl000220	113636	118282	2	2	0	2	0	15
chrUn_gl000220	113636	118893	2	2	0	0	7	15
chrUn_gl000220	113636	157085	2	2	0	9	0	23
chrUn_gl000220	113636	157390	2	2	0	17	0	20
chrUn_gl000220	113636	157467	2	2	0	7	0	21
chrUn_gl000220	113662	114800	1	1	0	0	7	29
chrUn_gl000220	113662	157376	1	1	0	8	0	21
chrUn_gl000220	113662	157393	1	1	0	1	0	21
chrUn_gl000220	113662	158772	1	1	0	0	7	29
chrUn_gl000220	113667	153127	2	2	0	9	0	23
chrUn_gl000220	113667	154429	2	2	0	4	0	28
chrUn_gl000220	113667	157386	2	2	0	12	0	20
chrUn_gl000220	113667	157639	2	2	0	0	14	28
chrUn_gl000220	113679	157467	2	2	0	1	0	14
chrUn_gl000220	113703	113756	1	1	0	0	12	21
chrUn_gl000220	113703	113758	1	1	0	0	6	31
chrUn_gl000220	113703	157728	1	1	0	0	3	17
chrUn_gl000220	113711	154714	1	1	0	2	0	17
chrUn_gl000220	113711	157421	1	1	0	5	0	13
chrUn_gl000220	113711	157683	1	1	0	7	5	30
chrUn_gl000220	113716	117265	1	1	0	0	3	25
chrUn_gl000220	113716	161237	1	1	0	0	3	25
chrUn_gl000220	113726	157698	1	1	0	0	4	14
chrUn_gl000220	113737	114283	2	2	0	0	1	16
chrUn_gl000220	113737	116563	2	2	0	0	4	19
chrUn_gl000220	113737	157664	2	2	0	0	9	19
chrUn_gl000220	113737	157709	2	2	0	0	15	24
chrUn_gl000220	113737	160535	2	2	0	0	4	19
chrUn_gl000220	113750	156005	1	1	0	5	0	21
chrUn_gl000220	113750	157716	1	1	0	0	4	32
chrUn_gl000220	113762	157747	1	1	0	2	0	21
chrUn_gl000220	113778	114277	1	1	0	0	4	13
chrUn_gl000220	113778	117711	1	1	0	0	4	22
chrUn_gl000220	113778	118257	1	1	0	5	0	18
chrUn_gl000220	113778	153274	1	1	0	3	0	16
chrUn_gl000220	113778	157382	1	1	0	6	0	20
chrUn_gl000220	113778	161683	1	1	0	0	4	22
chrUn_gl000220	113786	115173	1	1	0	0	6	23
chrUn_gl000220	113786	159145	1	1	0	0	6	23
chrUn_gl000220	113791	114304	1	1	0	0	16	27
chrUn_gl000220	113791	114791	1	1	0	0	8	28
chrUn_gl000220	113791	118257	1	1	0	4	0	27
chrUn_gl000220	113791	156005	1	1	0	0	1	30
chrUn_gl000220	113791	158763	1	1	0	0	8	28
chrUn_gl000220	113800	114308	1	1	0	0	5	20
chrUn_gl000220	113800	114312	1	1	0	0	31	29
chrUn_gl000220	113800	114371	1	1	0	0	7	22
chrUn_gl000220	113800	115949	1	1	0	0	4	27
chrUn_gl000220	113800	157772	1	1	0	2	25	22
chrUn_gl000220	113800	159921	1	1	0	0	4	27
chrUn_gl000220	113830	114265	1	1	0	0	4	13
chrUn_gl000220	113830	114618	1	1	0	0	1	13
chrUn_gl000220	113830	115153	1	1	0	0	2	16
chrUn_gl000220	113830	157730	1	1	0	2	0	17
chrUn_gl000220	113830	159125	1	1	0	0	2	16
chrUn_gl000220	113838	116243	1	1	0	0	1	14
chrUn_gl000220	113838	160215	1	1	0	0	1	14
chrUn_gl000220	113858	113997	2	2	0	0	10	24
chrUn_gl000220	113858	116588	2	2	0	0	16	17
chrUn_gl000220	113858	118077	2	2	0	7	0	20
chrUn_gl000220	113858	160560	2	2	0	0	12	17
chrUn_gl000220	113872	117254	1	1	0	0	5	22
chrUn_gl000220	113872	161226	1	1	0	0	5	22
chrUn_gl000220	113876	153451	2	2	0	6	0	19
chrUn_gl000220	113886	154195	2	2	0	3	0	26
chrUn_gl000220	113916	155996	2	2	0	10	0	14
chrUn_gl000220	113952	116476	1	1	0	0	1	23
chrUn_gl000220	113952	160448	1	1	0	0	1	23
chrUn_gl000220	113985	115027	1	1	0	0	1	12
chrUn_gl000220	113985	115946	1	1	0	0	8	15
chrUn_gl000220	113985	158999	1	1	0	0	1	12
chrUn_gl000220	113985	159918	1	1	0	0	8	15
chrUn_gl000220	113999	152995	1	1	0	3	0	14
chrUn_gl000220	114063	118613	2	2	0	1	0	13
chrUn_gl000220	114063	119163	2	2	0	1	0	13
chrUn_gl000220	114074	114283	2	2	0	0	4	26
chrUn_gl000220	114074	155989	2	2	0	12	0	25
chrUn_gl000220	114074	157408	2	2	0	7	0	24
chrUn_gl000220	114096	114265	1	1	0	0	14	25
chrUn_gl000220	114096	114277	1	1	0	0	178	31
chrUn_gl000220	114096	114280	1	1	0	0	13	23
chrUn_gl000220	114096	114308	1	1	0	0	1	15
chrUn_gl000220	114096	114603	1	1	0	0	10	23
chrUn_gl000220	114096	115292	1	1	0	0	13	20
chrUn_gl000220	114096	115786	1	1	0	0	9	30
chrUn_gl000220	114096	115875	1	1	0	0	22	28
chrUn_gl000220	114096	116243	1	1	0	0	6	14
chrUn_gl000220	114096	117251	1	1	0	0	4	15
chrUn_gl000220	114096	117476	1	1	0	0	5	26
chrUn_gl000220	114096	118257	1	1	0	3	0	16
chrUn_gl000220	114096	150095	1	1	0	6	0	19
chrUn_gl000220	114096	153157	1	1	0	2	0	16
chrUn_gl000220	114096	153705	1	1	0	2	0	12
chrUn_gl000220	114096	155424	1	1	0	9	0	13
chrUn_gl000220	114096	157718	1	1	0	5	0	15
chrUn_gl000220	114096	159264	1	1	0	0	13	20
chrUn_gl000220	114096	159758	1	1	0	0	9	30
chrUn_gl000220	114096	159847	1	1	0	0	22	28
chrUn_gl000220	114096	160215	1	1	0	0	6	14
chrUn_gl000220	114096	161223	1	1	0	0	4	15
chrUn_gl000220	114096	161448	1	1	0	0	5	26
chrUn_gl000220	114100	114263	2	2	0	0	9	13
chrUn_gl000220	114100	154172	2	2	0	0	11	20
chrUn_gl000220	114113	115786	1	1	0	0	4	25
chrUn_gl000220	114113	159758	1	1	0	0	4	25
chrUn_gl000220	114117	115727	1	1	0	0	1	22
chrUn_gl000220	114117	159699	1	1	0	0	1	22
chrUn_gl000220	114125	115498	1	1	0	0	5	14
chrUn_gl000220	114125	153958	1	1	0	2	0	21
chrUn_gl000220	114125	153970	1	1	0	8	0	26
chrUn_gl000220	114125	159470	1	1	0	0	5	14
chrUn_gl000220	114129	138843	1	1	0	4	0	12
chrUn_gl000220	114132	114674	2	2	0	0	11	20
chrUn_gl000220	114132	134642	2	2	0	1	0	14
chrUn_gl000220	114132	157072	2	2	0	4	0	20
chrUn_gl000220	114173	157085	2	2	0	0	2	23
chrUn_gl000220	114190	116448	1	1	0	0	1	20
chrUn_gl000220	114190	158152	1	1	0	0	1	15
chrUn_gl000220	114190	160420	1	1	0	0	1	20
chrUn_gl000220	114214	114622	1	1	0	0	1	17
chrUn_gl000220	114214	114791	1	1	0	0	1	16
chrUn_gl000220	114214	115498	1	1	0	0	5	24
chrUn_gl000220	114214	116854	1	1	0	0	1	17
chrUn_gl000220	114214	142114	1	1	0	2	0	12
chrUn_gl000220	114214	159470	1	1	0	0	5	24
chrUn_gl000220	114214	160826	1	1	0	0	1	17
chrUn_gl000220	114257	153729	1	1	0	1	0	16
chrUn_gl000220	114257	158067	1	1	0	18	0	29
chrUn_gl000220	114259	114280	1	1	0	0	7	14
chrUn_gl000220	114259	117254	1	1	0	0	6	16
chrUn_gl000220	114259	158067	1	1	0	28	0	24
chrUn_gl000220	114259	161226	1	1	0	0	6	16
chrUn_gl000220	114283	158255	2	2	0	0	12	22
chrUn_gl000220	114317	114570	1	1	0	0	3	25
chrUn_gl000220	114317	114618	1	1	0	0	9	32
chrUn_gl000220	114317	114746	1	1	0	0	1	12
chrUn_gl000220	114317	115150	1	1	0	0	5	21
chrUn_gl000220	114317	115899	1	1	0	0	5	27
chrUn_gl000220	114326	114426	2	2	0	0	8	15
chrUn_gl000220	114326	114586	2	2	0	0	41	23
chrUn_gl000220	114326	114627	2	2	0	0	23	32
chrUn_gl000220	114328	114454	2	2	0	0	15	21
chrUn_gl000220	114328	114586	2	2	0	0	18	17
chrUn_gl000220	114328	114627	2	2	0	0	22	29
chrUn_gl000220	114328	142234	2	2	0	0	1	18
chrUn_gl000220	114328	155989	2	2	0	0	7	28
chrUn_gl000220	114328	155999	2	2	0	5	0	28
chrUn_gl000220	114335	114454	2	2	0	0	14	25
chrUn_gl000220	114335	114586	2	2	0	0	4	14
chrUn_gl000220	114335	114672	2	2	0	0	6	12
chrUn_gl000220	114335	114848	2	2	0	1	0	21
chrUn_gl000220	114335	118158	2	2	0	8	0	25
chrUn_gl000220	114335	155989	2	2	0	6	0	22
chrUn_gl000220	114376	114532	1	1	0	0	1	23
chrUn_gl000220	114376	116303	1	1	0	0	41	13
chrUn_gl000220	114376	117254	1	1	0	0	1	12
chrUn_gl000220	114376	160275	1	1	0	0	41	13
chrUn_gl000220	114376	161226	1	1	0	0	1	12
chrUn_gl000220	114378	114672	2	2	0	0	7	24
chrUn_gl000220	114378	114848	2	2	0	0	2	25
chrUn_gl000220	114378	116563	2	2	0	0	3	14
chrUn_gl000220	114378	160535	2	2	0	0	3	14
chrUn_gl000220	114401	114570	1	1	0	0	4	23
chrUn_gl000220	114401	114603	1	1	0	0	389	32
chrUn_gl000220	114401	114622	1	1	0	0	7	24
chrUn_gl000220	114401	157716	1	1	0	20	0	32
chrUn_gl000220	114401	157718	1	1	0	4	0	22
chrUn_gl000220	114401	158280	1	1	0	3	0	32
chrUn_gl000220	114403	114586	2	2	0	0	2	15
chrUn_gl000220	114403	114611	2	2	0	0	4	12
chrUn_gl000220	114403	151706	2	2	0	0	1	12
chrUn_gl000220	114417	118554	1	3	0	1	0	13
chrUn_gl000220	114429	158255	2	2	0	3	0	25
chrUn_gl000220	114446	114848	2	2	0	0	4	30
chrUn_gl000220	114446	115054	2	2	0	0	3	26
chrUn_gl000220	114446	115724	2	2	0	0	3	20
chrUn_gl000220	114446	118040	2	2	0	2	0	20
chrUn_gl000220	114446	134642	2	2	0	1	0	15
chrUn_gl000220	114446	154747	2	2	0	1	0	28
chrUn_gl000220	114446	155989	2	2	0	8	0	30
chrUn_gl000220	114446	155996	2	2	0	13	0	29
chrUn_gl000220	114446	158255	2	2	0	4	0	23
chrUn_gl000220	114446	158426	2	2	0	4	0	28
chrUn_gl000220	114446	159696	2	2	0	0	3	20
chrUn_gl000220	114448	117505	2	2	0	0	1	13
chrUn_gl000220	114448	142112	2	2	0	0	2	18
chrUn_gl000220	114448	142118	2	2	0	1	0	12
chrUn_gl000220	114448	154296	2	2	0	6	0	28
chrUn_gl000220	114448	155999	2	2	0	9	0	24
chrUn_gl000220	114448	158426	2	2	0	40	4	32
chrUn_gl000220	114448	161477	2	2	0	0	1	13
chrUn_gl000220	114457	142118	2	2	0	4	0	12
chrUn_gl000220	114492	158152	1	1	0	1	0	15
chrUn_gl000220	114505	114839	1	1	0	0	5	22
chrUn_gl000220	114523	138839	2	2	0	0	4	16
chrUn_gl000220	114523	157085	2	2	0	10	0	20
chrUn_gl000220	114525	114570	1	1	0	0	3	19
chrUn_gl000220	114525	157749	1	1	0	2	0	29
chrUn_gl000220	114525	158504	1	1	0	3	0	28
chrUn_gl000220	114532	115173	1	1	0	0	8	15
chrUn_gl000220	114532	158504	1	1	0	0	1	30
chrUn_gl000220	114571	114603	1	1	0	0	8	24
chrUn_gl000220	114571	114605	1	1	0	0	2	23
chrUn_gl000220	114571	138843	1	1	0	27	0	12
chrUn_gl000220	114571	153826	1	1	0	0	1	14
chrUn_gl000220	114571	154556	1	1	0	0	4	22
chrUn_gl000220	114571	157532	1	1	0	6	0	19
chrUn_gl000220	114571	158053	1	1	0	8	0	22
chrUn_gl000220	114571	158249	1	1	0	2	0	18
chrUn_gl000220	114571	158276	1	1	0	8	0	15
chrUn_gl000220	114571	158280	1	1	0	5	0	26
chrUn_gl000220	114574	114982	2	2	0	0	8	31
chrUn_gl000220	114574	118077	2	2	0	6	0	27
chrUn_gl000220	114574	156091	2	2	0	8	0	19
chrUn_gl000220	114574	157658	2	2	0	2	0	27
chrUn_gl000220	114574	158286	2	2	0	11	0	30
chrUn_gl000220	114574	158558	2	2	0	25	0	24
chrUn_gl000220	114576	115136	2	2	0	0	2	18
chrUn_gl000220	114576	117907	2	2	0	2	0	29
chrUn_gl000220	114576	134642	2	2	0	0	1	17
chrUn_gl000220	114576	153448	2	2	0	5	0	15
chrUn_gl000220	114576	155699	2	2	0	0	1	17
chrUn_gl000220	114576	158255	2	2	0	14	0	13
chrUn_gl000220	114576	158558	2	2	0	0	1	29
chrUn_gl000220	114593	117476	1	1	0	0	7	19
chrUn_gl000220	114631	114791	1	1	0	0	6	27
chrUn_gl000220	114631	115875	1	1	0	0	2	27
chrUn_gl000220	114631	117251	1	1	0	0	6	27
chrUn_gl000220	114631	157722	1	1	0	7	0	17
chrUn_gl000220	114631	158276	1	1	0	58	0	32
chrUn_gl000220	114631	158280	1	1	0	16	0	27
chrUn_gl000220	114631	159847	1	1	0	0	2	27
chrUn_gl000220	114631	161223	1	1	0	0	6	27
chrUn_gl000220	114643	115630	1	1	0	0	8	13
chrUn_gl000220	114643	115656	1	1	0	0	1	26
chrUn_gl000220	114643	116105	1	1	0	0	1	18
chrUn_gl000220	114643	116659	1	1	0	0	7	22
chrUn_gl000220	114643	153294	1	1	0	5	0	24
chrUn_gl000220	114643	153970	1	1	0	1	0	21
chrUn_gl000220	114643	156254	1	1	0	7	0	23
chrUn_gl000220	114643	156373	1	1	0	9	0	26
chrUn_gl000220	114643	156375	1	1	0	21	0	26
chrUn_gl000220	114643	157772	1	1	0	144	0	16
chrUn_gl000220	114643	158249	1	1	0	2	0	23
chrUn_gl000220	114643	158276	1	1	0	41	0	28
chrUn_gl000220	114643	158280	1	1	0	51	0	26
chrUn_gl000220	114643	158284	1	1	0	146	0	27
chrUn_gl000220	114643	159602	1	1	0	0	8	13
chrUn_gl000220	114643	159628	1	1	0	0	1	26
chrUn_gl000220	114643	160077	1	1	0	0	1	18
chrUn_gl000220	114643	160631	1	1	0	0	7	22
chrUn_gl000220	114648	158012	2	2	0	0	7	22
chrUn_gl000220	114648	158286	2	2	0	0	9	20
chrUn_gl000220	114663	116243	1	1	0	0	3	13
chrUn_gl000220	114663	157730	1	1	0	4	0	13
chrUn_gl000220	114663	157747	1	1	0	14	0	30
chrUn_gl000220	114663	157749	1	1	0	181	0	32
chrUn_gl000220	114663	158276	1	1	0	8	0	13
chrUn_gl000220	114663	158280	1	1	0	5	0	23
chrUn_gl000220	114663	160215	1	1	0	0	3	13
chrUn_gl000220	114665	115222	2	2	0	0	5	15
chrUn_gl000220	114665	116181	2	2	0	0	8	19
chrUn_gl000220	114665	153448	2	2	0	3	0	14
chrUn_gl000220	114665	155989	2	2	0	67	0	29
chrUn_gl000220	114665	155996	2	2	0	66	1	30
chrUn_gl000220	114665	155999	2	2	0	2	2	21
chrUn_gl000220	114665	157740	2	2	0	0	10	14
chrUn_gl000220	114665	157755	2	2	0	138	6	31
chrUn_gl000220	114665	157987	2	2	0	13	0	16
chrUn_gl000220	114665	160153	2	2	0	0	8	19
chrUn_gl000220	114685	157730	1	1	0	10	0	15
chrUn_gl000220	114685	158657	1	1	0	0	4	15
chrUn_gl000220	114687	116131	2	2	0	0	1	17
chrUn_gl000220	114687	157755	2	2	0	6	0	17
chrUn_gl000220	114687	160103	2	2	0	0	1	17
chrUn_gl000220	114694	157421	1	1	0	0	2	24
chrUn_gl000220	114702	114800	1	1	0	0	2	31
chrUn_gl000220	114702	114839	1	1	0	0	84	32
chrUn_gl000220	114702	114845	1	1	0	0	157	32
chrUn_gl000220	114702	115032	1	1	0	0	6	32
chrUn_gl000220	114702	115216	1	1	0	0	8	32
chrUn_gl000220	114702	116243	1	1	0	0	14	32
chrUn_gl000220	114702	117251	1	1	0	0	5	20
chrUn_gl000220	114702	117601	1	1	0	0	5	32
chrUn_gl000220	114702	118259	1	1	0	9	0	30
chrUn_gl000220	114702	156375	1	1	0	15	0	32
chrUn_gl000220	114702	157718	1	1	0	3	0	32
chrUn_gl000220	114702	157728	1	1	0	13	0	32
chrUn_gl000220	114702	158237	1	1	0	3	0	16
chrUn_gl000220	114702	158249	1	1	0	5	0	32
chrUn_gl000220	114702	158276	1	1	0	4	0	32
chrUn_gl000220	114702	158577	1	1	0	6	0	16
chrUn_gl000220	114702	158674	1	1	0	0	32	32
chrUn_gl000220	114702	160215	1	1	0	0	14	32
chrUn_gl000220	114702	161223	1	1	0	0	5	20
chrUn_gl000220	114702	161573	1	1	0	0	5	32
chrUn_gl000220	114710	114848	2	2	0	0	15	25
chrUn_gl000220	114710	114856	2	2	0	0	4	24
chrUn_gl000220	114710	115724	2	2	0	0	1	25
chrUn_gl000220	114710	155989	2	2	0	1	0	25
chrUn_gl000220	114710	157987	2	2	0	1	0	14
chrUn_gl000220	114710	158235	2	2	0	23	0	24
chrUn_gl000220	114710	158426	2	2	0	3	0	25
chrUn_gl000220	114710	159696	2	2	0	0	1	25
chrUn_gl000220	114727	115027	1	1	0	0	5	18
chrUn_gl000220	114727	157728	1	1	0	9	0	14
chrUn_gl000220	114741	115001	1	1	0	0	3	13
chrUn_gl000220	114741	115219	1	1	0	0	1	32
chrUn_gl000220	114741	115913	1	1	0	0	3	26
chrUn_gl000220	114741	118082	1	1	0	6	0	14
chrUn_gl000220	114741	157563	1	1	0	0	5	28
chrUn_gl000220	114741	157722	1	1	0	1	0	23
chrUn_gl000220	114741	159885	1	1	0	0	3	26
chrUn_gl000220	114769	114839	1	1	0	0	2	24
chrUn_gl000220	114769	153294	1	1	0	3	0	12
chrUn_gl000220	114769	158284	1	1	0	1	0	14
chrUn_gl000220	114769	158542	1	1	0	7	0	20
chrUn_gl000220	114769	158590	1	1	0	5	0	12
chrUn_gl000220	114784	114848	2	2	0	0	3	22
chrUn_gl000220	114784	115136	2	2	0	0	4	24
chrUn_gl000220	114784	117173	2	2	0	3	0	22
chrUn_gl000220	114784	117661	2	2	0	0	15	28
chrUn_gl000220	114784	118304	2	2	0	5	0	26
chrUn_gl000220	114784	153048	2	2	0	6	0	26
chrUn_gl000220	114784	153342	2	2	0	10	0	26
chrUn_gl000220	114784	154254	2	2	0	7	0	26
chrUn_gl000220	114784	154301	2	2	0	23	0	31
chrUn_gl000220	114784	155989	2	2	0	12	0	27
chrUn_gl000220	114784	156091	2	2	0	4	0	26
chrUn_gl000220	114784	156742	2	2	0	3	0	28
chrUn_gl000220	114784	157419	2	2	0	7	0	26
chrUn_gl000220	114784	158646	2	2	0	7	0	27
chrUn_gl000220	114784	161633	2	2	0	0	15	28
chrUn_gl000220	114786	114807	2	2	0	0	8	24
chrUn_gl000220	114786	114810	2	2	0	0	7	24
chrUn_gl000220	114786	114848	2	2	0	0	3	23
chrUn_gl000220	114786	115724	2	2	0	0	6	24
chrUn_gl000220	114786	116161	2	2	0	0	8	17
chrUn_gl000220	114786	117173	2	2	0	0	6	24
chrUn_gl000220	114786	117184	2	2	0	0	2	20
chrUn_gl000220	114786	117210	2	2	0	0	3	29
chrUn_gl000220	114786	117271	2	2	0	0	8	19
chrUn_gl000220	114786	117661	2	2	0	0	12	30
chrUn_gl000220	114786	117665	2	2	0	0	9	29
chrUn_gl000220	114786	117950	2	2	0	5	0	18
chrUn_gl000220	114786	118072	2	2	0	6	0	27
chrUn_gl000220	114786	118077	2	2	0	16	0	24
chrUn_gl000220	114786	118291	2	2	0	5	0	24
chrUn_gl000220	114786	118327	2	2	0	5	0	24
chrUn_gl000220	114786	153342	2	2	0	6	0	24
chrUn_gl000220	114786	154301	2	2	0	1	0	26
chrUn_gl000220	114786	154459	2	2	0	8	0	21
chrUn_gl000220	114786	154639	2	2	0	2	0	24
chrUn_gl000220	114786	154684	2	2	0	4	0	24
chrUn_gl000220	114786	154818	2	2	0	2	0	21
chrUn_gl000220	114786	155989	2	2	0	12	0	28
chrUn_gl000220	114786	157320	2	2	0	8	0	22
chrUn_gl000220	114786	157478	2	2	0	0	12	21
chrUn_gl000220	114786	157547	2	2	0	8	0	24
chrUn_gl000220	114786	158255	2	2	0	9	1	22
chrUn_gl000220	114786	158558	2	2	0	8	0	15
chrUn_gl000220	114786	158644	2	2	0	20	0	24
chrUn_gl000220	114786	160133	2	2	0	0	8	17
chrUn_gl000220	114786	161145	2	2	0	0	6	24
chrUn_gl000220	114786	161156	2	2	0	0	2	20
chrUn_gl000220	114786	161182	2	2	0	0	3	29
chrUn_gl000220	114786	161243	2	2	0	0	8	19
chrUn_gl000220	114786	161633	2	2	0	0	12	30
chrUn_gl000220	114786	161637	2	2	0	0	9	29
chrUn_gl000220	114791	115001	1	1	0	0	5	19
chrUn_gl000220	114791	115017	1	1	0	0	9	19
chrUn_gl000220	114791	117072	1	1	0	0	3	19
chrUn_gl000220	114791	117534	1	1	0	0	13	13
chrUn_gl000220	114791	118259	1	1	0	3	0	19
chrUn_gl000220	114791	157359	1	1	0	7	0	22
chrUn_gl000220	114791	158763	1	1	0	12	24	21
chrUn_gl000220	114791	161044	1	1	0	0	3	19
chrUn_gl000220	114791	161506	1	1	0	0	13	13
chrUn_gl000220	114817	158542	1	1	0	7	0	18
chrUn_gl000220	114819	117173	2	2	0	0	5	27
chrUn_gl000220	114819	161145	2	2	0	0	5	27
chrUn_gl000220	114840	115256	1	1	0	0	4	17
chrUn_gl000220	114840	115630	1	1	0	0	2	16
chrUn_gl000220	114840	116103	1	1	0	0	8	24
chrUn_gl000220	114840	151193	1	1	0	0	1	20
chrUn_gl000220	114840	156254	1	1	0	0	9	14
chrUn_gl000220	114840	160075	1	1	0	0	8	24
chrUn_gl000220	114857	158654	1	1	0	2	0	15
chrUn_gl000220	114859	158654	1	1	0	16	0	27
chrUn_gl000220	114859	158657	1	1	0	1	0	27
chrUn_gl000220	114877	115891	1	1	0	0	6	31
chrUn_gl000220	114877	117204	1	1	0	0	3	20
chrUn_gl000220	114877	157749	1	1	0	48	0	32
chrUn_gl000220	114877	158654	1	1	0	22	0	23
chrUn_gl000220	114877	158657	1	1	0	56	0	32
chrUn_gl000220	114877	158817	1	1	0	4	0	18
chrUn_gl000220	114877	159863	1	1	0	0	6	31
chrUn_gl000220	114877	161176	1	1	0	0	3	20
chrUn_gl000220	114882	155999	2	2	0	9	0	16
chrUn_gl000220	114882	157386	2	2	0	4	0	32
chrUn_gl000220	114882	157740	2	2	0	8	0	31
chrUn_gl000220	114882	157755	2	2	0	26	0	24
chrUn_gl000220	114882	157987	2	2	0	5	0	17
chrUn_gl000220	114882	158644	2	2	0	21	0	32
chrUn_gl000220	114882	158646	2	2	0	42	0	32
chrUn_gl000220	114882	158650	2	2	0	1	0	15
chrUn_gl000220	114913	158885	2	2	0	0	1	30
chrUn_gl000220	114915	154429	2	2	0	4	0	24
chrUn_gl000220	114918	117901	1	1	0	5	0	28
chrUn_gl000220	114924	117596	1	1	0	0	2	13
chrUn_gl000220	114924	154556	1	1	0	5	0	32
chrUn_gl000220	114924	154729	1	1	0	9	0	23
chrUn_gl000220	114924	161568	1	1	0	0	2	13
chrUn_gl000220	114928	116146	1	1	0	0	5	32
chrUn_gl000220	114928	117999	1	1	0	1	0	17
chrUn_gl000220	114928	160118	1	1	0	0	5	32
chrUn_gl000220	114934	114980	1	1	0	0	6	13
chrUn_gl000220	114934	115312	1	1	0	0	6	22
chrUn_gl000220	114934	115441	1	1	0	0	17	13
chrUn_gl000220	114934	157730	1	1	0	12	0	15
chrUn_gl000220	114937	115222	2	2	0	0	8	14
chrUn_gl000220	114937	115611	2	2	0	0	2	26
chrUn_gl000220	114937	117661	2	2	0	0	5	23
chrUn_gl000220	114937	155996	2	2	0	23	0	20
chrUn_gl000220	114937	157658	2	2	0	4	0	15
chrUn_gl000220	114937	158644	2	2	0	9	0	27
chrUn_gl000220	114937	161633	2	2	0	0	5	23
chrUn_gl000220	114942	115017	1	1	0	0	11	23
chrUn_gl000220	114942	115627	1	1	0	0	1	24
chrUn_gl000220	114942	115630	1	1	0	0	13	14
chrUn_gl000220	114942	118053	1	1	0	1	0	16
chrUn_gl000220	114942	153908	1	1	0	1	0	31
chrUn_gl000220	114942	157718	1	1	0	9	0	14
chrUn_gl000220	114955	158823	1	1	0	7	0	19
chrUn_gl000220	114966	154436	1	1	0	0	1	13
chrUn_gl000220	114982	116563	2	2	0	0	5	31
chrUn_gl000220	114982	155989	2	2	0	9	0	31
chrUn_gl000220	114982	157320	2	2	0	6	0	28
chrUn_gl000220	114982	158255	2	2	0	4	0	27
chrUn_gl000220	114982	158646	2	2	0	8	0	22
chrUn_gl000220	114982	158854	2	2	0	11	0	23
chrUn_gl000220	114982	158954	2	2	0	1	3	30
chrUn_gl000220	114982	160535	2	2	0	0	5	31
chrUn_gl000220	114998	115861	1	1	0	0	12	13
chrUn_gl000220	114998	117300	1	1	0	0	3	12
chrUn_gl000220	114998	153157	1	1	0	0	1	13
chrUn_gl000220	114998	154539	1	1	0	1	0	13
chrUn_gl000220	114998	154556	1	1	0	3	0	13
chrUn_gl000220	114998	157414	1	1	0	2	0	13
chrUn_gl000220	114998	157749	1	1	0	1	0	17
chrUn_gl000220	114998	158654	1	1	0	14	0	19
chrUn_gl000220	114998	158835	1	1	0	4	0	13
chrUn_gl000220	114998	158845	1	1	0	2	0	22
chrUn_gl000220	114998	158970	1	1	0	0	5	23
chrUn_gl000220	114998	161272	1	1	0	0	3	12
chrUn_gl000220	115002	116588	2	2	0	0	1	13
chrUn_gl000220	115002	157755	2	2	0	11	0	18
chrUn_gl000220	115002	158644	2	2	0	8	0	17
chrUn_gl000220	115002	158646	2	2	0	4	0	18
chrUn_gl000220	115002	160560	2	2	0	0	1	13
chrUn_gl000220	115005	157722	1	1	0	0	2	20
chrUn_gl000220	115005	158657	1	1	0	2	1	19
chrUn_gl000220	115005	158989	1	1	0	9	0	12
chrUn_gl000220	115010	158644	2	2	0	9	0	25
chrUn_gl000220	115017	115441	1	1	0	0	4	13
chrUn_gl000220	115017	115627	1	1	0	0	16	32
chrUn_gl000220	115017	117433	1	1	0	0	5	24
chrUn_gl000220	115017	118257	1	1	0	4	0	32
chrUn_gl000220	115017	157367	1	1	0	7	0	30
chrUn_gl000220	115017	157414	1	1	0	4	0	25
chrUn_gl000220	115017	157716	1	1	0	5	0	32
chrUn_gl000220	115017	157720	1	1	0	2	0	32
chrUn_gl000220	115017	157728	1	1	0	10	0	32
chrUn_gl000220	115017	158970	1	1	0	7	0	15
chrUn_gl000220	115017	158989	1	1	0	0	99	32
chrUn_gl000220	115017	161405	1	1	0	0	5	24
chrUn_gl000220	115023	115624	2	2	0	0	1	22
chrUn_gl000220	115023	117505	2	2	0	0	1	13
chrUn_gl000220	115023	118286	2	2	0	7	0	31
chrUn_gl000220	115023	118291	2	2	0	5	0	21
chrUn_gl000220	115023	161477	2	2	0	0	1	13
chrUn_gl000220	115033	115616	2	2	0	0	6	17
chrUn_gl000220	115033	117972	2	2	0	3	0	18
chrUn_gl000220	115033	158031	2	2	0	4	0	17
chrUn_gl000220	115033	158646	2	2	0	4	0	17
chrUn_gl000220	115039	116181	2	2	0	0	3	21
chrUn_gl000220	115039	153954	2	2	0	10	0	13
chrUn_gl000220	115039	160153	2	2	0	0	3	21
chrUn_gl000220	115041	115245	2	2	0	0	66	25
chrUn_gl000220	115041	115611	2	2	0	0	10	26
chrUn_gl000220	115041	159030	2	2	0	0	1	28
chrUn_gl000220	115071	115216	1	1	0	0	15	27
chrUn_gl000220	115071	115219	1	1	0	0	9	20
chrUn_gl000220	115071	115443	1	1	0	0	13	22
chrUn_gl000220	115071	115737	1	1	0	0	6	27
chrUn_gl000220	115071	115861	1	1	0	0	65	30
chrUn_gl000220	115071	115875	1	1	0	0	14	24
chrUn_gl000220	115071	115891	1	1	0	0	4	18
chrUn_gl000220	115071	117220	1	1	0	0	6	20
chrUn_gl000220	115071	153515	1	1	0	2	0	23
chrUn_gl000220	115071	153637	1	1	0	4	0	29
chrUn_gl000220	115071	153970	1	1	0	3	0	23
chrUn_gl000220	115071	153972	1	1	0	9	0	29
chrUn_gl000220	115071	157772	1	1	0	10	0	26
chrUn_gl000220	115071	158280	1	1	0	7	0	23
chrUn_gl000220	115071	158284	1	1	0	4	0	20
chrUn_gl000220	115071	158823	1	1	0	5	0	19
chrUn_gl000220	115071	159043	1	1	0	0	15	32
chrUn_gl000220	115071	161192	1	1	0	0	6	20
chrUn_gl000220	115081	115219	1	1	0	0	7	15
chrUn_gl000220	115081	117729	1	1	0	0	1	30
chrUn_gl000220	115081	157028	1	1	0	1	0	23
chrUn_gl000220	115081	158284	1	1	0	4	0	18
chrUn_gl000220	115081	161701	1	1	0	0	1	30
chrUn_gl000220	115100	153111	1	1	0	4	0	19
chrUn_gl000220	115102	115124	2	2	0	0	1	26
chrUn_gl000220	115102	118077	2	2	0	4	0	18
chrUn_gl000220	115102	159087	2	2	0	10	0	23
chrUn_gl000220	115119	155999	2	2	0	3	0	17
chrUn_gl000220	115125	155996	2	2	0	3	0	23
chrUn_gl000220	115125	157325	2	2	0	8	0	22
chrUn_gl000220	115136	159108	2	2	0	0	11	22
chrUn_gl000220	115168	159145	1	1	0	0	4	17
chrUn_gl000220	115180	159043	1	1	0	1	0	12
chrUn_gl000220	115191	158999	1	1	0	0	3	16
chrUn_gl000220	115191	159163	1	1	0	0	17	17
chrUn_gl000220	115198	158999	1	1	0	10	0	30
chrUn_gl000220	115198	159004	1	1	0	43	0	30
chrUn_gl000220	115206	117173	2	2	0	0	4	12
chrUn_gl000220	115206	153135	2	2	0	9	0	24
chrUn_gl000220	115206	154438	2	2	0	5	0	31
chrUn_gl000220	115206	159178	2	2	0	0	28	28
chrUn_gl000220	115206	161145	2	2	0	0	4	12
chrUn_gl000220	115212	115308	1	1	0	0	3	20
chrUn_gl000220	115212	116230	1	1	0	0	1	23
chrUn_gl000220	115212	117308	1	1	0	0	7	31
chrUn_gl000220	115212	153972	1	1	0	8	0	16
chrUn_gl000220	115212	157379	1	1	0	5	0	21
chrUn_gl000220	115212	158772	1	1	0	6	0	18
chrUn_gl000220	115212	158989	1	1	0	4	0	16
chrUn_gl000220	115212	158999	1	1	0	20	0	28
chrUn_gl000220	115212	159004	1	1	0	6	0	30
chrUn_gl000220	115212	159163	1	1	0	6	0	16
chrUn_gl000220	115212	160202	1	1	0	0	1	23
chrUn_gl000220	115212	161280	1	1	0	0	7	31
chrUn_gl000220	115222	154303	2	2	0	7	0	26
chrUn_gl000220	115222	159194	2	2	0	8	6	16
chrUn_gl000220	115251	118082	1	1	0	0	8	26
chrUn_gl000220	115273	116181	2	2	0	0	6	32
chrUn_gl000220	115273	157390	2	2	0	7	0	32
chrUn_gl000220	115273	157419	2	2	0	5	0	15
chrUn_gl000220	115273	158235	2	2	0	7	0	22
chrUn_gl000220	115273	159194	2	2	0	0	6	15
chrUn_gl000220	115293	117308	1	1	0	0	4	21
chrUn_gl000220	115293	159191	1	1	0	7	0	26
chrUn_gl000220	115293	161280	1	1	0	0	4	21
chrUn_gl000220	115320	115949	1	1	0	0	5	25
chrUn_gl000220	115332	159304	1	1	0	1	10	31
chrUn_gl000220	115343	154195	2	2	0	5	0	17
chrUn_gl000220	115352	159322	1	1	0	9	0	20
chrUn_gl000220	115354	116105	1	1	0	0	5	27
chrUn_gl000220	115354	116243	1	1	0	0	4	12
chrUn_gl000220	115354	154343	1	1	0	3	0	20
chrUn_gl000220	115361	115730	2	2	0	0	1	18
chrUn_gl000220	115361	154611	2	2	0	2	0	17
chrUn_gl000220	115361	154745	2	2	0	3	0	12
chrUn_gl000220	115384	154195	2	2	0	3	0	22
chrUn_gl000220	115384	159254	2	2	0	18	0	31
chrUn_gl000220	115400	157245	2	2	0	5	0	12
chrUn_gl000220	115426	115498	1	1	0	0	5	23
chrUn_gl000220	115426	153970	1	1	0	6	0	30
chrUn_gl000220	115426	154200	1	1	0	6	0	20
chrUn_gl000220	115426	158575	1	1	0	9	0	31
chrUn_gl000220	115436	115627	1	1	0	0	7	19
chrUn_gl000220	115436	115786	1	1	0	0	13	31
chrUn_gl000220	115436	115891	1	1	0	0	6	32
chrUn_gl000220	115436	117314	1	1	0	0	4	23
chrUn_gl000220	115436	154120	1	1	0	9	0	30
chrUn_gl000220	115436	154539	1	1	0	6	0	23
chrUn_gl000220	115436	156373	1	1	0	12	0	28
chrUn_gl000220	115436	158280	1	1	0	21	0	31
chrUn_gl000220	115436	158284	1	1	0	8	0	17
chrUn_gl000220	115436	158594	1	1	0	10	0	18
chrUn_gl000220	115436	158989	1	1	0	15	0	23
chrUn_gl000220	115436	158999	1	1	0	9	0	23
chrUn_gl000220	115436	159170	1	1	0	9	0	19
chrUn_gl000220	115436	159188	1	1	0	103	0	32
chrUn_gl000220	115436	159191	1	1	0	3	0	31
chrUn_gl000220	115436	159408	1	1	0	41	16	32
chrUn_gl000220	115436	159413	1	1	0	98	1	32
chrUn_gl000220	115436	159415	1	1	0	8	0	20
chrUn_gl000220	115436	161286	1	1	0	0	4	23
chrUn_gl000220	115443	118065	1	1	0	9	0	24
chrUn_gl000220	115443	158284	1	1	0	6	0	25
chrUn_gl000220	115443	159004	1	1	0	0	5	24
chrUn_gl000220	115443	159415	1	1	0	1	51	28
chrUn_gl000220	115481	149981	1	1	0	1	0	12
chrUn_gl000220	115481	157718	1	1	0	11	0	25
chrUn_gl000220	115486	115771	1	1	0	0	7	20
chrUn_gl000220	115486	158811	1	1	0	3	0	23
chrUn_gl000220	115488	116448	1	1	0	0	1	22
chrUn_gl000220	115488	138843	1	1	0	6	0	12
chrUn_gl000220	115488	154556	1	1	0	7	0	20
chrUn_gl000220	115488	156375	1	1	0	0	6	15
chrUn_gl000220	115488	157749	1	1	0	2	0	19
chrUn_gl000220	115488	159470	1	1	0	0	1	13
chrUn_gl000220	115492	115727	1	1	0	0	2	27
chrUn_gl000220	115492	115891	1	1	0	0	4	15
chrUn_gl000220	115492	118259	1	1	0	5	0	28
chrUn_gl000220	115492	153649	1	1	0	5	0	32
chrUn_gl000220	115492	158067	1	1	0	12	0	23
chrUn_gl000220	115492	158284	1	1	0	4	0	29
chrUn_gl000220	115492	159415	1	1	0	2	0	24
chrUn_gl000220	115492	159470	1	1	0	0	21	30
chrUn_gl000220	115524	116854	1	1	0	0	1	17
chrUn_gl000220	115524	156416	1	1	0	8	0	22
chrUn_gl000220	115524	157749	1	1	0	7	0	21
chrUn_gl000220	115524	158343	1	1	0	0	1	28
chrUn_gl000220	115524	158970	1	1	0	7	0	22
chrUn_gl000220	115524	160826	1	1	0	0	1	17
chrUn_gl000220	115526	115627	1	1	0	0	1	20
chrUn_gl000220	115531	117446	1	1	0	0	2	12
chrUn_gl000220	115531	138843	1	1	0	6	0	12
chrUn_gl000220	115531	155140	1	1	0	10	0	22
chrUn_gl000220	115531	155424	1	1	0	2	0	19
chrUn_gl000220	115531	158811	1	1	0	2	0	26
chrUn_gl000220	115531	161418	1	1	0	0	2	12
chrUn_gl000220	115534	116181	2	2	0	0	1	24
chrUn_gl000220	115534	117210	2	2	0	0	3	24
chrUn_gl000220	115534	117213	2	2	0	0	3	23
chrUn_gl000220	115534	154127	2	2	0	2	0	30
chrUn_gl000220	115534	154332	2	2	0	7	0	18
chrUn_gl000220	115534	157386	2	2	0	3	0	17
chrUn_gl000220	115534	159282	2	2	0	7	0	25
chrUn_gl000220	115534	161182	2	2	0	0	3	24
chrUn_gl000220	115534	161185	2	2	0	0	3	23
chrUn_gl000220	115558	118158	2	2	0	0	2	18
chrUn_gl000220	115566	116511	2	4	0	0	4	24
chrUn_gl000220	115613	158255	2	2	0	3	0	27
chrUn_gl000220	115613	159588	2	2	0	0	1	14
chrUn_gl000220	115627	158999	1	1	0	4	0	16
chrUn_gl000220	115627	159408	1	1	0	30	0	25
chrUn_gl000220	115627	159413	1	1	0	50	11	25
chrUn_gl000220	115627	159599	1	1	0	0	11	25
chrUn_gl000220	115639	159217	2	2	0	9	0	27
chrUn_gl000220	115644	158970	1	1	0	7	0	23
chrUn_gl000220	115644	158973	1	1	0	4	0	19
chrUn_gl000220	115644	159415	1	1	0	2	0	23
chrUn_gl000220	115650	155996	2	2	0	8	0	15
chrUn_gl000220	115650	157419	2	2	0	4	0	17
chrUn_gl000220	115650	158646	2	2	0	20	0	21
chrUn_gl000220	115650	158854	2	2	0	4	0	16
chrUn_gl000220	115650	158885	2	2	0	9	0	17
chrUn_gl000220	115650	158954	2	2	0	5	0	14
chrUn_gl000220	115650	158963	2	2	0	59	1	27
chrUn_gl000220	115650	159420	2	2	0	10	0	17
chrUn_gl000220	115675	149433	1	1	0	1	0	12
chrUn_gl000220	115675	159652	1	1	0	0	1	16
chrUn_gl000220	115690	117291	1	1	0	0	3	22
chrUn_gl000220	115690	151001	1	1	0	4	0	14
chrUn_gl000220	115690	152786	1	1	0	8	0	26
chrUn_gl000220	115690	153274	1	1	0	4	0	27
chrUn_gl000220	115690	158252	1	1	0	1	0	21
chrUn_gl000220	115690	158284	1	1	0	21	0	22
chrUn_gl000220	115690	158952	1	1	0	5	0	22
chrUn_gl000220	115690	158970	1	1	0	110	0	29
chrUn_gl000220	115690	158973	1	1	0	179	0	29
chrUn_gl000220	115690	159599	1	1	0	25	0	22
chrUn_gl000220	115690	159602	1	1	0	43	0	23
chrUn_gl000220	115690	161263	1	1	0	0	3	22
chrUn_gl000220	115698	154143	2	2	0	2	0	28
chrUn_gl000220	115698	156100	2	2	0	4	0	14
chrUn_gl000220	115698	158954	2	2	0	3	0	32
chrUn_gl000220	115698	159243	2	2	0	3	0	30
chrUn_gl000220	115702	115875	1	1	0	0	2	18
chrUn_gl000220	115702	154841	1	1	0	1	0	24
chrUn_gl000220	115702	158943	1	1	0	0	1	23
chrUn_gl000220	115702	159599	1	1	0	0	9	23
chrUn_gl000220	115705	138843	1	1	0	3	0	12
chrUn_gl000220	115708	117825	1	1	0	7	0	22
chrUn_gl000220	115708	158763	1	1	0	6	0	31
chrUn_gl000220	115708	158772	1	1	0	3	0	23
chrUn_gl000220	115708	158952	1	1	0	1	0	25
chrUn_gl000220	115708	159188	1	1	0	5	0	26
chrUn_gl000220	115730	159702	2	2	0	0	17	30
chrUn_gl000220	115744	153970	1	1	0	9	0	30
chrUn_gl000220	115744	158970	1	1	0	3	0	22
chrUn_gl000220	115744	159716	1	1	0	0	6	17
chrUn_gl000220	115754	115861	1	1	0	0	5	26
chrUn_gl000220	115754	115875	1	1	0	0	2	13
chrUn_gl000220	115754	117711	1	1	0	0	2	28
chrUn_gl000220	115754	153972	1	1	0	5	0	30
chrUn_gl000220	115754	157722	1	1	0	4	0	32
chrUn_gl000220	115754	158763	1	1	0	1	0	17
chrUn_gl000220	115754	159724	1	1	0	0	4	21
chrUn_gl000220	115754	161683	1	1	0	0	2	28
chrUn_gl000220	115761	115861	1	1	0	0	4	32
chrUn_gl000220	115761	115913	1	1	0	0	1	19
chrUn_gl000220	115761	156646	1	1	0	3	0	20
chrUn_gl000220	115761	158249	1	1	0	3	0	18
chrUn_gl000220	115761	158284	1	1	0	1	0	24
chrUn_gl000220	115771	116103	1	1	0	0	8	22
chrUn_gl000220	115782	117220	1	1	0	0	4	32
chrUn_gl000220	115782	158249	1	1	0	3	0	27
chrUn_gl000220	115782	161192	1	1	0	0	4	32
chrUn_gl000220	115786	115861	1	1	0	0	9	15
chrUn_gl000220	115786	116493	1	1	0	4	0	13
chrUn_gl000220	115786	153877	1	1	0	5	0	12
chrUn_gl000220	115786	153880	1	1	0	3	0	14
chrUn_gl000220	115786	154351	1	1	0	3	0	28
chrUn_gl000220	115786	158249	1	1	0	4	0	27
chrUn_gl000220	115813	157318	1	1	0	1	0	28
chrUn_gl000220	115813	159188	1	1	0	4	0	17
chrUn_gl000220	115836	117599	2	2	0	0	7	27
chrUn_gl000220	115836	155996	2	2	0	4	0	30
chrUn_gl000220	115836	161571	2	2	0	0	7	27
chrUn_gl000220	115840	115861	1	1	0	0	2	12
chrUn_gl000220	115840	116105	1	1	0	0	3	29
chrUn_gl000220	115840	116243	1	1	0	0	6	25
chrUn_gl000220	115840	153523	1	1	0	5	0	12
chrUn_gl000220	115840	158577	1	1	0	10	0	14
chrUn_gl000220	115865	159837	1	1	0	0	2	24
chrUn_gl000220	115870	138843	1	1	0	1	0	12
chrUn_gl000220	115870	154619	1	1	0	9	0	31
chrUn_gl000220	115870	157367	1	1	0	0	6	29
chrUn_gl000220	115870	158999	1	1	0	8	0	13
chrUn_gl000220	115891	159863	1	1	0	56	364	32
chrUn_gl000220	115921	159893	1	1	0	0	6	28
chrUn_gl000220	115926	154910	1	1	0	0	1	21
chrUn_gl000220	115926	157722	1	1	0	1	0	16
chrUn_gl000220	115926	159885	1	1	0	1	0	18
chrUn_gl000220	115971	115990	1	1	0	0	25	26
chrUn_gl000220	115971	116045	1	1	0	0	35	28
chrUn_gl000220	115971	116105	1	1	0	0	11	28
chrUn_gl000220	115971	117254	1	1	0	0	1	25
chrUn_gl000220	115971	153868	1	1	0	4	0	22
chrUn_gl000220	115971	156375	1	1	0	3	0	24
chrUn_gl000220	115971	156408	1	1	0	5	0	21
chrUn_gl000220	115971	158284	1	1	0	3	0	19
chrUn_gl000220	115971	158693	1	1	0	2	0	17
chrUn_gl000220	115971	159699	1	1	0	3	0	13
chrUn_gl000220	115971	159941	1	1	0	0	2	25
chrUn_gl000220	115971	159943	1	1	0	19	34	29
chrUn_gl000220	115971	161226	1	1	0	0	1	25
chrUn_gl000220	115974	117271	2	2	0	0	3	13
chrUn_gl000220	115974	118077	2	2	0	6	0	17
chrUn_gl000220	115974	156377	2	2	0	10	0	28
chrUn_gl000220	115974	158286	2	2	0	7	0	25
chrUn_gl000220	115974	158954	2	2	0	5	0	29
chrUn_gl000220	115974	159588	2	2	0	0	2	25
chrUn_gl000220	115974	161243	2	2	0	0	3	13
chrUn_gl000220	115981	155989	2	2	0	6	0	25
chrUn_gl000220	115981	159087	2	2	0	4	0	14
chrUn_gl000220	115981	159696	2	2	0	5	0	31
chrUn_gl000220	115985	116045	1	1	0	0	8	29
chrUn_gl000220	115985	138843	1	1	0	4	0	12
chrUn_gl000220	115985	157318	1	1	0	3	0	27
chrUn_gl000220	115985	157414	1	1	0	2	5	28
chrUn_gl000220	115985	158693	1	1	0	5	0	19
chrUn_gl000220	115985	159962	1	1	0	5	0	14
chrUn_gl000220	116011	116230	1	1	0	0	1	13
chrUn_gl000220	116011	159998	1	1	0	7	0	26
chrUn_gl000220	116037	116691	2	2	0	0	1	16
chrUn_gl000220	116037	156256	2	2	0	3	0	13
chrUn_gl000220	116037	159696	2	2	0	3	0	21
chrUn_gl000220	116047	159863	1	1	0	1	0	27
chrUn_gl000220	116047	159871	1	1	0	0	6	21
chrUn_gl000220	116047	160017	1	1	0	0	4	27
chrUn_gl000220	116053	116493	1	1	0	0	1	12
chrUn_gl000220	116053	117276	1	1	0	0	5	21
chrUn_gl000220	116053	118259	1	1	0	2	0	14
chrUn_gl000220	116053	157330	1	1	0	6	0	22
chrUn_gl000220	116053	158999	1	1	0	13	0	32
chrUn_gl000220	116053	159188	1	1	0	5	0	26
chrUn_gl000220	116053	159413	1	1	0	15	0	21
chrUn_gl000220	116053	159415	1	1	0	6	0	29
chrUn_gl000220	116053	159425	1	1	0	5	0	21
chrUn_gl000220	116053	159699	1	1	0	2	0	30
chrUn_gl000220	116053	159716	1	1	0	1	0	21
chrUn_gl000220	116053	159743	1	1	0	6	0	21
chrUn_gl000220	116053	159847	1	1	0	0	21	27
chrUn_gl000220	116053	159863	1	1	0	12	0	22
chrUn_gl000220	116053	161248	1	1	0	0	5	21
chrUn_gl000220	116069	159599	1	1	0	0	3	28
chrUn_gl000220	116074	149419	2	2	0	0	1	12
chrUn_gl000220	116086	116181	2	2	0	0	2	28
chrUn_gl000220	116086	117505	2	2	0	0	6	12
chrUn_gl000220	116086	153550	2	2	0	1	0	28
chrUn_gl000220	116086	153634	2	2	0	12	0	30
chrUn_gl000220	116086	155989	2	2	0	7	0	30
chrUn_gl000220	116086	156091	2	2	0	13	0	26
chrUn_gl000220	116086	159212	2	2	0	9	0	27
chrUn_gl000220	116086	159696	2	2	0	7	0	30
chrUn_gl000220	116086	159902	2	2	0	8	0	30
chrUn_gl000220	116086	159907	2	2	0	12	0	32
chrUn_gl000220	116086	161477	2	2	0	0	6	12
chrUn_gl000220	116107	157563	1	1	0	0	1	20
chrUn_gl000220	116107	158590	1	1	0	4	0	12
chrUn_gl000220	116107	159863	1	1	0	10	0	17
chrUn_gl000220	116107	159962	1	1	0	8	0	19
chrUn_gl000220	116107	160077	1	1	0	0	4	14
chrUn_gl000220	116109	138843	1	1	0	8	0	12
chrUn_gl000220	116109	157318	1	1	0	3	0	18
chrUn_gl000220	116109	158989	1	1	0	5	0	13
chrUn_gl000220	116109	158999	1	1	0	4	0	18
chrUn_gl000220	116109	159847	1	1	0	10	0	13
chrUn_gl000220	116109	159967	1	1	0	0	7	21
chrUn_gl000220	116128	117265	1	1	0	0	8	17
chrUn_gl000220	116128	118257	1	1	0	4	0	14
chrUn_gl000220	116128	151053	1	1	0	2	0	25
chrUn_gl000220	116128	153866	1	1	0	3	0	22
chrUn_gl000220	116128	157563	1	1	0	1	0	19
chrUn_gl000220	116128	157749	1	1	0	8	0	18
chrUn_gl000220	116128	158252	1	1	0	33	0	25
chrUn_gl000220	116128	158999	1	1	0	11	0	29
chrUn_gl000220	116128	159769	1	1	0	17	0	31
chrUn_gl000220	116128	159847	1	1	0	35	0	22
chrUn_gl000220	116128	159863	1	1	0	34	0	30
chrUn_gl000220	116128	159871	1	1	0	0	1	29
chrUn_gl000220	116128	159885	1	1	0	0	4	16
chrUn_gl000220	116128	160017	1	1	0	6	0	17
chrUn_gl000220	116128	161237	1	1	0	0	8	17
chrUn_gl000220	116147	117300	1	1	0	0	7	12
chrUn_gl000220	116147	117314	1	1	0	0	1	21
chrUn_gl000220	116147	153970	1	1	0	7	0	22
chrUn_gl000220	116147	157414	1	1	0	5	0	30
chrUn_gl000220	116147	158973	1	1	0	5	0	29
chrUn_gl000220	116147	158989	1	1	0	1	0	29
chrUn_gl000220	116147	158999	1	1	0	3	0	12
chrUn_gl000220	116147	159188	1	1	0	4	0	29
chrUn_gl000220	116147	159191	1	1	0	11	0	23
chrUn_gl000220	116147	159425	1	1	0	8	0	16
chrUn_gl000220	116147	159716	1	1	0	15	0	29
chrUn_gl000220	116147	159740	1	1	0	20	0	28
chrUn_gl000220	116147	159743	1	1	0	12	0	28
chrUn_gl000220	116147	159758	1	1	0	1	0	31
chrUn_gl000220	116147	159847	1	1	0	2	0	22
chrUn_gl000220	116147	159863	1	1	0	6	0	32
chrUn_gl000220	116147	159885	1	1	0	8	0	23
chrUn_gl000220	116147	161272	1	1	0	0	7	12
chrUn_gl000220	116147	161286	1	1	0	0	1	21
chrUn_gl000220	116149	154264	2	2	0	3	0	23
chrUn_gl000220	116149	159702	2	2	0	3	0	26
chrUn_gl000220	116156	116956	1	1	0	0	6	25
chrUn_gl000220	116156	117251	1	1	0	0	15	25
chrUn_gl000220	116156	118049	1	1	0	3	0	17
chrUn_gl000220	116156	118065	1	1	0	3	0	21
chrUn_gl000220	116156	154270	1	1	0	1	0	19
chrUn_gl000220	116156	157367	1	1	0	6	0	32
chrUn_gl000220	116156	157382	1	1	0	6	0	20
chrUn_gl000220	116156	158280	1	1	0	6	0	27
chrUn_gl000220	116156	158654	1	1	0	7	0	28
chrUn_gl000220	116156	159599	1	1	0	5	0	20
chrUn_gl000220	116156	159661	1	1	0	4	0	28
chrUn_gl000220	116156	159699	1	1	0	40	0	28
chrUn_gl000220	116156	159709	1	1	0	1	0	18
chrUn_gl000220	116156	159743	1	1	0	3	0	14
chrUn_gl000220	116156	159863	1	1	0	8	0	20
chrUn_gl000220	116156	159962	1	1	0	8	0	24
chrUn_gl000220	116156	161223	1	1	0	0	15	25
chrUn_gl000220	116165	118316	2	2	0	9	0	31
chrUn_gl000220	116165	154818	2	2	0	9	0	20
chrUn_gl000220	116165	159696	2	2	0	15	0	15
chrUn_gl000220	116165	159702	2	2	0	435	1	32
chrUn_gl000220	116167	159696	2	2	0	4	2	32
chrUn_gl000220	116174	118325	1	1	0	7	0	27
chrUn_gl000220	116174	157627	1	1	0	6	0	25
chrUn_gl000220	116174	159188	1	1	0	7	0	25
chrUn_gl000220	116174	159605	1	1	0	5	0	13
chrUn_gl000220	116174	159699	1	1	0	16	0	22
chrUn_gl000220	116174	159996	1	1	0	7	0	25
chrUn_gl000220	116185	153868	1	1	0	4	0	21
chrUn_gl000220	116185	159699	1	1	0	17	0	30
chrUn_gl000220	116185	160160	1	1	0	0	6	15
chrUn_gl000220	116198	117176	1	1	0	0	2	16
chrUn_gl000220	116198	159191	1	1	0	1	0	16
chrUn_gl000220	116198	160170	1	1	0	1	1	28
chrUn_gl000220	116198	161148	1	1	0	0	2	16
chrUn_gl000220	116215	116243	1	1	0	0	6	31
chrUn_gl000220	116215	116627	1	1	0	0	1	32
chrUn_gl000220	116215	117729	1	1	0	0	4	14
chrUn_gl000220	116215	160202	1	1	0	1	0	12
chrUn_gl000220	116215	161701	1	1	0	0	4	14
chrUn_gl000220	116219	117173	2	2	0	0	11	31
chrUn_gl000220	116219	117745	2	2	0	0	3	29
chrUn_gl000220	116219	157386	2	2	0	1	0	17
chrUn_gl000220	116219	160191	2	2	0	0	100	30
chrUn_gl000220	116219	161717	2	2	0	0	3	29
chrUn_gl000220	116237	117173	2	2	0	0	2	22
chrUn_gl000220	116237	154127	2	2	0	4	0	12
chrUn_gl000220	116239	116959	2	2	0	0	7	21
chrUn_gl000220	116239	117173	2	2	0	0	44	29
chrUn_gl000220	116239	117184	2	2	0	0	3	25
chrUn_gl000220	116239	154684	2	2	0	4	0	13
chrUn_gl000220	116239	158614	2	2	0	4	0	13
chrUn_gl000220	116278	116563	2	2	0	0	3	30
chrUn_gl000220	116295	154993	2	2	0	0	3	13
chrUn_gl000220	116295	158782	2	2	0	0	1	13
chrUn_gl000220	116338	116588	2	2	0	0	1	31
chrUn_gl000220	116347	116536	2	2	0	0	364	29
chrUn_gl000220	116347	117540	2	2	0	0	1	27
chrUn_gl000220	116347	153499	2	2	0	6	0	21
chrUn_gl000220	116347	158644	2	2	0	19	0	28
chrUn_gl000220	116347	160153	2	2	0	4	0	27
chrUn_gl000220	116347	161512	2	2	0	0	1	27
chrUn_gl000220	116368	146389	1	3	0	1	0	14
chrUn_gl000220	116378	138839	2	2	0	0	1	16
chrUn_gl000220	116382	149675	2	2	0	0	1	13
chrUn_gl000220	116382	157987	2	2	0	5	0	18
chrUn_gl000220	116402	159907	2	2	0	2	0	20
chrUn_gl000220	116406	117568	2	2	0	0	6	27
chrUn_gl000220	116406	158255	2	2	0	3	0	27
chrUn_gl000220	116406	161540	2	2	0	0	6	27
chrUn_gl000220	116410	157478	2	2	0	0	1	17
chrUn_gl000220	116410	158456	2	2	0	5	0	32
chrUn_gl000220	116410	159551	2	2	0	9	0	13
chrUn_gl000220	116410	159907	2	2	0	2	0	30
chrUn_gl000220	116412	156100	2	2	0	3	0	23
chrUn_gl000220	116412	159551	2	2	0	41	12	13
chrUn_gl000220	116429	149332	2	2	0	0	3	18
chrUn_gl000220	116436	154195	2	2	0	4	0	25
chrUn_gl000220	116436	159696	2	2	0	6	0	24
chrUn_gl000220	116481	116600	1	1	0	0	1	20
chrUn_gl000220	116538	117011	1	1	0	0	3	15
chrUn_gl000220	116538	158817	1	1	0	6	0	18
chrUn_gl000220	116538	159188	1	1	0	10	0	14
chrUn_gl000220	116588	160560	2	2	0	0	2	23
chrUn_gl000220	116588	160567	2	2	0	2	0	29
chrUn_gl000220	116608	154332	2	2	0	1	0	21
chrUn_gl000220	116614	159470	1	1	0	0	2	24
chrUn_gl000220	116639	157555	1	1	0	0	1	17
chrUn_gl000220	116639	159871	1	1	0	0	5	21
chrUn_gl000220	116697	116854	1	1	0	0	2	25
chrUn_gl000220	116699	160668	2	2	0	0	2	12
chrUn_gl000220	116713	159885	1	1	0	13	0	12
chrUn_gl000220	116713	160215	1	1	0	5	0	15
chrUn_gl000220	116748	116863	1	1	0	0	7	12
chrUn_gl000220	116772	117724	1	1	0	0	2	29
chrUn_gl000220	116772	138843	1	1	0	6	0	12
chrUn_gl000220	116776	117151	1	1	0	0	1	12
chrUn_gl000220	116776	142114	1	1	0	1	0	15
chrUn_gl000220	116822	117295	2	2	0	0	4	17
chrUn_gl000220	116910	153972	1	1	0	5	0	19
chrUn_gl000220	116910	158575	1	1	0	3	0	17
chrUn_gl000220	116929	154611	2	2	0	0	1	12
chrUn_gl000220	116941	154684	2	2	0	4	0	13
chrUn_gl000220	116941	157419	2	2	0	8	0	27
chrUn_gl000220	116941	158644	2	2	0	6	0	27
chrUn_gl000220	116941	159217	2	2	0	11	0	22
chrUn_gl000220	116941	159282	2	2	0	1	0	26
chrUn_gl000220	116941	159391	2	2	0	10	0	27
chrUn_gl000220	116941	160508	2	2	0	21	0	26
chrUn_gl000220	116952	157467	2	2	0	14	0	28
chrUn_gl000220	116952	160924	2	2	0	0	5	23
chrUn_gl000220	116959	117184	2	2	0	0	2	15
chrUn_gl000220	116959	159420	2	2	0	1	0	19
chrUn_gl000220	116962	153714	1	1	0	5	0	27
chrUn_gl000220	116983	117173	2	2	0	0	20	28
chrUn_gl000220	116985	117123	1	1	0	0	3	21
chrUn_gl000220	116985	117127	1	1	0	0	4	25
chrUn_gl000220	116985	153157	1	1	0	4	0	32
chrUn_gl000220	116985	159833	1	1	0	10	0	12
chrUn_gl000220	116985	160215	1	1	0	8	0	21
chrUn_gl000220	117023	153770	1	1	0	3	0	25
chrUn_gl000220	117023	159287	1	1	0	4	0	30
chrUn_gl000220	117023	159628	1	1	0	2	0	23
chrUn_gl000220	117043	117173	2	2	0	0	7	23
chrUn_gl000220	117043	160969	2	2	0	4	0	16
chrUn_gl000220	117053	159738	2	2	0	7	0	25
chrUn_gl000220	117055	158854	2	2	0	9	0	14
chrUn_gl000220	117055	158954	2	2	0	3	0	13
chrUn_gl000220	117061	117151	1	1	0	0	9	32
chrUn_gl000220	117061	117251	1	1	0	0	1	27
chrUn_gl000220	117061	117729	1	1	0	0	1	19
chrUn_gl000220	117061	117892	1	1	0	8	0	19
chrUn_gl000220	117061	159188	1	1	0	2	0	24
chrUn_gl000220	117061	159620	1	1	0	5	0	30
chrUn_gl000220	117061	161039	1	1	0	11	0	15
chrUn_gl000220	117067	117254	1	1	0	0	1	23
chrUn_gl000220	117067	117953	1	1	0	4	0	19
chrUn_gl000220	117067	117955	1	1	0	3	0	18
chrUn_gl000220	117067	117964	1	1	0	11	0	25
chrUn_gl000220	117067	156422	1	1	0	8	0	21
chrUn_gl000220	117067	160135	1	1	0	1	0	26
chrUn_gl000220	117067	160215	1	1	0	10	0	18
chrUn_gl000220	117067	161039	1	1	0	5	5	14
chrUn_gl000220	117091	157749	1	1	0	7	0	26
chrUn_gl000220	117104	157428	1	1	0	0	1	24
chrUn_gl000220	117108	151018	2	2	0	3	0	19
chrUn_gl000220	117108	154172	2	2	0	0	6	14
chrUn_gl000220	117108	161080	2	2	0	0	3	24
chrUn_gl000220	117114	117155	2	2	0	0	3	21
chrUn_gl000220	117114	161086	2	2	0	0	2	21
chrUn_gl000220	117124	117714	1	1	0	0	1	14
chrUn_gl000220	117124	157414	1	1	0	6	0	22
chrUn_gl000220	117124	158763	1	1	0	11	0	31
chrUn_gl000220	117136	118316	2	2	0	5	0	14
chrUn_gl000220	117139	117265	1	1	0	0	10	18
chrUn_gl000220	117139	117622	1	1	0	0	8	28
chrUn_gl000220	117139	117996	1	1	0	5	0	18
chrUn_gl000220	117139	158999	1	1	0	6	0	23
chrUn_gl000220	117139	159863	1	1	0	6	0	18
chrUn_gl000220	117184	161156	2	2	0	0	6	26
chrUn_gl000220	117197	161169	2	2	0	1	7	23
chrUn_gl000220	117258	158963	2	2	0	3	0	22
chrUn_gl000220	117260	117881	1	1	0	6	0	13
chrUn_gl000220	117266	155996	2	2	0	6	0	30
chrUn_gl000220	117266	159588	2	2	0	9	0	14
chrUn_gl000220	117271	155996	2	2	0	7	0	30
chrUn_gl000220	117271	161243	2	2	0	5	0	16
chrUn_gl000220	117273	161228	2	2	0	2	0	25
chrUn_gl000220	117276	157718	1	1	0	2	0	26
chrUn_gl000220	117276	161248	1	1	0	4	10	25
chrUn_gl000220	117303	117711	1	1	0	0	1	18
chrUn_gl000220	117303	153743	1	1	0	1	0	22
chrUn_gl000220	117303	161280	1	1	0	16	0	28
chrUn_gl000220	117314	161286	1	1	0	0	2	21
chrUn_gl000220	117341	118053	1	1	0	2	0	26
chrUn_gl000220	117341	118325	1	1	0	9	0	23
chrUn_gl000220	117341	154556	1	1	0	9	0	27
chrUn_gl000220	117341	159573	1	1	0	3	0	28
chrUn_gl000220	117341	159847	1	1	0	13	0	28
chrUn_gl000220	117341	161323	1	1	0	20	0	22
chrUn_gl000220	117366	138843	1	1	0	1	0	13
chrUn_gl000220	117366	154556	1	1	0	2	0	21
chrUn_gl000220	117366	161223	1	1	0	4	0	16
chrUn_gl000220	117377	117655	2	2	0	0	5	27
chrUn_gl000220	117377	117950	2	2	0	4	0	21
chrUn_gl000220	117377	157320	2	2	0	8	0	28
chrUn_gl000220	117390	161286	1	1	0	8	0	25
chrUn_gl000220	117401	161373	2	2	0	11	10	22
chrUn_gl000220	117404	161376	2	2	0	1	0	26
chrUn_gl000220	117406	161267	2	2	0	39	0	29
chrUn_gl000220	117406	161376	2	2	0	0	6	26
chrUn_gl000220	117412	161263	1	1	0	8	0	31
chrUn_gl000220	117412	161274	1	1	0	6	0	22
chrUn_gl000220	117421	117518	2	2	0	0	8	23
chrUn_gl000220	117421	117605	2	2	0	0	1	12
chrUn_gl000220	117421	154112	2	2	0	2	0	21
chrUn_gl000220	117421	161393	2	2	0	0	8	25
chrUn_gl000220	117429	159599	1	1	0	3	0	16
chrUn_gl000220	117429	159743	1	1	0	1	0	16
chrUn_gl000220	117429	161248	1	1	0	7	0	14
chrUn_gl000220	117429	161405	1	1	0	0	1	15
chrUn_gl000220	117457	118291	2	2	0	8	0	19
chrUn_gl000220	117457	153448	2	2	0	5	0	15
chrUn_gl000220	117457	155530	2	2	0	0	1	18
chrUn_gl000220	117457	157740	2	2	0	1	0	14
chrUn_gl000220	117457	159021	2	2	0	12	0	16
chrUn_gl000220	117457	161376	2	2	0	1	0	16
chrUn_gl000220	117459	158213	2	2	0	4	0	20
chrUn_gl000220	117459	161228	2	2	0	4	0	24
chrUn_gl000220	117459	161243	2	2	0	16	0	24
chrUn_gl000220	117463	117505	2	2	0	0	1	19
chrUn_gl000220	117463	117665	2	2	0	0	3	24
chrUn_gl000220	117463	138839	2	2	0	0	1	16
chrUn_gl000220	117463	153368	2	2	0	18	0	28
chrUn_gl000220	117463	154818	2	2	0	1	0	26
chrUn_gl000220	117463	158235	2	2	0	6	0	21
chrUn_gl000220	117463	159738	2	2	0	5	0	25
chrUn_gl000220	117463	161228	2	2	0	6	0	28
chrUn_gl000220	117463	161243	2	2	0	7	0	27
chrUn_gl000220	117466	159030	2	2	0	5	0	31
chrUn_gl000220	117466	160294	2	2	0	1	0	17
chrUn_gl000220	117509	161397	2	2	0	12	0	19
chrUn_gl000220	117520	156652	1	1	0	0	1	15
chrUn_gl000220	117520	157414	1	1	0	8	0	29
chrUn_gl000220	117520	158067	1	1	0	1	0	12
chrUn_gl000220	117520	159847	1	1	0	16	0	31
chrUn_gl000220	117520	161248	1	1	0	36	0	31
chrUn_gl000220	117520	161405	1	1	0	11	0	28
chrUn_gl000220	117520	161492	1	1	0	10	7	21
chrUn_gl000220	117527	159863	1	1	0	9	0	14
chrUn_gl000220	117527	161223	1	1	0	2	2	30
chrUn_gl000220	117527	161237	1	1	0	20	0	30
chrUn_gl000220	117527	161248	1	1	0	4	0	28
chrUn_gl000220	117534	117896	1	1	0	4	0	25
chrUn_gl000220	117534	117996	1	1	0	5	0	22
chrUn_gl000220	117534	157421	1	1	0	12	0	25
chrUn_gl000220	117534	158999	1	1	0	4	0	32
chrUn_gl000220	117534	159413	1	1	0	0	1	21
chrUn_gl000220	117534	161237	1	1	0	27	0	32
chrUn_gl000220	117534	161248	1	1	0	16	0	27
chrUn_gl000220	117534	161506	1	1	0	1	218	32
chrUn_gl000220	117540	158599	2	2	0	13	0	13
chrUn_gl000220	117540	161228	2	2	0	4	0	27
chrUn_gl000220	117540	161243	2	2	0	8	0	21
chrUn_gl000220	117540	161512	2	2	0	15	5	20
chrUn_gl000220	117548	117711	1	1	0	0	7	18
chrUn_gl000220	117548	118257	1	1	0	5	0	19
chrUn_gl000220	117548	118259	1	1	0	1	0	25
chrUn_gl000220	117548	154556	1	1	0	6	0	26
chrUn_gl000220	117548	157772	1	1	0	9	0	15
chrUn_gl000220	117548	158970	1	1	0	10	0	21
chrUn_gl000220	117548	161223	1	1	0	25	0	29
chrUn_gl000220	117548	161226	1	1	0	43	0	31
chrUn_gl000220	117548	161237	1	1	0	4	0	18
chrUn_gl000220	117548	161286	1	1	0	15	0	28
chrUn_gl000220	117554	117972	2	2	0	4	0	21
chrUn_gl000220	117554	118035	2	2	0	11	0	30
chrUn_gl000220	117554	157467	2	2	0	12	0	12
chrUn_gl000220	117554	158213	2	2	0	1	0	13
chrUn_gl000220	117554	161228	2	2	0	23	0	26
chrUn_gl000220	117556	117711	1	1	0	0	8	29
chrUn_gl000220	117556	117964	1	1	0	4	0	19
chrUn_gl000220	117556	117970	1	1	0	7	0	23
chrUn_gl000220	117556	153526	1	1	0	8	0	13
chrUn_gl000220	117556	157414	1	1	0	4	0	19
chrUn_gl000220	117556	158712	1	1	0	7	0	16
chrUn_gl000220	117556	159264	1	1	0	5	0	14
chrUn_gl000220	117556	159743	1	1	0	2	0	31
chrUn_gl000220	117556	159847	1	1	0	7	0	12
chrUn_gl000220	117556	160115	1	1	0	9	0	24
chrUn_gl000220	117556	161192	1	1	0	6	0	24
chrUn_gl000220	117556	161223	1	1	0	18	0	26
chrUn_gl000220	117556	161226	1	1	0	4	0	26
chrUn_gl000220	117564	117714	1	1	0	0	5	24
chrUn_gl000220	117564	118222	1	1	0	6	0	22
chrUn_gl000220	117564	157722	1	1	0	5	0	12
chrUn_gl000220	117564	159264	1	1	0	2	0	28
chrUn_gl000220	117564	159284	1	1	0	2	0	26
chrUn_gl000220	117564	160973	1	1	0	9	0	21
chrUn_gl000220	117564	161187	1	1	0	0	1	26
chrUn_gl000220	117564	161226	1	1	0	12	1	30
chrUn_gl000220	117641	117661	2	2	0	0	4	28
chrUn_gl000220	117652	157371	1	1	0	3	0	14
chrUn_gl000220	117652	161624	1	1	0	7	5	32
chrUn_gl000220	117689	157547	2	2	0	3	0	26
chrUn_gl000220	117692	157547	2	2	0	7	0	27
chrUn_gl000220	117697	157547	2	2	0	2	0	25
chrUn_gl000220	117729	159699	1	1	0	11	0	25
chrUn_gl000220	117729	161573	1	1	0	5	0	23
chrUn_gl000220	117729	161701	1	1	0	0	17	28
chrUn_gl000220	117745	118017	2	2	0	1	0	32
chrUn_gl000220	117745	153200	2	2	0	4	0	27
chrUn_gl000220	117745	153774	2	2	0	8	0	21
chrUn_gl000220	117745	158854	2	2	0	4	0	26
chrUn_gl000220	117745	161228	2	2	0	8	0	22
chrUn_gl000220	117749	118304	2	2	0	2	0	20
chrUn_gl000220	117749	161243	2	2	0	2	0	18
chrUn_gl000220	117765	160115	1	1	0	4	0	21
chrUn_gl000220	117765	161223	1	1	0	7	0	20
chrUn_gl000220	117781	161637	2	2	0	3	0	28
chrUn_gl000220	117791	157390	2	2	0	0	3	22
chrUn_gl000220	117791	161577	2	2	0	0	1	16
chrUn_gl000220	117791	161717	2	2	0	2	0	22
chrUn_gl000220	117798	156005	1	1	0	5	0	27
chrUn_gl000220	117809	154765	2	2	0	3	0	25
chrUn_gl000220	117809	157987	2	2	0	1	0	22
chrUn_gl000220	117809	158255	2	2	0	3	0	12
chrUn_gl000220	117809	159702	2	2	0	4	0	27
chrUn_gl000220	117817	117881	1	1	0	4	0	17
chrUn_gl000220	117817	157414	1	1	0	6	0	17
chrUn_gl000220	117817	158654	1	1	0	6	0	21
chrUn_gl000220	117817	161686	1	1	0	7	0	15
chrUn_gl000220	117872	118286	2	2	0	13	0	27
chrUn_gl000220	117897	157318	1	1	0	6	0	17
chrUn_gl000220	117897	159847	1	1	0	8	0	22
chrUn_gl000220	117897	161223	1	1	0	7	0	17
chrUn_gl000220	117897	161635	1	1	0	6	0	20
chrUn_gl000220	117901	159847	1	1	0	4	0	22
chrUn_gl000220	117901	161226	1	1	0	16	0	21
chrUn_gl000220	117909	161717	2	2	0	4	0	27
chrUn_gl000220	117912	161705	2	2	0	19	0	32
chrUn_gl000220	117920	158575	1	1	0	3	0	22
chrUn_gl000220	117920	158763	1	1	0	8	0	25
chrUn_gl000220	117920	161044	1	1	0	5	0	30
chrUn_gl000220	117920	161187	1	1	0	4	0	25
chrUn_gl000220	117920	161686	1	1	0	1	0	25
chrUn_gl000220	117920	161689	1	1	0	17	0	25
chrUn_gl000220	117920	161701	1	1	0	4	0	24
chrUn_gl000220	117922	118082	1	1	0	1	0	19
chrUn_gl000220	117922	161187	1	1	0	4	0	19
chrUn_gl000220	117922	161683	1	1	0	5	0	23
chrUn_gl000220	117925	157367	1	1	0	0	3	13
chrUn_gl000220	117925	159413	1	1	0	2	0	22
chrUn_gl000220	117934	117996	1	1	0	5	0	12
chrUn_gl000220	117934	161044	1	1	0	8	0	32
chrUn_gl000220	117943	160153	2	2	0	1	0	15
chrUn_gl000220	117947	118259	1	1	0	4	0	26
chrUn_gl000220	117947	153214	1	1	0	4	0	29
chrUn_gl000220	117947	158249	1	1	0	4	0	30
chrUn_gl000220	117947	158575	1	1	0	3	0	21
chrUn_gl000220	117947	158845	1	1	0	3	0	19
chrUn_gl000220	117947	159259	1	1	0	6	0	21
chrUn_gl000220	117947	159280	1	1	0	19	0	24
chrUn_gl000220	117947	159699	1	1	0	3	0	26
chrUn_gl000220	117947	159709	1	1	0	6	0	24
chrUn_gl000220	117947	159716	1	1	0	5	0	17
chrUn_gl000220	117947	159743	1	1	0	3	0	21
chrUn_gl000220	117947	159833	1	1	0	6	0	29
chrUn_gl000220	117947	159863	1	1	0	1	0	21
chrUn_gl000220	117947	161226	1	1	0	1	0	21
chrUn_gl000220	117965	158973	1	1	0	9	0	25
chrUn_gl000220	117978	161123	1	1	0	1	0	26
chrUn_gl000220	117980	161123	1	1	0	7	0	32
chrUn_gl000220	117984	154233	1	1	0	4	0	27
chrUn_gl000220	117984	161095	1	1	0	2	0	24
chrUn_gl000220	118014	159797	2	2	0	5	0	28
chrUn_gl000220	118014	160133	2	2	0	5	0	32
chrUn_gl000220	118014	160969	2	2	0	15	0	32
chrUn_gl000220	118021	157709	2	2	0	6	0	26
chrUn_gl000220	118021	161068	2	2	0	4	0	21
chrUn_gl000220	118023	161123	1	1	0	8	0	19
chrUn_gl000220	118043	154102	2	2	0	0	5	32
chrUn_gl000220	118043	157755	2	2	0	3	0	14
chrUn_gl000220	118045	159696	2	2	0	7	0	12
chrUn_gl000220	118045	161197	2	2	0	4	0	21
chrUn_gl000220	118049	153515	1	1	0	11	0	14
chrUn_gl000220	118049	154471	1	1	0	5	0	27
chrUn_gl000220	118049	159740	1	1	0	5	0	26
chrUn_gl000220	118049	161683	1	1	0	3	0	19
chrUn_gl000220	118094	118282	2	2	0	13	0	27
chrUn_gl000220	118094	118286	2	2	0	4	0	12
chrUn_gl000220	118094	118291	2	2	0	4	0	15
chrUn_gl000220	118094	118304	2	2	0	10	0	26
chrUn_gl000220	118094	118316	2	2	0	9	0	21
chrUn_gl000220	118098	154200	1	1	0	8	0	28
chrUn_gl000220	118098	158249	1	1	0	4	0	30
chrUn_gl000220	118098	158280	1	1	0	6	0	17
chrUn_gl000220	118098	158817	1	1	0	8	0	25
chrUn_gl000220	118098	158903	1	1	0	6	0	21
chrUn_gl000220	118098	159413	1	1	0	12	0	32
chrUn_gl000220	118098	159847	1	1	0	7	0	28
chrUn_gl000220	118098	160017	1	1	0	1	0	18
chrUn_gl000220	118098	160928	1	1	0	7	0	22
chrUn_gl000220	118098	161448	1	1	0	1	0	29
chrUn_gl000220	118098	161683	1	1	0	3	0	21
chrUn_gl000220	118104	118291	2	2	0	11	0	27
chrUn_gl000220	118104	161373	2	2	0	0	12	15
chrUn_gl000220	118125	118205	2	2	0	18	0	19
chrUn_gl000220	118125	118282	2	2	0	10	0	26
chrUn_gl000220	118125	118291	2	2	0	0	14	32
chrUn_gl000220	118125	118316	2	2	0	2	0	20
chrUn_gl000220	118125	153223	2	2	0	3	0	23
chrUn_gl000220	118125	154240	2	2	0	1	0	17
chrUn_gl000220	118125	154303	2	2	0	7	0	27
chrUn_gl000220	118125	155996	2	2	0	7	0	29
chrUn_gl000220	118125	158012	2	2	0	7	0	18
chrUn_gl000220	118125	158650	2	2	0	1	0	29
chrUn_gl000220	118125	159108	2	2	0	5	0	19
chrUn_gl000220	118125	160508	2	2	0	15	0	27
chrUn_gl000220	118125	161197	2	2	0	9	0	15
chrUn_gl000220	118127	118259	1	1	0	4	1	18
chrUn_gl000220	118127	154200	1	1	0	5	0	18
chrUn_gl000220	118127	154455	1	1	0	5	0	26
chrUn_gl000220	118127	157367	1	1	0	4	0	21
chrUn_gl000220	118127	157749	1	1	0	0	8	18
chrUn_gl000220	118127	158999	1	1	0	8	0	16
chrUn_gl000220	118127	159415	1	1	0	11	0	17
chrUn_gl000220	118127	159847	1	1	0	5	0	30
chrUn_gl000220	118127	160572	1	1	0	1	0	24
chrUn_gl000220	118153	118316	2	2	0	7	0	18
chrUn_gl000220	118153	157320	2	2	0	1	0	24
chrUn_gl000220	118153	158255	2	2	0	10	0	27
chrUn_gl000220	118153	159902	2	2	0	1	0	26
chrUn_gl000220	118153	161534	2	2	0	5	0	19
chrUn_gl000220	118227	118282	2	2	0	4	0	26
chrUn_gl000220	118227	154112	2	2	0	8	0	27
chrUn_gl000220	118227	157639	2	2	0	4	0	24
chrUn_gl000220	118231	118257	1	1	0	3	0	31
chrUn_gl000220	118231	118259	1	1	0	3	0	30
chrUn_gl000220	118231	159780	1	1	0	5	0	22
chrUn_gl000220	118231	159847	1	1	0	2	0	13
chrUn_gl000220	118231	160202	1	1	0	4	0	13
chrUn_gl000220	118231	161588	1	1	0	7	0	31
chrUn_gl000220	118234	118316	2	2	0	4	0	21
chrUn_gl000220	118234	154127	2	2	0	0	2	21
chrUn_gl000220	118234	154240	2	2	0	4	0	31
chrUn_gl000220	118234	158012	2	2	0	8	0	16
chrUn_gl000220	118234	158820	2	2	0	12	0	28
chrUn_gl000220	118234	159907	2	2	0	9	0	31
chrUn_gl000220	118278	153970	1	1	0	6	0	18
chrUn_gl000220	118292	159699	1	1	0	4	0	31
chrUn_gl000220	118292	160826	1	1	0	8	0	13
chrUn_gl000220	118292	161123	1	1	0	7	0	21
chrUn_gl000220	118292	161192	1	1	0	6	0	30
chrUn_gl000220	118292	161226	1	1	0	5	0	31
chrUn_gl000220	118296	158237	1	1	0	5	0	32
chrUn_gl000220	118305	159420	2	2	0	5	0	18
chrUn_gl000220	118311	157390	2	2	0	9	0	18
chrUn_gl000220	118311	158286	2	2	0	2	0	27
chrUn_gl000220	118311	158650	2	2	0	1	0	14
chrUn_gl000220	118311	160668	2	2	0	2	0	14
chrUn_gl000220	118311	161534	2	2	0	3	0	14
chrUn_gl000220	118322	153157	1	1	0	0	1	26
chrUn_gl000220	118322	156073	1	1	0	2	0	22
chrUn_gl000220	118322	157318	1	1	0	6	0	26
chrUn_gl000220	118322	159871	1	1	0	0	8	25
chrUn_gl000220	118331	158913	2	2	0	1	0	15
chrUn_gl000220	118334	158646	2	2	0	10	0	13
chrUn_gl000220	118334	161534	2	2	0	10	0	32
chrUn_gl000220	118337	158558	2	2	0	1	0	16
chrUn_gl000220	118337	161080	2	2	0	1	0	26
chrUn_gl000220	118337	161197	2	2	0	4	0	26
chrUn_gl000220	118337	161534	2	2	0	11	0	23
chrUn_gl000220	118341	159837	1	1	0	0	5	22
chrUn_gl000220	118352	159188	1	1	0	4	0	25
chrUn_gl000220	118352	159264	1	1	0	0	1	14
chrUn_gl000220	118352	159284	1	1	0	10	0	13
chrUn_gl000220	118352	159847	1	1	0	34	0	30
chrUn_gl000220	118356	157421	1	1	0	4	0	17
chrUn_gl000220	118356	159847	1	1	0	11	0	18
chrUn_gl000220	118356	161686	1	1	0	3	0	12
chrUn_gl000220	118368	152629	2	2	0	4	0	28
chrUn_gl000220	118368	157791	2	2	0	5	0	28
chrUn_gl000220	118368	158599	2	2	0	0	1	14
chrUn_gl000220	118372	157419	2	2	0	4	0	16
chrUn_gl000220	118372	158646	2	2	0	5	0	16
chrUn_gl000220	118372	161633	2	2	0	0	3	27
chrUn_gl000220	118376	161397	2	2	0	4	0	28
chrUn_gl000220	118383	154429	2	2	0	1	0	17
chrUn_gl000220	118383	155989	2	2	0	35	0	32
chrUn_gl000220	118383	157755	2	2	0	12	0	32
chrUn_gl000220	118383	159738	2	2	0	4	0	29
chrUn_gl000220	118383	161185	2	2	0	7	0	25
chrUn_gl000220	118392	159413	1	1	0	7	0	28
chrUn_gl000220	118411	153274	1	1	0	0	4	16
chrUn_gl000220	118415	157563	1	1	0	2	0	20
chrUn_gl000220	118415	157720	1	1	0	3	0	23
chrUn_gl000220	118425	118849	1	3	0	4	0	30
chrUn_gl000220	118460	160077	1	1	0	3	0	13
chrUn_gl000220	118474	118567	0	0	0	6	0	31
chrUn_gl000220	118492	154108	1	1	0	7	0	21
chrUn_gl000220	118544	156626	1	1	0	0	1	13
chrUn_gl000220	118603	118714	0	0	0	18	4	30
chrUn_gl000220	119555	128870	2	4	0	2	0	20
chrUn_gl000220	122363	156422	1	1	0	0	1	15
chrUn_gl000220	122674	159125	1	1	0	0	2	13
chrUn_gl000220	123409	158823	1	1	0	8	0	12
chrUn_gl000220	131358	154183	1	1	0	11	0	15
chrUn_gl000220	140008	161405	1	1	0	0	1	22
chrUn_gl000220	148146	156329	2	2	0	0	3	13
chrUn_gl000220	148462	161373	2	2	0	0	1	22
chrUn_gl000220	148569	158577	1	1	0	0	1	14
chrUn_gl000220	149319	156219	1	1	0	0	1	14
chrUn_gl000220	149536	154587	2	2	0	0	5	32
chrUn_gl000220	149894	159122	1	1	0	0	12	16
chrUn_gl000220	149919	157980	2	2	0	0	1	15
chrUn_gl000220	149934	160572	1	1	0	0	1	15
chrUn_gl000220	149949	156822	2	2	0	0	1	14
chrUn_gl000220	150167	153505	2	2	0	0	4	28
chrUn_gl000220	150169	158558	2	2	0	0	2	26
chrUn_gl000220	150189	154937	1	1	0	0	7	12
chrUn_gl000220	150233	154781	1	1	0	0	1	31
chrUn_gl000220	150243	150558	0	0	0	0	6	32
chrUn_gl000220	150272	159228	1	1	0	0	1	17
chrUn_gl000220	150300	150337	1	1	0	0	6	19
chrUn_gl000220	150300	153714	1	1	0	0	7	28
chrUn_gl000220	150312	150732	1	1	0	0	7	25
chrUn_gl000220	150322	156414	1	1	0	0	6	16
chrUn_gl000220	150341	150732	1	1	0	0	5	27
chrUn_gl000220	150368	150694	1	1	0	0	3	24
chrUn_gl000220	150425	150680	1	1	0	0	7	18
chrUn_gl000220	150485	150600	1	1	0	0	4	30
chrUn_gl000220	150501	153090	1	1	0	0	5	17
chrUn_gl000220	150501	157028	1	1	0	0	1	16
chrUn_gl000220	150556	153970	1	1	0	0	4	16
chrUn_gl000220	150558	153970	1	1	0	0	1	16
chrUn_gl000220	150622	154246	1	1	0	0	4	12
chrUn_gl000220	150622	154785	1	1	0	0	1	16
chrUn_gl000220	150622	161405	1	1	0	0	1	12
chrUn_gl000220	150622	161418	1	1	0	0	18	12
chrUn_gl000220	150695	161274	1	1	0	0	1	12
chrUn_gl000220	150735	159699	1	1	0	0	8	21
chrUn_gl000220	150771	161370	2	2	0	0	2	22
chrUn_gl000220	150879	161370	2	2	0	0	12	20
chrUn_gl000220	150883	153043	2	2	0	0	2	29
chrUn_gl000220	150931	159108	2	2	0	0	8	24
chrUn_gl000220	150936	158558	2	2	0	0	10	14
chrUn_gl000220	150990	161044	1	1	0	0	1	17
chrUn_gl000220	150993	151044	1	1	0	0	3	20
chrUn_gl000220	151044	154701	1	1	0	0	6	12
chrUn_gl000220	151135	153342	2	2	0	0	1	30
chrUn_gl000220	151172	151200	2	2	0	0	4	25
chrUn_gl000220	151244	152170	2	4	0	0	2	30
chrUn_gl000220	151282	160244	1	1	0	0	1	12
chrUn_gl000220	151333	159004	1	1	0	0	12	15
chrUn_gl000220	151333	159188	1	1	0	0	2	26
chrUn_gl000220	151410	151529	1	1	0	0	5	14
chrUn_gl000220	151433	158280	1	1	0	0	1	12
chrUn_gl000220	151499	161226	1	1	0	0	1	14
chrUn_gl000220	151525	151569	2	4	0	0	6	20
chrUn_gl000220	151552	152011	2	4	0	0	3	31
chrUn_gl000220	151641	154818	2	2	0	0	1	32
chrUn_gl000220	151770	158320	2	2	0	0	2	12
chrUn_gl000220	151897	160045	1	1	0	0	1	17
chrUn_gl000220	152055	158255	2	2	0	0	8	20
chrUn_gl000220	152055	159902	2	2	0	0	14	27
chrUn_gl000220	152113	152735	2	4	0	0	3	26
chrUn_gl000220	152150	158012	2	2	0	0	2	17
chrUn_gl000220	152220	161418	1	1	0	0	1	12
chrUn_gl000220	152331	159702	2	2	0	0	6	22
chrUn_gl000220	152464	160835	1	1	0	1	0	17
chrUn_gl000220	152630	161405	1	1	0	0	1	22
chrUn_gl000220	152711	160165	1	1	0	0	1	18
chrUn_gl000220	152799	159228	1	1	0	0	2	28
chrUn_gl000220	152824	152882	0	0	0	0	4	30
chrUn_gl000220	152913	158012	2	2	0	0	1	25
chrUn_gl000220	153011	153866	1	1	0	0	7	23
chrUn_gl000220	153021	157028	1	1	0	0	3	13
chrUn_gl000220	153044	156078	2	2	0	0	5	15
chrUn_gl000220	153063	154264	2	2	0	0	3	23
chrUn_gl000220	153069	159599	1	1	0	0	6	30
chrUn_gl000220	153082	161192	1	1	0	0	7	31
chrUn_gl000220	153082	161248	1	1	0	0	2	31
chrUn_gl000220	153107	159350	2	2	0	0	7	13
chrUn_gl000220	153111	157028	1	1	0	0	2	29
chrUn_gl000220	153124	157728	1	1	0	0	6	13
chrUn_gl000220	153129	157555	1	1	0	0	3	12
chrUn_gl000220	153129	157728	1	1	0	0	17	19
chrUn_gl000220	153145	154489	2	2	0	0	5	13
chrUn_gl000220	153183	153448	2	2	0	0	6	19
chrUn_gl000220	153183	158558	2	2	0	0	5	15
chrUn_gl000220	153183	158646	2	2	0	0	3	18
chrUn_gl000220	153185	153448	2	2	0	0	14	30
chrUn_gl000220	153188	153550	2	2	0	0	2	30
chrUn_gl000220	153188	154240	2	2	0	0	6	22
chrUn_gl000220	153188	158954	2	2	0	0	4	32
chrUn_gl000220	153188	159282	2	2	0	0	2	27
chrUn_gl000220	153191	159596	2	2	0	0	5	21
chrUn_gl000220	153191	161534	2	2	0	0	2	21
chrUn_gl000220	153200	153499	2	2	0	0	20	22
chrUn_gl000220	153200	154240	2	2	0	0	11	30
chrUn_gl000220	153200	154267	2	2	0	0	4	27
chrUn_gl000220	153200	156104	2	2	0	0	8	19
chrUn_gl000220	153200	158646	2	2	0	0	3	18
chrUn_gl000220	153200	160153	2	2	0	0	5	28
chrUn_gl000220	153202	153483	1	1	0	0	5	18
chrUn_gl000220	153202	157371	1	1	0	0	4	30
chrUn_gl000220	153202	158249	1	1	0	0	5	31
chrUn_gl000220	153202	158575	1	1	0	0	2	14
chrUn_gl000220	153202	159602	1	1	0	0	2	20
chrUn_gl000220	153202	159847	1	1	0	0	7	31
chrUn_gl000220	153202	161099	1	1	0	0	2	15
chrUn_gl000220	153205	153483	1	1	0	0	2	32
chrUn_gl000220	153205	153495	1	1	0	0	3	21
chrUn_gl000220	153205	153705	1	1	0	0	14	31
chrUn_gl000220	153211	153499	2	2	0	0	5	28
chrUn_gl000220	153217	157386	2	2	0	0	2	18
chrUn_gl000220	153217	157390	2	2	0	0	4	29
chrUn_gl000220	153262	153904	1	1	0	0	2	30
chrUn_gl000220	153262	154714	1	1	0	0	1	26
chrUn_gl000220	153262	161418	1	1	0	0	1	12
chrUn_gl000220	153353	153499	2	2	0	0	6	20
chrUn_gl000220	153376	153468	1	1	0	0	3	26
chrUn_gl000220	153376	153877	1	1	0	0	7	23
chrUn_gl000220	153376	153970	1	1	0	0	1	19
chrUn_gl000220	153376	154496	1	1	0	0	3	15
chrUn_gl000220	153376	157393	1	1	0	0	3	25
chrUn_gl000220	153376	157563	1	1	0	0	6	31
chrUn_gl000220	153376	157728	1	1	0	0	8	31
chrUn_gl000220	153376	158284	1	1	0	0	4	20
chrUn_gl000220	153376	158712	1	1	0	0	4	14
chrUn_gl000220	153376	159602	1	1	0	0	12	20
chrUn_gl000220	153376	161624	1	1	0	0	6	22
chrUn_gl000220	153414	153448	2	2	0	0	7	27
chrUn_gl000220	153414	153451	2	2	0	0	21	28
chrUn_gl000220	153414	155996	2	2	0	0	2	19
chrUn_gl000220	153423	158654	1	1	0	0	7	19
chrUn_gl000220	153432	153495	1	1	0	0	7	12
chrUn_gl000220	153470	158952	1	1	0	0	6	22
chrUn_gl000220	153491	159902	2	2	0	0	9	25
chrUn_gl000220	153543	154572	2	2	0	0	4	13
chrUn_gl000220	153559	154200	1	1	0	0	5	21
chrUn_gl000220	153559	159425	1	1	0	0	4	19
chrUn_gl000220	153559	160215	1	1	0	0	10	13
chrUn_gl000220	153562	154200	1	1	0	0	6	25
chrUn_gl000220	153562	158575	1	1	0	0	5	16
chrUn_gl000220	153588	154127	2	2	0	0	6	23
chrUn_gl000220	153614	157098	1	1	0	0	13	24
chrUn_gl000220	153660	153880	1	1	0	0	2	16
chrUn_gl000220	153675	161418	1	1	0	0	6	31
chrUn_gl000220	153685	153899	2	2	0	0	2	22
chrUn_gl000220	153685	158012	2	2	0	0	17	26
chrUn_gl000220	153685	161156	2	2	0	0	2	13
chrUn_gl000220	153695	153714	1	1	0	0	6	27
chrUn_gl000220	153705	156048	1	1	0	0	1	12
chrUn_gl000220	153709	157320	2	2	0	0	2	16
chrUn_gl000220	153709	161633	2	2	0	0	5	16
chrUn_gl000220	153723	153899	2	2	0	0	3	30
chrUn_gl000220	153726	153877	1	1	0	0	1	32
chrUn_gl000220	153726	154120	1	1	0	0	7	29
chrUn_gl000220	153726	154556	1	1	0	0	6	32
chrUn_gl000220	153729	153877	1	1	0	0	7	29
chrUn_gl000220	153729	158952	1	1	0	0	5	27
chrUn_gl000220	153817	153954	2	2	0	0	2	19
chrUn_gl000220	153822	161145	2	2	0	0	8	29
chrUn_gl000220	153847	158575	1	1	0	0	6	23
chrUn_gl000220	153892	159702	2	2	0	0	3	20
chrUn_gl000220	153905	158286	2	2	0	0	7	32
chrUn_gl000220	153905	158828	2	2	0	0	7	32
chrUn_gl000220	153905	159194	2	2	0	0	5	20
chrUn_gl000220	153905	161534	2	2	0	0	7	32
chrUn_gl000220	153905	161540	2	2	0	0	20	32
chrUn_gl000220	153930	158999	1	1	0	0	19	20
chrUn_gl000220	153940	154200	1	1	0	0	9	17
chrUn_gl000220	153940	154246	1	1	0	0	1	19
chrUn_gl000220	153940	159188	1	1	0	0	5	19
chrUn_gl000220	153944	159170	1	1	0	0	7	23
chrUn_gl000220	153944	159191	1	1	0	0	5	25
chrUn_gl000220	153954	159696	2	2	0	0	2	32
chrUn_gl000220	153991	158970	1	1	0	0	5	27
chrUn_gl000220	153991	159847	1	1	0	0	7	31
chrUn_gl000220	154002	154143	2	2	0	0	7	17
chrUn_gl000220	154002	155989	2	2	0	0	9	16
chrUn_gl000220	154002	155996	2	2	0	0	6	31
chrUn_gl000220	154002	157386	2	2	0	0	7	32
chrUn_gl000220	154002	158688	2	2	0	0	2	27
chrUn_gl000220	154008	154120	1	1	0	0	3	21
chrUn_gl000220	154008	154539	1	1	0	0	10	26
chrUn_gl000220	154008	157428	1	1	0	0	7	26
chrUn_gl000220	154008	161272	1	1	0	0	6	30
chrUn_gl000220	154016	154127	2	2	0	0	5	21
chrUn_gl000220	154159	154455	1	1	0	0	7	18
chrUn_gl000220	154184	154747	2	2	0	0	13	15
chrUn_gl000220	154200	154556	1	1	0	0	6	31
chrUn_gl000220	154200	157772	1	1	0	0	4	30
chrUn_gl000220	154200	158249	1	1	0	0	5	29
chrUn_gl000220	154200	159228	1	1	0	0	7	23
chrUn_gl000220	154200	159413	1	1	0	0	12	32
chrUn_gl000220	154200	159847	1	1	0	0	1	32
chrUn_gl000220	154202	154438	2	2	0	0	6	20
chrUn_gl000220	154202	154684	2	2	0	0	11	28
chrUn_gl000220	154202	157467	2	2	0	0	3	31
chrUn_gl000220	154202	157755	2	2	0	0	1	12
chrUn_gl000220	154208	159994	1	1	0	1	0	21
chrUn_gl000220	154220	154455	1	1	0	0	5	18
chrUn_gl000220	154220	154556	1	1	0	0	18	21
chrUn_gl000220	154220	154595	1	1	0	0	7	18
chrUn_gl000220	154220	154697	1	1	0	0	5	13
chrUn_gl000220	154220	154729	1	1	0	0	6	14
chrUn_gl000220	154220	157318	1	1	0	0	7	23
chrUn_gl000220	154220	157393	1	1	0	0	7	16
chrUn_gl000220	154220	157563	1	1	0	0	5	17
chrUn_gl000220	154220	157718	1	1	0	0	8	18
chrUn_gl000220	154220	157772	1	1	0	0	7	18
chrUn_gl000220	154220	158053	1	1	0	0	2	12
chrUn_gl000220	154220	158284	1	1	0	0	2	18
chrUn_gl000220	154220	158542	1	1	0	0	4	18
chrUn_gl000220	154220	158970	1	1	0	0	20	20
chrUn_gl000220	154220	158973	1	1	0	0	49	30
chrUn_gl000220	154220	158989	1	1	0	0	17	18
chrUn_gl000220	154220	159413	1	1	0	0	33	17
chrUn_gl000220	154220	159415	1	1	0	0	9	13
chrUn_gl000220	154220	159847	1	1	0	0	79	28
chrUn_gl000220	154220	159863	1	1	0	0	7	17
chrUn_gl000220	154220	159962	1	1	0	0	5	17
chrUn_gl000220	154220	160127	1	1	0	0	5	18
chrUn_gl000220	154220	160983	1	1	0	0	18	15
chrUn_gl000220	154220	161148	1	1	0	0	2	20
chrUn_gl000220	154220	161223	1	1	0	0	13	17
chrUn_gl000220	154220	161226	1	1	0	0	8	20
chrUn_gl000220	154220	161248	1	1	0	0	10	20
chrUn_gl000220	154220	161624	1	1	0	0	2	13
chrUn_gl000220	154225	154455	1	1	0	0	7	18
chrUn_gl000220	154225	157379	1	1	0	0	4	20
chrUn_gl000220	154225	157728	1	1	0	0	3	23
chrUn_gl000220	154225	158276	1	1	0	0	13	24
chrUn_gl000220	154225	158284	1	1	0	0	4	20
chrUn_gl000220	154225	158970	1	1	0	0	4	22
chrUn_gl000220	154225	158973	1	1	0	0	16	26
chrUn_gl000220	154225	159413	1	1	0	0	4	22
chrUn_gl000220	154225	159847	1	1	0	0	6	21
chrUn_gl000220	154225	159962	1	1	0	0	5	22
chrUn_gl000220	154225	161123	1	1	0	0	8	22
chrUn_gl000220	154225	161192	1	1	0	0	11	30
chrUn_gl000220	154234	154267	2	2	0	0	9	15
chrUn_gl000220	154234	154452	2	2	0	0	11	31
chrUn_gl000220	154234	154459	2	2	0	0	4	26
chrUn_gl000220	154234	154684	2	2	0	0	5	27
chrUn_gl000220	154234	154749	2	2	0	0	5	32
chrUn_gl000220	154234	154818	2	2	0	0	8	31
chrUn_gl000220	154234	157386	2	2	0	0	33	25
chrUn_gl000220	154234	158286	2	2	0	0	10	31
chrUn_gl000220	154234	158854	2	2	0	0	12	31
chrUn_gl000220	154234	159030	2	2	0	0	4	19
chrUn_gl000220	154234	159108	2	2	0	0	7	17
chrUn_gl000220	154234	159696	2	2	0	0	3	31
chrUn_gl000220	154234	161068	2	2	0	0	4	14
chrUn_gl000220	154234	161534	2	2	0	0	13	23
chrUn_gl000220	154234	161571	2	2	0	0	8	32
chrUn_gl000220	154240	154749	2	2	0	0	4	28
chrUn_gl000220	154240	157390	2	2	0	0	11	16
chrUn_gl000220	154240	158963	2	2	0	0	3	26
chrUn_gl000220	154240	160133	2	2	0	0	1	30
chrUn_gl000220	154280	161145	2	2	0	0	2	30
chrUn_gl000220	154286	154332	2	2	0	0	1	21
chrUn_gl000220	154286	154684	2	2	0	0	2	15
chrUn_gl000220	154296	161717	2	2	0	0	1	19
chrUn_gl000220	154311	154684	2	2	0	0	6	19
chrUn_gl000220	154352	154537	2	2	0	0	3	28
chrUn_gl000220	154367	154496	1	1	0	0	18	20
chrUn_gl000220	154367	154505	1	1	0	0	4	32
chrUn_gl000220	154367	154515	1	1	0	0	15	17
chrUn_gl000220	154367	158252	1	1	0	0	1	17
chrUn_gl000220	154371	154539	1	1	0	0	7	21
chrUn_gl000220	154371	161248	1	1	0	0	10	21
chrUn_gl000220	154374	154505	1	1	0	0	6	24
chrUn_gl000220	154374	154524	1	1	0	0	6	25
chrUn_gl000220	154374	158845	1	1	0	0	12	24
chrUn_gl000220	154377	154455	1	1	0	0	5	19
chrUn_gl000220	154377	157414	1	1	0	0	4	20
chrUn_gl000220	154377	157730	1	1	0	0	1	20
chrUn_gl000220	154377	161057	1	1	0	0	2	27
chrUn_gl000220	154387	157563	1	1	0	0	3	31
chrUn_gl000220	154387	158575	1	1	0	0	1	28
chrUn_gl000220	154387	159191	1	1	0	0	3	17
chrUn_gl000220	154387	160599	1	1	0	0	19	28
chrUn_gl000220	154387	161573	1	1	0	0	6	25
chrUn_gl000220	154390	154438	2	2	0	0	8	27
chrUn_gl000220	154390	154452	2	2	0	0	1	25
chrUn_gl000220	154390	154464	2	2	0	0	2	28
chrUn_gl000220	154390	154489	2	2	0	0	3	32
chrUn_gl000220	154390	154537	2	2	0	0	10	25
chrUn_gl000220	154390	154745	2	2	0	0	4	32
chrUn_gl000220	154390	159330	2	2	0	0	6	25
chrUn_gl000220	154390	161267	2	2	0	0	6	30
chrUn_gl000220	154390	161705	2	2	0	0	8	28
chrUn_gl000220	154394	154556	1	1	0	0	2	21
chrUn_gl000220	154394	158284	1	1	0	0	2	13
chrUn_gl000220	154394	158973	1	1	0	0	6	30
chrUn_gl000220	154394	159280	1	1	0	0	7	21
chrUn_gl000220	154394	159918	1	1	0	0	2	31
chrUn_gl000220	154398	154496	1	1	0	0	2	30
chrUn_gl000220	154398	159191	1	1	0	0	5	21
chrUn_gl000220	154415	154714	1	1	0	0	2	19
chrUn_gl000220	154452	160969	2	2	0	0	5	15
chrUn_gl000220	154455	161683	1	1	0	0	3	19
chrUn_gl000220	154489	155699	2	2	0	0	9	17
chrUn_gl000220	154492	159551	2	2	0	0	4	24
chrUn_gl000220	154505	157563	1	1	0	0	12	14
chrUn_gl000220	154552	154587	2	2	0	0	8	27
chrUn_gl000220	154559	161635	1	1	0	0	2	24
chrUn_gl000220	154591	154684	2	2	0	0	7	31
chrUn_gl000220	154591	159194	2	2	0	0	12	32
chrUn_gl000220	154591	159254	2	2	0	0	3	23
chrUn_gl000220	154597	159740	1	1	0	0	3	27
chrUn_gl000220	154626	157421	1	1	0	0	4	12
chrUn_gl000220	154647	159833	1	1	0	0	3	32
chrUn_gl000220	154647	160215	1	1	0	0	4	19
chrUn_gl000220	154701	157393	1	1	0	0	6	15
chrUn_gl000220	154701	157414	1	1	0	0	8	26
chrUn_gl000220	154715	160969	2	2	0	0	6	16
chrUn_gl000220	154742	157367	1	1	0	0	8	16
chrUn_gl000220	154742	158845	1	1	0	0	4	15
chrUn_gl000220	154742	159413	1	1	0	0	9	19
chrUn_gl000220	154742	159699	1	1	0	0	4	22
chrUn_gl000220	154742	159771	1	1	0	0	6	29
chrUn_gl000220	154742	159833	1	1	0	0	6	14
chrUn_gl000220	154755	157749	1	1	0	0	4	22
chrUn_gl000220	154759	159702	2	2	0	0	5	15
chrUn_gl000220	154759	160924	2	2	0	0	3	26
chrUn_gl000220	154776	158970	1	1	0	0	2	16
chrUn_gl000220	154796	154831	0	0	0	0	7	30
chrUn_gl000220	154809	156873	1	1	0	0	1	15
chrUn_gl000220	154851	160153	2	2	0	0	11	23
chrUn_gl000220	154875	158577	1	1	0	0	1	21
chrUn_gl000220	154875	159793	1	1	0	0	4	32
chrUn_gl000220	154886	158845	1	1	0	0	11	16
chrUn_gl000220	154967	154993	2	2	0	0	3	24
chrUn_gl000220	154989	155064	0	0	0	0	5	31
chrUn_gl000220	155161	157318	1	1	0	0	1	22
chrUn_gl000220	155163	159470	1	1	0	0	1	12
chrUn_gl000220	155166	158280	1	1	0	0	5	29
chrUn_gl000220	155192	156669	1	1	0	0	3	12
chrUn_gl000220	155222	159793	1	1	0	1	0	16
chrUn_gl000220	155244	159420	2	2	0	0	1	12
chrUn_gl000220	155263	160045	1	1	0	0	2	18
chrUn_gl000220	155279	155891	1	1	0	0	1	15
chrUn_gl000220	155326	156377	2	2	0	0	2	12
chrUn_gl000220	155421	159696	2	2	0	0	4	22
chrUn_gl000220	155490	158053	1	1	0	0	7	28
chrUn_gl000220	155718	159194	2	2	0	0	4	24
chrUn_gl000220	155854	156546	1	1	0	0	1	16
chrUn_gl000220	155864	157649	1	1	0	0	4	16
chrUn_gl000220	155871	159408	1	1	0	0	5	32
chrUn_gl000220	155873	155996	2	2	0	0	3	32
chrUn_gl000220	155887	158255	2	2	0	0	7	14
chrUn_gl000220	155907	158646	2	2	0	0	4	26
chrUn_gl000220	155907	159030	2	2	0	0	1	29
chrUn_gl000220	155929	156350	1	1	0	0	1	14
chrUn_gl000220	155961	156671	1	1	0	0	1	14
chrUn_gl000220	156021	157740	2	2	0	0	5	27
chrUn_gl000220	156024	157716	1	1	0	0	2	27
chrUn_gl000220	156024	157720	1	1	0	0	6	27
chrUn_gl000220	156024	157722	1	1	0	0	5	29
chrUn_gl000220	156024	157728	1	1	0	0	1	32
chrUn_gl000220	156024	157730	1	1	0	0	12	27
chrUn_gl000220	156028	157359	1	1	0	0	2	28
chrUn_gl000220	156028	157393	1	1	0	0	4	26
chrUn_gl000220	156028	157716	1	1	0	0	18	29
chrUn_gl000220	156028	157718	1	1	0	0	6	32
chrUn_gl000220	156028	157722	1	1	0	0	5	31
chrUn_gl000220	156028	157728	1	1	0	0	65	32
chrUn_gl000220	156028	158229	1	1	0	0	7	28
chrUn_gl000220	156028	158280	1	1	0	0	11	32
chrUn_gl000220	156028	158542	1	1	0	0	8	24
chrUn_gl000220	156063	157649	1	1	0	0	6	16
chrUn_gl000220	156063	158284	1	1	0	0	6	21
chrUn_gl000220	156093	157658	2	2	0	0	16	25
chrUn_gl000220	156117	157028	1	1	0	0	6	18
chrUn_gl000220	156117	157722	1	1	0	0	2	13
chrUn_gl000220	156117	158542	1	1	0	0	8	29
chrUn_gl000220	156117	160077	1	1	0	0	7	12
chrUn_gl000220	156121	157320	2	2	0	0	3	26
chrUn_gl000220	156121	159420	2	2	0	0	4	18
chrUn_gl000220	156136	160191	2	2	0	0	3	17
chrUn_gl000220	156146	157318	1	1	0	0	23	27
chrUn_gl000220	156150	157320	2	2	0	0	35	31
chrUn_gl000220	156150	157709	2	2	0	0	4	21
chrUn_gl000220	156150	161370	2	2	0	0	5	22
chrUn_gl000220	156239	157749	1	1	0	0	6	21
chrUn_gl000220	156275	157085	2	2	0	0	3	26
chrUn_gl000220	156277	156377	2	2	0	0	17	21
chrUn_gl000220	156303	161185	2	2	0	0	2	21
chrUn_gl000220	156322	156443	1	1	0	0	1	15
chrUn_gl000220	156322	157414	1	1	0	0	3	23
chrUn_gl000220	156443	158712	1	1	0	0	6	32
chrUn_gl000220	156443	158740	1	1	0	0	1	12
chrUn_gl000220	156460	159738	2	2	0	0	4	25
chrUn_gl000220	156471	157722	1	1	0	0	2	30
chrUn_gl000220	156525	156546	1	1	0	0	7	17
chrUn_gl000220	156525	157414	1	1	0	0	6	25
chrUn_gl000220	156540	161039	1	1	0	0	7	23
chrUn_gl000220	156547	156873	1	1	0	0	11	31
chrUn_gl000220	156547	157730	1	1	0	0	9	22
chrUn_gl000220	156558	157367	1	1	0	0	8	32
chrUn_gl000220	156573	159069	1	1	0	0	1	16
chrUn_gl000220	156580	160215	1	1	0	0	6	14
chrUn_gl000220	156598	159871	1	1	0	0	2	19
chrUn_gl000220	156610	161274	1	1	0	0	1	13
chrUn_gl000220	156654	156752	0	0	0	3	0	30
chrUn_gl000220	156686	160215	1	1	0	0	2	24
chrUn_gl000220	156920	160599	1	1	0	0	1	16
chrUn_gl000220	157086	161668	2	2	0	0	4	17
chrUn_gl000220	157103	161418	1	1	0	0	1	12
chrUn_gl000220	157138	158845	1	1	0	0	1	14
chrUn_gl000220	157211	159998	1	1	0	0	6	21
chrUn_gl000220	157236	157318	1	1	0	0	8	25
chrUn_gl000220	157251	161248	1	1	0	0	6	24
chrUn_gl000220	157282	160244	1	1	0	0	1	21
chrUn_gl000220	157349	158286	2	2	0	0	4	30
chrUn_gl000220	157414	159287	1	1	0	0	4	16
chrUn_gl000220	157470	158823	1	1	0	0	5	20
chrUn_gl000220	157470	159191	1	1	0	0	8	18
chrUn_gl000220	157502	157547	2	2	0	0	20	32
chrUn_gl000220	157502	158646	2	2	0	0	1	24
chrUn_gl000220	157502	158820	2	2	0	0	16	24
chrUn_gl000220	157502	159217	2	2	0	0	4	31
chrUn_gl000220	157502	159588	2	2	0	0	11	31
chrUn_gl000220	157502	161627	2	2	0	0	12	29
chrUn_gl000220	157505	157563	1	1	0	0	17	31
chrUn_gl000220	157505	159743	1	1	0	0	2	17
chrUn_gl000220	157505	159847	1	1	0	0	4	17
chrUn_gl000220	157518	157555	1	1	0	0	15	17
chrUn_gl000220	157518	157563	1	1	0	0	113	28
chrUn_gl000220	157518	157649	1	1	0	0	5	26
chrUn_gl000220	157518	157730	1	1	0	0	6	20
chrUn_gl000220	157518	158577	1	1	0	0	6	27
chrUn_gl000220	157518	161635	1	1	0	0	16	16
chrUn_gl000220	157521	159696	2	2	0	0	9	15
chrUn_gl000220	157521	161540	2	2	0	0	7	14
chrUn_gl000220	157521	161627	2	2	0	0	1	14
chrUn_gl000220	157524	157547	2	2	0	0	10	20
chrUn_gl000220	157549	157728	1	1	0	0	1	17
chrUn_gl000220	157549	159716	1	1	0	0	9	18
chrUn_gl000220	157549	160215	1	1	0	0	4	15
chrUn_gl000220	157551	159699	1	1	0	0	2	21
chrUn_gl000220	157560	161286	1	1	0	0	1	18
chrUn_gl000220	157560	161645	1	1	0	0	1	17
chrUn_gl000220	157634	158772	1	1	0	0	7	29
chrUn_gl000220	157675	157720	1	1	0	2	0	12
chrUn_gl000220	157675	157728	1	1	0	0	12	21
chrUn_gl000220	157675	157730	1	1	0	0	6	31
chrUn_gl000220	157688	161237	1	1	0	0	3	25
chrUn_gl000220	157709	158255	2	2	0	0	1	16
chrUn_gl000220	157709	160535	2	2	0	0	4	19
chrUn_gl000220	157750	158249	1	1	0	0	4	13
chrUn_gl000220	157750	161683	1	1	0	0	4	22
chrUn_gl000220	157758	159145	1	1	0	0	6	23
chrUn_gl000220	157763	158276	1	1	0	0	16	27
chrUn_gl000220	157763	158763	1	1	0	0	8	28
chrUn_gl000220	157772	158280	1	1	0	0	5	20
chrUn_gl000220	157772	158284	1	1	0	0	31	29
chrUn_gl000220	157772	158343	1	1	0	0	7	22
chrUn_gl000220	157772	159921	1	1	0	0	4	27
chrUn_gl000220	157802	158237	1	1	0	0	4	13
chrUn_gl000220	157802	158590	1	1	0	0	1	13
chrUn_gl000220	157802	159125	1	1	0	0	2	16
chrUn_gl000220	157810	160215	1	1	0	0	1	14
chrUn_gl000220	157830	157969	2	2	0	0	10	24
chrUn_gl000220	157830	160560	2	2	0	0	16	17
chrUn_gl000220	157844	161226	1	1	0	0	5	22
chrUn_gl000220	157924	160448	1	1	0	0	1	23
chrUn_gl000220	157957	158999	1	1	0	0	1	12
chrUn_gl000220	157957	159918	1	1	0	0	8	15
chrUn_gl000220	158046	158255	2	2	0	0	4	26
chrUn_gl000220	158068	158237	1	1	0	0	14	25
chrUn_gl000220	158068	158249	1	1	0	0	178	31
chrUn_gl000220	158068	158252	1	1	0	0	13	23
chrUn_gl000220	158068	158280	1	1	0	0	1	15
chrUn_gl000220	158068	158575	1	1	0	0	10	23
chrUn_gl000220	158068	159264	1	1	0	0	13	20
chrUn_gl000220	158068	159758	1	1	0	0	9	30
chrUn_gl000220	158068	159847	1	1	0	0	22	28
chrUn_gl000220	158068	160215	1	1	0	0	6	14
chrUn_gl000220	158068	161223	1	1	0	0	4	15
chrUn_gl000220	158068	161448	1	1	0	0	5	26
chrUn_gl000220	158072	158235	2	2	0	0	9	13
chrUn_gl000220	158085	159758	1	1	0	0	4	25
chrUn_gl000220	158089	159699	1	1	0	0	1	22
chrUn_gl000220	158097	159470	1	1	0	0	5	14
chrUn_gl000220	158104	158646	2	2	0	0	11	20
chrUn_gl000220	158162	160420	1	1	0	0	1	20
chrUn_gl000220	158186	158594	1	1	0	0	1	17
chrUn_gl000220	158186	158763	1	1	0	0	1	16
chrUn_gl000220	158186	159470	1	1	0	0	5	24
chrUn_gl000220	158186	160826	1	1	0	0	1	17
chrUn_gl000220	158231	158252	1	1	0	0	7	14
chrUn_gl000220	158231	161226	1	1	0	0	6	16
chrUn_gl000220	158289	158542	1	1	0	0	3	25
chrUn_gl000220	158289	158590	1	1	0	0	9	32
chrUn_gl000220	158289	158718	1	1	0	0	1	12
chrUn_gl000220	158289	159122	1	1	0	0	5	21
chrUn_gl000220	158289	159871	1	1	0	0	5	27
chrUn_gl000220	158298	158398	2	2	0	0	8	15
chrUn_gl000220	158298	158558	2	2	0	0	41	23
chrUn_gl000220	158298	158599	2	2	0	0	23	32
chrUn_gl000220	158300	158426	2	2	0	0	15	21
chrUn_gl000220	158300	158558	2	2	0	0	18	17
chrUn_gl000220	158300	158599	2	2	0	0	22	29
chrUn_gl000220	158307	158426	2	2	0	0	14	25
chrUn_gl000220	158307	158558	2	2	0	0	4	14
chrUn_gl000220	158307	158644	2	2	0	0	6	12
chrUn_gl000220	158348	158504	1	1	0	0	1	23
chrUn_gl000220	158348	160275	1	1	0	0	41	13
chrUn_gl000220	158348	161226	1	1	0	0	1	12
chrUn_gl000220	158350	158644	2	2	0	0	7	24
chrUn_gl000220	158350	158820	2	2	0	0	2	25
chrUn_gl000220	158350	160535	2	2	0	0	3	14
chrUn_gl000220	158373	158542	1	1	0	0	4	23
chrUn_gl000220	158373	158575	1	1	0	0	389	32
chrUn_gl000220	158373	158594	1	1	0	0	7	24
chrUn_gl000220	158375	158558	2	2	0	0	2	15
chrUn_gl000220	158375	158583	2	2	0	0	4	12
chrUn_gl000220	158418	158820	2	2	0	0	4	30
chrUn_gl000220	158418	159026	2	2	0	0	3	26
chrUn_gl000220	158418	159696	2	2	0	0	3	20
chrUn_gl000220	158420	161477	2	2	0	0	1	13
chrUn_gl000220	158477	158811	1	1	0	0	5	22
chrUn_gl000220	158497	158542	1	1	0	0	3	19
chrUn_gl000220	158504	159145	1	1	0	0	8	15
chrUn_gl000220	158543	158575	1	1	0	0	8	24
chrUn_gl000220	158543	158577	1	1	0	0	2	23
chrUn_gl000220	158546	158954	2	2	0	0	8	31
chrUn_gl000220	158548	159108	2	2	0	0	2	18
chrUn_gl000220	158565	161448	1	1	0	0	7	19
chrUn_gl000220	158603	158763	1	1	0	0	6	27
chrUn_gl000220	158603	159847	1	1	0	0	2	27
chrUn_gl000220	158603	161223	1	1	0	0	6	27
chrUn_gl000220	158615	159602	1	1	0	0	8	13
chrUn_gl000220	158615	159628	1	1	0	0	1	26
chrUn_gl000220	158615	160077	1	1	0	0	1	18
chrUn_gl000220	158615	160631	1	1	0	0	7	22
chrUn_gl000220	158635	160215	1	1	0	0	3	13
chrUn_gl000220	158637	159194	2	2	0	0	5	15
chrUn_gl000220	158637	160153	2	2	0	0	8	19
chrUn_gl000220	158659	160103	2	2	0	0	1	17
chrUn_gl000220	158674	158772	1	1	0	0	2	31
chrUn_gl000220	158674	158811	1	1	0	0	84	32
chrUn_gl000220	158674	158817	1	1	0	0	157	32
chrUn_gl000220	158674	159004	1	1	0	0	6	32
chrUn_gl000220	158674	159188	1	1	0	0	8	32
chrUn_gl000220	158674	160215	1	1	0	0	14	32
chrUn_gl000220	158674	161223	1	1	0	0	5	20
chrUn_gl000220	158674	161573	1	1	0	0	5	32
chrUn_gl000220	158682	158820	2	2	0	0	15	25
chrUn_gl000220	158682	158828	2	2	0	0	4	24
chrUn_gl000220	158682	159696	2	2	0	0	1	25
chrUn_gl000220	158699	158999	1	1	0	0	5	18
chrUn_gl000220	158713	158973	1	1	0	0	3	13
chrUn_gl000220	158713	159191	1	1	0	0	1	32
chrUn_gl000220	158713	159885	1	1	0	0	3	26
chrUn_gl000220	158741	158811	1	1	0	0	2	24
chrUn_gl000220	158756	158820	2	2	0	0	3	22
chrUn_gl000220	158756	159108	2	2	0	0	4	24
chrUn_gl000220	158756	161633	2	2	0	0	15	28
chrUn_gl000220	158758	158779	2	2	0	0	8	24
chrUn_gl000220	158758	158782	2	2	0	0	7	24
chrUn_gl000220	158758	158820	2	2	0	0	3	23
chrUn_gl000220	158758	159696	2	2	0	0	6	24
chrUn_gl000220	158758	160133	2	2	0	0	8	17
chrUn_gl000220	158758	161145	2	2	0	0	6	24
chrUn_gl000220	158758	161156	2	2	0	0	2	20
chrUn_gl000220	158758	161182	2	2	0	0	3	29
chrUn_gl000220	158758	161243	2	2	0	0	8	19
chrUn_gl000220	158758	161633	2	2	0	0	12	30
chrUn_gl000220	158758	161637	2	2	0	0	9	29
chrUn_gl000220	158763	158973	1	1	0	0	5	19
chrUn_gl000220	158763	158989	1	1	0	0	9	19
chrUn_gl000220	158763	161044	1	1	0	0	3	19
chrUn_gl000220	158763	161506	1	1	0	0	13	13
chrUn_gl000220	158791	161145	2	2	0	0	5	27
chrUn_gl000220	158812	159228	1	1	0	0	4	17
chrUn_gl000220	158812	159602	1	1	0	0	2	16
chrUn_gl000220	158812	160075	1	1	0	0	8	24
chrUn_gl000220	158849	159863	1	1	0	0	6	31
chrUn_gl000220	158849	161176	1	1	0	0	3	20
chrUn_gl000220	158896	161568	1	1	0	0	2	13
chrUn_gl000220	158900	160118	1	1	0	0	5	32
chrUn_gl000220	158906	158952	1	1	0	0	6	13
chrUn_gl000220	158906	159284	1	1	0	0	6	22
chrUn_gl000220	158906	159413	1	1	0	0	17	13
chrUn_gl000220	158909	159194	2	2	0	0	8	14
chrUn_gl000220	158909	159583	2	2	0	0	2	26
chrUn_gl000220	158909	161633	2	2	0	0	5	23
chrUn_gl000220	158914	158989	1	1	0	0	11	23
chrUn_gl000220	158914	159599	1	1	0	0	1	24
chrUn_gl000220	158914	159602	1	1	0	0	13	14
chrUn_gl000220	158954	160535	2	2	0	0	5	31
chrUn_gl000220	158970	159833	1	1	0	0	12	13
chrUn_gl000220	158970	161272	1	1	0	0	3	12
chrUn_gl000220	158974	160560	2	2	0	0	1	13
chrUn_gl000220	158989	159413	1	1	0	0	4	13
chrUn_gl000220	158989	159599	1	1	0	0	16	32
chrUn_gl000220	158989	161405	1	1	0	0	5	24
chrUn_gl000220	158995	159596	2	2	0	0	1	22
chrUn_gl000220	158995	161477	2	2	0	0	1	13
chrUn_gl000220	159005	159588	2	2	0	0	6	17
chrUn_gl000220	159011	160153	2	2	0	0	3	21
chrUn_gl000220	159013	159217	2	2	0	0	66	25
chrUn_gl000220	159013	159583	2	2	0	0	10	26
chrUn_gl000220	159043	159188	1	1	0	0	15	27
chrUn_gl000220	159043	159191	1	1	0	0	9	20
chrUn_gl000220	159043	159415	1	1	0	0	13	22
chrUn_gl000220	159043	159709	1	1	0	0	6	27
chrUn_gl000220	159043	159833	1	1	0	0	65	30
chrUn_gl000220	159043	159847	1	1	0	0	14	24
chrUn_gl000220	159043	159863	1	1	0	0	4	18
chrUn_gl000220	159043	161192	1	1	0	0	6	20
chrUn_gl000220	159053	159191	1	1	0	0	7	15
chrUn_gl000220	159053	161701	1	1	0	0	1	30
chrUn_gl000220	159074	159096	2	2	0	0	1	26
chrUn_gl000220	159178	161145	2	2	0	0	4	12
chrUn_gl000220	159184	159280	1	1	0	0	3	20
chrUn_gl000220	159184	160202	1	1	0	0	1	23
chrUn_gl000220	159184	161280	1	1	0	0	7	31
chrUn_gl000220	159245	160153	2	2	0	0	6	32
chrUn_gl000220	159265	161280	1	1	0	0	4	21
chrUn_gl000220	159292	159921	1	1	0	0	5	25
chrUn_gl000220	159326	160077	1	1	0	0	5	27
chrUn_gl000220	159326	160215	1	1	0	0	4	12
chrUn_gl000220	159333	159702	2	2	0	0	1	18
chrUn_gl000220	159398	159470	1	1	0	0	5	23
chrUn_gl000220	159408	159599	1	1	0	0	7	19
chrUn_gl000220	159408	159758	1	1	0	0	13	31
chrUn_gl000220	159408	159863	1	1	0	0	6	32
chrUn_gl000220	159408	161286	1	1	0	0	4	23
chrUn_gl000220	159458	159743	1	1	0	0	7	20
chrUn_gl000220	159460	160420	1	1	0	0	1	22
chrUn_gl000220	159464	159699	1	1	0	0	2	27
chrUn_gl000220	159464	159863	1	1	0	0	4	15
chrUn_gl000220	159496	160826	1	1	0	0	1	17
chrUn_gl000220	159498	159599	1	1	0	0	1	20
chrUn_gl000220	159503	161418	1	1	0	0	2	12
chrUn_gl000220	159506	160153	2	2	0	0	1	24
chrUn_gl000220	159506	161182	2	2	0	0	3	24
chrUn_gl000220	159506	161185	2	2	0	0	3	23
chrUn_gl000220	159538	160483	2	4	0	0	4	24
chrUn_gl000220	159662	161263	1	1	0	0	3	22
chrUn_gl000220	159674	159847	1	1	0	0	2	18
chrUn_gl000220	159726	159833	1	1	0	0	5	26
chrUn_gl000220	159726	159847	1	1	0	0	2	13
chrUn_gl000220	159726	161683	1	1	0	0	2	28
chrUn_gl000220	159733	159833	1	1	0	0	4	32
chrUn_gl000220	159733	159885	1	1	0	0	1	19
chrUn_gl000220	159743	160075	1	1	0	0	8	22
chrUn_gl000220	159754	161192	1	1	0	0	4	32
chrUn_gl000220	159758	159833	1	1	0	0	9	15
chrUn_gl000220	159808	161571	2	2	0	0	7	27
chrUn_gl000220	159812	159833	1	1	0	0	2	12
chrUn_gl000220	159812	160077	1	1	0	0	3	29
chrUn_gl000220	159812	160215	1	1	0	0	6	25
chrUn_gl000220	159943	159962	1	1	0	0	25	26
chrUn_gl000220	159943	160017	1	1	0	0	35	28
chrUn_gl000220	159943	160077	1	1	0	0	11	28
chrUn_gl000220	159943	161226	1	1	0	0	1	25
chrUn_gl000220	159946	161243	2	2	0	0	3	13
chrUn_gl000220	159957	160017	1	1	0	0	8	29
chrUn_gl000220	159983	160202	1	1	0	0	1	13
chrUn_gl000220	160009	160663	2	2	0	0	1	16
chrUn_gl000220	160025	160465	1	1	0	0	1	12
chrUn_gl000220	160025	161248	1	1	0	0	5	21
chrUn_gl000220	160058	160153	2	2	0	0	2	28
chrUn_gl000220	160058	161477	2	2	0	0	6	12
chrUn_gl000220	160100	161237	1	1	0	0	8	17
chrUn_gl000220	160119	161272	1	1	0	0	7	12
chrUn_gl000220	160119	161286	1	1	0	0	1	21
chrUn_gl000220	160128	160928	1	1	0	0	6	25
chrUn_gl000220	160128	161223	1	1	0	0	15	25
chrUn_gl000220	160170	161148	1	1	0	0	2	16
chrUn_gl000220	160187	160215	1	1	0	0	6	31
chrUn_gl000220	160187	160599	1	1	0	0	1	32
chrUn_gl000220	160187	161701	1	1	0	0	4	14
chrUn_gl000220	160191	161145	2	2	0	0	11	31
chrUn_gl000220	160191	161717	2	2	0	0	3	29
chrUn_gl000220	160209	161145	2	2	0	0	2	22
chrUn_gl000220	160211	160931	2	2	0	0	7	21
chrUn_gl000220	160211	161145	2	2	0	0	44	29
chrUn_gl000220	160211	161156	2	2	0	0	3	25
chrUn_gl000220	160250	160535	2	2	0	0	3	30
chrUn_gl000220	160310	160560	2	2	0	0	1	31
chrUn_gl000220	160319	160508	2	2	0	0	364	29
chrUn_gl000220	160319	161512	2	2	0	0	1	27
chrUn_gl000220	160378	161540	2	2	0	0	6	27
chrUn_gl000220	160453	160572	1	1	0	0	1	20
chrUn_gl000220	160510	160983	1	1	0	0	3	15
chrUn_gl000220	160669	160826	1	1	0	0	2	25
chrUn_gl000220	160720	160835	1	1	0	0	7	12
chrUn_gl000220	160744	161696	1	1	0	0	2	29
chrUn_gl000220	160748	161123	1	1	0	0	1	12
chrUn_gl000220	160794	161267	2	2	0	0	4	17
chrUn_gl000220	160931	161156	2	2	0	0	2	15
chrUn_gl000220	160955	161145	2	2	0	0	20	28
chrUn_gl000220	160957	161095	1	1	0	0	3	21
chrUn_gl000220	160957	161099	1	1	0	0	4	25
chrUn_gl000220	161015	161145	2	2	0	0	7	23
chrUn_gl000220	161033	161123	1	1	0	0	9	32
chrUn_gl000220	161033	161223	1	1	0	0	1	27
chrUn_gl000220	161033	161701	1	1	0	0	1	19
chrUn_gl000220	161039	161226	1	1	0	0	1	23
chrUn_gl000220	161086	161127	2	2	0	0	3	21
chrUn_gl000220	161096	161686	1	1	0	0	1	14
chrUn_gl000220	161111	161237	1	1	0	0	10	18
chrUn_gl000220	161111	161594	1	1	0	0	8	28
chrUn_gl000220	161275	161683	1	1	0	0	1	18
chrUn_gl000220	161349	161627	2	2	0	0	5	27
chrUn_gl000220	161393	161490	2	2	0	0	8	23
chrUn_gl000220	161393	161577	2	2	0	0	1	12
chrUn_gl000220	161435	161477	2	2	0	0	1	19
chrUn_gl000220	161435	161637	2	2	0	0	3	24
chrUn_gl000220	161520	161683	1	1	0	0	7	18
chrUn_gl000220	161528	161683	1	1	0	0	8	29
chrUn_gl000220	161536	161686	1	1	0	0	5	24
chrUn_gl000220	161613	161633	2	2	0	0	4	28
chrUn_gl000221	36598	38227	1	1	0	0	2	28
chrUn_gl000214	63753	118354	2	2	0	0	8	14
chrUn_gl000214	63753	136954	2	2	0	0	8	14
chrUn_gl000228	116195	120558	2	2	0	0	8	21
chrUn_gl000228	117084	117152	2	2	0	0	2	25
chrUn_gl000247	2909	3291	0	0	0	0	5	31
chrUn_gl000235	28325	33022	1	1	0	0	2	23
chrM	1282	2827	0	0	0	3	0	32
chrM	1784	1832	1	1	0	2	0	26
chrM	1842	2048	2	2	0	1	0	23
chrM	1867	2113	2	2	0	5	0	25
chrM	1935	2790	2	2	0	2	0	21
chrM	1999	2217	2	2	0	1	0	31
chrM	2070	2790	2	2	0	2	0	14
chrM	2193	3053	0	0	0	3	0	30
chrM	2261	2281	0	0	0	6	0	31
chrM	2655	2720	2	2	0	1	0	22
chrM	2824	12538	2	2	0	1	0	13
chrM	3174	9305	2	6	0	7	0	19
chrUn_gl000226	688	4779	2	2	0	0	3	27
chrUn_gl000226	2052	4779	2	2	0	0	3	27
