chr1	15039	15795	2	2	1	0	2	2
chr1	17743	17914	2	2	1	0	4	3
chr1	18367	24737	2	2	1	0	5	7
chr1	168166	169048	2	2	1	0	2	17
chr1	320939	321031	1	1	1	0	12	29
chr1	324346	324438	1	1	1	0	9	11
chr1	703994	704876	2	2	1	0	2	17
chr1	708488	709550	2	2	1	1	0	3
chr1	745551	752752	2	2	1	0	3	1
chr1	863262	865555	2	2	1	0	1	1
chr1	878758	879077	1	1	1	11	0	28
chr1	880181	880421	2	2	1	5	0	23
chr1	880181	880436	2	2	1	4	0	13
chr1	883613	883869	2	2	1	3	0	28
chr1	886619	887379	2	2	1	3	0	1
chr1	889463	891302	2	2	1	0	2	9
chr1	891394	891474	2	2	1	3	0	28
chr1	892654	894308	2	2	1	0	1	7
chr1	970705	976044	1	1	1	2	0	6
chr1	976778	976857	1	1	1	8	0	3
chr1	982835	982952	1	1	1	1	0	30
chr1	984832	984945	1	1	1	1	0	22
chr1	985972	986105	1	1	1	3	0	29
chr1	986218	986632	1	1	1	1	0	13
chr1	989358	989827	1	1	1	5	0	2
chr1	1148474	1149042	2	2	1	1	0	6
chr1	1153069	1153837	2	2	1	7	0	23
chr1	1163555	1163656	0	0	0	4	0	30
chr1	1191506	1192371	2	2	1	5	0	10
chr1	1217568	1217655	1	1	1	0	2	5
chr1	1230009	1230097	2	2	1	4	0	2
chr1	1233314	1233392	2	2	1	5	0	26
chr1	1234060	1234724	2	2	1	2	0	23
chr1	1234737	1235210	2	2	1	5	0	6
chr1	1235286	1235352	2	2	1	6	0	22
chr1	1235449	1235537	2	2	1	2	0	30
chr1	1235583	1235888	2	2	1	0	4	5
chr1	1246452	1246709	1	1	1	3	0	21
chr1	1247528	1247605	2	2	1	11	0	25
chr1	1248081	1248166	2	2	1	2	0	11
chr1	1249302	1249680	2	2	1	2	0	18
chr1	1254905	1255835	2	2	1	4	0	21
chr1	1255910	1256375	2	2	1	1	0	10
chr1	1271896	1273356	2	2	1	7	0	28
chr1	1274820	1274961	2	2	1	1	0	16
chr1	1275030	1275115	2	2	1	2	0	7
chr1	1277186	1277432	2	2	1	1	0	21
chr1	1322963	1323156	2	2	1	14	0	29
chr1	1323250	1323333	2	2	1	6	0	32
chr1	1333723	1333976	2	2	1	6	0	19
chr1	1334052	1334398	2	2	1	8	0	12
chr1	1387815	1389724	1	1	1	0	4	30
chr1	1407470	1412653	1	1	1	0	3	4
chr1	1416317	1417517	1	1	1	0	16	15
chr1	1417995	1420395	1	1	1	0	4	30
chr1	1420552	1421161	1	1	1	6	0	30
chr1	1424655	1425071	1	1	1	0	4	5
chr1	1426052	1430864	1	1	1	0	4	5
chr1	1447854	1451391	1	1	1	0	3	4
chr1	1454371	1455520	1	1	1	0	16	15
chr1	1455998	1458123	1	1	1	5	0	27
chr1	1458280	1458890	1	1	1	2	0	4
chr1	1458948	1459218	1	1	1	15	0	17
chr1	1461912	1462540	1	1	1	0	4	5
chr1	1464712	1469305	1	1	1	0	4	5
chr1	1559326	1560174	1	1	1	1	0	6
chr1	1563780	1563868	1	1	1	0	1	5
chr1	1564692	1564764	1	1	1	3	0	22
chr1	1569708	1569826	1	1	1	0	2	5
chr1	1577182	1577266	2	2	1	0	5	30
chr1	1577363	1577746	2	2	1	0	1	30
chr1	1577870	1580486	2	2	1	0	12	27
chr1	1586939	1588824	2	2	1	0	6	30
chr1	1588949	1590374	2	2	1	3	0	3
chr1	1590914	1593791	1	1	1	0	2	4
chr1	1597459	1599765	2	2	1	3	0	6
chr1	1632927	1633046	1	1	1	0	2	5
chr1	1640392	1640476	2	2	1	0	5	30
chr1	1640573	1640956	2	2	1	0	1	30
chr1	1641080	1643702	2	2	1	0	12	27
chr1	1650895	1653034	2	2	1	2	0	25
chr1	1653151	1654146	2	2	1	0	6	30
chr1	1685648	1685722	2	2	1	0	5	6
chr1	1686127	1686173	0	0	0	6	0	31
chr1	1688750	1693390	2	2	1	4	0	23
chr1	1718877	1720491	2	2	1	4	0	16
chr1	1720709	1721833	2	2	1	2	0	10
chr1	1736021	1737913	2	2	1	1	0	21
chr1	1828564	1837370	2	2	0	0	1	24
chr1	1871843	1873466	2	2	1	0	1	4
chr1	1886963	1887129	2	2	1	0	1	1
chr1	2125350	2125436	2	2	1	8	0	11
chr1	2223838	2224559	1	3	0	7	0	24
chr1	2234840	2235278	1	1	1	2	0	5
chr1	2235542	2235731	1	1	1	2	0	9
chr1	2235754	2238139	2	2	0	6	0	21
chr1	2261250	2269991	0	0	0	8	0	30
chr1	2316505	2317245	2	2	1	8	0	5
chr1	2318969	2319677	2	2	1	0	2	7
chr1	2445906	2447000	2	2	1	9	0	10
chr1	2450764	2451239	2	2	1	2	0	10
chr1	2451854	2452161	2	2	1	2	0	28
chr1	2520480	2520848	1	1	1	3	0	5
chr1	3301851	3303239	1	1	1	0	2	8
chr1	3342315	3342614	1	1	1	0	1	4
chr1	3395177	3396080	1	1	1	0	3	5
chr1	3541838	3541987	1	1	1	4	0	20
chr1	3542080	3542276	1	1	1	5	0	19
chr1	3563347	3563971	2	2	1	5	0	9
chr1	3669364	3670681	1	1	1	0	2	6
chr1	3697901	3698075	2	2	1	8	0	29
chr1	3700676	3701650	2	2	1	2	0	26
chr1	3743001	3743271	2	2	1	3	0	14
chr1	3743309	3745829	2	2	1	3	0	7
chr1	5618059	6585031	2	2	0	0	4	32
chr1	6098170	6585031	2	2	0	0	4	32
chr1	6166348	6166454	2	2	1	1	0	7
chr1	6171944	6172199	2	2	1	0	1	3
chr1	6246877	6252989	2	2	1	0	9	22
chr1	6253115	6257711	2	2	1	0	6	30
chr1	6270356	6270429	1	1	1	1	0	19
chr1	6270999	6271080	1	1	1	1	0	5
chr1	6271179	6271926	1	1	1	0	1	3
chr1	6285323	6291961	2	2	1	3	0	20
chr1	6294572	6294945	2	2	1	3	0	7
chr1	6310064	6310499	2	2	1	4	0	4
chr1	6387474	6393536	2	2	1	0	1	5
chr1	6501126	6504540	1	1	1	0	1	3
chr1	6526677	6582429	1	1	0	0	2	22
chr1	6529511	6529603	2	2	1	4	0	22
chr1	6655618	6659106	2	2	1	2	0	25
chr1	6700118	6704617	2	2	1	3	0	3
chr1	6713012	6713970	2	2	1	4	0	17
chr1	6714100	6727768	2	2	1	7	0	17
chr1	6727871	6738453	2	2	1	4	0	8
chr1	6782318	6857559	2	2	0	0	2	32
chr1	6844402	6844463	1	3	0	9	0	23
chr1	7527962	7700459	1	1	1	0	3	2
chr1	7812594	7826518	1	1	1	0	4	6
chr1	7837379	7838177	1	1	1	10	0	20
chr1	7932102	8069402	2	2	0	0	7	23
chr1	8022142	8022822	1	1	1	0	4	7
chr1	8031024	8037711	1	1	1	2	0	21
chr1	8190128	8198688	2	2	0	1	0	14
chr1	8309149	8917844	2	2	0	5	0	24
chr1	8684440	8716031	2	2	1	1	0	21
chr1	8881228	8922248	1	1	0	0	2	19
chr1	8923005	8923293	2	2	1	7	2	1
chr1	8923403	8923949	2	2	1	20	0	17
chr1	8924152	8925343	2	2	1	7	0	18
chr1	8925542	8926337	2	2	1	7	1	29
chr1	8926561	8927175	2	2	1	2	0	12
chr1	8927310	8928046	2	2	1	2	0	5
chr1	8932046	8934882	2	2	1	11	0	17
chr1	8934977	8938638	2	2	1	5	0	22
chr1	8995227	9028108	2	2	0	0	1	18
chr1	9791955	9793458	2	2	1	1	0	7
chr1	9804064	9804452	2	2	1	2	0	13
chr1	9992523	10039640	2	2	0	0	1	26
chr1	9994919	9995549	2	2	1	4	0	20
chr1	10092083	10282011	2	2	0	0	3	32
chr1	10093753	10132085	1	1	1	3	0	28
chr1	10190872	10192426	1	1	1	1	0	20
chr1	10292493	10316304	1	1	1	3	0	25
chr1	10335562	10336378	1	1	1	1	0	21
chr1	10352181	10355143	1	1	1	3	0	15
chr1	10397262	10397428	1	1	1	5	0	10
chr1	10402227	10403289	1	1	1	2	0	7
chr1	10403346	10405902	1	1	1	2	0	2
chr1	10421884	10423340	1	1	1	0	1	2
chr1	10459183	10459685	1	1	1	7	0	30
chr1	10477175	10477432	1	1	1	9	0	29
chr1	10478983	10479473	1	1	1	6	0	9
chr1	10509052	10520070	1	1	0	0	3	13
chr1	10518830	10519146	1	1	1	0	5	3
chr1	10539041	10546976	2	2	0	1	0	27
chr1	11072801	11073772	1	1	1	2	0	10
chr1	11077419	11841213	2	2	0	0	4	21
chr1	11093814	11109224	2	2	0	0	1	18
chr1	11114943	11115018	2	2	1	5	0	24
chr1	11115984	11116067	2	2	1	10	0	14
chr1	11116152	11116660	2	2	1	6	0	4
chr1	11116815	11118856	2	2	1	4	0	10
chr1	11126806	11128064	2	2	1	4	0	20
chr1	11128764	11129615	2	2	1	6	0	27
chr1	11134066	11134287	2	2	1	3	0	6
chr1	11134384	11136898	2	2	1	0	1	3
chr1	11148256	11150610	2	2	1	8	0	7
chr1	11168344	11169346	2	2	1	4	0	25
chr1	11189009	11189794	2	2	1	4	0	14
chr1	11190835	11193136	2	2	1	1	0	12
chr1	11204539	11204723	1	1	1	0	1	1
chr1	11264761	11269368	2	4	1	3	0	14
chr1	11269516	11270870	2	2	1	2	0	3
chr1	11298106	11298458	2	2	1	2	0	22
chr1	11298675	11300359	2	2	1	2	0	13
chr1	11301739	11303170	2	2	1	3	0	5
chr1	11307791	11307875	2	2	1	3	0	6
chr1	11318651	11319304	2	2	1	8	0	29
chr1	11591768	11594437	1	1	1	0	2	5
chr1	11827143	11827277	1	1	1	0	1	1
chr1	11888277	11888514	1	1	1	0	1	4
chr1	11983547	11985261	2	2	1	3	0	13
chr1	12014683	12014886	1	1	0	3	0	31
chr1	12064671	12064881	1	1	1	5	0	19
chr1	12067307	12069648	1	1	1	13	0	25
chr1	12082500	12082889	1	1	1	2	0	2
chr1	12089952	12090084	1	1	1	2	0	7
chr1	12318161	12320749	1	1	1	5	0	16
chr1	12320852	12321004	1	1	1	3	0	25
chr1	12322138	12326937	1	1	1	1	0	19
chr1	12331182	12333059	1	1	1	6	0	20
chr1	12382804	12383762	1	1	1	4	0	15
chr1	12393424	12395761	1	1	1	0	4	6
chr1	12405567	12406661	1	1	1	1	0	22
chr1	12409432	12414030	1	1	1	2	0	19
chr1	12416582	12418514	1	1	1	2	0	12
chr1	12464027	12475139	1	1	1	4	0	10
chr1	12746441	12778733	2	2	0	0	1	24
chr1	15370656	15382586	1	1	1	3	0	31
chr1	15542263	16108646	2	2	0	0	5	25
chr1	15723946	15726592	1	1	1	0	1	5
chr1	15970146	15976214	1	1	1	6	0	15
chr1	16203174	16235815	1	1	1	6	0	14
chr1	16262762	16263657	1	1	1	2	0	22
chr1	16264502	16265212	1	1	1	8	0	15
chr1	16352743	16353030	1	1	1	0	2	3
chr1	16374540	16374837	1	1	1	0	2	3
chr1	16640676	16685349	2	2	0	3	0	24
chr1	16693804	16717869	1	1	1	5	0	22
chr1	16811402	16812063	2	2	1	0	1	1
chr1	16840645	16993308	2	2	0	0	5	30
chr1	16840645	16993311	2	2	0	0	6	28
chr1	16840746	16993414	0	0	0	3	0	30
chr1	16840773	16993278	1	1	0	0	3	31
chr1	16894526	16895567	2	2	1	6	0	24
chr1	16905898	16907239	2	2	1	0	6	19
chr1	16910192	16911983	2	2	1	3	0	3
chr1	16912194	16913544	2	2	1	0	6	19
chr1	16916497	16918341	2	2	1	0	4	27
chr1	16972174	16972863	1	1	1	0	5	14
chr1	16973205	16973281	1	3	1	0	1	3
chr1	16973814	16973957	1	1	1	0	5	13
chr1	16975160	16975250	1	1	1	0	1	29
chr1	16993420	17007239	1	1	0	0	8	14
chr1	16993429	17964491	2	2	0	4	58	13
chr1	17067143	17222610	1	1	0	0	6	28
chr1	17067146	17222610	1	1	0	0	5	30
chr1	17067176	17222482	2	2	0	0	3	31
chr1	17085207	17085297	2	2	1	0	1	29
chr1	17086503	17086646	2	2	1	0	5	13
chr1	17087179	17087255	2	4	1	0	1	3
chr1	17273487	17278407	1	1	1	2	0	6
chr1	17303694	17304731	2	2	1	1	0	5
chr1	17318354	17318503	2	2	1	1	0	3
chr1	17331568	17331868	2	2	1	6	0	6
chr1	17550189	17550861	1	1	1	0	2	2
chr1	17553318	17710416	1	1	0	0	3	16
chr1	17710130	17775970	1	1	0	0	5	32
chr1	17738691	17739568	2	2	1	3	0	13
chr1	17744924	17787793	1	1	0	0	1	24
chr1	17749333	17752036	2	2	1	3	0	30
chr1	17788401	17824484	2	2	0	1	0	17
chr1	18902915	19055262	1	1	0	0	7	29
chr1	19202962	19203701	2	2	1	0	1	1
chr1	19408068	19410997	2	2	1	12	0	19
chr1	19412765	19413172	2	2	1	6	0	18
chr1	19414424	19415252	2	2	1	3	0	31
chr1	19415472	19419312	2	2	1	6	0	25
chr1	19421520	19422038	2	2	1	6	0	17
chr1	19422147	19423016	2	2	1	3	0	2
chr1	19423775	19426090	2	2	1	8	0	16
chr1	19426172	19426571	2	2	1	0	2	3
chr1	19432337	19433062	2	2	1	0	1	5
chr1	19442132	19443714	2	2	1	4	0	22
chr1	19447929	19448427	2	2	1	2	0	20
chr1	19449555	19451034	2	2	1	1	0	4
chr1	19468019	19468140	2	2	1	6	0	26
chr1	19477288	19478136	2	2	1	2	0	16
chr1	19478354	19478806	2	2	1	1	0	15
chr1	19480434	19481411	2	2	1	7	0	14
chr1	19482163	19482764	2	2	1	5	0	16
chr1	19483420	19484308	2	2	1	3	0	20
chr1	19484492	19486604	2	2	1	4	0	8
chr1	19488231	19488320	2	2	1	3	0	31
chr1	19518873	19518974	2	2	1	1	0	11
chr1	19565349	19565724	2	2	1	0	1	2
chr1	19632642	19633495	2	2	1	3	0	11
chr1	19635137	19638320	2	2	1	1	0	2
chr1	19653118	19654064	1	1	1	0	1	5
chr1	19746245	19746518	2	2	1	0	1	6
chr1	19746245	19810377	2	2	1	0	1	6
chr1	19746245	19811929	2	2	1	3	0	32
chr1	19948642	19949967	1	1	1	5	0	19
chr1	20931533	20940334	1	1	1	0	1	4
chr1	20980865	20981106	2	2	1	8	0	21
chr1	21072150	21074036	2	2	1	1	0	8
chr1	21083750	21091869	2	2	1	6	0	26
chr1	21176024	21177750	2	2	1	5	0	18
chr1	21187011	21188720	2	2	1	1	0	9
chr1	21220130	21221860	2	2	1	4	0	13
chr1	21276605	21295966	2	2	1	4	0	15
chr1	21499439	21582855	2	2	0	0	3	29
chr1	21562421	21563238	2	2	1	5	0	23
chr1	21584084	21585185	2	2	1	2	0	21
chr1	22021715	22027990	2	2	1	3	0	8
chr1	22033362	22041881	2	2	1	3	0	20
chr1	22059696	22090986	1	1	0	0	1	26
chr1	22084277	22109316	2	2	1	1	0	13
chr1	22154646	22154747	2	2	1	1	0	1
chr1	22162131	22163294	2	2	1	0	3	7
chr1	22170793	22172600	2	2	1	4	0	20
chr1	22174587	22175135	2	2	1	0	1	4
chr1	22176992	22178038	2	2	1	6	0	12
chr1	22213828	22213912	2	2	1	6	0	22
chr1	22214168	22214430	2	2	1	6	0	2
chr1	22222804	22263647	2	2	1	1	0	13
chr1	22379236	22404921	1	1	1	4	0	15
chr1	22890223	22895781	1	1	1	1	1	27
chr1	23357128	23376879	1	1	1	4	0	26
chr1	23377014	23380253	1	1	1	2	0	20
chr1	23384059	23385565	1	1	1	2	0	16
chr1	23408067	23408712	1	1	1	3	0	22
chr1	23637560	23637693	2	2	1	0	3	6
chr1	23660834	23706317	2	2	0	0	9	15
chr1	23660834	23992450	2	2	0	0	9	15
chr1	23665102	23670703	2	2	1	11	0	24
chr1	23704277	23704595	2	2	0	0	1	23
chr1	23737622	23737955	0	0	1	0	1	4
chr1	23762522	23763052	2	2	1	8	0	18
chr1	24018320	24019098	1	1	1	7	0	12
chr1	24020404	24021149	1	1	1	3	0	9
chr1	24021282	24022287	1	1	1	12	0	24
chr1	24028702	24060090	2	2	0	0	4	24
chr1	24028702	25011295	2	2	0	0	4	24
chr1	24119251	24119640	1	1	1	0	2	4
chr1	24286489	24287418	1	1	1	0	6	11
chr1	24869938	25063207	2	2	0	0	4	29
chr1	24969839	24972474	1	1	1	11	0	8
chr1	24979120	24979403	1	1	1	2	0	23
chr1	24987291	24987800	1	1	1	0	2	4
chr1	24987291	24987803	1	1	1	0	2	4
chr1	24996079	24996610	1	1	1	1	0	6
chr1	24996807	24997876	1	1	1	3	0	30
chr1	25006028	25063207	2	2	0	0	4	29
chr1	25035963	25063207	2	2	0	0	4	29
chr1	25549923	25551492	2	2	1	4	0	24
chr1	25570125	25570667	2	2	1	0	1	1
chr1	25664948	25666964	1	1	1	4	0	2
chr1	26094006	26094559	0	0	0	3	0	30
chr1	26126905	26127533	1	1	1	13	0	20
chr1	26150240	26152792	1	1	1	3	0	10
chr1	26230305	26231154	2	2	1	5	0	24
chr1	26526550	26527320	1	1	1	0	3	5
chr1	26610974	26611954	2	2	1	0	4	4
chr1	26620823	26623409	2	2	1	5	0	30
chr1	26628214	26629303	2	2	1	2	0	8
chr1	26800019	26800193	1	1	1	3	0	9
chr1	26800224	26800575	1	1	1	5	1	21
chr1	26800627	26801062	1	1	1	4	0	32
chr1	26801159	26801603	1	1	1	11	0	30
chr1	26836782	26952032	1	1	0	0	4	32
chr1	27094491	27097609	1	1	1	3	0	18
chr1	27097818	27098990	1	1	1	2	0	18
chr1	27176930	27177048	1	1	1	8	0	29
chr1	27248421	27250579	1	1	1	1	0	12
chr1	27258041	27350111	1	1	0	0	3	32
chr1	27269557	27271880	1	1	1	0	4	3
chr1	27271965	27272058	1	1	1	3	0	19
chr1	27272178	27272620	1	1	1	6	0	2
chr1	27302724	27319376	1	1	0	1	0	25
chr1	27440778	27480473	2	2	1	3	0	28
chr1	27631685	27632676	1	1	1	3	0	12
chr1	27682992	27683080	2	2	1	4	0	6
chr1	27687500	27687647	2	2	1	1	0	8
chr1	27689245	27689341	2	2	1	0	10	7
chr1	27741458	27742478	2	2	1	2	0	23
chr1	27879697	27884815	2	2	0	4	0	28
chr1	27983954	28226597	1	1	0	0	5	29
chr1	28080853	28390095	1	1	0	0	4	23
chr1	28123465	28124908	2	4	0	0	1	24
chr1	28224219	28233438	2	2	1	9	0	11
chr1	28255946	29222089	2	2	0	0	6	13
chr1	28320072	28323830	2	2	1	0	1	2
chr1	28562782	28562871	1	1	1	0	3	2
chr1	28562964	28564347	1	1	1	2	0	5
chr1	28563759	28564347	1	1	0	3	0	13
chr1	28579149	28669035	2	2	0	0	4	21
chr1	28688157	28689116	2	2	0	1	0	15
chr1	28773786	29035101	1	1	0	0	5	26
chr1	28774889	28777344	1	1	0	2	0	19
chr1	28833904	28835096	2	2	0	0	1	25
chr1	28833966	28835157	1	1	0	0	1	31
chr1	28861893	28862382	1	1	1	4	0	7
chr1	28862894	28863258	1	1	1	5	0	8
chr1	28885138	29302399	1	1	0	4	0	14
chr1	28891347	28893805	1	1	1	3	0	7
chr1	29181395	29207661	2	2	0	0	1	32
chr1	29241281	29313942	1	1	1	5	0	17
chr1	29379825	29386933	1	1	1	4	0	6
chr1	29475739	29476614	2	2	1	1	0	19
chr1	29481423	29485885	2	2	1	5	0	32
chr1	29522771	29527027	2	2	1	3	0	9
chr1	29587416	29601959	1	1	1	0	1	3
chr1	29631362	29631863	1	1	1	0	1	2
chr1	30181972	30182170	2	2	1	2	0	1
chr1	31406190	31409489	2	2	1	2	0	13
chr1	31409683	31413997	2	2	1	1	0	23
chr1	31471962	31729384	2	2	0	0	5	12
chr1	31471962	32020615	2	2	0	0	5	12
chr1	31478879	31479840	2	2	1	7	0	23
chr1	31505879	31534388	1	1	0	0	1	18
chr1	31605481	31616795	1	1	0	1	0	19
chr1	31762267	31764759	2	2	1	0	1	4
chr1	31786338	31786612	0	0	0	3	0	32
chr1	32044869	32048749	1	1	1	1	0	3
chr1	32098916	32100822	2	2	1	6	0	6
chr1	32157114	32157198	2	2	1	12	0	10
chr1	32157244	32157605	2	2	1	12	0	10
chr1	32160823	32161361	2	2	1	0	1	1
chr1	32164208	32165413	2	2	1	8	0	18
chr1	32205237	32205526	2	2	1	2	2	9
chr1	32375714	32377296	2	2	1	3	0	30
chr1	32385260	32403587	2	2	1	0	3	25
chr1	32386365	32387891	2	4	0	6	0	30
chr1	32413550	32484141	1	1	0	0	2	31
chr1	32480044	32480440	1	1	0	4	0	31
chr1	32502645	32503435	1	1	1	7	0	17
chr1	32505175	32508127	1	1	1	2	0	21
chr1	32538700	32540551	1	1	1	0	4	1
chr1	32541424	32542164	1	1	1	0	3	3
chr1	32573736	32620188	1	1	1	2	0	17
chr1	32631832	32632769	1	1	1	1	0	13
chr1	32645378	32645914	1	1	1	4	0	30
chr1	32647179	32650125	1	1	1	6	0	9
chr1	32650218	32653554	1	1	1	3	0	12
chr1	32658902	32659665	1	1	1	5	0	5
chr1	32681883	32681984	2	2	1	1	0	2
chr1	32682549	32682859	2	2	1	0	1	7
chr1	32686799	32687467	2	2	1	6	0	11
chr1	32696621	32696715	1	1	1	4	0	21
chr1	32748176	32979794	1	1	0	0	4	31
chr1	32785558	32908337	2	2	0	0	4	15
chr1	32792679	32793136	1	1	1	0	1	7
chr1	32796179	32796263	1	1	1	2	0	3
chr1	32796288	32796368	1	1	1	4	0	21
chr1	32797408	32797690	1	1	1	3	0	12
chr1	32843650	32843815	2	2	1	6	0	28
chr1	32844441	32846814	2	2	1	1	0	12
chr1	32846870	32849430	2	2	1	1	0	14
chr1	32849650	32852379	2	2	1	11	0	12
chr1	32895160	33120691	1	1	0	0	5	17
chr1	33011920	33076301	2	2	0	0	2	29
chr1	33027909	33286963	2	2	0	0	4	29
chr1	33097481	33099245	2	2	1	0	4	6
chr1	33116924	33117514	1	1	1	7	0	20
chr1	33138503	33146126	1	1	1	0	4	4
chr1	33192949	33286967	1	1	0	0	4	32
chr1	33233559	33233662	1	1	1	4	0	16
chr1	33252049	33252540	2	2	1	1	0	7
chr1	33256856	33263363	2	2	1	4	0	7
chr1	33272213	33276191	2	2	1	4	0	27
chr1	33480196	33486967	2	2	1	1	0	12
chr1	33487063	33487193	2	2	1	11	0	28
chr1	33829777	33829826	2	4	0	1	0	15
chr1	33954792	33955117	1	1	1	1	0	25
chr1	34291376	34312484	2	2	1	0	2	1
chr1	34789810	35770665	0	0	0	6	0	30
chr1	35480490	35480588	2	2	1	0	3	3
chr1	35642076	35642919	2	2	1	0	1	4
chr1	35643001	35643589	2	2	1	4	0	1
chr1	35643638	35646735	2	2	1	3	0	6
chr1	35650195	35652601	2	2	1	7	0	14
chr1	35652853	35653573	2	2	1	14	0	24
chr1	35654689	35654786	2	2	1	4	0	21
chr1	35654984	35656098	2	2	1	1	0	25
chr1	35656195	35656294	2	2	1	6	0	12
chr1	35871070	35873608	1	1	1	2	0	23
chr1	35906740	35907846	2	2	1	1	0	12
chr1	35926039	35928221	2	2	1	7	0	29
chr1	36068976	36070833	2	2	1	3	0	12
chr1	36075010	36096874	2	2	1	0	2	1
chr1	36112726	36167042	2	2	0	2	0	15
chr1	36202677	36202939	2	2	1	3	0	18
chr1	36204184	36204736	2	2	1	1	0	10
chr1	36230928	36235447	2	2	1	0	3	1
chr1	36479354	36479515	1	1	1	0	2	1
chr1	36479650	36492714	1	1	1	3	0	29
chr1	36554717	36556844	1	1	1	0	1	3
chr1	36644627	36644862	1	1	1	9	0	18
chr1	36645358	36645474	1	1	1	3	0	29
chr1	36711916	36711947	2	4	0	6	0	27
chr1	36748302	36751968	1	1	1	2	0	4
chr1	36772887	36773117	1	1	1	7	0	8
chr1	36809866	36814300	2	2	1	5	0	9
chr1	36821035	36823839	2	2	1	3	0	2
chr1	37804920	37840678	1	1	0	0	1	32
chr1	38032609	38033273	2	2	1	4	0	31
chr1	38033959	38034451	2	2	1	4	0	3
chr1	38053097	38056306	2	2	1	6	0	31
chr1	38149149	38151944	1	5	1	1	0	2
chr1	38169020	38171112	1	1	1	7	0	8
chr1	38214826	38238501	2	2	0	0	1	31
chr1	38269670	38269973	2	2	1	1	0	7
chr1	38409342	38409467	2	2	1	4	0	1
chr1	38423936	38425791	2	2	1	8	0	28
chr1	38433807	38435025	2	2	1	2	0	17
chr1	38435137	38435242	2	2	1	2	0	11
chr1	38435408	38442555	2	2	1	3	0	6
chr1	38445206	38446257	2	2	1	7	0	20
chr1	39463984	39466643	1	1	1	5	0	12
chr1	39748974	39749080	1	1	1	3	0	1
chr1	39784288	39785335	1	1	1	3	0	14
chr1	39806390	39806475	1	1	1	0	2	3
chr1	39827350	39833819	1	1	1	5	0	14
chr1	39888208	39888401	1	1	1	0	1	7
chr1	39907993	39908083	1	1	1	5	0	12
chr1	39908240	39908385	1	1	1	10	0	5
chr1	39913825	39914265	1	1	1	5	0	6
chr1	39919523	39920580	1	1	1	8	0	16
chr1	39927710	39929283	1	1	1	16	0	24
chr1	39934405	39945469	1	1	1	4	0	14
chr1	39990730	39994726	2	2	1	0	2	3
chr1	39994837	40007391	2	2	1	2	0	21
chr1	40029414	40029507	2	2	1	5	0	4
chr1	40029595	40030094	2	2	1	4	0	29
chr1	40030215	40030777	2	2	1	4	0	21
chr1	40031051	40033422	2	2	1	3	0	6
chr1	40037022	40038064	2	2	1	6	0	5
chr1	40041896	40042223	2	2	1	12	0	25
chr1	40363643	40366610	2	2	1	0	2	5
chr1	40432842	40433299	1	1	1	2	0	25
chr1	40546160	40555081	2	2	1	3	0	30
chr1	40555185	40557000	2	2	1	1	0	4
chr1	40592569	40729928	2	2	0	0	4	32
chr1	40677531	40732673	2	2	0	0	9	26
chr1	40733545	40734090	1	1	1	2	0	4
chr1	40751135	40812129	2	2	0	0	2	14
chr1	40943567	40944707	1	1	1	3	0	25
chr1	40999541	41013955	1	3	0	0	5	30
chr1	41453145	41454265	1	1	1	7	0	5
chr1	41454383	41456836	1	1	1	8	0	31
chr1	41456921	41457436	1	1	1	0	2	1
chr1	41461741	41463065	1	1	1	8	0	9
chr1	41471767	41473120	1	1	1	1	0	26
chr1	41473218	41474330	1	1	1	9	0	23
chr1	41949473	41949717	2	2	1	0	2	5
chr1	42938975	42946131	1	1	1	0	1	2
chr1	43148403	43149073	1	1	1	7	5	25
chr1	43149138	43159160	1	1	1	1	7	25
chr1	43159195	43161869	1	1	1	1	4	11
chr1	43162934	43166451	1	1	1	1	8	17
chr1	43166718	43167651	1	1	1	0	3	15
chr1	43220889	43221218	2	2	1	5	0	28
chr1	43224655	43224871	2	2	1	2	0	31
chr1	43395707	43396296	2	2	1	4	0	17
chr1	43396538	43396716	2	2	1	3	0	19
chr1	43550169	43865364	2	2	0	0	4	32
chr1	43630165	43630313	2	2	1	2	0	6
chr1	43630477	43632496	2	2	1	6	0	27
chr1	43637641	43637723	2	2	1	2	0	30
chr1	43825769	43825863	1	1	1	7	0	29
chr1	43827984	43828621	1	1	1	4	0	30
chr1	43840846	43865364	2	2	0	0	4	32
chr1	43875993	43877661	1	3	1	0	1	15
chr1	43890104	43890454	1	1	1	0	1	7
chr1	43890534	43890783	1	1	1	1	0	17
chr1	43893117	43893200	1	1	1	3	0	2
chr1	43895775	43895981	1	1	1	2	0	12
chr1	43897195	43897386	1	1	1	1	0	31
chr1	43907273	43907356	1	1	1	6	0	13
chr1	44010780	44069508	1	1	0	4	0	25
chr1	44057225	44057482	1	1	1	6	0	5
chr1	44058273	44063418	1	1	1	1	0	20
chr1	44072130	44072501	1	1	1	1	3	3
chr1	44072640	44075053	1	1	1	10	0	12
chr1	44084874	44084958	1	1	1	0	1	5
chr1	44137787	44137814	2	4	0	4	0	21
chr1	44157244	44157926	1	1	1	2	0	14
chr1	44401904	44401973	1	1	1	0	4	3
chr1	44426935	44429940	1	1	1	8	0	11
chr1	44436381	44436577	1	1	1	0	2	4
chr1	44440780	44441471	1	1	1	6	0	12
chr1	44441521	44441761	1	1	1	1	0	13
chr1	44457677	44459561	1	1	1	0	1	6
chr1	44680114	44680374	1	3	1	1	0	14
chr1	44685150	44685477	1	1	1	6	0	32
chr1	45104940	45105048	2	2	0	2	0	20
chr1	45115442	45115554	1	1	1	2	0	4
chr1	45190341	45190433	1	1	1	0	2	4
chr1	45216237	45218803	1	1	1	8	0	7
chr1	45241273	45241705	1	1	1	0	1	3
chr1	45241813	45242346	1	1	1	2	0	25
chr1	45242387	45243285	1	1	1	0	1	1
chr1	45243462	45243671	1	1	1	15	0	25
chr1	45243802	45244247	1	1	1	7	0	22
chr1	45274579	45275884	1	1	1	0	1	4
chr1	45292060	45292159	2	2	1	0	2	5
chr1	45316676	45323375	2	2	1	0	1	1
chr1	45316676	45340349	2	2	1	0	1	1
chr1	45345681	45347283	2	2	1	1	0	22
chr1	45446850	45452164	2	2	1	8	0	7
chr1	45448066	46287655	1	1	0	0	5	26
chr1	45798507	45798589	2	2	1	5	0	26
chr1	45807242	45807620	1	1	1	2	0	17
chr1	45884770	45937197	2	2	0	0	3	18
chr1	46032693	46033653	1	1	1	1	0	17
chr1	46034357	46034598	1	1	1	5	0	8
chr1	46056943	46067926	1	1	1	1	0	23
chr1	46070689	46072153	1	1	1	6	0	17
chr1	46095351	46096153	2	2	1	1	0	16
chr1	46099320	46099767	2	2	1	1	0	19
chr1	46126898	46152083	2	2	1	0	3	6
chr1	46155527	46563419	1	3	0	5	0	12
chr1	46358924	46358953	1	1	0	1	0	27
chr1	46487755	46488581	1	1	1	6	0	4
chr1	46659312	46659526	2	2	1	6	0	10
chr1	46739420	46739809	1	1	1	2	6	3
chr1	46769493	46774772	1	1	1	10	4	27
chr1	46774800	46775826	1	1	1	10	0	4
chr1	46775989	46782223	1	1	1	3	0	14
chr1	46803869	46818046	2	2	0	0	4	31
chr1	46883639	46885486	1	1	0	0	2	19
chr1	46900921	46901583	1	1	1	0	2	6
chr1	47155364	47157498	2	2	1	4	0	11
chr1	47279988	47280745	1	1	1	0	3	7
chr1	47400232	47400671	2	2	1	0	2	5
chr1	47609589	47610028	1	1	1	0	2	5
chr1	47737914	47745912	2	2	1	2	0	11
chr1	47770669	47775947	2	2	1	1	0	23
chr1	48544697	48547814	2	2	1	1	0	1
chr1	51161403	51406963	2	2	0	0	5	28
chr1	51161403	51507566	2	2	0	0	5	28
chr1	51161403	51534617	2	2	0	0	5	28
chr1	51161403	51593042	2	2	0	0	5	28
chr1	51161403	51660833	2	2	0	0	5	28
chr1	51380965	51393144	2	2	0	0	1	25
chr1	51492314	51577322	1	1	0	0	2	25
chr1	51860120	51864703	2	2	1	1	0	19
chr1	52242591	52246835	1	1	1	2	0	22
chr1	52269637	52271181	2	2	1	4	0	15
chr1	52299843	52301802	2	2	1	4	0	9
chr1	52486078	52486597	1	5	1	0	1	4
chr1	52512335	52670185	1	1	0	0	6	29
chr1	52549214	52551783	1	1	1	0	6	22
chr1	52720542	53104748	1	1	0	0	5	25
chr1	52729545	52732326	1	1	1	1	0	9
chr1	52822799	52823197	2	2	1	2	0	14
chr1	52826222	52826645	2	2	1	5	0	21
chr1	52933940	52937623	2	2	1	4	0	1
chr1	53255740	53261963	1	3	1	4	0	13
chr1	53359244	53359603	2	4	0	1	0	21
chr1	53421906	53435422	1	1	0	0	5	27
chr1	53686017	53686241	2	2	1	2	0	9
chr1	53742751	53746258	2	2	1	7	0	2
chr1	54272191	54273328	2	2	1	4	0	14
chr1	54301294	54303877	2	2	1	1	0	16
chr1	54497979	54502282	2	2	1	5	0	23
chr1	54640496	54644821	2	2	1	1	0	9
chr1	54666263	54670690	1	1	1	4	0	13
chr1	54678332	54681813	1	1	1	2	0	14
chr1	54722860	54747110	2	2	1	3	0	27
chr1	54723060	54723624	0	0	0	5	0	31
chr1	54936549	54988216	1	1	0	0	3	15
chr1	54971730	55159697	1	1	0	0	4	25
chr1	55027728	55027904	2	2	0	0	4	24
chr1	55224864	55225255	2	2	0	1	0	12
chr1	55319286	55319709	2	2	1	1	0	18
chr1	55340885	55341614	2	2	1	1	0	19
chr1	55349447	55352290	2	2	1	0	1	6
chr1	55538077	55538458	2	2	1	4	0	14
chr1	55565543	55566511	2	2	1	2	0	20
chr1	55600087	55603187	2	2	1	9	0	25
chr1	55603578	55604280	2	2	1	0	2	2
chr1	59044318	59080544	2	2	0	0	1	18
chr1	59052189	59074268	1	1	0	0	1	12
chr1	59158604	59160800	2	2	1	1	0	30
chr1	59160080	59168982	1	1	0	0	12	21
chr1	59787423	59797514	1	1	1	5	0	8
chr1	60336783	60338466	1	1	1	0	3	3
chr1	61554353	61743191	1	1	1	1	0	15
chr1	61662972	61663599	1	1	0	3	0	32
chr1	62241007	62253425	1	1	1	0	1	5
chr1	62386551	62389877	0	0	0	3	0	30
chr1	62907971	62908829	1	1	1	2	0	16
chr1	62913183	62914135	1	1	1	4	0	2
chr1	63010711	63018402	2	2	1	0	1	2
chr1	63099250	63100443	2	2	1	4	0	30
chr1	63881629	63885040	1	1	1	1	0	23
chr1	63885112	63894403	1	1	1	2	0	19
chr1	63991431	63997490	1	1	1	2	0	4
chr1	64175337	65131595	1	1	0	4	0	16
chr1	64251076	64412289	0	0	0	11	0	31
chr1	65095165	65098281	1	1	1	4	0	26
chr1	65095723	65098281	1	1	0	4	0	19
chr1	65415866	65417617	1	3	0	1	0	25
chr1	65656513	65684436	1	1	1	2	0	19
chr1	65858549	65860580	1	1	1	1	10	4
chr1	67136703	67137626	1	1	1	0	4	5
chr1	67442406	67447461	1	1	1	1	0	29
chr1	67513051	67515464	2	2	1	6	0	10
chr1	67518541	67518638	2	2	1	1	0	3
chr1	67878947	67880848	2	2	1	5	0	28
chr1	67884435	67885691	2	2	0	5	0	28
chr1	67890661	67890765	2	2	1	0	3	14
chr1	68614344	68615870	2	2	1	3	0	18
chr1	68624931	68642000	2	2	1	3	0	4
chr1	68638741	68653916	1	1	0	7	0	17
chr1	70653022	70654774	2	2	1	3	0	2
chr1	70671464	70687294	1	1	1	3	0	2
chr1	70697659	70697950	1	1	1	5	0	16
chr1	70698061	70700378	1	1	1	9	0	8
chr1	70700472	70701183	1	1	1	3	0	12
chr1	70703236	70705121	1	1	1	3	0	19
chr1	70705204	70710366	1	1	1	2	0	13
chr1	70712591	70715634	1	1	1	12	0	31
chr1	70728531	70736538	2	2	1	0	1	4
chr1	70747881	70755292	1	1	0	0	2	23
chr1	70877267	70881638	1	1	1	0	1	8
chr1	71544392	71546622	2	2	1	3	0	15
chr1	74667095	74670891	1	1	1	0	1	8
chr1	76198427	76198537	1	1	1	1	0	13
chr1	78038301	78043581	1	1	0	0	1	25
chr1	78191448	78193979	2	2	1	2	0	17
chr1	78411328	78412214	2	2	1	0	6	3
chr1	78411328	78414839	2	2	1	0	6	3
chr1	78414986	78420939	2	2	1	2	0	10
chr1	78430042	78430330	2	2	1	2	0	30
chr1	78432436	78432567	2	2	1	1	0	23
chr1	78432640	78432732	2	2	1	1	0	7
chr1	78435700	78444568	2	2	1	5	0	17
chr1	78652726	78657446	2	4	0	2	0	17
chr1	84372207	84373138	2	2	1	3	0	2
chr1	84948679	84955315	1	1	1	7	0	18
chr1	85816218	85817188	2	2	1	0	1	3
chr1	85842519	85846056	1	1	1	0	2	5
chr1	86173620	86173736	2	2	1	0	1	5
chr1	87369132	87379710	2	2	1	3	4	25
chr1	87537199	87547455	1	1	0	0	3	30
chr1	89150312	89206670	1	1	1	6	0	17
chr1	89271355	89271573	1	1	1	3	0	30
chr1	89434498	89435091	2	2	1	6	0	25
chr1	89615256	89616012	2	2	1	1	0	3
chr1	89654478	89655720	2	2	1	0	1	3
chr1	89656002	89656943	2	2	1	0	2	2
chr1	91195341	91853102	2	2	0	0	4	17
chr1	91852974	91853118	1	1	0	0	3	14
chr1	91853105	92301662	1	1	0	8	0	31
chr1	92033017	92064454	2	2	0	0	6	22
chr1	92643456	92643868	1	1	1	0	7	1
chr1	92733693	92735279	2	2	1	2	0	27
chr1	92735334	92737021	2	2	1	1	0	3
chr1	92754709	92755754	2	2	1	3	0	20
chr1	92949144	92949291	2	2	1	8	0	10
chr1	93159457	93159855	2	2	1	0	1	2
chr1	93299016	93299101	1	1	1	13	0	24
chr1	93300471	93301746	1	1	1	7	0	4
chr1	93303191	93306107	1	1	1	0	4	22
chr1	93306197	93307322	1	1	1	14	0	22
chr1	93541220	93551966	1	1	0	0	1	14
chr1	93622041	93624371	2	2	1	0	1	1
chr1	93937049	94742140	0	0	0	0	6	30
chr1	94033409	94037226	2	2	1	6	0	8
chr1	94341340	94341823	2	2	1	1	0	23
chr1	94643724	94645280	2	2	1	0	2	2
chr1	94964405	94964500	1	1	1	0	4	2
chr1	95139022	95210728	2	2	0	0	2	31
chr1	95307681	95310833	1	1	1	0	1	7
chr1	95406328	95538244	1	1	0	4	0	12
chr1	96367538	96417878	1	1	0	3	0	28
chr1	98348931	98386439	2	2	1	0	1	6
chr1	98405078	98726863	1	1	0	0	5	24
chr1	99313623	99921178	2	2	0	5	0	25
chr1	99456829	99469990	2	2	1	0	4	6
chr1	100178072	100181141	2	2	1	1	0	13
chr1	100435719	100440526	1	1	1	4	0	17
chr1	100572550	100572929	2	2	1	4	0	25
chr1	100586016	100586933	2	2	1	3	0	6
chr1	100950008	100960373	1	1	1	4	0	7
chr1	103343722	103345238	2	2	1	0	1	5
chr1	103444661	103444937	2	2	1	3	0	8
chr1	103975719	104068017	2	2	1	0	2	1
chr1	104012013	104068017	2	2	1	0	2	1
chr1	108777910	108778891	2	2	1	0	1	2
chr1	109000698	109001679	1	1	1	0	1	2
chr1	109241450	109241783	1	1	1	4	0	11
chr1	109339349	109340766	1	1	1	3	0	3
chr1	109547341	109553537	2	2	1	0	2	7
chr1	109588069	110154031	2	2	0	0	4	12
chr1	109643012	109643134	1	1	0	2	0	20
chr1	109730977	109731687	1	1	1	0	1	3
chr1	109796012	109801053	1	1	1	12	1	29
chr1	109944713	109952549	2	2	1	3	0	8
chr1	109957986	109964481	2	2	1	5	0	14
chr1	110051622	110052041	2	2	1	0	1	1
chr1	110171457	110171724	2	2	1	0	1	5
chr1	110282116	110282454	2	2	1	5	0	14
chr1	110467825	110471473	1	1	1	0	3	5
chr1	110555622	110557384	1	1	1	3	0	12
chr1	110561090	110561173	1	1	1	5	0	6
chr1	110563474	110564295	1	1	1	2	0	20
chr1	111031257	111032048	1	1	1	0	1	2
chr1	111031257	111032793	1	1	1	0	1	2
chr1	111682537	111690263	1	1	1	0	2	5
chr1	111737349	111738537	2	2	1	0	1	8
chr1	111777680	111778260	1	1	1	0	1	4
chr1	111984716	111985274	2	2	1	8	0	14
chr1	111989767	111990056	2	2	1	7	0	23
chr1	112318901	112319647	2	2	1	0	3	4
chr1	112836382	112836923	1	1	0	0	3	25
chr1	113166239	113181460	1	1	0	0	5	27
chr1	113182990	113612311	1	1	0	0	5	22
chr1	113234422	113235382	1	1	1	5	0	22
chr1	113242433	113242515	1	1	1	3	0	29
chr1	113244336	113245184	2	2	1	2	0	8
chr1	113295119	113315013	2	2	0	0	2	31
chr1	113316248	113316424	1	1	0	0	12	21
chr1	113612402	113612578	1	1	0	0	5	28
chr1	113612402	113612805	1	1	0	0	5	28
chr1	113612402	113613173	1	1	0	0	5	28
chr1	113659059	113661854	1	1	1	3	0	8
chr1	114123284	114128008	1	1	1	3	0	25
chr1	114301356	114301644	2	2	1	0	2	4
chr1	114397160	114397528	2	2	1	0	1	7
chr1	114497393	114498184	1	1	1	1	0	18
chr1	114508895	114510387	1	3	1	9	0	17
chr1	114949723	114951298	2	2	1	4	0	9
chr1	114969917	114970369	2	2	1	5	0	14
chr1	115007011	115053171	2	2	1	4	0	3
chr1	115124013	115124119	2	2	1	4	0	5
chr1	115260838	115261233	2	2	1	4	0	4
chr1	115273044	115273128	2	2	1	4	0	32
chr1	115275438	115276352	2	2	1	4	0	14
chr1	115279477	115280583	2	2	1	1	0	5
chr1	115322837	115323069	2	2	1	0	1	4
chr1	116931642	116932060	1	1	1	3	0	6
chr1	116935611	116936152	1	1	1	4	0	32
chr1	116936346	116937731	1	1	1	7	0	24
chr1	116939357	116940509	1	1	1	2	0	12
chr1	116941412	116941551	1	1	1	8	0	17
chr1	116941707	116942041	1	1	1	3	0	3
chr1	116944278	116946505	1	1	1	7	0	25
chr1	117159080	117208905	2	2	1	1	0	19
chr1	117516946	117527301	1	1	1	0	2	2
chr1	117618917	117619262	1	1	1	3	1	10
chr1	117911108	117944807	1	1	1	3	0	14
chr1	118441839	118449127	2	2	1	1	0	7
chr1	118449205	118454615	2	2	1	0	1	7
chr1	118472406	118475910	1	1	1	8	0	29
chr1	118483564	118483746	1	1	1	6	0	20
chr1	118494700	118494919	1	1	1	3	0	19
chr1	118495032	118495150	1	1	1	0	2	4
chr1	118497251	118497937	1	1	1	1	0	13
chr1	118624266	118628544	2	2	1	0	4	2
chr1	120269726	120277256	1	1	1	3	0	3
chr1	120465070	120465258	2	2	1	0	4	2
chr1	120480090	120480479	2	2	1	1	0	26
chr1	142661152	143428546	1	1	0	9	0	16
chr1	142726963	142727053	2	2	1	0	3	21
chr1	142813130	142813220	1	1	1	0	3	21
chr1	143157611	143428557	2	2	0	0	7	12
chr1	143167580	143168531	2	2	0	7	0	25
chr1	143223404	143223494	2	2	1	0	3	21
chr1	143286978	143428557	2	2	0	0	7	12
chr1	143364878	143364968	1	1	1	0	3	21
chr1	143402306	143428557	2	2	0	0	7	12
chr1	143647122	143673234	2	4	0	0	1	28
chr1	143647141	143673253	2	2	0	0	1	28
chr1	143914271	143915699	1	1	1	0	2	5
chr1	143967812	143968078	1	1	0	1	0	31
chr1	144615304	144618081	1	1	1	0	4	15
chr1	144826991	144826994	0	0	1	0	1	8
chr1	144874030	144874680	2	2	1	4	0	6
chr1	144912295	144915444	2	2	1	1	0	19
chr1	144918992	144921834	2	2	1	2	0	20
chr1	145293581	145295422	1	1	1	0	4	27
chr1	145293581	145296356	1	1	1	0	4	15
chr1	145316685	145317405	1	1	1	0	4	32
chr1	145321403	145322123	1	1	1	0	4	32
chr1	145323706	145324347	1	1	1	1	0	5
chr1	145328799	145333522	2	2	0	0	1	27
chr1	145328799	145338228	2	2	0	0	1	27
chr1	145328799	145342948	2	2	0	0	1	27
chr1	145359188	145359906	1	1	1	1	0	20
chr1	145359959	145362096	1	1	1	0	4	18
chr1	145361501	145362096	1	1	1	0	4	18
chr1	145408621	145519962	1	1	0	0	7	19
chr1	145503498	145549233	2	2	0	1	0	13
chr1	145588636	145588871	2	2	1	0	1	4
chr1	145666678	145689541	1	1	0	5	0	26
chr1	146020998	146022079	1	1	1	0	1	2
chr1	146046496	146046959	2	2	1	0	1	1
chr1	146054514	146057274	2	2	1	0	4	15
chr1	146055448	146057274	2	2	1	0	4	27
chr1	146221611	146222235	2	2	1	0	4	27
chr1	146227916	146228528	2	2	1	0	4	27
chr1	146240023	146240486	2	2	1	0	1	1
chr1	146246284	146246746	2	2	1	0	1	2
chr1	146395517	146397358	1	1	1	0	4	27
chr1	146395517	146398292	1	1	1	0	4	15
chr1	146405927	146406389	1	1	1	0	1	2
chr1	146412209	146412672	1	1	1	0	1	1
chr1	146424159	146424783	1	1	1	0	4	27
chr1	146428924	146429548	1	1	1	0	4	27
chr1	146433689	146434313	1	1	1	0	4	27
chr1	146438454	146439078	1	1	1	0	4	27
chr1	146445354	146445357	0	0	1	0	1	7
chr1	146450974	146451598	1	1	1	0	4	27
chr1	146455734	146456358	1	1	1	0	4	27
chr1	146460494	146461118	1	1	1	0	4	27
chr1	146493409	146494494	2	2	1	0	1	2
chr1	146631222	146633290	2	2	1	6	0	10
chr1	146736244	146737590	1	3	1	7	0	23
chr1	146743943	146747016	1	1	1	4	0	22
chr1	146756173	146757000	1	1	1	1	0	5
chr1	147511131	147834628	2	2	0	12	5	31
chr1	147511164	147733462	1	1	0	7	0	14
chr1	147562778	147563859	1	1	1	0	1	2
chr1	147588282	147588745	2	2	1	0	1	1
chr1	147834610	147860747	2	4	0	0	1	28
chr1	147834629	147860766	2	2	0	0	1	28
chr1	148343809	148346581	2	2	1	0	1	15
chr1	148556811	148558168	1	1	1	0	1	5
chr1	148593784	148594396	1	1	1	8	0	8
chr1	149132917	149133585	1	1	0	0	3	25
chr1	149194134	149224086	2	2	0	3	4	30
chr1	149194134	149224089	2	2	0	0	6	28
chr1	149194134	149514121	2	2	0	0	5	27
chr1	149194232	149224184	2	2	0	3	0	27
chr1	149212431	149224060	1	1	0	0	4	14
chr1	149224086	149514121	2	2	0	0	5	27
chr1	149358146	149515699	2	2	0	0	4	27
chr1	149358146	149597096	2	2	0	0	4	27
chr1	149812523	149812559	2	2	0	0	3	15
chr1	149814215	149859247	0	0	0	3	0	30
chr1	149824387	149824423	1	1	0	0	3	15
chr1	149883533	149884770	2	2	1	1	0	6
chr1	149895907	149897727	2	2	1	4	0	8
chr1	149897935	149898267	2	2	1	2	0	17
chr1	149916965	149919151	2	2	1	2	0	22
chr1	149922125	149931602	2	2	1	6	0	5
chr1	150195567	150198939	2	2	1	1	0	3
chr1	150199128	150201404	2	2	1	4	0	7
chr1	150232644	150233976	1	1	1	0	1	6
chr1	150251584	150385982	1	3	0	0	5	21
chr1	150269977	150271140	2	4	0	3	0	20
chr1	150312954	150315784	1	1	1	1	0	24
chr1	150318613	150318883	1	1	1	1	0	32
chr1	150438342	150451358	2	4	0	0	1	29
chr1	150556764	150599252	2	2	0	1	0	28
chr1	150564103	151424032	2	2	0	0	7	23
chr1	150600069	150601889	2	2	1	2	0	32
chr1	150636240	150667131	2	2	1	1	0	23
chr1	150855675	150871002	1	1	0	0	1	21
chr1	150881503	151598098	1	1	0	0	8	17
chr1	150900451	150902442	1	1	1	9	0	11
chr1	150938765	150938951	2	2	1	3	0	29
chr1	150939961	150940139	2	2	1	5	0	19
chr1	151139891	151140619	1	1	1	5	0	20
chr1	151149508	151150476	2	2	1	3	0	22
chr1	151237395	151237869	1	1	0	1	0	21
chr1	151274775	151276016	2	2	1	10	0	25
chr1	151335016	151335518	1	1	0	7	0	14
chr1	151378941	151379082	2	2	1	6	0	24
chr1	151396028	151403141	2	2	1	0	3	2
chr1	151402188	151403141	2	2	1	1	1	3
chr1	151499584	151501825	1	1	1	3	0	14
chr1	151665960	151666068	1	1	1	4	0	9
chr1	151734632	151734851	2	2	1	5	0	22
chr1	151749076	151751160	2	2	1	1	0	8
chr1	151754064	151755374	2	2	1	3	0	3
chr1	151955801	151958574	2	2	1	3	0	25
chr1	153614906	153615702	1	1	1	5	0	23
chr1	153634988	153635218	1	1	0	3	0	28
chr1	153635272	153635494	2	2	1	7	0	25
chr1	153637813	153638138	2	2	1	3	0	6
chr1	153638205	153640030	2	2	1	7	0	24
chr1	153642355	153642646	2	2	1	1	0	17
chr1	153730240	153734045	1	1	1	0	2	7
chr1	153733395	153734045	1	1	1	3	0	14
chr1	153782787	153784206	2	2	1	0	2	1
chr1	153792212	153800488	2	2	1	0	1	1
chr1	153906348	153906610	2	2	1	5	0	1
chr1	153907441	153908535	2	2	1	0	8	2
chr1	153916462	153917741	1	1	0	3	0	13
chr1	153946193	153946347	1	1	1	0	3	4
chr1	153955285	153955694	2	2	1	1	0	1
chr1	153963279	153963590	1	1	1	12	0	27
chr1	154143188	154144504	2	2	1	2	1	29
chr1	154144581	154145383	2	2	1	1	0	8
chr1	154187051	154192817	2	2	1	1	0	5
chr1	154199836	154201090	1	1	1	1	0	7
chr1	154200235	154373790	0	0	0	0	3	31
chr1	154223795	154223956	1	1	1	5	0	18
chr1	154224130	154226375	1	1	1	5	3	27
chr1	154229911	154231452	1	1	1	0	1	3
chr1	154232506	154233367	1	1	1	3	0	16
chr1	154245253	154245811	1	1	1	5	0	12
chr1	154298179	154300580	1	1	1	1	0	16
chr1	154315778	154315928	1	1	1	0	2	1
chr1	154519956	154520153	1	1	1	0	1	6
chr1	154522946	154523413	2	2	1	1	0	26
chr1	154523969	154524246	2	2	1	1	0	10
chr1	154524296	154524396	2	2	1	6	0	20
chr1	154528441	154530702	2	2	1	1	0	31
chr1	154560735	154561026	2	2	1	0	3	2
chr1	155012390	155345511	2	2	0	0	5	32
chr1	155025254	155025892	1	1	1	4	0	10
chr1	155028329	155028407	1	1	1	0	2	3
chr1	155032820	155033893	1	1	1	0	1	6
chr1	155058419	155058603	1	1	1	0	1	1
chr1	155117788	155280915	1	1	0	0	5	26
chr1	155117788	155440036	1	1	0	0	5	26
chr1	155142037	155142266	2	2	1	1	3	13
chr1	155171826	155172051	2	2	1	7	0	21
chr1	155173331	155175990	2	2	1	0	1	4
chr1	155179124	155180136	1	1	1	1	0	6
chr1	155182359	155182484	1	1	1	0	3	5
chr1	155182562	155183027	1	1	1	0	3	23
chr1	155183183	155183274	1	1	1	0	5	2
chr1	155184476	155184844	2	2	1	0	3	20
chr1	155202985	155203110	1	1	1	0	3	5
chr1	155203188	155203654	1	1	1	0	3	23
chr1	155203810	155203901	1	1	1	0	5	2
chr1	155205103	155205471	2	2	1	0	3	20
chr1	155210972	155214296	2	2	1	7	0	27
chr1	155223986	155224190	2	2	1	6	0	30
chr1	155224248	155224443	2	2	1	6	0	15
chr1	155226211	155226464	2	2	1	0	1	6
chr1	155240769	155242991	2	2	1	6	0	14
chr1	155257129	155257571	1	1	1	9	0	31
chr1	155287813	155287959	1	1	1	4	0	18
chr1	155293519	155294635	1	1	1	0	2	2
chr1	155294336	155294635	1	1	1	0	2	2
chr1	155294379	155294635	1	1	1	0	2	2
chr1	155294735	155294892	1	1	1	2	0	13
chr1	155294970	155295106	1	1	1	0	2	7
chr1	155512126	155573433	1	1	0	0	4	23
chr1	155580124	155580215	1	1	1	0	5	13
chr1	155583525	155583849	1	1	1	5	0	22
chr1	155649304	155650206	2	2	1	6	3	10
chr1	155679616	155691307	1	1	1	7	0	16
chr1	155715704	155715795	1	1	1	0	5	13
chr1	155753881	155755124	2	2	1	0	3	10
chr1	155792998	155847036	1	1	0	0	5	26
chr1	155812398	155867026	1	1	0	0	2	29
chr1	155874596	155880240	2	2	1	2	0	27
chr1	155903641	155904126	2	2	1	2	0	13
chr1	155921064	155921273	2	2	1	4	0	20
chr1	155981679	155988042	2	2	1	0	1	6
chr1	156021649	156023384	2	2	1	0	6	4
chr1	156105104	156105691	1	1	1	1	0	8
chr1	156105913	156106004	1	1	1	1	0	4
chr1	156150007	156159692	2	2	0	0	1	13
chr1	156215030	156215325	2	2	1	0	2	4
chr1	156220462	156220648	2	2	1	8	0	15
chr1	156228955	156230241	2	2	1	1	0	23
chr1	156237975	156238080	2	2	1	2	0	27
chr1	156242190	156243151	2	2	1	3	0	32
chr1	156247840	156248726	2	2	1	2	0	30
chr1	156280481	156280740	2	2	1	3	0	17
chr1	156282013	156286956	2	2	1	0	5	2
chr1	156293982	156574204	2	2	0	0	6	23
chr1	156303435	156304503	2	2	1	1	0	28
chr1	156304567	156304658	2	2	1	2	0	20
chr1	156305680	156307944	2	2	1	6	0	19
chr1	156509783	156510499	2	2	1	0	1	4
chr1	156514016	156514180	2	2	1	4	0	28
chr1	156518036	156518139	2	2	1	1	0	6
chr1	156539256	156542284	2	2	1	3	0	11
chr1	156569201	156571200	2	2	1	2	0	2
chr1	156844193	156844362	1	1	1	0	1	4
chr1	158028587	158028721	0	0	0	5	0	31
chr1	158059419	158059507	1	1	1	4	0	9
chr1	158226073	158226575	1	1	1	0	1	4
chr1	159888732	159889063	2	2	1	7	0	8
chr1	159897317	159897549	2	2	1	1	0	23
chr1	160175313	160181332	1	1	1	0	5	2
chr1	160210161	160213749	2	2	1	8	0	27
chr1	160231149	160232065	2	2	1	4	0	4
chr1	160261287	160261608	2	2	1	2	0	10
chr1	160276284	160276952	2	2	1	2	0	29
chr1	160293321	160295332	2	2	1	0	1	6
chr1	160310085	160312920	2	2	1	7	0	31
chr1	160320041	160321011	1	1	1	4	0	23
chr1	160321163	160321485	1	1	1	4	0	1
chr1	160322782	160322949	1	1	1	6	0	9
chr1	160326138	160326389	1	1	1	1	0	31
chr1	160327044	160327938	1	1	1	3	0	3
chr1	160899167	160912447	1	1	0	0	2	31
chr1	160899167	160986051	1	1	0	0	2	31
chr1	160904192	160914647	1	1	1	0	1	8
chr1	160915083	160917718	2	2	1	0	12	2
chr1	161010663	161011113	2	2	1	4	0	4
chr1	161012008	161012375	2	2	1	0	1	5
chr1	161094317	161100604	2	2	1	1	0	11
chr1	161124506	161228054	2	2	0	0	3	31
chr1	161124506	161290847	2	2	0	0	3	31
chr1	161128002	161128201	1	1	1	7	0	27
chr1	161129469	161130118	1	1	1	0	3	1
chr1	161179722	161179900	1	1	1	3	0	18
chr1	161510077	161591510	1	1	0	1	2	19
chr1	161553042	161553510	1	1	1	0	1	2
chr1	161735292	161735619	2	2	1	0	3	4
chr1	161761328	161761913	1	1	1	4	0	10
chr1	161762118	161771841	1	1	1	6	0	15
chr1	162392748	162503990	1	1	0	0	3	28
chr1	162549394	162551076	1	1	1	8	0	17
chr1	162551250	162557264	1	1	1	0	1	10
chr1	164776915	164781226	1	1	1	1	0	18
chr1	165638688	165648678	2	2	1	8	0	20
chr1	165643842	165683807	0	0	0	4	0	30
chr1	166029901	166039068	2	2	1	0	3	3
chr1	166808842	166810191	1	1	1	5	0	6
chr1	167307496	167334703	1	1	1	0	1	4
chr1	167382352	167384736	1	1	1	3	0	7
chr1	167691480	167734819	1	1	1	9	0	10
chr1	167734987	167741511	1	1	1	0	3	5
chr1	167889329	167889784	2	2	1	1	0	31
chr1	168014466	168032858	1	1	1	0	2	2
chr1	168020172	168032858	1	1	1	0	2	2
chr1	168160739	168165784	1	1	1	3	1	21
chr1	168168220	168169140	1	3	1	1	0	14
chr1	168401990	168402409	1	3	0	5	0	23
chr1	168479648	168480200	2	2	0	6	0	24
chr1	169080737	169094121	1	1	1	0	1	6
chr1	170387448	170387729	0	0	0	0	3	31
chr1	171465782	171465904	2	2	0	1	0	16
chr1	171482312	171483674	1	1	1	2	0	16
chr1	171492662	171493959	1	1	1	6	0	12
chr1	171496984	171501481	1	1	1	2	0	18
chr1	171504737	171505167	1	1	1	2	0	13
chr1	171506613	171509109	1	1	1	2	0	5
chr1	171546777	171548492	1	1	1	3	0	22
chr1	171656953	171705108	2	2	0	0	1	18
chr1	171763668	171765621	1	1	1	8	0	30
chr1	172001641	172002244	1	1	1	1	0	22
chr1	172539871	172543030	1	1	1	0	2	2
chr1	172554227	172554997	1	1	1	2	0	29
chr1	173446632	173450464	1	1	1	7	0	7
chr1	173450622	173454499	1	1	1	4	0	11
chr1	173455541	173456873	1	1	1	6	0	30
chr1	173703426	173720902	1	1	1	6	0	11
chr1	173775715	173776404	2	2	1	2	0	1
chr1	173806185	173807327	1	1	1	6	0	32
chr1	173810112	173814366	1	1	1	1	0	2
chr1	173834421	173834608	2	2	1	8	0	29
chr1	173834421	173834647	2	2	1	2	0	17
chr1	173835345	173835665	2	2	1	0	5	1
chr1	173836182	173837097	2	2	1	0	3	8
chr1	173916721	173921123	2	2	1	3	0	15
chr1	173941766	173947625	2	2	1	2	0	3
chr1	174128796	174188262	1	1	1	0	6	4
chr1	174241619	174244970	1	1	1	15	0	16
chr1	174968826	174969224	1	1	1	0	1	1
chr1	178273399	178416548	2	2	0	4	0	24
chr1	178359342	178389645	1	1	1	3	0	28
chr1	178426035	178426817	1	1	1	1	0	1
chr1	178518467	178534640	1	1	0	0	1	31
chr1	178745957	178754691	1	1	1	0	3	1
chr1	179051523	179052074	1	1	1	2	0	17
chr1	179079591	179081443	2	2	1	1	0	16
chr1	179311328	179311996	1	1	1	1	0	14
chr1	179853905	179858444	1	1	1	0	2	5
chr1	179853905	179858447	1	1	1	0	2	1
chr1	179857095	179858447	1	1	1	0	2	1
chr1	179858505	179869260	1	1	1	0	2	8
chr1	179955390	179956377	1	1	1	0	1	3
chr1	179983641	179984983	1	1	1	4	0	15
chr1	180065320	180067997	1	1	1	1	0	5
chr1	180794481	180804009	1	1	1	1	0	16
chr1	182353859	182354491	2	2	1	1	0	19
chr1	182354692	182354894	2	2	1	6	0	7
chr1	182478729	182478755	2	4	0	0	5	29
chr1	182827776	182827867	1	1	1	1	0	32
chr1	182836179	182841471	1	1	1	3	0	3
chr1	182848546	182849631	1	1	1	7	0	17
chr1	182852504	182852654	1	1	1	5	2	6
chr1	182852771	182853747	1	1	1	4	0	14
chr1	182853949	182856217	1	1	1	11	0	20
chr1	183095398	183096360	1	1	1	3	0	13
chr1	183169289	183550531	1	3	0	0	4	32
chr1	183498178	183498532	1	1	1	0	1	4
chr1	183506351	183507514	1	1	1	0	1	6
chr1	183520326	183522111	1	1	1	0	2	1
chr1	183602290	183604651	2	6	1	4	0	20
chr1	184021025	184023487	1	1	1	0	1	4
chr1	184023998	184041290	1	1	1	0	1	6
chr1	186283857	186286613	2	2	1	5	0	6
chr1	186295368	186296591	2	2	1	4	0	6
chr1	186300714	186301326	2	2	1	2	1	3
chr1	186301476	186302253	2	2	1	2	0	8
chr1	186310292	186310383	2	2	1	9	0	24
chr1	186319521	186320461	2	2	1	7	0	16
chr1	186321243	186322819	2	2	1	2	0	10
chr1	186327783	186328930	2	2	1	5	0	18
chr1	186330038	186330753	2	2	1	2	0	10
chr1	186331002	186331419	2	2	1	3	0	1
chr1	186332134	186332473	2	4	1	2	0	17
chr1	186359984	186360827	1	1	1	4	0	26
chr1	187584987	187585708	2	2	0	0	1	19
chr1	192826399	192826720	1	1	0	0	1	18
chr1	192826448	192826720	1	1	0	0	1	18
chr1	192826497	192826720	1	1	0	0	1	18
chr1	192826583	192826884	1	1	0	0	1	32
chr1	192826714	192826888	1	1	0	0	1	28
chr1	193020948	193028314	2	2	1	5	0	16
chr1	193020948	193028762	2	2	1	0	8	3
chr1	193094348	193099303	1	1	1	5	0	8
chr1	197056103	197057385	2	2	1	1	0	10
chr1	197094322	197097619	2	2	1	5	0	10
chr1	197112941	197113086	2	2	1	1	0	8
chr1	197719107	197723027	1	3	0	4	0	24
chr1	200378852	200379073	2	2	1	2	0	2
chr1	200530009	200534196	2	2	1	0	1	4
chr1	200573084	200574410	2	2	1	1	0	13
chr1	200610314	200617566	2	2	1	0	2	4
chr1	200748224	200748358	2	6	0	2	0	17
chr1	200813095	200813583	1	1	0	1	0	30
chr1	200960278	200960784	2	2	1	4	0	26
chr1	201113080	201115867	2	2	1	3	0	25
chr1	201120981	201122985	2	2	1	1	0	16
chr1	201386248	201386874	2	4	1	0	2	1
chr1	201459473	201465319	2	2	1	2	0	3
chr1	201527782	202209306	1	1	0	0	5	18
chr1	201804193	201816406	1	3	1	2	0	4
chr1	201824311	201824910	1	1	1	6	0	8
chr1	201825063	201826223	1	1	1	1	0	11
chr1	201827682	201827982	1	1	1	1	0	16
chr1	201839987	201840288	1	1	1	4	0	30
chr1	201842090	201843377	1	1	1	4	0	9
chr1	201932873	201934560	1	1	1	2	0	2
chr1	201981888	201982074	1	1	1	7	0	18
chr1	202151065	202152255	1	1	1	0	1	5
chr1	202915739	202917431	2	2	1	4	0	4
chr1	202920293	202927312	2	2	1	3	0	19
chr1	202934629	202935014	2	2	1	3	0	9
chr1	203037757	203040819	1	1	1	0	1	1
chr1	203667483	203668587	1	1	1	4	0	18
chr1	203787818	203797426	1	1	1	0	2	1
chr1	203797551	203798578	1	1	1	7	0	6
chr1	203819155	203819642	1	3	1	1	0	31
chr1	203832854	203834168	1	1	1	0	3	27
chr1	204101385	204103642	2	2	1	0	1	1
chr1	204153034	204153638	2	2	0	0	2	30
chr1	204159521	204531552	2	2	0	0	5	13
chr1	204210610	204210812	2	2	1	8	0	6
chr1	204276676	204531552	2	2	0	0	5	13
chr1	204501375	204506586	1	1	1	0	2	6
chr1	204512073	204513662	1	1	1	0	3	1
chr1	204512073	204515924	1	1	1	0	3	1
chr1	204948198	204948489	1	1	1	0	2	3
chr1	205130516	205131163	2	2	1	6	0	2
chr1	205133084	205138290	2	2	1	3	0	17
chr1	205688802	205689628	2	2	0	1	0	16
chr1	205688805	205689628	2	2	1	6	0	30
chr1	205689782	205693053	2	2	1	5	0	27
chr1	205693110	205696827	2	2	1	3	0	32
chr1	205698750	205719084	2	2	1	5	0	3
chr1	205892742	205893510	2	2	1	0	3	4
chr1	206650182	206651091	1	1	1	2	0	31
chr1	206666453	206666598	1	1	1	2	0	20
chr1	206758017	206758511	1	1	1	0	3	4
chr1	207228148	207235297	1	1	1	2	0	2
chr1	207523568	207532890	1	1	1	0	2	5
chr1	208224448	208224600	2	2	1	0	2	1
chr1	208255854	208257724	2	2	1	0	1	3
chr1	209963131	209963839	2	2	1	0	1	2
chr1	210256822	210256886	1	5	0	3	0	17
chr1	210405117	210406979	2	2	1	0	1	4
chr1	211500232	211526580	1	1	1	3	0	14
chr1	211970339	212370813	0	0	0	4	0	30
chr1	212184764	212190227	2	2	1	2	0	10
chr1	212998082	213021763	2	2	0	0	2	27
chr1	213044390	213049984	1	1	0	0	3	25
chr1	214454771	214478529	1	1	1	5	0	23
chr1	214478594	214488104	1	1	1	4	0	15
chr1	214575116	214576225	2	2	1	0	3	1
chr1	214585095	214587971	2	2	1	1	0	4
chr1	214638301	214724525	2	2	1	0	3	3
chr1	214776759	214776784	2	2	0	7	0	12
chr1	214792038	214792471	1	1	1	2	0	31
chr1	214802515	214803876	1	1	1	2	0	28
chr1	214820744	214822017	1	1	1	2	0	13
chr1	214832372	214836933	1	1	1	5	0	31
chr1	215751425	215752342	1	1	1	1	0	10
chr1	215753343	215754314	1	1	1	0	1	1
chr1	215781515	215785166	1	1	1	3	0	24
chr1	218219596	218224496	1	3	1	0	2	6
chr1	220142465	220145410	2	2	1	5	0	14
chr1	220157820	220877795	1	1	0	4	0	28
chr1	220178703	220179447	2	2	1	1	0	17
chr1	220198601	220203727	2	2	1	2	0	18
chr1	220247414	220263027	2	2	1	0	1	1
chr1	220253197	220263027	2	2	1	0	1	1
chr1	220276905	220279232	1	1	1	0	5	3
chr1	220279403	220280402	1	1	1	2	0	26
chr1	220356274	220357377	2	2	1	2	0	25
chr1	220701557	220701593	2	2	0	2	0	16
chr1	221319862	221413827	2	2	0	4	0	15
chr1	221319862	221607569	2	2	0	5	0	15
chr1	222195289	222671341	2	2	0	0	4	16
chr1	222697037	222697419	2	2	1	0	1	7
chr1	222761908	222763068	2	2	1	3	0	4
chr1	222835467	222835594	1	1	1	5	0	17
chr1	222867186	222867551	2	2	1	6	0	27
chr1	222895857	222897433	1	1	1	3	0	1
chr1	222904859	222905969	1	1	1	1	0	27
chr1	223533654	223536619	2	2	1	1	0	5
chr1	223729645	224158222	2	2	0	0	4	16
chr1	223811916	224158222	2	2	0	0	4	16
chr1	223905534	223931801	1	1	1	6	0	25
chr1	223934868	223936740	1	1	1	1	0	10
chr1	223958228	223959510	1	1	1	1	0	23
chr1	224371534	224377278	1	1	1	0	1	5
chr1	224415373	224418927	2	2	1	0	2	1
chr1	224440830	224453164	2	2	0	5	0	21
chr1	224463161	224468824	2	2	1	1	0	9
chr1	224472924	224513222	1	1	0	0	1	18
chr1	224473833	224475476	2	2	1	2	0	31
chr1	224499560	224505395	2	2	1	3	0	13
chr1	224922409	224927030	1	1	1	0	1	4
chr1	225069195	225070578	2	2	0	4	0	22
chr1	225117538	225140371	1	1	1	8	0	25
chr1	225140482	225142660	1	1	1	4	0	7
chr1	225148005	225152180	1	1	1	9	0	3
chr1	225528404	225533663	1	1	1	0	2	7
chr1	225576194	225577435	1	1	1	2	0	7
chr1	225591166	225592105	2	2	1	1	0	12
chr1	225607501	225609778	2	2	1	4	0	24
chr1	225688773	225692692	2	2	1	3	0	12
chr1	225688773	225695652	2	2	1	2	0	17
chr1	225692756	225695652	2	2	1	6	0	31
chr1	225695720	225696090	2	2	1	0	1	6
chr1	225700719	225702297	2	2	1	5	0	32
chr1	225702603	225704897	2	2	1	5	0	16
chr1	225707268	225718255	2	2	1	2	0	24
chr1	225810572	225815159	1	5	0	9	0	24
chr1	225965715	225971001	1	1	1	0	1	3
chr1	226027048	226027529	1	1	1	8	0	18
chr1	226036692	226037556	0	0	0	3	0	30
chr1	226060929	226061094	0	0	0	4	0	31
chr1	226109345	226109557	2	2	1	1	0	8
chr1	226250513	226252029	1	1	1	0	15	11
chr1	226252181	226253356	1	1	1	0	3	1
chr1	226359475	226459987	2	2	0	0	4	28
chr1	226549785	226550799	2	2	1	0	3	3
chr1	226551772	226552702	2	2	1	4	0	9
chr1	226558219	226561926	2	2	1	2	0	20
chr1	226562056	226564808	2	2	1	4	0	12
chr1	226566976	226567273	2	2	1	3	0	24
chr1	226570885	226573204	2	2	1	4	0	17
chr1	227007841	227505389	1	1	0	0	6	15
chr1	227153439	227165149	1	1	1	4	0	22
chr1	227171556	227171794	1	1	1	3	0	28
chr1	227235712	227257477	2	2	1	2	0	18
chr1	227682526	227682786	2	2	1	0	5	11
chr1	227693940	227694200	1	1	1	0	5	11
chr1	228270467	228284778	1	1	1	4	5	17
chr1	228270552	228284778	1	1	1	0	1	4
chr1	228275979	228284778	1	1	1	0	5	5
chr1	228285154	228285291	1	1	1	5	0	30
chr1	228288956	228289039	2	2	1	3	0	22
chr1	228290262	228290343	2	2	1	11	0	30
chr1	228295571	228295935	2	2	1	4	0	10
chr1	228296210	228296849	2	2	1	0	3	4
chr1	228296723	228296849	2	2	1	7	0	2
chr1	228328065	228328824	1	1	1	1	0	7
chr1	228328065	228333211	1	1	1	1	0	19
chr1	228333008	228333061	0	0	0	3	0	31
chr1	228334640	228335110	1	1	1	7	0	2
chr1	228334640	228335315	1	1	1	3	0	2
chr1	228588896	228589766	2	4	1	12	0	26
chr1	228873479	228879031	1	1	1	1	0	5
chr1	229461159	229462484	2	2	1	0	1	5
chr1	229600623	229601166	2	2	1	4	0	13
chr1	229606552	229611384	2	2	1	8	0	15
chr1	229676496	229677983	2	2	0	1	0	28
chr1	229683449	229684980	2	2	1	3	0	18
chr1	229728155	229740725	2	2	0	0	2	22
chr1	230203154	230227335	1	1	1	0	2	4
chr1	230339037	230371759	1	1	1	2	0	18
chr1	231042766	231044457	2	2	1	3	0	7
chr1	231131731	231132866	1	1	1	2	0	6
chr1	231466283	231466678	1	1	0	7	0	23
chr1	231687824	231939476	2	2	0	0	4	26
chr1	231687824	231980454	2	2	0	0	4	26
chr1	231775446	231775543	2	4	0	3	0	20
chr1	233091466	233092092	1	1	1	6	0	5
chr1	233397068	233397790	2	2	1	1	0	11
chr1	233398910	233431071	2	2	1	1	0	5
chr1	233750273	233802340	1	1	1	5	0	7
chr1	234529584	234534127	2	2	1	4	0	16
chr1	234556559	234561418	2	2	1	1	0	9
chr1	234593503	234594975	2	2	1	4	0	15
chr1	234608558	234613918	2	2	1	0	1	3
chr1	235275424	235277082	2	2	1	9	0	14
chr1	235283215	235285640	2	2	1	0	11	5
chr1	235301490	235311718	2	2	1	2	0	32
chr1	235409827	235416044	2	2	1	3	0	14
chr1	235594120	235596260	1	1	1	1	0	29
chr1	235606227	235611663	1	1	1	1	0	9
chr1	235872609	235875356	2	2	1	3	0	17
chr1	236143954	236144910	2	2	1	2	0	9
chr1	236154359	236156944	2	2	1	8	0	24
chr1	236157173	236175220	2	2	1	3	0	30
chr1	236433295	236444981	2	2	1	2	0	6
chr1	236514140	236572515	1	1	1	0	1	1
chr1	236557806	236572515	1	1	1	0	1	1
chr1	236558961	236572515	1	1	1	0	1	1
chr1	236755411	236755822	2	2	1	2	0	13
chr1	236767428	236767721	2	2	1	3	0	3
chr1	236888802	237168013	2	2	0	0	5	16
chr1	236987520	236988637	1	1	1	2	0	21
chr1	236998988	237001713	1	1	1	4	0	19
chr1	237001900	237013643	1	1	1	7	0	31
chr1	237049668	237052480	1	1	1	2	0	4
chr1	237766590	237766677	1	1	0	1	0	15
chr1	237766609	237766677	1	1	0	5	0	21
chr1	240325551	240700871	1	1	0	5	0	22
chr1	240629226	240643478	2	2	1	0	1	4
chr1	241037422	241041665	0	0	0	3	0	32
chr1	241712199	241712976	1	1	1	0	2	1
chr1	241929654	241932705	1	1	1	0	4	2
chr1	242038351	242039083	1	3	0	2	0	32
chr1	242043094	242076163	1	1	0	0	7	19
chr1	242064939	242104766	1	3	0	0	8	14
chr1	242177908	242181654	1	1	0	1	0	16
chr1	243242355	243245191	2	2	1	0	5	17
chr1	243778464	243800912	2	2	1	4	0	5
chr1	244181297	244531536	2	2	0	6	0	25
chr1	244442849	244660880	2	2	0	0	6	19
chr1	244528059	244538673	1	1	1	0	1	4
chr1	245018347	245018725	2	2	1	3	0	13
chr1	245018911	245019205	2	4	1	5	0	9
chr1	245019461	245019758	2	4	1	4	0	15
chr1	245019928	245020029	2	2	1	14	0	15
chr1	245020159	245020899	2	2	1	5	0	24
chr1	245021020	245021312	2	2	1	2	0	7
chr1	245022144	245022576	2	2	1	10	0	25
chr1	245023777	245025762	2	2	1	2	0	12
chr1	245026033	245026975	2	2	1	15	0	17
chr1	245069043	245106274	1	1	0	0	6	28
chr1	246901100	246901284	1	3	0	7	0	30
chr1	247039490	247040251	2	2	1	3	0	16
chr1	247058051	247059136	2	2	1	0	3	25
chr2	242872	244626	2	2	1	0	1	6
chr2	253116	263210	2	2	1	0	2	4
chr2	271940	272036	1	1	1	2	0	27
chr2	1107918	1110204	1	1	0	0	1	22
chr2	1108435	1110204	1	1	0	0	1	22
chr2	1108482	1110204	1	1	0	0	1	22
chr2	1109268	1110204	1	1	0	0	1	22
chr2	1109828	1110204	1	1	0	0	1	22
chr2	1109970	1110204	1	1	0	0	1	22
chr2	1670259	1675810	2	2	1	0	1	5
chr2	3383648	3391390	1	1	1	4	0	30
chr2	3481567	3482616	1	1	1	4	0	22
chr2	3599899	3604378	2	2	1	3	0	3
chr2	3623275	3623406	1	1	1	8	3	23
chr2	6122990	6123096	1	1	1	0	1	4
chr2	6772875	6774931	2	2	1	0	2	7
chr2	6869795	6870780	2	2	1	0	1	1
chr2	7418476	7505533	1	1	0	2	0	32
chr2	8522487	8523224	2	2	1	2	1	4
chr2	8819448	8821620	1	1	1	0	2	1
chr2	8952627	8953366	2	2	1	0	1	3
chr2	9234965	9673221	1	1	0	5	0	16
chr2	9517123	9519072	1	1	1	4	0	29
chr2	9548335	9552397	2	2	1	1	0	26
chr2	9583791	9588326	1	1	1	1	0	12
chr2	9650836	9688070	2	2	0	0	2	22
chr2	9727639	9728293	2	2	1	0	8	12
chr2	9770664	9770941	2	2	1	0	4	2
chr2	9770664	9771069	2	2	1	0	4	2
chr2	10066904	10096585	1	1	0	0	6	27
chr2	10263980	10264843	1	1	1	1	0	6
chr2	10267348	10268974	1	1	1	4	0	9
chr2	10319330	10322367	1	1	0	0	4	18
chr2	10319330	10371397	1	1	0	0	4	18
chr2	10546488	10559859	1	1	1	0	3	5
chr2	10581850	10581942	2	2	1	1	0	13
chr2	10589308	10589869	1	1	1	0	1	5
chr2	10824739	10829921	2	2	1	5	0	21
chr2	10924453	10925059	2	2	1	3	0	11
chr2	10927566	10928822	2	2	1	1	0	20
chr2	11338901	11341082	2	2	1	4	0	18
chr2	11759046	11761030	1	1	1	0	2	5
chr2	15307448	15319111	2	2	1	0	3	5
chr2	15601916	15607452	2	2	1	0	4	2
chr2	15679481	15691616	2	2	1	4	0	25
chr2	15693598	15694184	2	2	1	5	0	11
chr2	15769822	15770113	1	1	1	7	0	17
chr2	15820841	15821121	0	0	0	0	3	32
chr2	16081220	16082273	2	2	1	2	0	6
chr2	17897532	17898007	2	2	1	0	7	1
chr2	18758162	18764133	2	2	1	0	3	4
chr2	21251411	21252510	2	2	1	2	0	6
chr2	21256391	21257687	2	2	1	7	0	11
chr2	21260128	21260829	2	2	1	5	0	1
chr2	24601272	24775330	1	1	0	0	3	27
chr2	25043718	25044385	2	2	1	3	0	23
chr2	25061492	25062741	2	2	1	0	1	3
chr2	25064537	25065122	2	2	1	3	0	18
chr2	25193452	25236881	1	3	0	3	0	17
chr2	25358509	25359391	1	1	1	0	1	1
chr2	25469179	25469488	2	2	1	6	0	16
chr2	25674505	25678273	2	2	1	0	5	2
chr2	26091909	26294431	2	2	0	0	5	31
chr2	26152933	26161103	2	2	1	0	1	7
chr2	26158732	26168766	1	1	0	0	3	31
chr2	26257605	26321530	1	1	1	5	0	23
chr2	26285859	26294431	2	2	0	0	1	31
chr2	26461873	26461969	2	2	1	1	0	25
chr2	26593451	26593666	2	2	0	0	6	21
chr2	26609405	26611872	1	1	1	7	0	20
chr2	26712164	26712545	2	2	1	0	1	5
chr2	26916027	26950534	1	1	1	0	1	3
chr2	27121629	27147754	1	1	1	3	0	6
chr2	27147914	27150120	1	1	1	2	0	23
chr2	27258154	27258837	1	1	1	0	1	7
chr2	27258597	27258837	1	1	1	4	0	23
chr2	27272873	27273047	2	4	1	0	3	6
chr2	27279661	27280170	1	1	1	1	0	17
chr2	27292575	27292959	1	1	1	6	0	2
chr2	27355272	27355470	2	2	1	4	0	2
chr2	27355792	27355984	2	2	1	3	0	22
chr2	27423448	27423865	2	2	1	7	0	15
chr2	27428962	27429350	2	2	1	2	0	22
chr2	27435015	27435699	2	2	1	0	8	4
chr2	27438414	27438499	1	1	1	0	3	5
chr2	27449831	27454335	1	1	1	3	0	13
chr2	27457095	27457385	1	1	1	2	0	31
chr2	27458296	27458403	1	1	1	5	0	3
chr2	27462101	27462198	1	1	1	3	0	5
chr2	27469163	27777689	2	2	0	0	4	31
chr2	27480221	27480772	2	2	1	0	1	1
chr2	27498422	27499510	1	1	1	0	1	4
chr2	27535640	27535860	2	2	1	4	0	17
chr2	27550152	27550903	2	2	1	1	0	2
chr2	27551799	27551987	2	2	1	1	0	3
chr2	27558574	27558783	2	2	1	8	0	21
chr2	27591601	27591872	2	2	1	0	2	7
chr2	27598839	27598972	1	1	1	1	0	2
chr2	27599388	27599472	1	1	1	3	0	13
chr2	27604673	27604992	2	2	1	6	0	32
chr2	27605096	27605342	2	2	1	0	5	1
chr2	27606960	27607539	2	2	1	1	0	13
chr2	27610026	27632169	2	2	1	3	0	14
chr2	27706805	27707093	2	2	1	0	2	6
chr2	27885149	27886195	2	2	1	1	0	18
chr2	27887445	27887966	1	1	1	7	0	12
chr2	28005562	28117399	1	1	1	0	4	1
chr2	28113710	28117399	1	1	1	0	7	1
chr2	28115316	28117399	1	1	1	0	7	1
chr2	29135577	29136934	1	1	1	0	2	7
chr2	29159820	29160796	1	1	1	4	0	32
chr2	30670250	30682417	1	1	1	5	0	17
chr2	31403867	31409293	2	2	1	2	0	10
chr2	32210677	32211223	0	0	0	5	0	32
chr2	32260497	32277249	2	2	0	0	1	19
chr2	32264562	32264661	2	2	1	10	0	25
chr2	32264562	32264801	2	2	1	0	1	6
chr2	32352398	32723992	1	3	0	6	0	12
chr2	32361708	32361945	1	1	1	4	0	6
chr2	32419053	32422412	1	1	1	0	1	1
chr2	32419053	32422775	1	1	1	0	1	1
chr2	32547459	32568637	1	1	0	0	1	16
chr2	32582555	32602655	1	1	1	2	0	2
chr2	32626454	32626530	1	1	1	0	1	6
chr2	32688450	32689576	1	1	1	5	0	10
chr2	32693852	32694462	1	1	1	3	0	18
chr2	32710827	32712713	1	1	1	0	1	6
chr2	32728304	32730071	1	1	1	1	0	11
chr2	32750087	32750530	1	1	1	13	0	26
chr2	32859073	32865336	1	1	1	3	0	14
chr2	32991617	33002948	1	1	1	0	6	4
chr2	33141413	33141469	1	1	0	0	2	22
chr2	33141413	33141509	1	1	0	0	2	22
chr2	33141413	33141554	1	1	0	0	2	22
chr2	33141413	33141625	1	1	0	0	2	22
chr2	33141413	33141666	1	1	0	0	2	22
chr2	36749457	36764494	1	1	1	0	2	7
chr2	36818155	36825019	2	2	1	2	0	4
chr2	37235992	37240983	2	2	1	2	0	14
chr2	37317010	37317823	1	1	1	3	0	1
chr2	37334539	37334616	2	2	1	1	0	1
chr2	37334671	37336336	2	2	1	2	0	3
chr2	37374966	37375999	2	2	1	1	0	11
chr2	37379520	37606040	1	1	0	0	6	25
chr2	37430152	37438141	2	2	1	3	0	17
chr2	37442096	37443282	2	2	1	0	2	1
chr2	37450545	37454686	2	2	1	7	0	10
chr2	37507073	37509684	2	2	1	2	0	10
chr2	37513513	37516498	2	2	1	3	0	5
chr2	38218441	38224558	1	1	1	0	2	3
chr2	38641543	38786932	1	1	0	0	8	17
chr2	38962851	38986628	1	1	0	2	0	20
chr2	38972330	38973285	2	2	1	2	0	18
chr2	39156972	39158249	1	1	1	1	0	13
chr2	39214733	39222263	2	2	1	9	0	21
chr2	39234335	39237724	2	2	1	4	0	10
chr2	39535147	39536601	2	2	1	0	1	2
chr2	39852344	39867027	2	2	0	0	1	16
chr2	41787329	41993188	2	4	0	0	4	32
chr2	42744588	42793018	2	2	0	0	3	26
chr2	42749086	42855215	1	1	0	0	3	13
chr2	42797645	42806246	1	1	1	4	0	22
chr2	42869928	42901881	1	1	0	1	0	23
chr2	43376221	43378717	1	1	0	0	5	23
chr2	43819556	43823069	2	2	1	2	0	11
chr2	43937470	43937627	1	1	1	0	1	6
chr2	44108784	44270039	1	1	0	0	4	28
chr2	44175658	44176740	2	2	1	2	0	32
chr2	44190846	44200745	2	2	1	1	0	20
chr2	44209574	44222937	2	2	1	8	0	23
chr2	44543584	44546144	2	2	1	0	2	6
chr2	44589285	44599854	1	1	1	4	0	18
chr2	44815960	44816143	1	1	0	1	0	20
chr2	44931483	44933425	1	1	1	1	0	5
chr2	44933481	44934537	1	1	1	1	0	5
chr2	45715471	45773870	2	2	1	0	2	1
chr2	47185811	47198696	0	0	0	5	0	30
chr2	47389532	47389657	2	2	1	0	2	18
chr2	47389802	47397872	2	2	1	3	0	16
chr2	47397904	47403579	2	2	1	9	0	13
chr2	47596721	47600601	1	1	1	5	0	2
chr2	47602439	47604152	1	1	1	3	6	14
chr2	47641558	47643434	1	1	1	2	0	4
chr2	48010610	48025749	1	1	1	0	2	1
chr2	48028295	48030558	1	1	1	1	0	4
chr2	48170398	48296692	1	1	0	0	3	16
chr2	48718310	48722817	1	1	1	0	1	1
chr2	54163299	54163900	2	2	1	2	0	20
chr2	54164678	54167092	2	2	1	4	0	19
chr2	54844826	54845214	1	1	1	7	0	12
chr2	54845331	54848536	1	1	1	3	0	16
chr2	54850734	54851940	1	1	1	9	0	7
chr2	54855388	54856069	1	1	1	2	0	9
chr2	54871724	54872365	1	3	1	7	0	13
chr2	55460009	55460498	1	1	1	15	1	30
chr2	55460554	55461254	1	3	1	1	0	25
chr2	55573470	55576653	2	2	1	2	0	4
chr2	55761097	55762847	1	1	1	5	0	8
chr2	55792178	55795329	2	2	1	5	0	22
chr2	55870561	55871771	2	2	1	4	0	11
chr2	56420576	56570013	1	1	1	0	3	2
chr2	58273957	58275961	1	1	1	0	3	7
chr2	60532789	61036960	1	1	0	0	4	13
chr2	61006911	61007841	1	1	1	7	0	10
chr2	61145431	61145528	1	1	1	5	0	11
chr2	61208648	61928332	2	2	0	0	6	31
chr2	61386159	61506620	1	1	0	0	6	22
chr2	61406307	61408454	1	1	1	1	0	26
chr2	61417794	61420035	2	2	1	1	0	5
chr2	61459668	61462979	2	2	1	5	0	7
chr2	61622369	61632842	2	2	1	6	0	7
chr2	61725928	61725999	2	2	1	3	0	25
chr2	61729176	61729383	2	2	1	2	0	1
chr2	61746749	61749412	1	3	0	4	0	28
chr2	62099452	62099592	2	2	1	5	0	16
chr2	62263064	63118187	2	2	0	0	4	16
chr2	63215174	63217850	1	1	1	0	3	3
chr2	63221113	63223777	1	1	1	1	0	4
chr2	63816519	63821621	1	1	1	0	3	4
chr2	65316205	65318116	2	2	1	0	3	5
chr2	65325201	65331867	2	2	1	3	0	3
chr2	65572031	65593723	2	2	1	0	3	3
chr2	67440628	67456530	1	1	1	0	1	1
chr2	68388899	68389396	1	1	1	3	0	4
chr2	69271946	69297778	1	1	1	0	1	5
chr2	69623423	69627495	2	2	1	1	0	16
chr2	69623423	69633153	2	2	1	0	1	2
chr2	69885284	69925031	2	2	0	0	7	14
chr2	70122347	70123567	1	1	1	0	1	4
chr2	70124589	70130312	1	1	1	6	0	26
chr2	70334767	70420959	2	2	0	0	11	25
chr2	70406775	70408535	2	4	0	1	0	17
chr2	70439978	70443339	2	2	1	0	3	6
chr2	70463825	70464798	2	2	0	4	0	32
chr2	70508817	70515199	2	2	1	1	0	18
chr2	70692866	70741990	2	2	1	0	1	2
chr2	71298958	71299770	1	1	1	2	0	11
chr2	71300725	71302684	1	1	1	0	2	2
chr2	71300725	71302691	1	1	1	0	5	5
chr2	71363631	72158277	2	2	0	8	0	29
chr2	71365762	71366924	1	1	1	6	0	21
chr2	71591383	71592558	1	1	1	0	1	5
chr2	71645770	71651779	1	1	1	0	1	3
chr2	71651169	71651779	1	1	1	0	1	3
chr2	71712426	71809012	2	2	0	0	7	13
chr2	71780319	71780936	1	1	1	0	1	6
chr2	73467672	73470131	1	1	1	5	0	5
chr2	73470258	73471124	1	1	1	2	0	30
chr2	73487676	73487867	2	2	1	1	15	5
chr2	73491648	73492409	2	2	1	8	0	29
chr2	74074881	74076489	1	1	1	1	0	8
chr2	74435849	74437068	1	1	1	5	0	20
chr2	74438419	74438867	1	1	1	0	1	1
chr2	74438419	74441205	1	1	1	0	1	1
chr2	74555314	74561153	2	2	1	0	1	3
chr2	74561305	74565981	2	2	1	0	2	6
chr2	74590555	74592201	2	2	1	5	0	24
chr2	74682726	74682928	1	1	1	0	1	7
chr2	74682726	74682944	1	1	1	4	0	3
chr2	74683064	74683229	1	1	1	1	0	13
chr2	74734012	74734168	2	2	1	4	0	6
chr2	74745730	74746166	2	2	1	4	0	17
chr2	74754491	74754597	2	2	1	2	0	25
chr2	74756410	74756488	2	2	1	2	0	23
chr2	74760807	74761008	2	2	1	5	0	15
chr2	75061195	75061828	0	0	0	3	0	32
chr2	75148755	76055405	1	1	0	5	0	12
chr2	75316460	75316819	2	4	0	1	0	32
chr2	75879387	75879648	1	1	1	1	0	8
chr2	76672396	76672415	0	0	0	6	0	30
chr2	78267721	78928765	2	2	0	0	4	24
chr2	79252900	79253208	1	1	1	0	1	4
chr2	79386543	79386853	2	2	1	0	1	4
chr2	84650897	84652538	2	2	1	3	0	28
chr2	85207028	85223640	2	2	0	0	1	30
chr2	85262279	85270686	1	1	1	0	2	2
chr2	85604598	85614220	1	1	1	0	2	2
chr2	85824055	85824567	1	1	0	1	0	27
chr2	85827883	85828143	2	2	1	0	1	7
chr2	86254647	86255007	2	2	1	3	0	32
chr2	86272484	86272739	2	2	1	2	0	17
chr2	86274387	86276006	2	2	1	3	0	18
chr2	86335526	86335622	1	1	1	3	0	16
chr2	86346168	86348601	1	1	1	2	0	11
chr2	86358230	86359440	1	1	1	4	0	2
chr2	86705389	86705730	1	1	1	2	0	17
chr2	87397771	87398265	1	1	1	0	3	8
chr2	88387595	88390530	1	1	1	0	3	2
chr2	88703681	88711526	1	1	0	0	2	27
chr2	91688919	91907671	2	2	0	0	4	31
chr2	91893964	91894140	0	0	1	0	2	1
chr2	95519398	95522711	2	2	1	0	1	3
chr2	96183270	96184216	0	0	1	0	1	6
chr2	96498235	96498759	2	2	0	0	2	14
chr2	96502857	96516913	2	2	0	1	0	15
chr2	96564966	96565055	2	2	1	0	1	23
chr2	96570582	96570671	2	2	1	0	1	23
chr2	96576194	96576287	2	2	1	1	0	17
chr2	96589438	96591099	2	2	1	1	0	26
chr2	96594893	96594986	2	2	1	0	5	8
chr2	96595016	96601201	2	2	1	0	5	19
chr2	96601393	96604576	2	2	1	1	0	11
chr2	96942724	96942818	2	2	1	4	0	18
chr2	96944097	96944284	2	2	1	1	0	24
chr2	96949452	96949550	2	2	1	5	0	2
chr2	96952899	96953176	2	2	1	10	0	30
chr2	96959248	96961225	2	2	1	2	0	21
chr2	96965166	96966735	2	2	1	4	0	30
chr2	97009968	97938105	1	1	0	0	4	16
chr2	97020127	97024782	1	1	1	5	0	10
chr2	97274402	97274600	2	2	1	4	0	28
chr2	97278301	97278554	2	2	1	7	0	31
chr2	97316027	97317628	1	1	1	2	4	5
chr2	97352001	97353552	1	1	1	0	2	1
chr2	97464964	97465288	1	1	1	7	0	17
chr2	97527193	97527315	2	2	1	0	1	1
chr2	97531275	97531402	2	2	1	0	1	1
chr2	97833505	97845474	1	1	1	0	5	19
chr2	97845504	97845597	1	1	1	0	5	8
chr2	97866100	97866189	1	1	1	0	1	3
chr2	97884984	97890545	1	1	1	0	4	20
chr2	97932642	97933463	2	4	0	0	1	21
chr2	98105815	98106636	1	3	0	0	1	21
chr2	98148845	98152762	2	2	0	0	4	20
chr2	98158428	98169684	2	2	0	0	5	29
chr2	98160449	98162128	2	2	1	2	0	4
chr2	98177201	98177294	2	2	1	0	5	8
chr2	98349807	98350006	1	1	1	2	0	7
chr2	98418425	98418890	2	2	1	8	0	10
chr2	98908488	99059654	2	2	0	0	4	23
chr2	99725455	99725851	2	2	1	3	0	32
chr2	99772008	99772763	1	1	1	0	1	3
chr2	99802718	99804639	1	1	1	1	0	14
chr2	99954053	99976698	1	1	1	1	0	25
chr2	100007169	100009429	1	1	1	3	0	24
chr2	100165103	100168749	1	3	0	0	7	24
chr2	100171195	100175336	2	2	1	3	0	7
chr2	100915413	100915687	2	2	1	2	0	30
chr2	101129370	101944008	2	2	0	9	0	27
chr2	101190071	101200683	1	1	0	0	1	21
chr2	101618778	101619163	1	1	1	7	0	23
chr2	101619271	101620619	1	1	1	11	0	26
chr2	101620746	101622420	1	1	1	9	0	15
chr2	101622534	101622811	1	1	1	0	6	26
chr2	101638209	101638742	2	2	1	0	4	1
chr2	101706827	101767588	2	2	1	1	0	7
chr2	101893744	101898320	2	2	1	9	0	16
chr2	102423145	102423743	0	0	0	4	0	32
chr2	102440516	102441780	1	1	1	2	0	30
chr2	102476327	102481391	1	1	1	5	0	18
chr2	102490227	102490543	1	1	1	1	0	7
chr2	103185615	103197477	1	1	0	0	5	32
chr2	104473722	104476579	2	2	1	0	1	4
chr2	105470028	105470230	1	1	1	3	0	32
chr2	105536722	106462098	2	2	0	0	4	28
chr2	105890148	105892016	2	2	1	0	2	8
chr2	105959681	105961771	1	1	1	1	0	23
chr2	107032446	107039498	2	2	1	0	2	4
chr2	109241000	109332440	1	1	0	0	4	30
chr2	109318826	110087462	1	1	0	0	4	29
chr2	109352706	109356944	1	1	1	5	0	23
chr2	109403372	109404487	1	1	1	0	2	4
chr2	109421465	109429086	1	1	1	0	1	1
chr2	109429384	109432396	1	1	1	3	0	26
chr2	109988138	110015045	1	1	1	2	0	21
chr2	110561709	110565750	1	1	1	0	1	12
chr2	110595620	110602679	1	1	1	0	2	4
chr2	110936125	110937200	2	2	1	4	0	15
chr2	111283982	111291041	2	2	1	0	2	4
chr2	111320911	111324952	2	2	1	0	1	12
chr2	111431943	111435546	2	2	1	1	0	8
chr2	111691220	111744684	1	1	1	2	0	11
chr2	112230840	112230872	0	0	0	5	0	31
chr2	112551901	112552394	2	2	1	0	3	8
chr2	112645740	112646137	0	0	1	0	1	2
chr2	112933417	112940367	1	1	1	0	2	6
chr2	113138541	113145600	2	2	1	0	2	4
chr2	113175492	113179536	2	2	1	0	1	12
chr2	113258919	113260488	1	1	1	10	0	19
chr2	113315659	113316869	1	1	1	3	0	5
chr2	113347760	113347895	1	1	0	1	0	31
chr2	113365190	113365399	2	2	0	5	0	26
chr2	113817045	113818428	1	1	1	0	1	5
chr2	113951228	113951435	1	1	1	6	0	10
chr2	113993148	114020854	1	1	1	0	1	1
chr2	114017162	114020854	1	1	1	0	2	1
chr2	114152299	114152473	1	1	0	0	4	24
chr2	114228667	114239753	1	1	1	0	1	1
chr2	114353093	114353269	1	1	1	0	4	3
chr2	114589006	114589106	2	2	1	0	1	4
chr2	114699937	114709055	1	1	1	1	0	31
chr2	116535411	116538449	1	1	1	0	2	1
chr2	118572439	118575019	1	1	1	1	0	25
chr2	118573300	118575019	1	1	1	0	3	3
chr2	118578873	118579225	1	1	1	3	0	26
chr2	118637664	118646218	2	2	0	1	0	20
chr2	118693156	118694277	2	2	1	4	0	30
chr2	118766235	118771529	2	2	1	0	1	1
chr2	119600831	119603881	2	2	1	0	1	5
chr2	120060125	120069197	2	2	1	4	7	15
chr2	120677818	120684173	1	1	1	0	4	1
chr2	120844817	120847922	1	1	1	1	0	30
chr2	120973926	120974126	0	0	1	1	0	4
chr2	121173050	121200738	1	1	0	0	1	15
chr2	121624367	121624684	2	2	1	0	2	6
chr2	121937175	121937613	1	1	0	0	2	31
chr2	122000046	122004393	2	2	1	0	1	6
chr2	122208567	122209365	2	2	1	0	1	2
chr2	122220182	122227383	2	2	1	4	0	16
chr2	122260811	122273240	2	2	1	0	1	6
chr2	127996415	128027346	2	2	0	0	5	21
chr2	128015304	128016871	2	2	1	1	0	19
chr2	128038208	128044278	2	2	1	9	0	20
chr2	128129840	128130201	0	0	0	6	0	31
chr2	128252531	128253573	2	2	1	0	8	2
chr2	128484352	128520635	2	2	1	4	0	7
chr2	128547151	128547684	0	0	0	4	0	31
chr2	128932433	128934387	1	1	1	1	0	7
chr2	128949157	128952051	1	3	0	3	0	29
chr2	130878182	130885281	2	2	1	0	1	2
chr2	130930928	130931086	2	2	1	5	0	7
chr2	130932574	130934126	2	2	1	4	0	29
chr2	130940349	130946079	1	1	0	0	2	19
chr2	131098613	131099239	2	2	1	4	0	23
chr2	131103507	131103590	1	1	1	1	0	16
chr2	131103823	131103928	1	1	1	0	2	1
chr2	131126775	131127337	1	1	1	0	1	6
chr2	131810589	131812844	2	2	1	2	0	18
chr2	131883479	131884256	1	1	1	5	0	17
chr2	132243755	132249448	2	2	0	0	2	19
chr2	132273978	132274429	1	1	1	1	0	7
chr2	133012106	133038628	2	2	0	0	2	15
chr2	133013669	133071988	1	5	0	0	3	17
chr2	135170587	135180373	1	1	1	2	0	31
chr2	135199487	135206219	1	1	1	1	0	20
chr2	135559670	136329613	2	2	0	0	4	23
chr2	135672586	136329613	2	2	0	0	4	23
chr2	135711950	135712050	1	1	1	1	0	12
chr2	135870841	135872785	1	1	1	2	0	26
chr2	136071523	136329613	2	2	0	0	4	23
chr2	136418964	136432901	1	1	1	4	0	23
chr2	136537956	136540318	1	1	1	1	0	23
chr2	136615575	136616870	2	2	1	1	0	11
chr2	136620319	136622582	2	2	1	2	0	26
chr2	136622734	136623701	2	2	1	8	0	23
chr2	138727788	138758487	1	1	1	1	0	28
chr2	141243094	141245185	2	2	1	0	2	5
chr2	141260673	141264364	2	2	1	1	0	3
chr2	141299541	141356199	2	2	1	3	0	26
chr2	143743591	143746413	1	1	1	0	2	4
chr2	146834976	147538411	2	2	0	4	0	12
chr2	148701092	148705619	2	2	1	5	0	4
chr2	149070282	149070466	2	2	0	4	0	21
chr2	149402740	149447782	1	1	1	0	3	2
chr2	149830026	149835435	1	1	1	8	0	6
chr2	152351841	152355858	1	1	1	0	1	4
chr2	152404253	152404821	2	2	1	0	1	1
chr2	152541490	152543932	2	2	1	0	1	5
chr2	152776043	152798473	1	1	0	11	0	14
chr2	153378541	153399252	1	1	1	3	2	9
chr2	153437564	153463852	1	1	1	0	8	2
chr2	153527896	153528972	2	2	1	3	0	17
chr2	153572641	153573869	2	2	1	6	0	20
chr2	158390556	158395084	2	2	1	0	1	1
chr2	158733241	158851691	1	1	1	0	2	1
chr2	159035863	159395245	1	1	0	0	6	14
chr2	159444798	159445399	1	1	1	0	1	3
chr2	159459617	159477501	1	1	1	1	0	17
chr2	159481940	159488264	1	1	1	3	0	11
chr2	160076379	160080742	1	1	1	0	1	6
chr2	160112887	160132056	2	2	1	0	1	5
chr2	160229701	160231201	2	2	1	5	0	11
chr2	160239314	160240116	2	2	1	9	0	13
chr2	160615847	160619390	1	1	1	1	0	27
chr2	160717401	160721349	2	2	1	0	2	3
chr2	162081258	162087481	1	1	1	0	3	6
chr2	162088063	162089243	1	1	1	0	1	4
chr2	162175385	162223988	1	1	1	11	0	31
chr2	162879310	162881313	2	2	1	0	1	3
chr2	165396408	165404169	2	2	1	0	1	5
chr2	166226810	166229734	1	1	1	0	1	7
chr2	167133850	167134649	2	2	1	1	0	5
chr2	167548742	167560664	1	1	0	0	3	26
chr2	170131749	170134254	2	2	1	9	0	16
chr2	170492739	170492922	1	1	1	1	0	18
chr2	170513448	170516872	2	2	0	0	4	30
chr2	170554042	170597894	1	1	1	0	1	2
chr2	170665064	170665369	1	1	1	1	0	14
chr2	170665413	170666792	1	1	1	1	0	8
chr2	170666934	170667367	1	1	1	1	0	6
chr2	170667555	170667692	1	1	1	5	0	30
chr2	170686141	170722446	1	1	0	3	0	27
chr2	171326439	171331072	2	2	0	0	2	16
chr2	171633936	171634153	1	1	1	1	4	6
chr2	171683014	172274505	1	1	0	0	7	18
chr2	171819457	171822299	1	1	1	2	0	8
chr2	172043553	172987727	1	1	0	0	6	13
chr2	172187209	172195693	2	2	1	0	1	3
chr2	172544138	172546656	1	1	1	0	2	5
chr2	172721911	172732163	2	2	0	0	2	13
chr2	172803304	172809398	1	1	1	4	0	16
chr2	172942623	172943942	1	1	1	0	2	2
chr2	173600777	173659752	1	1	1	3	0	5
chr2	173894983	173913327	1	1	1	0	1	7
chr2	174128624	174130777	1	1	1	1	0	5
chr2	174224220	174227953	1	1	1	1	0	3
chr2	174228191	174228545	1	1	1	8	0	14
chr2	174230321	174231010	1	1	1	2	0	27
chr2	174231161	174231877	1	1	1	3	0	6
chr2	174758461	175309403	0	0	0	0	4	32
chr2	174820961	174828488	2	2	1	1	0	1
chr2	174940256	174943695	2	2	1	1	0	11
chr2	174988006	174988322	2	2	1	0	4	15
chr2	175111544	175113179	2	2	1	6	0	18
chr2	175976383	175978721	2	2	1	5	0	19
chr2	176044907	176046082	2	2	1	15	0	27
chr2	176046195	176046383	2	2	1	5	0	9
chr2	177011187	177012352	1	1	0	6	0	22
chr2	177012379	177014466	1	1	0	6	0	17
chr2	177022181	177028800	1	1	0	6	0	17
chr2	178021960	178031908	1	1	0	0	4	28
chr2	178064704	178113219	2	2	0	0	1	26
chr2	178077600	178080266	1	1	1	0	2	17
chr2	178080625	178080705	1	1	1	2	3	23
chr2	178081500	178081587	1	1	1	3	0	30
chr2	178081669	178082432	1	1	1	7	0	19
chr2	178084043	178084135	1	1	1	5	0	2
chr2	178378637	178385996	1	1	1	1	0	4
chr2	178634102	178681555	2	2	1	1	0	25
chr2	178961846	178967084	2	2	0	0	1	26
chr2	179236961	179238616	1	1	1	1	0	3
chr2	179268083	180110385	1	1	0	0	4	31
chr2	179504516	179504774	2	2	1	1	0	7
chr2	179516477	179516610	2	2	1	0	1	1
chr2	179539137	179539765	2	2	1	0	2	4
chr2	179539137	179542851	2	2	1	0	2	4
chr2	179577703	179577811	2	2	1	0	1	6
chr2	179603088	179603867	2	2	1	0	1	3
chr2	179714889	179718167	2	2	1	0	1	3
chr2	179981518	179982258	2	2	1	3	0	6
chr2	182412454	182413271	2	2	1	0	1	3
chr2	182678338	183234631	1	1	0	0	5	16
chr2	182778661	182779942	1	1	1	0	4	1
chr2	183699693	183702675	2	2	1	5	0	9
chr2	183815772	183816255	1	3	0	1	0	28
chr2	183822325	183826886	2	2	1	3	0	16
chr2	183843644	183845971	2	2	1	6	0	23
chr2	187360062	187364908	1	1	1	1	0	32
chr2	187516817	187519376	1	1	1	2	0	1
chr2	188368498	188394090	2	2	1	0	1	3
chr2	189463585	189464026	2	2	1	0	3	4
chr2	189857667	189858086	1	1	1	0	4	8
chr2	190530178	190530766	1	1	1	3	0	6
chr2	190647329	190647739	2	2	1	1	0	7
chr2	190939252	190944411	2	2	0	0	1	32
chr2	190955697	190960244	1	1	1	0	2	5
chr2	191152365	191155130	2	2	1	2	0	14
chr2	191399848	191400606	1	1	1	0	2	2
chr2	191714964	191744274	2	2	0	1	0	26
chr2	191789320	191792031	1	1	1	2	0	10
chr2	191848467	191849035	2	2	1	9	0	24
chr2	191895807	191896175	2	2	1	0	2	5
chr2	192250811	192251949	1	1	1	0	5	2
chr2	192542968	192543715	1	1	1	0	10	2
chr2	192547322	192548015	1	1	1	1	0	7
chr2	192549023	192550324	1	1	1	4	0	4
chr2	196851918	196852680	2	2	1	0	1	3
chr2	197138848	197143251	2	2	1	0	1	4
chr2	197269788	197283084	2	2	0	0	4	26
chr2	198267551	198267672	2	2	1	5	0	24
chr2	198268489	198269799	2	2	1	2	0	9
chr2	198283676	198285151	2	2	1	4	0	16
chr2	198353216	198353725	2	2	1	1	0	22
chr2	198353972	198354920	2	2	1	1	0	9
chr2	198362117	198363398	2	2	1	2	0	26
chr2	198363575	198364505	2	2	1	3	0	6
chr2	198380871	198400253	1	1	1	0	1	4
chr2	198432650	198627969	1	1	0	0	3	29
chr2	198457150	198462472	2	2	0	0	1	30
chr2	198560974	198561196	2	2	0	0	1	27
chr2	201332123	201334636	1	1	1	0	3	2
chr2	201755309	201756691	1	1	1	1	0	3
chr2	201758132	201759986	1	1	1	4	0	21
chr2	201888763	201910218	2	2	1	1	0	26
chr2	201981205	201997751	1	1	1	0	3	6
chr2	202015132	202020418	0	0	0	3	0	31
chr2	202248940	202250940	2	2	1	0	1	1
chr2	202319576	202323506	1	1	1	0	3	24
chr2	202505648	202507331	2	2	1	0	1	5
chr2	202588165	202589017	2	2	1	0	9	7
chr2	203079158	203084754	2	2	1	0	3	16
chr2	203142726	203147073	1	1	1	7	0	26
chr2	203162630	203164956	1	1	1	0	6	2
chr2	203165091	203167643	1	1	1	1	0	3
chr2	203241186	203499718	1	1	0	8	0	21
chr2	203321320	203331091	2	2	0	0	1	19
chr2	203510245	203524574	2	2	0	0	3	26
chr2	203682267	203684423	2	2	1	0	1	4
chr2	203840563	204111788	0	0	0	0	4	30
chr2	203973984	203986278	1	1	0	0	1	26
chr2	204179771	204340016	2	2	0	0	5	19
chr2	204447842	204457667	1	1	0	5	0	12
chr2	206854480	206861069	1	1	1	0	1	4
chr2	207025435	207026069	1	1	1	2	0	12
chr2	207026197	207026761	1	1	1	1	0	29
chr2	208105063	208118912	2	2	1	0	1	5
chr2	209088628	209093962	1	1	0	2	0	23
chr2	209150658	209153452	1	1	1	7	0	24
chr2	209209919	209210773	1	1	1	2	0	10
chr2	209633520	210187556	1	1	0	0	4	15
chr2	210490882	210641179	2	2	0	0	4	21
chr2	210752041	210941188	1	1	0	0	3	15
chr2	210867508	210868161	1	1	1	0	3	4
chr2	211306168	211319830	2	2	1	0	2	3
chr2	211496011	211502425	1	1	1	0	3	1
chr2	215675157	215698712	1	1	1	0	1	4
chr2	215887448	215887615	1	1	1	0	1	6
chr2	216159286	216930624	1	1	0	0	5	24
chr2	216182957	216184387	1	1	1	9	0	15
chr2	216184455	216189963	1	1	1	0	1	2
chr2	216199728	216200757	1	1	1	2	0	2
chr2	216229709	216230227	2	2	1	3	0	20
chr2	216269379	216270960	2	2	1	2	0	24
chr2	216284109	216285395	2	2	1	5	0	6
chr2	216286967	216288072	2	2	1	1	0	8
chr2	216861189	216877955	2	2	1	0	2	4
chr2	216861189	216897511	2	2	1	0	3	4
chr2	216995711	216997047	1	1	1	1	0	7
chr2	217001949	217002811	1	1	1	3	0	10
chr2	217363601	217363992	1	1	1	16	0	30
chr2	217364122	217364671	1	1	1	10	0	20
chr2	217364755	217366063	1	1	1	5	0	27
chr2	218765236	218766432	2	2	1	0	1	8
chr2	219027714	219058192	1	1	0	0	1	19
chr2	219129332	219129742	2	2	1	3	0	12
chr2	219148884	219157188	2	4	1	0	2	2
chr2	219229476	219231746	1	1	1	0	1	4
chr2	219294399	219294571	1	1	1	0	4	1
chr2	219452419	219457026	1	1	1	1	0	1
chr2	219457431	219458830	1	1	1	5	0	15
chr2	219538489	219538601	1	1	1	2	0	7
chr2	219592071	219602301	1	1	1	5	0	28
chr2	220087173	220087366	2	2	1	5	0	18
chr2	220092776	220093155	2	2	1	4	0	17
chr2	220108354	220108500	2	2	1	0	1	1
chr2	220146784	220147558	1	1	1	5	0	12
chr2	220397200	220399892	1	1	1	0	2	3
chr2	220428350	220429963	2	2	1	0	8	2
chr2	222322711	222347071	2	2	1	6	0	19
chr2	223496394	223497917	2	2	1	2	0	17
chr2	224822369	224824250	1	1	1	0	3	7
chr2	224866640	224903815	2	2	1	0	4	2
chr2	225339094	225342916	2	2	1	4	0	6
chr2	225432212	225463940	2	2	0	0	7	23
chr2	225432212	225551183	2	2	0	0	7	23
chr2	225681431	225684162	2	2	1	0	3	1
chr2	228039425	228126046	1	1	0	0	5	18
chr2	228194500	228195341	1	1	1	0	1	2
chr2	228211032	228211941	1	1	1	0	1	1
chr2	228287376	228290630	2	2	0	0	3	22
chr2	228287376	228302706	2	2	0	0	3	22
chr2	230634042	230638812	2	2	1	0	1	4
chr2	230664100	230666967	2	2	1	0	1	1
chr2	230744845	230786595	2	2	1	1	0	8
chr2	230811690	231015481	2	4	0	0	4	17
chr2	231042397	231042872	2	2	1	0	2	2
chr2	231682613	231683230	1	1	1	4	0	2
chr2	231729861	231738131	1	1	1	1	0	16
chr2	231738273	231740334	1	1	1	4	0	30
chr2	232028442	232029913	1	1	1	1	0	18
chr2	232319979	232320111	2	2	1	6	5	6
chr2	232320848	232321341	2	2	1	4	0	18
chr2	232321476	232321711	2	2	1	1	0	26
chr2	232323837	232324862	2	2	1	7	0	19
chr2	232325005	232325188	2	2	1	3	0	14
chr2	232325276	232325379	2	2	1	5	0	22
chr2	232325578	232326250	2	2	1	2	0	29
chr2	232326729	232327910	2	2	1	16	0	24
chr2	232328028	232329046	2	2	1	17	7	20
chr2	232573462	232576057	1	1	1	4	1	20
chr2	232576694	232577152	1	1	1	5	0	10
chr2	232576694	232577161	1	1	1	1	0	2
chr2	232577227	232577513	1	1	1	2	1	20
chr2	232651249	232653264	1	1	1	7	0	29
chr2	232894791	232952196	1	1	1	2	0	15
chr2	233422729	233428956	1	1	1	1	0	9
chr2	233462922	233478069	1	1	0	0	1	25
chr2	233612455	233613696	1	1	1	5	0	5
chr2	233990630	233995217	1	1	1	3	0	26
chr2	234297014	234299048	1	1	1	1	0	12
chr2	234365642	234365866	1	1	1	2	0	7
chr2	234420444	234421214	2	2	1	0	1	1
chr2	234557088	234557426	0	0	1	0	4	6
chr2	234752930	234754373	2	2	1	4	0	19
chr2	234936874	235192511	2	2	0	0	6	14
chr2	235700836	235711941	2	2	0	1	0	28
chr2	237998638	238002305	1	1	1	0	1	5
chr2	238653801	238653821	1	1	0	1	0	18
chr2	238939255	238940862	1	1	1	1	0	8
chr2	239005518	239006842	1	1	1	6	0	30
chr2	239054474	239056474	1	1	1	0	1	4
chr2	239092382	239092660	2	2	1	5	0	3
chr2	239148389	239148465	2	2	1	5	0	30
chr2	239171700	239174152	2	2	1	2	0	7
chr2	239237471	239237566	1	1	1	1	0	23
chr2	239254318	239254860	1	1	0	5	0	22
chr2	240024593	240029745	2	2	1	0	2	1
chr2	240048391	240055940	2	2	1	0	1	3
chr2	240202557	240203890	2	2	0	0	1	24
chr2	240898455	240915921	2	2	1	0	2	5
chr2	240960830	240961588	2	2	1	1	0	31
chr2	241073423	241075638	2	2	1	7	0	22
chr2	241534722	241535350	1	1	1	1	0	6
chr2	241659344	241660330	2	2	1	10	0	7
chr2	241683478	241684843	2	2	1	6	0	12
chr2	241706439	241706682	2	2	1	4	0	15
chr2	241727648	241728652	2	2	1	4	0	27
chr2	241737230	241759538	2	2	1	2	0	27
chr2	242003543	242004259	1	1	1	0	1	4
chr2	242039310	242041667	2	2	1	6	0	7
chr2	242169103	242169247	2	2	1	1	0	25
chr2	242173379	242174535	2	2	1	0	10	1
chr2	242175010	242176029	2	2	1	3	0	6
chr2	242192913	242194465	2	2	1	2	0	8
chr2	242283313	242285580	1	1	1	3	0	6
chr2	242429460	242430475	1	1	1	0	5	2
chr2	242439697	242440154	2	2	1	2	0	14
chr2	242440212	242440892	2	2	1	4	4	16
chr2	242441124	242441246	2	2	1	0	1	2
chr2	242441124	242443452	2	2	1	0	1	2
chr2	242441124	242447420	2	2	1	0	1	2
chr2	242441124	242447857	2	2	1	0	1	2
chr2	242441124	242448637	2	2	1	0	1	2
chr2	242447551	242447857	2	2	1	5	0	32
chr2	242621749	242625221	2	2	1	0	4	8
chr2	242651220	242826051	1	1	0	4	0	25
chr2	242667361	242667914	1	1	1	0	2	4
chr3	4741626	4744513	1	1	1	5	0	14
chr3	4878620	4887822	1	1	1	4	0	20
chr3	6250056	6250117	0	0	1	0	1	6
chr3	8923144	8932072	2	2	1	2	0	4
chr3	8954057	8955327	2	2	1	2	0	17
chr3	8977740	8981237	2	2	1	1	0	2
chr3	9367853	9372211	2	2	1	0	2	1
chr3	9475635	9476017	1	1	1	3	0	5
chr3	9476567	9477411	1	1	1	4	0	11
chr3	9482383	9483276	1	1	1	4	0	32
chr3	9495553	9506108	1	1	1	0	1	3
chr3	9512614	9514919	1	1	1	2	0	8
chr3	9611220	9611468	0	0	0	0	3	31
chr3	9757211	9758741	1	1	1	0	2	5
chr3	9809466	9811515	2	2	1	2	0	12
chr3	9829025	9831192	2	2	1	6	0	22
chr3	9830455	9841357	2	2	0	0	4	31
chr3	9834809	9839342	1	1	1	5	0	14
chr3	9845698	9852304	1	1	1	2	0	9
chr3	9857887	9859328	1	1	1	1	0	15
chr3	9862426	9867483	1	1	1	5	0	10
chr3	9979791	9982533	1	1	1	8	0	25
chr3	10059984	10064748	1	3	0	1	0	18
chr3	10074657	10076152	1	1	1	1	0	4
chr3	10094182	10101977	1	1	1	0	6	26
chr3	10136959	10138009	1	1	1	1	0	17
chr3	10176897	10274927	1	1	0	2	0	32
chr3	10327538	10333751	1	1	1	0	1	7
chr3	10382034	10382176	2	2	1	0	1	7
chr3	11071039	11072862	1	1	1	0	6	6
chr3	11849370	11850990	2	2	1	1	1	14
chr3	11885686	11886364	2	2	1	3	0	11
chr3	11915228	11922350	1	1	1	0	6	26
chr3	12563381	12649357	1	1	0	0	5	21
chr3	12563381	12835146	1	1	0	0	5	21
chr3	12563381	13473242	1	1	0	0	5	21
chr3	12610503	12611569	1	3	1	11	0	9
chr3	12613873	12616290	1	1	1	8	0	26
chr3	12641915	12645634	2	2	1	3	0	8
chr3	12881030	12881640	2	2	1	1	0	5
chr3	12881742	12882992	2	2	1	8	0	24
chr3	12963743	12966080	2	2	1	5	0	9
chr3	13084104	13085455	2	2	0	1	0	23
chr3	13361480	13363084	2	2	1	2	0	7
chr3	13364933	13367294	2	2	1	3	0	17
chr3	13367432	13368716	2	2	1	1	0	31
chr3	13377113	13378286	2	2	1	6	0	10
chr3	13407592	13413333	2	2	1	2	0	17
chr3	13407868	13885478	1	1	0	0	5	32
chr3	13427908	13429802	2	2	1	6	0	6
chr3	13663416	13667944	1	1	1	0	2	4
chr3	13669470	13670404	1	1	1	0	2	4
chr3	13670549	13670663	1	1	1	0	1	4
chr3	13670793	13671319	1	1	1	0	1	1
chr3	14200393	14201240	2	2	1	2	0	22
chr3	14220382	14223059	1	1	1	2	0	20
chr3	14487360	14489089	1	1	1	1	0	10
chr3	14509726	14510069	1	1	0	3	0	21
chr3	14564583	14565118	2	2	1	5	0	12
chr3	15094141	15094886	2	2	1	4	0	11
chr3	15094975	15100875	2	2	1	3	0	18
chr3	15127595	15780058	2	2	0	7	0	17
chr3	15132047	15137479	2	2	1	3	0	4
chr3	15260048	15262287	1	1	1	4	0	25
chr3	15455670	15456236	2	2	1	7	0	2
chr3	15469390	15471419	1	1	1	2	0	6
chr3	16242331	16250009	1	1	1	0	3	7
chr3	16364965	16368279	2	2	1	0	2	3
chr3	18428104	18435953	2	2	1	2	0	23
chr3	18505832	18506785	1	1	1	0	1	4
chr3	20113952	20136754	1	1	1	4	0	7
chr3	20225527	20227439	2	2	1	1	0	31
chr3	21603588	21604753	2	2	1	0	1	5
chr3	23250253	23258773	0	0	0	3	0	30
chr3	23929191	23930602	1	1	1	1	0	32
chr3	23930751	23931999	1	1	1	6	0	17
chr3	23958665	23959340	1	1	1	3	2	26
chr3	23959523	23959930	1	1	1	0	1	2
chr3	23960068	23960686	1	1	1	8	0	26
chr3	24009515	24018713	1	1	1	0	3	4
chr3	24055814	24076941	1	3	0	0	3	28
chr3	25650836	25651058	2	2	1	3	0	27
chr3	25657078	25659908	2	2	1	7	0	28
chr3	25805803	25820064	2	2	1	4	0	21
chr3	27332246	27332752	2	2	1	2	0	20
chr3	29559015	29570433	2	2	0	0	1	23
chr3	31717223	32096230	1	1	0	0	5	27
chr3	31752558	31759640	1	1	1	0	2	5
chr3	32543616	32568148	2	2	0	0	2	23
chr3	32578597	32582528	2	2	1	0	3	1
chr3	32581110	33462227	2	4	0	4	0	18
chr3	32829420	32840731	1	1	0	0	5	29
chr3	32983388	32997333	2	2	0	0	1	27
chr3	33059722	33129063	0	0	0	3	0	31
chr3	33431861	33434054	2	2	1	0	1	2
chr3	33450839	33450940	2	2	1	1	0	9
chr3	33513305	33519524	1	1	0	8	0	16
chr3	33612283	33614601	2	2	1	1	0	6
chr3	37056036	37067127	1	1	1	0	1	2
chr3	37081786	37083758	1	1	1	3	0	18
chr3	37092767	37102024	2	2	0	0	1	24
chr3	37212558	37216029	2	2	1	0	1	8
chr3	37334107	37451722	1	1	0	0	8	30
chr3	38292963	38293818	1	1	1	1	0	2
chr3	38293884	38294307	1	1	1	1	0	21
chr3	38354977	38355217	1	1	1	0	1	3
chr3	38495866	38518777	1	1	1	6	0	19
chr3	38519462	38519631	1	1	1	9	0	21
chr3	39135562	39136037	1	1	1	0	2	7
chr3	39448249	39452443	1	1	0	0	3	26
chr3	39449278	39450096	1	1	1	3	0	10
chr3	39452491	39453139	1	1	1	6	6	18
chr3	39452491	39453143	1	1	0	0	3	25
chr3	39453553	39453764	1	1	1	0	5	8
chr3	39466991	39482828	2	2	0	0	1	24
chr3	40498855	40499380	1	1	1	1	0	13
chr3	40498966	40499380	1	1	1	4	0	12
chr3	40499483	40500132	1	1	1	6	0	16
chr3	40500228	40502897	1	1	1	16	0	22
chr3	40502998	40503098	1	1	1	0	1	14
chr3	40566530	40567269	1	1	1	4	0	19
chr3	41266699	41266824	1	1	1	3	0	29
chr3	41267064	41267150	1	1	1	2	0	14
chr3	41275359	41275629	1	1	1	7	0	28
chr3	41275789	41277214	1	1	1	4	0	7
chr3	42159862	42162315	1	1	0	0	8	23
chr3	42555317	42560755	0	0	0	4	0	31
chr3	42642271	42642475	1	1	1	5	0	10
chr3	42676193	42676712	1	1	1	0	1	3
chr3	42676859	42678359	1	1	1	1	0	7
chr3	42734368	42734568	2	2	1	0	4	6
chr3	43365787	43381094	1	1	0	0	2	13
chr3	43373803	43381778	1	1	1	1	0	14
chr3	43602895	43607144	2	2	1	3	0	26
chr3	43732532	43740767	1	1	1	5	0	16
chr3	44694194	44700192	1	1	1	4	0	5
chr3	44784895	44833455	2	2	0	0	2	14
chr3	44795045	44795715	2	2	1	2	0	32
chr3	44867682	44867866	1	1	1	5	0	8
chr3	44869021	44869705	1	1	1	6	0	9
chr3	44879914	44881846	1	1	1	2	0	3
chr3	44890051	44893278	1	1	1	2	0	25
chr3	45266681	45267674	1	3	0	0	1	14
chr3	45480092	45604745	2	2	0	0	4	31
chr3	45730990	45744929	1	1	1	5	0	13
chr3	45763578	45764360	1	3	1	0	1	3
chr3	46026515	46037213	2	2	1	4	0	14
chr3	46785631	46786132	2	2	1	1	3	3
chr3	46953585	46993055	1	1	0	0	2	31
chr3	46953585	47025575	1	1	0	0	2	31
chr3	46963803	46964818	2	2	1	5	0	6
chr3	46964854	46965096	2	2	1	5	0	24
chr3	47027440	47028450	1	3	0	1	0	14
chr3	47047554	47047654	1	1	1	2	0	21
chr3	47155495	47158112	2	2	1	1	0	6
chr3	47447537	47447814	1	1	1	1	0	13
chr3	47450808	47450906	1	1	1	4	0	25
chr3	47456671	47458611	2	2	1	3	0	16
chr3	47545939	47551673	2	2	1	7	0	5
chr3	47614365	47618322	2	2	1	0	1	6
chr3	47629797	47632150	2	2	1	2	0	11
chr3	47663832	47676679	2	2	1	3	0	25
chr3	47680271	47702783	2	2	1	1	0	28
chr3	47717079	47718118	2	2	1	6	0	14
chr3	47748021	47752172	2	2	1	3	0	1
chr3	47770585	47777523	2	2	1	9	0	13
chr3	47883228	47884595	1	1	1	8	0	3
chr3	47890041	47890113	1	1	1	4	1	22
chr3	47898172	48714180	2	4	0	0	6	16
chr3	47958665	47960208	2	2	1	4	0	21
chr3	47960332	47969717	2	2	1	0	2	7
chr3	48067356	48156048	2	2	0	4	0	26
chr3	48186127	48296035	2	2	0	0	6	17
chr3	48413811	48414173	1	1	1	0	2	4
chr3	48450782	48450978	2	2	0	6	0	28
chr3	48451790	48451863	2	2	1	7	0	14
chr3	48638901	48640996	2	2	1	5	0	17
chr3	48646736	48646984	2	2	1	2	0	24
chr3	48652239	49514475	1	1	0	7	0	29
chr3	48663788	48664063	2	2	1	1	0	11
chr3	48679443	48679790	2	2	1	3	0	16
chr3	48682262	48682467	2	2	1	0	8	6
chr3	48692635	48692738	2	2	1	0	2	1
chr3	48802512	48802680	2	2	1	1	0	6
chr3	48829211	49016268	2	2	0	0	6	27
chr3	48962517	48962769	0	0	0	6	0	31
chr3	49008138	49011131	1	1	1	4	0	31
chr3	49011250	49012249	1	1	1	6	0	11
chr3	49012301	49012390	1	1	1	6	0	3
chr3	49051933	49052032	1	1	1	5	0	16
chr3	49062474	49062558	2	2	1	4	1	23
chr3	49114472	49131326	2	2	1	0	1	6
chr3	49149482	49149716	2	2	1	2	0	15
chr3	49153785	49153883	2	2	1	3	0	20
chr3	49159519	49159595	2	2	1	4	0	24
chr3	49162046	49162133	2	2	1	0	1	7
chr3	49168876	49168967	2	2	1	4	0	22
chr3	49170097	49170224	2	2	1	10	0	18
chr3	49239804	49289079	1	3	0	1	0	26
chr3	49335398	49335984	2	2	1	7	0	20
chr3	49365250	49377356	2	2	1	0	1	2
chr3	49459691	49459793	2	2	1	0	1	5
chr3	49528044	49790227	2	2	0	4	0	31
chr3	49699996	49700308	1	1	1	0	1	5
chr3	49713400	49713488	1	1	1	0	1	1
chr3	49714251	49714335	1	1	1	6	0	27
chr3	49715067	49716284	1	1	1	6	0	32
chr3	49722816	49722903	2	2	1	1	0	2
chr3	49722940	49723028	2	2	1	1	1	29
chr3	49724236	49724379	2	2	1	0	5	13
chr3	49724912	49724988	2	4	1	6	0	5
chr3	49725331	49726030	2	2	1	0	5	14
chr3	49728090	50170091	1	1	0	7	0	13
chr3	49760902	49761030	2	2	1	0	3	1
chr3	49760906	49761030	2	2	1	0	3	1
chr3	49929014	49929190	2	2	1	0	2	2
chr3	49946834	49947551	2	2	1	3	0	3
chr3	50095437	50095834	1	1	1	10	0	2
chr3	50103936	50106122	1	1	1	5	0	5
chr3	50106198	50107887	1	1	1	1	0	16
chr3	50121903	50122031	2	2	0	0	3	25
chr3	50147122	50147811	1	1	1	2	0	30
chr3	50226209	50226228	2	2	0	3	0	13
chr3	50273886	50289531	1	1	1	7	0	20
chr3	50293753	50294154	1	1	1	1	0	18
chr3	50308613	50308791	1	1	1	12	0	30
chr3	50326369	50326685	2	2	1	3	0	4
chr3	50328111	50329647	2	2	1	1	0	23
chr3	50418558	50421626	2	2	1	0	2	4
chr3	50712732	50816105	1	1	1	0	2	4
chr3	50816190	50879105	1	1	1	1	0	8
chr3	50879147	50927456	1	1	1	1	0	16
chr3	51315186	51317536	1	1	1	0	4	6
chr3	51454326	51455569	2	2	1	1	0	30
chr3	51992169	51992805	2	2	1	7	0	2
chr3	52003622	52003958	2	2	1	0	1	7
chr3	52029123	52029440	2	2	1	4	0	26
chr3	52393403	52393931	1	1	1	0	1	9
chr3	52429695	52430383	1	1	1	0	2	6
chr3	52430814	52430883	1	1	1	3	0	21
chr3	52442094	52442489	2	2	1	5	0	31
chr3	52448604	52448743	1	1	1	5	0	7
chr3	52505994	52506318	1	1	1	5	0	18
chr3	52523695	52524090	1	1	1	3	0	2
chr3	52543338	52543885	1	1	1	0	1	3
chr3	52559120	52559224	2	2	1	0	1	3
chr3	52559312	52561309	2	2	1	1	0	8
chr3	52561735	52561844	2	2	1	4	0	19
chr3	52562090	52562198	2	2	1	0	1	7
chr3	52563351	52567521	2	2	1	7	0	29
chr3	52595985	52597379	2	2	1	0	1	5
chr3	52623272	52637536	2	2	1	5	0	6
chr3	52713743	52719764	2	2	1	9	0	15
chr3	52720122	52720784	1	1	1	9	0	2
chr3	52720844	52721261	1	1	1	1	0	2
chr3	52731951	52734277	2	2	1	5	0	3
chr3	52740896	52741702	1	1	1	2	0	9
chr3	52867766	52868955	2	2	1	3	0	4
chr3	53217223	53217467	1	1	1	2	0	24
chr3	53222875	53223073	1	1	1	0	1	3
chr3	53263154	53263295	2	2	1	9	0	18
chr3	53265567	53267171	2	2	1	6	0	26
chr3	53267291	53268998	2	2	1	6	0	11
chr3	53275262	53276140	2	2	1	12	0	14
chr3	53707154	53713020	1	1	1	0	1	4
chr3	53835453	53837449	1	1	1	0	2	6
chr3	53914137	53916005	2	2	1	4	0	17
chr3	54157622	54354468	1	1	1	1	0	32
chr3	54354586	54420741	1	1	1	4	0	27
chr3	55787180	56370608	1	1	0	0	5	12
chr3	56053060	56114844	2	2	1	2	0	29
chr3	56312799	56370608	1	1	0	0	5	12
chr3	56330464	56468378	2	2	1	1	0	17
chr3	56431314	56432737	2	2	0	1	0	14
chr3	56636929	56793625	2	2	0	0	5	29
chr3	56652241	56653298	1	1	1	8	0	16
chr3	56682922	56683012	2	2	1	6	0	16
chr3	56704174	56705627	2	2	1	5	0	21
chr3	56766995	57677779	1	1	0	5	0	18
chr3	56881855	56938441	2	2	0	0	8	17
chr3	56881855	57242626	2	2	0	0	8	17
chr3	57136618	57137118	2	2	1	0	2	1
chr3	57612372	57612965	1	1	0	2	0	18
chr3	57646567	57647172	2	2	1	1	0	29
chr3	58090944	58092406	1	1	1	1	0	20
chr3	58292379	58296233	1	1	1	0	2	3
chr3	58338769	58359941	1	3	0	1	0	27
chr3	58413907	58414199	2	2	1	1	0	5
chr3	58535491	58535539	2	2	0	0	3	25
chr3	58535491	58535666	2	2	0	0	3	25
chr3	59032981	59035336	2	2	1	3	0	3
chr3	59908141	59997096	2	2	1	4	0	27
chr3	59997127	59999732	2	2	1	4	0	7
chr3	61139733	61143208	0	0	0	4	0	30
chr3	61571325	61651405	1	1	0	0	4	28
chr3	62063933	62118275	1	1	1	2	0	2
chr3	62153838	62177142	1	1	1	5	0	13
chr3	62303576	62304465	2	2	1	0	1	6
chr3	62503926	62518545	2	2	1	4	0	11
chr3	63897858	63898263	1	1	1	5	0	7
chr3	64008200	64008950	2	2	1	6	0	6
chr3	64580111	64582505	2	2	1	0	3	5
chr3	65365230	65367551	2	2	1	0	3	1
chr3	65369299	65372817	2	2	1	0	1	5
chr3	65705807	65888271	2	2	1	0	1	1
chr3	65956112	65962479	1	5	0	2	0	23
chr3	66079007	66093058	1	1	0	0	1	28
chr3	67571059	67578555	2	2	1	0	2	16
chr3	68934462	68981390	2	2	1	0	2	5
chr3	69106461	69110964	2	2	1	0	1	6
chr3	69111079	69111227	2	2	1	1	0	17
chr3	69244293	69244381	2	2	1	1	0	4
chr3	69267531	69271008	2	2	1	4	0	12
chr3	69273842	69298376	2	2	1	0	3	4
chr3	69985907	69986972	1	1	1	0	3	4
chr3	72633401	72642068	1	1	0	0	5	30
chr3	73046223	73047227	1	1	1	0	1	4
chr3	73113298	73114002	1	1	1	4	0	3
chr3	74313653	74315631	2	2	1	3	0	5
chr3	75834154	75834534	2	2	1	0	7	1
chr3	77530371	77542394	1	1	1	0	1	5
chr3	77611884	77612317	1	1	1	2	0	6
chr3	78689049	78695297	2	2	1	2	0	11
chr3	78695341	78696778	2	2	1	2	0	11
chr3	78742507	78763546	2	2	1	4	0	18
chr3	78849789	78856039	2	2	0	0	1	18
chr3	81584477	81586061	2	2	1	0	1	1
chr3	81970885	81971977	1	1	1	1	0	1
chr3	85295297	85344790	1	1	0	0	1	19
chr3	87780901	87842362	2	2	1	3	0	4
chr3	93780451	93781712	2	2	1	0	3	4
chr3	96336458	96336795	2	2	0	0	3	31
chr3	97660151	97661127	1	1	1	0	1	7
chr3	97666294	97668687	2	2	1	3	0	9
chr3	98235724	98235895	2	2	1	1	0	21
chr3	98240287	98281167	2	2	1	0	3	3
chr3	98299615	98300250	2	2	1	4	0	11
chr3	100238161	100238376	1	1	1	0	1	3
chr3	100463776	100466992	1	1	1	2	0	11
chr3	100568964	100569503	2	2	1	0	2	4
chr3	101050954	101051613	2	2	1	0	1	6
chr3	101056476	101058938	2	2	1	0	1	5
chr3	101401752	101404661	2	2	1	0	5	1
chr3	101404773	101405325	2	2	1	3	0	23
chr3	101405402	101405515	2	2	1	16	1	30
chr3	101476041	101476477	1	1	1	0	2	3
chr3	102189347	102195855	1	1	1	0	1	2
chr3	105271027	105271311	1	1	1	0	2	2
chr3	106826035	107810505	2	2	0	0	4	14
chr3	107474526	107491474	1	3	1	4	0	14
chr3	107910491	107925474	2	2	1	0	2	8
chr3	108298274	108298412	2	2	1	6	0	11
chr3	108324286	108326935	1	1	1	1	0	4
chr3	111564783	111602910	1	1	1	0	1	1
chr3	112989792	112991256	1	1	1	0	1	6
chr3	113082155	113082323	2	2	1	0	2	4
chr3	113184632	113186985	2	2	1	4	0	5
chr3	113393744	113396128	2	2	1	1	0	29
chr3	113508688	113513718	1	1	1	3	0	6
chr3	113677386	113678367	1	3	1	0	1	5
chr3	119317474	119325620	1	1	1	0	2	7
chr3	119466750	119469783	1	1	1	0	2	1
chr3	119469447	119469783	1	1	1	0	2	1
chr3	119469468	119469783	1	1	1	0	2	1
chr3	119582453	119595259	2	2	1	1	0	15
chr3	119666199	119720892	2	2	1	6	0	6
chr3	120122202	120123699	2	2	1	2	0	32
chr3	120161559	120161600	0	0	0	6	0	30
chr3	120239973	120418580	2	2	0	0	7	15
chr3	120978016	120998651	1	1	1	3	0	24
chr3	121395878	121396131	2	2	1	2	0	17
chr3	121449821	121468478	2	2	1	3	0	26
chr3	121491561	121500589	2	2	1	6	0	17
chr3	122633658	123274968	2	2	0	0	4	12
chr3	123046607	123047490	2	2	1	0	1	4
chr3	123666167	123667537	2	2	1	3	0	5
chr3	123674813	123674892	2	2	1	0	2	3
chr3	123674813	123679990	2	2	1	0	2	3
chr3	124528004	124560229	2	2	1	0	2	6
chr3	125334480	125349984	1	1	0	0	2	32
chr3	126329976	126340584	2	2	1	3	0	3
chr3	126360995	126362823	2	2	1	4	0	8
chr3	126707522	126707550	1	3	0	4	0	22
chr3	126733675	126734026	1	1	1	1	0	7
chr3	126741185	126741594	1	1	1	3	0	19
chr3	126751680	126752764	1	1	1	1	0	9
chr3	127324000	127324960	1	1	1	5	0	9
chr3	127339724	127339915	1	1	1	1	0	3
chr3	127774425	127774515	1	1	1	4	0	3
chr3	127785995	127786263	1	1	1	7	0	16
chr3	127846627	128298179	1	1	0	0	4	14
chr3	127981068	127983459	1	1	1	3	0	5
chr3	128200162	128200661	2	2	1	1	0	1
chr3	128339437	128341006	2	2	1	7	0	13
chr3	128348987	128350790	2	2	1	4	0	16
chr3	128363827	128369382	2	2	1	0	4	2
chr3	128445203	128514202	1	1	1	2	0	5
chr3	128603590	128612397	1	1	1	2	0	16
chr3	128627943	128628186	1	1	1	0	1	6
chr3	128878020	128879815	2	2	1	1	0	5
chr3	128968590	128969524	1	1	1	3	0	1
chr3	128971799	128973510	1	3	1	3	1	11
chr3	128973587	128973827	1	1	1	0	1	6
chr3	128976704	128979175	1	1	1	2	0	13
chr3	128982843	128984391	1	1	1	10	0	18
chr3	129303406	129304794	2	2	1	1	0	30
chr3	129966172	130083564	2	2	0	7	0	12
chr3	130851654	130852120	1	1	1	0	1	1
chr3	132201175	132202218	1	1	1	6	0	18
chr3	132387772	132389041	1	1	1	2	0	13
chr3	132757280	132764745	1	1	1	5	0	24
chr3	132906363	133195013	1	1	0	0	5	13
chr3	132906363	133278414	1	1	0	0	5	13
chr3	133229434	133258263	2	2	0	0	1	24
chr3	133293129	133293882	1	1	1	0	1	5
chr3	133302995	133305406	1	1	1	7	0	24
chr3	133347316	133347403	2	2	1	5	0	10
chr3	133347578	133356719	2	2	1	3	0	19
chr3	133363208	133368226	2	2	1	3	0	10
chr3	133967455	134020812	1	1	0	0	5	31
chr3	133967455	134037789	1	1	0	0	5	31
chr3	133967455	134042470	1	1	0	0	5	31
chr3	134502397	135357969	2	2	0	6	0	13
chr3	135060363	135306793	2	2	0	0	5	32
chr3	135060363	135544175	2	2	0	0	5	32
chr3	135973103	135973645	0	0	0	3	0	30
chr3	136016915	136019871	1	1	1	7	0	27
chr3	136565429	136577359	2	2	1	0	3	3
chr3	136565429	136580588	2	2	1	0	3	3
chr3	136581162	136646825	1	1	1	0	1	4
chr3	136665138	136665770	1	1	1	0	3	3
chr3	138033250	138034368	2	2	1	0	1	2
chr3	138402630	138407716	2	2	1	0	2	1
chr3	138409986	138413627	2	2	1	0	1	4
chr3	138585386	138620985	2	4	0	1	0	31
chr3	139076801	139077041	2	2	1	3	0	29
chr3	141462399	141464000	1	1	1	4	0	11
chr3	141595753	141622461	1	1	1	7	0	17
chr3	141832183	142768997	2	2	0	0	4	29
chr3	141886019	141981556	0	0	0	0	3	30
chr3	142051932	142054289	2	2	1	6	0	11
chr3	142136072	142137345	2	2	1	2	0	9
chr3	142217617	142218468	2	2	1	2	0	22
chr3	142259877	142261506	2	2	1	6	0	13
chr3	142733252	142735098	1	1	1	1	0	30
chr3	142765758	142766384	2	2	0	0	3	24
chr3	142769892	142772517	1	1	1	1	0	26
chr3	142773962	142775153	1	1	1	5	0	14
chr3	148802677	148804103	2	2	1	2	0	32
chr3	149478282	149478315	2	2	0	3	0	18
chr3	150188749	150476767	1	1	0	0	5	29
chr3	150188749	150769841	1	1	0	0	5	29
chr3	150282169	150285688	1	1	1	0	3	2
chr3	150883770	150903116	1	1	1	1	0	28
chr3	152796517	152805383	2	2	0	0	3	32
chr3	153847509	153867177	1	1	1	0	1	2
chr3	154033953	154041962	2	2	1	4	0	6
chr3	155523513	155523927	2	2	1	1	0	6
chr3	155546167	155547476	2	2	1	4	0	29
chr3	155611489	155615715	1	1	1	4	0	11
chr3	156266793	156271443	2	2	1	6	0	8
chr3	156392586	156395445	1	1	1	0	6	1
chr3	156877269	156877580	2	2	1	8	0	22
chr3	157563913	157572524	2	2	0	0	5	30
chr3	159942047	159942929	2	2	1	0	1	4
chr3	159944470	159945617	1	1	1	1	1	6
chr3	160021778	160025450	2	2	1	0	1	7
chr3	160117538	160118387	1	1	1	0	1	4
chr3	160146731	160148386	1	1	1	4	0	14
chr3	160960442	160964123	1	1	1	2	0	15
chr3	160965119	160967241	1	1	1	0	2	3
chr3	164078058	164089109	2	2	0	1	0	19
chr3	165334301	165364708	1	1	1	0	6	3
chr3	165364872	165371896	1	1	1	0	1	4
chr3	168031965	168237323	1	1	1	0	3	4
chr3	169600582	169632624	2	4	0	0	1	15
chr3	169706148	169710381	1	1	1	3	0	14
chr3	169767693	169797561	1	1	1	0	1	6
chr3	169847341	169854206	2	2	1	4	0	19
chr3	169867033	169889160	2	2	1	1	0	15
chr3	170858299	170875248	2	2	1	1	0	11
chr3	171507492	171507630	2	2	1	0	3	8
chr3	171854743	171886733	2	2	0	1	0	25
chr3	172482291	172486796	1	1	1	0	2	1
chr3	173172954	173172978	1	1	0	1	0	30
chr3	176694096	176696890	2	2	0	0	5	19
chr3	176756223	176763916	2	2	1	1	0	7
chr3	176765186	176765273	2	2	1	1	0	12
chr3	176932844	176952660	2	2	0	0	1	19
chr3	179069824	179076627	1	1	1	4	0	10
chr3	179096603	179103356	1	1	1	1	0	17
chr3	179294702	179298427	1	1	1	3	0	22
chr3	179311684	179316462	2	2	1	0	1	2
chr3	180591670	180634277	2	2	0	0	1	22
chr3	180680729	180680815	1	1	1	3	0	2
chr3	180680879	180685838	1	1	1	5	0	24
chr3	180702499	180703713	2	2	1	0	3	7
chr3	180707629	180721562	1	1	1	0	3	3
chr3	180986761	181540727	1	1	0	5	0	14
chr3	182584232	182585163	1	1	1	10	0	20
chr3	182763329	182769946	2	2	1	7	0	4
chr3	183107568	183145689	2	2	1	0	1	3
chr3	183239877	183503341	1	3	0	0	4	32
chr3	183326306	183326806	1	1	0	0	3	25
chr3	183435537	183436287	1	1	1	0	1	1
chr3	183504090	183508584	1	1	1	4	0	14
chr3	183519317	183521043	1	1	1	0	1	5
chr3	183551614	183558357	2	2	1	0	1	2
chr3	183660705	183663637	2	2	1	1	0	24
chr3	183685555	183689350	2	2	1	7	0	18
chr3	183756028	183756156	1	1	1	0	5	7
chr3	183862013	183862384	1	1	1	2	0	17
chr3	183888010	183888106	1	1	1	2	0	11
chr3	183894856	183896644	1	1	1	3	0	14
chr3	183900657	183901269	1	1	1	2	0	3
chr3	183904069	183904294	1	1	1	0	1	2
chr3	183905550	183905648	1	1	1	0	2	6
chr3	183906933	183907042	1	1	1	0	3	5
chr3	183907720	183908786	1	1	1	1	0	29
chr3	183951243	183951363	1	1	1	0	1	6
chr3	183960746	183961341	2	6	1	0	3	6
chr3	184017190	184017638	1	1	1	4	0	22
chr3	184019447	184019634	1	1	1	3	0	20
chr3	184032463	184033276	1	1	1	4	3	32
chr3	184032463	184033550	1	1	1	0	3	1
chr3	184032463	184035504	1	1	1	0	3	1
chr3	184033334	184035108	1	1	1	0	2	3
chr3	184034007	184035108	1	1	1	6	0	21
chr3	184038511	184038714	1	1	1	7	0	8
chr3	184040239	184040331	1	1	1	5	0	26
chr3	184040743	184040870	1	1	1	4	0	25
chr3	184042136	184042665	1	1	1	12	0	32
chr3	184042903	184043056	1	1	1	4	0	4
chr3	184043162	184043267	1	1	1	10	0	19
chr3	184043428	184043638	1	1	1	6	0	8
chr3	184043740	184044314	1	1	1	3	0	5
chr3	184045237	184045373	1	1	1	12	0	25
chr3	184046779	184049053	1	1	1	5	0	10
chr3	184049598	184049733	1	1	1	10	0	25
chr3	184071584	184071888	2	2	1	4	0	1
chr3	184076099	184076469	2	2	1	5	0	7
chr3	184155142	184887986	2	2	0	0	5	30
chr3	184427788	185359230	2	2	0	0	5	20
chr3	184654124	184657984	1	1	1	4	0	3
chr3	184658032	184675161	1	1	1	4	0	12
chr3	184950325	185359230	2	2	0	0	5	20
chr3	185136191	185136292	0	0	0	6	0	32
chr3	185300606	185307901	1	1	1	0	3	2
chr3	185304303	185307901	1	1	1	0	3	2
chr3	185324287	185327034	1	1	1	5	0	11
chr3	185360565	185603048	2	2	0	0	10	25
chr3	185638976	185639798	2	2	1	8	0	8
chr3	185641773	185643251	2	2	1	0	2	2
chr3	185643415	185644388	2	2	1	3	0	24
chr3	186334317	186334975	1	1	1	0	1	3
chr3	186501140	186501236	1	1	1	0	1	1
chr3	186501429	186502220	1	1	1	3	0	31
chr3	186503841	186503952	1	1	1	2	0	17
chr3	186582272	186582447	1	1	0	0	1	24
chr3	187409365	187452062	2	2	0	0	1	22
chr3	187998773	187998801	0	0	0	6	0	30
chr3	190232009	190273918	1	1	1	8	0	32
chr3	193355855	193360553	1	1	1	2	0	4
chr3	193363590	193364853	1	1	1	7	0	12
chr3	193377351	193380610	1	1	1	0	3	1
chr3	194264282	195093574	2	2	0	0	5	13
chr3	194309369	194325015	2	2	1	8	0	25
chr3	194332687	195110860	1	1	0	0	5	28
chr3	194569264	195110860	1	1	0	0	5	28
chr3	195011478	195110860	1	1	0	0	5	28
chr3	195304055	195306209	2	2	1	0	1	7
chr3	195389605	195390956	1	1	1	0	4	14
chr3	195599342	195605123	2	2	1	8	0	6
chr3	195686958	195692299	2	2	1	0	1	6
chr3	195711148	195712497	2	2	1	0	4	14
chr3	195792472	195794388	2	2	1	3	0	31
chr3	195794529	195794902	2	2	1	3	0	1
chr3	195838288	195841012	1	1	0	0	2	27
chr3	195997413	196014485	2	2	1	3	0	32
chr3	196040114	197039030	1	1	0	0	4	31
chr3	196120491	196129822	2	2	1	5	0	5
chr3	196134265	196159197	2	2	1	0	3	5
chr3	196294179	196295309	2	2	1	0	2	1
chr3	196294179	196295389	2	2	1	0	2	1
chr3	196449428	196454793	1	1	1	0	1	8
chr3	196530036	196532222	1	1	1	4	0	27
chr3	196532255	196533449	1	1	1	4	0	2
chr3	196554205	196555189	1	1	1	3	0	8
chr3	196630482	196654666	1	1	1	0	1	1
chr3	196650423	196654666	1	1	1	0	1	1
chr3	196653941	197045988	2	2	0	4	0	13
chr3	196736684	196737568	2	2	1	4	0	5
chr3	197096275	197770809	2	2	0	0	4	24
chr3	197566269	197574279	1	1	1	4	0	23
chr3	197593091	197597030	1	1	1	5	0	19
chr3	197640367	197640751	2	2	1	0	1	2
chr3	197677093	197677806	1	1	1	1	0	10
chr3	197677850	197678029	1	1	1	3	0	13
chr3	197681019	197682620	1	1	1	0	4	19
chr3	197765535	197765618	2	2	1	0	3	1
chr3	197912436	197913319	1	1	1	0	2	17
chr4	60051	60247	1	1	1	3	0	4
chr4	667756	668000	2	2	1	2	0	8
chr4	709144	709888	2	2	0	0	1	16
chr4	724900	727460	1	1	1	1	0	15
chr4	844873	845537	2	2	1	3	0	25
chr4	875829	876484	2	2	1	1	0	28
chr4	947143	949192	1	1	1	0	1	1
chr4	957079	957860	2	2	1	0	1	3
chr4	964861	966999	2	2	1	0	2	6
chr4	1016264	1017428	1	1	1	4	0	8
chr4	1094858	1101039	2	2	1	1	0	7
chr4	1230400	1231402	2	2	0	0	2	22
chr4	1329666	1330221	2	2	0	0	2	13
chr4	1329787	1330221	2	2	0	0	2	13
chr4	1701798	1705322	2	2	1	4	0	5
chr4	1713718	1713856	2	2	1	9	0	7
chr4	1730515	1732613	1	1	1	5	0	26
chr4	1804792	1806056	1	1	1	4	0	17
chr4	1808055	1808272	1	1	1	1	0	20
chr4	1817530	1818453	2	2	1	1	0	6
chr4	1827411	1834470	2	2	1	10	0	14
chr4	1902979	1905942	1	1	1	4	0	16
chr4	1932498	1936870	1	1	1	0	2	2
chr4	1941506	1952798	1	1	1	1	0	15
chr4	1957068	1957419	1	1	1	0	1	2
chr4	1957577	1957813	1	1	0	7	0	18
chr4	1962879	1976589	1	1	1	5	0	4
chr4	1986647	1987502	2	2	1	0	1	2
chr4	2047388	2048104	0	0	0	5	0	32
chr4	2233888	2237954	2	2	1	1	0	17
chr4	2259739	2263451	2	2	1	6	0	18
chr4	2259896	2260068	1	1	0	2	0	21
chr4	2498849	2502385	1	1	1	0	1	8
chr4	2539999	2542907	1	3	0	0	2	23
chr4	2632897	2641461	1	1	1	3	0	28
chr4	2695602	2696672	1	1	1	5	0	28
chr4	2777852	2990233	1	1	0	0	5	13
chr4	3372049	3388142	1	1	1	0	1	4
chr4	3444640	3444776	1	1	1	0	1	2
chr4	3447078	3447768	1	1	1	1	0	5
chr4	3514764	3516478	2	2	1	6	0	25
chr4	4214732	4228188	2	2	1	0	2	3
chr4	4269751	4270256	2	2	1	3	0	9
chr4	4411411	4418961	1	1	1	0	1	1
chr4	4473434	4543523	2	2	1	0	4	2
chr4	4477872	4479610	2	2	1	0	3	7
chr4	5713282	5720974	1	1	1	3	0	27
chr4	6064168	6066606	2	2	1	1	2	5
chr4	6114725	6201979	2	2	1	8	0	11
chr4	6316569	6351349	2	2	0	0	4	30
chr4	6325561	6325587	2	2	0	3	0	25
chr4	6651732	6938691	0	0	0	7	0	31
chr4	6710371	6710957	2	2	1	0	1	6
chr4	6791254	6846417	2	2	0	3	0	16
chr4	7716101	7716909	1	1	1	0	2	1
chr4	7811491	7817744	2	2	1	0	1	4
chr4	8000379	8009781	2	2	1	0	1	2
chr4	8062782	8073495	2	2	1	0	1	6
chr4	8454844	8456468	1	1	0	5	0	20
chr4	10105611	10108090	2	2	1	0	1	7
chr4	15720617	15724497	1	1	1	0	5	5
chr4	15724558	15737675	1	1	1	0	3	2
chr4	16510307	16513603	2	2	1	0	3	1
chr4	17556129	17588554	2	2	0	0	1	16
chr4	17581563	17583382	1	1	1	4	0	30
chr4	17584017	17585105	1	1	1	3	0	6
chr4	17806849	17812069	2	2	1	0	4	1
chr4	17827185	17829900	1	1	1	2	0	28
chr4	20482411	20487822	1	1	1	2	0	9
chr4	22346969	22348355	2	2	1	0	1	2
chr4	22499200	22499682	0	0	0	4	0	32
chr4	24544650	24550477	2	2	1	3	0	5
chr4	24550646	24556347	2	2	1	3	0	17
chr4	24582566	24585806	2	2	1	0	2	2
chr4	25307540	25317448	2	2	0	1	0	27
chr4	25311108	25445057	1	1	0	0	6	22
chr4	25392638	25393959	1	1	1	3	0	11
chr4	26322671	26387974	1	1	1	2	0	7
chr4	26641810	26661218	1	1	1	0	4	2
chr4	36093643	36109186	2	2	1	0	1	2
chr4	37154561	37252687	1	1	0	0	4	32
chr4	38097712	38104619	1	1	1	6	0	25
chr4	38410254	38415523	2	2	0	1	0	23
chr4	39217634	39217715	1	1	1	8	0	21
chr4	39318643	39322002	2	2	1	6	0	5
chr4	39322995	39324959	2	2	1	6	0	25
chr4	39328261	39329143	2	2	1	3	0	6
chr4	39347097	39352967	2	2	1	1	0	13
chr4	39456550	39458025	2	2	1	0	2	4
chr4	39456565	39458025	2	2	1	0	4	23
chr4	39459302	39459813	2	2	1	4	0	27
chr4	39471785	39472855	1	1	1	5	0	5
chr4	39494201	39653883	1	3	0	3	0	30
chr4	39656545	39746024	2	2	0	0	3	32
chr4	39714178	40514611	0	0	0	6	0	30
chr4	39918809	39921938	2	2	1	1	0	20
chr4	41196163	41216421	2	2	1	0	1	2
chr4	41259027	41259131	1	1	1	3	0	12
chr4	41265309	41266119	1	1	1	10	0	32
chr4	41266179	41270003	1	1	1	13	0	27
chr4	41493382	41493762	1	1	0	0	1	19
chr4	41940714	41941212	1	1	1	10	0	5
chr4	41945832	41946809	1	1	1	1	0	15
chr4	42022533	42024854	1	1	1	0	1	4
chr4	42072310	42072542	1	1	1	0	1	5
chr4	42400351	42403028	1	1	1	0	4	4
chr4	42551080	42553214	2	2	1	0	2	4
chr4	44691427	44691859	1	1	1	3	0	2
chr4	44720428	44728490	2	2	1	0	4	6
chr4	45209483	45210247	2	2	0	0	1	19
chr4	46390734	46391249	2	2	1	1	7	6
chr4	47681407	47869659	2	6	0	0	3	13
chr4	47887675	47887895	2	2	1	0	1	5
chr4	47900875	47900975	2	2	1	1	0	8
chr4	48578240	48580989	2	2	1	4	0	25
chr4	48833267	48834636	1	1	1	1	0	7
chr4	48854243	48862173	2	2	1	0	1	3
chr4	48906652	48908674	2	2	1	0	1	4
chr4	49239638	49240028	1	1	0	0	1	20
chr4	49559438	49559828	2	2	0	0	1	20
chr4	49571429	49577868	1	1	0	2	0	25
chr4	53476784	53492184	2	2	1	5	0	13
chr4	54179931	54218764	2	2	1	9	0	29
chr4	54244091	54245391	1	1	1	3	0	5
chr4	54257307	54257596	1	1	1	5	0	15
chr4	54257307	54265896	1	1	1	1	0	28
chr4	56243954	56246962	2	2	1	0	3	4
chr4	56310953	56314945	2	2	1	3	0	1
chr4	56398918	56821150	1	1	0	0	4	25
chr4	56724614	56726576	1	1	1	8	0	28
chr4	56818410	56819250	1	1	1	0	3	1
chr4	57366862	57367849	1	1	1	3	0	15
chr4	57516979	57522022	2	2	1	0	1	6
chr4	57755770	57897744	1	1	0	0	4	15
chr4	57876671	57876913	1	1	1	3	0	26
chr4	57883408	57883725	1	1	1	2	0	15
chr4	57888413	57889495	1	1	1	1	0	30
chr4	59020968	59021016	1	1	0	0	1	18
chr4	59910570	59949551	2	4	0	1	0	16
chr4	68380406	68383873	2	2	1	1	0	10
chr4	68488644	68488852	2	2	1	2	0	11
chr4	68512510	68514785	2	2	1	2	0	14
chr4	68536311	68539414	2	2	1	6	0	25
chr4	68562426	68566766	2	2	1	2	0	1
chr4	69188634	69189856	2	2	1	3	0	25
chr4	70836483	71744780	1	1	0	0	4	30
chr4	71374094	71744777	2	2	0	0	4	27
chr4	71384549	71388471	1	1	1	0	2	1
chr4	71384549	71388474	1	1	1	0	2	1
chr4	71439849	71744777	2	2	0	0	4	27
chr4	71634379	71639227	1	1	1	1	0	21
chr4	71745390	71756839	2	2	0	0	1	31
chr4	73662262	74106668	1	1	0	0	5	30
chr4	73968265	73979508	2	2	1	1	0	23
chr4	73979626	73981537	2	2	1	1	0	8
chr4	74008485	74010461	2	2	1	2	0	27
chr4	74275205	74276028	1	1	1	9	0	24
chr4	74282071	74283247	1	1	1	3	0	22
chr4	74304024	74306318	1	1	1	1	0	15
chr4	74313394	74315051	1	1	1	3	0	8
chr4	75046584	75047402	1	1	1	0	2	1
chr4	75147268	75154017	1	1	1	0	1	6
chr4	76570887	76571521	2	2	1	1	0	5
chr4	76838927	76839913	2	2	0	2	0	29
chr4	76839943	76841061	2	2	1	2	0	5
chr4	76892612	76894469	2	2	1	3	0	20
chr4	77097064	77116859	2	2	1	0	1	1
chr4	77102255	77116859	2	2	1	7	1	4
chr4	78678106	78694234	2	2	1	4	0	14
chr4	79188587	79199808	1	1	1	0	3	7
chr4	79205703	79207558	1	1	1	2	0	19
chr4	79291139	79293871	1	1	1	4	0	12
chr4	79396761	79398968	1	1	1	1	0	19
chr4	79567418	79570754	1	1	1	0	2	4
chr4	79631192	80544672	1	1	0	4	0	17
chr4	79839035	79841687	2	2	1	0	1	6
chr4	83276555	83277948	2	2	1	7	0	8
chr4	83277837	83277948	2	2	1	3	0	24
chr4	83278049	83278465	2	2	1	2	0	8
chr4	83278598	83279811	2	2	1	3	0	15
chr4	83292738	83294598	2	2	1	4	0	18
chr4	83294891	83295271	2	2	1	4	0	31
chr4	83347283	83347615	2	2	1	7	0	12
chr4	83552671	83557743	2	2	1	3	0	10
chr4	83645510	84562844	2	2	0	0	5	27
chr4	83772758	83774722	2	2	1	0	1	5
chr4	83778918	83782783	2	2	1	0	1	3
chr4	83791578	83793096	2	2	1	3	0	11
chr4	83803094	83811903	2	2	1	0	1	3
chr4	83804172	83942060	2	2	0	4	0	26
chr4	84106528	84107093	2	2	0	0	3	25
chr4	84457509	84457656	1	1	1	0	1	1
chr4	85888281	85890877	1	1	1	6	0	7
chr4	87686642	87687584	1	1	1	3	0	8
chr4	87691353	87692323	1	1	1	1	0	14
chr4	87705712	87706383	1	1	1	8	0	7
chr4	87720358	87724861	1	3	1	3	0	18
chr4	87812747	87813434	2	2	1	0	2	3
chr4	88429393	88908495	2	2	0	5	0	20
chr4	89768986	89769017	1	3	0	5	0	27
chr4	89975447	89977061	0	0	0	7	0	30
chr4	92708605	92716586	1	1	0	0	1	32
chr4	92949992	92949993	0	0	1	0	4	7
chr4	95170907	95171902	1	1	1	2	0	32
chr4	95494547	95494561	1	1	1	2	0	2
chr4	95503883	95506136	1	1	1	0	2	6
chr4	99917019	99950017	1	1	1	0	4	1
chr4	100209943	100212093	1	1	1	0	5	7
chr4	100845035	100845916	2	2	1	0	3	7
chr4	103731013	103746894	2	2	1	0	2	4
chr4	103968384	103970049	2	2	1	0	1	7
chr4	104066839	104066985	2	2	1	4	0	18
chr4	104084414	104084635	2	2	1	5	0	16
chr4	105887239	105887764	2	2	1	0	2	3
chr4	107016799	107037359	2	2	1	4	0	22
chr4	107133993	107134510	2	2	1	0	1	6
chr4	107170140	107171574	2	2	1	1	0	8
chr4	107172352	107173022	2	2	1	2	0	5
chr4	108794601	108795135	2	2	1	1	0	9
chr4	108954449	108955394	1	1	1	3	0	7
chr4	109541869	109543106	1	1	1	0	2	4
chr4	109543361	109543670	1	1	1	13	0	23
chr4	109543775	109546283	1	1	1	3	0	28
chr4	109765726	109766344	2	2	1	0	1	2
chr4	110223232	110223324	2	2	1	3	0	31
chr4	110431268	110433112	1	1	1	0	1	2
chr4	110533053	110579344	1	1	0	3	0	12
chr4	111437026	111440195	2	2	1	0	2	5
chr4	111553637	111554108	2	2	1	0	1	3
chr4	113116227	113627446	2	2	0	0	4	17
chr4	113475139	113475860	2	2	1	2	0	11
chr4	113475939	113479305	2	2	1	3	0	29
chr4	113525148	113550943	1	1	0	0	2	19
chr4	113525166	113561644	1	1	0	0	2	25
chr4	113574393	113575223	1	1	1	0	2	7
chr4	114209643	114213571	1	1	1	0	3	4
chr4	114282054	114284493	1	1	1	2	0	18
chr4	114430829	114434483	2	2	1	5	0	22
chr4	115751049	115754761	2	2	1	0	5	6
chr4	118498146	118575961	1	1	1	0	1	4
chr4	119199948	119200261	1	1	1	0	3	6
chr4	119517178	119518248	1	1	1	0	6	2
chr4	119526975	119529812	1	1	1	0	3	17
chr4	120280854	120327556	1	3	0	1	0	12
chr4	120986974	120987816	2	2	1	5	0	5
chr4	122602917	122604518	2	2	1	5	0	32
chr4	122739333	122739954	2	2	1	2	0	19
chr4	122747149	122749300	2	2	1	0	3	5
chr4	122828723	122831308	2	2	1	0	1	6
chr4	123178651	123179855	1	1	1	2	0	24
chr4	123230620	123234782	1	1	1	2	0	28
chr4	123268935	123269721	1	1	1	0	1	6
chr4	123937032	123937109	2	2	0	0	1	22
chr4	125383569	125384279	2	2	0	2	0	16
chr4	128729285	128732591	1	1	1	0	5	1
chr4	128941325	128942291	1	1	1	0	3	5
chr4	128999118	129012155	1	1	1	2	0	25
chr4	129451802	129971641	1	1	0	0	5	16
chr4	129913393	129919028	2	2	1	0	3	3
chr4	132315634	132344459	2	2	0	2	0	17
chr4	135122401	135122872	2	2	1	0	1	3
chr4	137182606	137202212	2	2	1	0	1	1
chr4	137182606	137316305	2	2	1	0	1	1
chr4	140046484	140058783	2	2	1	7	0	27
chr4	140094848	140126393	1	1	0	0	1	24
chr4	140216301	140216885	2	2	1	2	0	4
chr4	140291559	140297518	1	1	1	4	0	23
chr4	140384275	140384389	1	1	0	1	0	17
chr4	142642331	142643076	1	1	1	0	1	6
chr4	143191928	143226610	2	2	1	5	0	28
chr4	144465126	144465889	1	1	1	3	0	15
chr4	144753769	144780168	1	1	1	0	1	9
chr4	144929603	144940403	2	2	1	0	4	5
chr4	146044753	146046141	1	1	1	0	1	5
chr4	146563638	146567137	1	1	1	0	1	6
chr4	148008801	148799291	1	1	0	0	4	32
chr4	148552657	148554053	1	1	1	5	0	11
chr4	150593295	150837567	1	1	0	0	5	24
chr4	151095761	151109838	1	1	0	0	6	31
chr4	151749774	151752968	2	2	1	3	0	26
chr4	152024232	152025328	1	1	1	0	4	14
chr4	152025439	152025623	1	1	1	0	5	5
chr4	152159839	152241994	2	2	0	0	6	15
chr4	152578051	152583652	1	1	1	5	0	21
chr4	153158575	153187722	2	2	0	0	2	23
chr4	154556724	154557452	1	1	1	5	0	18
chr4	155457897	155458437	2	2	1	1	0	23
chr4	156260203	156263411	1	1	1	0	3	8
chr4	156297067	156297922	2	2	1	4	0	25
chr4	159131739	159132684	1	1	1	0	2	1
chr4	159548044	159549789	1	1	1	0	2	6
chr4	159595553	160348241	1	1	0	0	6	27
chr4	160235921	160243498	1	1	1	1	0	21
chr4	160264557	160265187	1	1	1	2	0	6
chr4	160265212	160266257	1	1	1	2	0	20
chr4	160296872	160348241	1	1	0	0	6	27
chr4	160860596	160860825	2	2	0	4	0	20
chr4	164085544	164087514	2	2	1	0	1	4
chr4	164434012	164435225	1	1	1	3	0	28
chr4	166385739	166388839	1	1	1	6	0	15
chr4	169414037	169425983	2	2	1	0	2	6
chr4	169414037	169451711	2	2	1	1	0	4
chr4	169620461	169627024	2	2	0	0	1	26
chr4	169812209	169815729	1	1	1	6	0	7
chr4	170483348	170501992	2	2	0	1	0	28
chr4	170982121	170983042	2	2	1	3	0	5
chr4	174254821	174255422	2	4	1	6	0	8
chr4	176635191	176647340	2	2	0	0	1	16
chr4	178231264	178243612	1	1	1	6	0	13
chr4	178261012	178262629	1	1	1	4	0	20
chr4	183717921	183720748	1	1	1	7	0	29
chr4	183814281	183815641	2	2	1	0	1	1
chr4	183836729	183837571	2	2	1	1	1	3
chr4	184020873	184021007	1	1	0	2	0	28
chr4	184129310	184130101	1	1	1	3	0	21
chr4	184133618	184134543	0	0	0	3	0	30
chr4	184180882	184182062	1	1	1	5	0	5
chr4	184205544	184207119	1	1	1	2	0	9
chr4	184384635	184431166	1	1	0	0	2	29
chr4	184930361	184931510	1	1	0	6	0	20
chr4	185631335	185634097	2	2	1	0	3	1
chr4	185638351	185646110	2	2	1	5	0	15
chr4	185652123	185655169	2	2	1	1	0	18
chr4	185709668	185709770	2	2	1	0	2	5
chr4	186129345	186327811	2	2	0	0	4	15
chr4	186168533	186185591	1	1	0	6	0	18
chr4	186423638	186425628	2	2	1	0	2	3
chr4	186583397	186598150	2	2	1	0	1	3
chr4	187532930	187534262	2	2	1	0	1	2
chr4	187549519	187549641	2	2	1	0	1	7
chr4	187631000	187647507	2	2	1	0	1	2
chr4	188586993	188593715	2	2	1	0	1	3
chr4	188666173	189558178	2	2	0	5	0	13
chr4	190878658	190881902	1	1	1	0	5	3
chr4	190881995	190882976	1	1	1	0	1	31
chr5	216975	218207	2	2	1	2	0	18
chr5	218534	223596	1	1	1	6	0	27
chr5	233761	235258	1	1	1	1	0	18
chr5	240592	251106	1	1	1	7	0	12
chr5	251159	256448	1	1	1	2	0	1
chr5	251584	253122	1	1	1	0	3	2
chr5	433063	433967	1	1	1	1	0	10
chr5	446465	447647	1	1	1	4	0	14
chr5	458141	459473	1	1	1	8	0	4
chr5	464528	465225	1	1	1	3	0	14
chr5	470103	471237	1	1	1	0	1	5
chr5	492187	524226	2	2	1	0	8	1
chr5	525079	526526	1	1	1	0	1	4
chr5	613533	617910	0	0	0	6	0	30
chr5	624695	633883	1	1	1	2	0	10
chr5	648415	648982	1	1	0	0	5	20
chr5	648636	648982	1	1	0	0	5	20
chr5	648930	649243	1	1	0	5	0	29
chr5	655700	663530	1	1	1	0	1	5
chr5	824676	825278	2	2	0	3	0	26
chr5	842790	843714	2	2	1	7	0	6
chr5	854591	854863	2	2	0	3	0	12
chr5	857662	857941	1	1	0	0	2	28
chr5	857662	858034	1	1	0	0	2	28
chr5	857801	857941	1	1	0	0	2	28
chr5	857801	858034	1	1	0	0	2	28
chr5	870691	871640	2	2	1	3	0	17
chr5	871680	876215	2	2	1	6	0	24
chr5	882661	883070	2	2	1	0	3	9
chr5	889763	891269	2	4	1	5	0	20
chr5	896910	900608	1	1	1	4	0	4
chr5	900665	901455	1	1	1	4	0	5
chr5	907309	908102	1	1	1	1	0	12
chr5	908190	908469	1	1	1	2	0	24
chr5	1037814	1037919	1	1	1	1	0	3
chr5	1064368	1065397	2	2	1	4	0	8
chr5	1082049	1083859	2	2	0	2	0	25
chr5	1260716	1264518	2	2	1	0	1	1
chr5	1294782	1294885	2	2	1	3	0	31
chr5	1325932	1331917	2	4	1	0	1	7
chr5	1333188	1333415	2	2	0	0	5	21
chr5	1333188	1333694	2	2	0	0	5	21
chr5	1333223	1333415	2	2	0	0	5	21
chr5	1333223	1333694	2	2	0	0	5	21
chr5	1333287	1333415	2	2	0	0	5	21
chr5	1333287	1333694	2	2	0	0	5	21
chr5	1333322	1333415	2	2	0	0	5	21
chr5	1333322	1333694	2	2	0	0	5	21
chr5	1339118	1341785	2	2	0	1	0	16
chr5	1548592	1551618	2	2	1	0	1	6
chr5	1572402	1574286	0	0	1	0	1	4
chr5	1576425	1579391	2	2	1	1	0	7
chr5	1619725	1620511	1	1	0	0	3	12
chr5	1801664	1802434	1	1	1	3	0	8
chr5	3121283	3502736	1	1	0	0	4	12
chr5	5441337	5443280	1	1	1	1	0	9
chr5	6633983	6644920	1	1	1	0	2	1
chr5	6633983	6651954	1	1	1	0	2	1
chr5	6633983	6656190	1	1	1	0	2	1
chr5	6738843	6739844	1	1	1	3	0	16
chr5	6748704	6749669	1	1	1	2	0	11
chr5	7871037	7873485	1	1	1	0	3	4
chr5	9867303	9883444	2	2	1	0	1	1
chr5	10254318	10254785	1	1	1	1	0	17
chr5	10256266	10258222	1	1	1	7	0	29
chr5	10261858	10262592	1	1	1	3	0	11
chr5	10282401	10286465	2	2	1	1	0	22
chr5	10290894	10307736	2	2	1	1	0	5
chr5	10378007	10378870	1	1	1	3	0	14
chr5	10387179	10390443	1	1	1	5	0	13
chr5	10392741	10474138	2	2	0	0	5	23
chr5	10402252	10402495	1	1	1	5	0	13
chr5	10405790	10407213	1	1	1	0	3	2
chr5	10411650	10414544	1	1	1	1	0	1
chr5	10426635	10430004	1	1	1	8	0	5
chr5	13777465	13780937	2	2	1	0	3	1
chr5	14143506	14143536	2	2	0	8	0	20
chr5	14304702	14316621	1	1	1	0	1	3
chr5	14358457	14359465	1	1	1	7	0	13
chr5	14364037	14364758	1	1	1	6	0	4
chr5	14369633	14374337	1	1	1	6	0	18
chr5	14465750	14471426	1	1	1	1	0	10
chr5	14472768	14474102	1	1	1	12	0	23
chr5	14485356	14487572	1	1	1	1	0	7
chr5	14498361	14498627	1	1	1	5	0	17
chr5	16453266	16458625	2	2	1	2	0	30
chr5	16675260	16676139	2	2	1	7	0	25
chr5	16703927	16706227	1	1	0	0	3	25
chr5	16766308	16769182	2	2	1	0	3	2
chr5	16859299	16877270	1	5	0	1	0	13
chr5	21491618	21495206	1	1	1	0	3	29
chr5	22005383	22008568	2	2	0	0	3	32
chr5	23522995	23523399	1	1	1	0	2	5
chr5	30424154	30953569	1	1	0	0	4	27
chr5	31504743	31508727	2	2	1	3	0	9
chr5	31590505	31605518	2	2	0	0	6	24
chr5	31784801	31816180	1	1	0	0	2	31
chr5	32364152	32364269	2	2	1	2	0	5
chr5	32400309	32403210	2	4	1	0	4	1
chr5	32588691	32591668	1	1	1	1	0	19
chr5	32591792	32599066	1	1	1	3	0	16
chr5	32599176	32601110	1	1	1	1	0	8
chr5	33262884	34151173	2	2	0	0	5	32
chr5	33448838	33453393	1	1	1	1	0	3
chr5	33462309	33463857	1	1	1	4	0	11
chr5	34179203	34182784	2	2	1	0	3	29
chr5	34182973	34189576	2	2	1	0	2	4
chr5	34705983	34882090	2	2	0	0	3	30
chr5	34751479	34882090	2	2	0	0	3	30
chr5	34796133	34803816	1	1	1	0	1	3
chr5	34803882	34807904	1	1	1	8	0	17
chr5	34922874	34923105	1	1	1	1	0	31
chr5	35779449	35788986	1	1	1	0	3	6
chr5	36163859	36166620	1	1	1	0	1	1
chr5	36877281	36953719	1	1	1	5	0	14
chr5	37008191	37008724	1	1	1	0	2	6
chr5	37157523	37157771	2	2	1	3	0	13
chr5	37177803	37179462	2	2	1	5	0	23
chr5	37227176	37227344	2	2	1	4	0	4
chr5	37244710	37245580	2	2	1	0	2	1
chr5	37293088	37294430	2	2	1	1	0	9
chr5	37299081	37299549	2	2	1	5	0	5
chr5	37305313	37307398	2	2	1	2	0	24
chr5	37322257	37323098	1	5	0	4	0	15
chr5	37331898	37333564	2	2	1	2	0	24
chr5	37338021	37341191	2	2	1	2	0	20
chr5	37342749	37348606	2	2	1	0	1	1
chr5	37379657	37381703	1	1	1	0	1	1
chr5	40832676	40834282	2	2	1	9	0	17
chr5	40834368	40834572	2	2	1	10	0	22
chr5	40834709	40835284	2	2	1	3	0	29
chr5	41794181	41794778	2	2	1	8	0	19
chr5	43087398	43088061	2	2	0	0	3	25
chr5	43121631	43122140	1	1	1	0	1	1
chr5	43122280	43123310	1	1	1	0	2	5
chr5	43162034	43173419	1	1	1	3	0	27
chr5	43294265	43294792	2	2	1	4	0	16
chr5	43299078	43307867	2	2	1	1	0	5
chr5	50073964	50074393	1	1	1	2	0	16
chr5	51979705	52677740	1	3	0	4	0	29
chr5	52366091	52367767	1	1	1	3	0	10
chr5	52942236	52954380	1	1	1	1	0	13
chr5	54569206	54570441	2	2	1	0	2	2
chr5	54577344	54579030	2	2	1	2	0	10
chr5	54585257	54586045	2	2	1	3	0	17
chr5	54618293	54619959	1	1	1	0	1	5
chr5	54693355	54696060	1	1	1	3	0	13
chr5	55082499	55083673	1	1	1	0	2	6
chr5	56242899	56246454	2	2	1	1	0	19
chr5	56246480	56247920	2	2	1	1	0	19
chr5	57352960	57372395	1	1	0	8	0	13
chr5	58441158	58869780	2	2	0	5	0	16
chr5	59727581	59727860	0	0	0	0	3	32
chr5	59941447	59943224	2	2	1	2	0	26
chr5	59983055	59995872	2	2	1	2	0	20
chr5	60195555	60198268	2	2	1	0	1	1
chr5	60457055	60458043	2	2	1	9	0	12
chr5	61730430	61730563	0	0	0	3	0	31
chr5	61832609	61833035	1	1	1	5	0	18
chr5	61833117	61846193	1	1	1	6	0	14
chr5	64020401	64023933	2	2	1	2	0	17
chr5	64077861	64079662	1	1	1	7	0	17
chr5	64920934	64931127	1	1	1	0	2	4
chr5	65076548	65123775	0	0	0	4	0	32
chr5	65222635	65280582	1	1	1	0	1	1
chr5	65371059	65372143	1	1	1	0	1	3
chr5	65459751	65460610	1	1	1	3	0	9
chr5	65465999	65466412	1	1	1	2	0	6
chr5	68071563	68729046	1	1	0	0	5	18
chr5	68169582	68729046	1	1	0	0	5	18
chr5	68412042	68412220	1	1	1	3	0	24
chr5	68435132	68729046	1	1	0	0	5	18
chr5	68463111	68463734	1	1	1	8	0	7
chr5	68464171	68467096	1	1	1	6	0	6
chr5	68491619	68492879	1	1	1	2	0	6
chr5	68492937	68498332	1	1	1	5	0	16
chr5	68499282	68586544	2	2	0	2	0	30
chr5	68503247	68703609	2	2	0	0	8	23
chr5	68587313	68600383	1	1	0	0	4	24
chr5	68665292	68666861	1	1	1	0	5	5
chr5	68878257	68881420	1	1	1	0	3	10
chr5	68938117	68941708	2	2	1	0	3	29
chr5	69253983	69254445	0	0	0	0	6	32
chr5	69321286	69322233	1	1	1	0	2	5
chr5	69339137	69352254	1	3	0	0	6	13
chr5	69363274	69364852	1	1	1	0	1	2
chr5	69365158	69366467	1	1	1	0	1	28
chr5	69389289	69458482	2	2	0	0	2	27
chr5	69390851	69394511	2	2	1	0	4	27
chr5	69455377	69455839	0	0	0	0	6	32
chr5	69499793	69503384	2	2	1	0	3	29
chr5	69517843	69521434	2	2	1	0	3	29
chr5	69733422	69736582	1	1	1	0	3	10
chr5	69792949	69796543	2	2	1	0	3	29
chr5	69814233	69817827	2	2	1	0	3	29
chr5	70129055	70129517	0	0	0	0	6	32
chr5	70196704	70197651	1	1	1	0	2	5
chr5	70214554	70227678	1	3	0	0	6	13
chr5	70238698	70240275	1	1	1	0	1	2
chr5	70240581	70241892	1	1	1	0	1	28
chr5	70266296	70269955	2	2	1	0	4	27
chr5	70338112	70341270	2	2	1	0	3	10
chr5	70397507	70458818	2	2	0	0	2	27
chr5	70455704	70456166	0	0	0	0	6	32
chr5	70500178	70503769	2	2	1	0	3	29
chr5	70503958	70516108	2	2	1	0	2	7
chr5	70518207	70521793	2	2	1	0	3	29
chr5	70786959	70791076	1	1	1	1	0	8
chr5	70806979	70808067	1	1	1	2	0	9
chr5	70809235	70810770	1	1	1	5	0	21
chr5	71146796	71146815	1	1	0	0	8	31
chr5	71146810	71146847	1	1	0	0	2	15
chr5	71489156	71489692	1	1	1	0	2	5
chr5	71533956	71537288	2	2	1	0	1	7
chr5	71593530	71609907	2	2	1	1	0	15
chr5	71617007	71617998	1	3	1	0	2	1
chr5	71756970	71757156	2	2	1	0	1	5
chr5	72144447	72144594	2	4	0	3	0	19
chr5	72187724	72188965	1	1	1	0	5	2
chr5	72192979	72195832	1	1	1	3	0	22
chr5	72419841	72424216	1	1	1	0	2	5
chr5	72743299	72743299	0	0	1	0	3	18
chr5	72794384	72794958	1	1	1	4	0	29
chr5	72798427	72798740	1	3	1	2	0	7
chr5	72868450	72872776	1	1	1	4	0	8
chr5	74018387	74021464	2	2	1	2	0	23
chr5	74046493	74054673	2	2	1	0	1	5
chr5	74065190	74066455	1	1	1	2	0	32
chr5	74633126	74638407	1	1	1	6	0	30
chr5	74646200	74646613	1	1	1	2	0	27
chr5	74652274	74654481	1	1	1	5	0	19
chr5	74695213	74696029	2	2	1	0	1	3
chr5	74721325	74722195	2	2	1	1	0	17
chr5	74800881	74808721	1	1	0	0	4	27
chr5	74877600	75004752	1	1	0	0	7	19
chr5	74893615	74893758	1	1	1	1	0	23
chr5	74949066	74951853	1	1	1	0	1	6
chr5	75923326	75927683	1	1	1	6	0	11
chr5	75993973	75996900	1	1	1	3	0	5
chr5	76624883	76627226	1	1	1	0	5	3
chr5	76989178	77004066	2	2	1	7	0	10
chr5	77412059	77423853	2	2	1	0	4	2
chr5	77417698	77423853	2	2	1	0	4	2
chr5	77437144	77452081	2	2	1	0	1	6
chr5	77477487	77511878	2	2	1	1	0	19
chr5	78135250	78181406	2	2	1	0	2	4
chr5	78596142	78596498	1	1	1	2	1	12
chr5	78726547	79538355	1	1	0	0	6	29
chr5	78908559	78908833	1	1	1	2	0	6
chr5	78925436	79538355	1	1	0	0	6	29
chr5	78941016	78944439	1	1	1	7	0	10
chr5	78944517	78944884	1	1	1	2	0	3
chr5	79279618	79282772	2	2	1	1	0	21
chr5	79372058	79372677	1	1	1	0	4	4
chr5	79752385	79752763	1	1	1	0	2	5
chr5	79753749	79851909	1	3	0	3	0	30
chr5	79904262	79904617	2	2	0	6	0	30
chr5	80071578	80074538	1	1	1	2	0	6
chr5	80597490	80600559	1	1	1	0	1	5
chr5	80597875	80600559	1	1	1	0	2	7
chr5	80653607	80654450	2	2	0	0	5	29
chr5	80809537	80911291	2	2	1	5	0	3
chr5	80912051	80912259	0	0	0	0	8	32
chr5	81278908	81279136	1	1	0	0	1	30
chr5	81354422	81460217	1	1	1	1	0	23
chr5	81572075	81572216	2	2	1	4	0	21
chr5	81572338	81573511	2	2	1	0	1	27
chr5	81573672	81574138	2	2	1	22	0	31
chr5	82360937	82373139	2	2	1	3	0	16
chr5	85913948	85915169	1	1	1	4	0	20
chr5	87531410	88124659	2	4	0	0	9	12
chr5	88119745	88183318	2	2	1	0	2	3
chr5	88185298	88201025	1	1	1	0	6	5
chr5	89400083	90388012	1	1	0	0	5	24
chr5	89661842	90388012	1	1	0	0	5	24
chr5	89743289	90388012	1	1	0	0	5	24
chr5	89938859	89939619	1	1	1	2	0	2
chr5	90046515	90049390	1	1	1	2	0	5
chr5	90055406	90059121	1	1	1	1	0	14
chr5	90125004	90136394	1	1	1	1	0	18
chr5	90670094	90670738	2	2	1	0	1	5
chr5	92899170	92916172	2	4	1	4	0	14
chr5	93053805	93053904	0	0	0	3	0	31
chr5	94814147	94818176	2	2	1	1	0	32
chr5	95231396	95233943	2	2	1	2	0	27
chr5	95297741	95644427	1	1	1	0	1	6
chr5	95996858	96280840	2	2	0	0	7	13
chr5	95998871	96011242	1	1	1	0	2	3
chr5	96098077	96100927	1	1	1	0	2	6
chr5	96507102	96508878	2	2	1	0	2	4
chr5	96523948	96537545	2	2	1	0	2	7
chr5	98195773	98199111	2	2	1	1	0	30
chr5	98208260	98209296	2	2	1	2	0	15
chr5	102091053	102201526	1	1	1	3	0	30
chr5	102594598	102601608	1	1	1	1	0	11
chr5	107005184	107005305	1	1	0	1	0	17
chr5	108233550	108281830	1	1	1	0	1	1
chr5	108260491	108281830	1	1	1	0	1	1
chr5	110559405	110560104	1	1	1	0	1	3
chr5	112043580	112090569	1	1	1	5	0	27
chr5	112238216	112256859	2	2	1	5	0	6
chr5	112241363	112310506	1	3	0	0	2	16
chr5	112871496	112874770	1	1	1	2	0	5
chr5	112884718	112888877	1	1	1	2	0	11
chr5	115813623	115813709	2	2	1	2	0	32
chr5	118437702	118440874	1	1	1	4	0	16
chr5	118646467	118650651	0	0	0	6	0	30
chr5	118810156	118811400	1	1	1	2	0	20
chr5	118811423	118811518	1	1	1	5	0	19
chr5	121705711	121707051	2	2	1	2	0	5
chr5	122137631	122137775	1	1	1	3	0	18
chr5	122151667	122152609	1	1	1	4	0	27
chr5	122154719	122161744	1	1	1	4	0	22
chr5	122163155	122163269	1	3	1	0	1	4
chr5	125885695	125885887	2	2	1	6	0	29
chr5	125887830	125894931	2	2	1	0	2	7
chr5	125918667	125919623	2	2	1	1	1	1
chr5	125953026	125960266	1	1	1	2	0	15
chr5	126140625	126141262	1	1	1	4	0	25
chr5	126147591	126154613	1	1	1	4	0	29
chr5	126156828	126158472	1	1	1	7	0	29
chr5	126860613	126862309	1	1	1	4	0	13
chr5	127483422	127484445	1	1	1	6	0	3
chr5	127485791	127486932	1	1	1	3	0	18
chr5	127516687	127518546	1	1	1	4	0	13
chr5	127595522	127597427	2	2	1	6	0	7
chr5	127624250	127624818	2	2	1	0	2	1
chr5	127637203	127638664	2	2	1	2	0	1
chr5	127685698	127686559	2	2	1	7	0	32
chr5	127693088	127697415	2	2	1	1	0	11
chr5	127705028	127710320	2	2	1	0	2	1
chr5	130590923	130651668	1	1	1	0	1	5
chr5	130721338	130726685	1	1	1	0	1	2
chr5	130815447	130825238	2	2	1	2	0	5
chr5	130901648	130904102	0	0	0	4	0	32
chr5	131554338	131630870	2	2	1	0	2	4
chr5	131706058	131721019	1	1	1	0	1	6
chr5	131895060	131911468	1	1	1	3	0	12
chr5	132009878	132010150	1	1	1	0	2	3
chr5	132039312	132046650	2	2	1	1	0	26
chr5	132097319	132097491	2	2	1	9	0	31
chr5	132101222	132112799	2	2	1	10	0	31
chr5	132202728	132203179	1	1	1	4	0	1
chr5	132222096	132223212	2	2	1	4	0	3
chr5	132224866	132227855	2	2	1	3	0	3
chr5	132238180	132240059	2	2	1	2	0	30
chr5	132262900	132267869	2	2	1	6	0	25
chr5	132279760	132280673	0	0	1	1	0	3
chr5	132409819	132412345	1	1	1	3	0	17
chr5	132424248	132424746	1	1	1	2	0	6
chr5	132431943	132432852	1	1	1	4	0	29
chr5	132437571	132439556	1	1	1	2	0	12
chr5	133303151	133304136	2	2	1	0	2	3
chr5	133309540	133311561	2	2	1	0	3	2
chr5	133311713	133316419	2	2	1	4	0	1
chr5	133326599	133326692	2	2	1	0	2	5
chr5	133349416	133361980	2	2	0	0	4	31
chr5	133494287	133496677	2	2	1	0	6	13
chr5	133496822	133502860	2	2	1	0	5	3
chr5	133702236	133702667	2	2	1	1	0	5
chr5	134094646	134099593	1	1	1	4	0	11
chr5	134099783	134102606	1	1	1	10	0	15
chr5	134102751	134106592	1	1	1	2	0	31
chr5	134109552	134113263	1	1	1	1	0	14
chr5	134116937	134117610	1	1	1	1	0	8
chr5	134150677	135027746	2	2	0	5	0	23
chr5	134153405	134154549	1	3	1	7	0	18
chr5	134154695	134162636	1	1	1	7	0	27
chr5	134246157	134294729	1	1	1	0	1	1
chr5	134695633	134696186	2	2	1	0	8	2
chr5	134705294	134705725	2	2	1	5	0	4
chr5	134724817	134734751	2	2	1	5	0	31
chr5	134724817	134735475	2	2	1	0	3	5
chr5	135369551	135379746	1	1	1	0	1	3
chr5	137222687	137222901	1	1	1	0	3	3
chr5	137288399	137289024	2	2	1	0	2	1
chr5	137346839	137347456	2	2	1	8	0	6
chr5	137366024	137425438	2	2	0	0	2	19
chr5	137424177	137425481	2	2	0	1	0	25
chr5	137497554	137497742	2	2	1	4	0	5
chr5	137497836	137498818	2	2	1	1	0	20
chr5	137500103	137500402	2	2	1	1	0	20
chr5	137500856	137501516	2	2	1	8	0	25
chr5	137502417	137503622	2	2	1	3	0	10
chr5	137503768	137504158	2	2	1	2	0	11
chr5	137506602	137506726	2	2	1	1	0	17
chr5	137515051	137929411	2	2	0	0	6	13
chr5	137605007	137836696	2	2	0	0	4	30
chr5	137709765	138326492	2	2	0	0	6	14
chr5	137713515	137715272	1	1	1	1	0	31
chr5	137780225	137780442	1	1	1	9	0	14
chr5	137781288	137781371	1	1	1	1	0	21
chr5	137878626	137878785	2	2	1	5	0	26
chr5	137897479	137902314	2	2	1	1	2	13
chr5	137902408	137902689	2	2	1	3	0	19
chr5	137909816	137910926	2	2	1	3	0	14
chr5	138001353	138196249	1	1	0	0	6	18
chr5	138045679	138196249	1	1	0	0	6	18
chr5	138075318	138621284	2	2	0	0	10	26
chr5	138145894	138147871	1	1	1	4	0	26
chr5	138163408	138221900	1	1	1	8	0	9
chr5	138266344	138266518	1	1	1	0	2	1
chr5	138266625	138268266	1	1	1	5	0	15
chr5	138614098	138614739	1	1	1	2	0	12
chr5	138629495	138650363	1	1	1	0	1	11
chr5	138644017	138650363	1	1	1	0	1	5
chr5	138677670	138699447	1	1	1	0	2	2
chr5	138858094	138860374	2	2	1	5	0	28
chr5	139006643	139007136	1	1	1	3	0	2
chr5	139825561	139828795	1	1	1	9	0	23
chr5	139885455	139886419	1	1	1	6	0	17
chr5	139886563	139887369	1	1	1	3	0	25
chr5	139936858	139937012	2	2	1	0	1	4
chr5	140023261	140023364	1	1	1	3	0	13
chr5	140026948	140027067	2	2	1	7	0	28
chr5	140041294	140041483	1	1	1	1	0	11
chr5	140048834	140048917	1	1	1	6	0	23
chr5	140056702	140056911	2	2	1	5	0	1
chr5	140057006	140057239	2	2	1	4	0	19
chr5	140057601	140058586	2	2	1	3	0	8
chr5	140058713	140059372	2	2	1	3	0	13
chr5	140080064	140080403	1	1	1	2	0	10
chr5	140090884	140098534	2	2	0	0	4	15
chr5	140896576	140903709	2	2	1	1	0	9
chr5	140914001	140950994	2	2	1	1	0	9
chr5	140951004	140951492	2	2	1	1	0	9
chr5	140961943	140962772	2	2	1	3	0	7
chr5	141026798	141026964	2	2	1	1	0	26
chr5	141303538	141304145	1	1	1	4	0	21
chr5	141511908	141515294	1	1	1	4	0	8
chr5	141552504	141597778	1	1	0	0	3	13
chr5	141853790	142192750	2	2	0	0	6	27
chr5	141975050	141980266	2	2	1	0	4	1
chr5	142254737	142258938	1	1	1	4	0	20
chr5	142292859	142311611	1	1	1	2	0	25
chr5	145108598	145108711	0	0	1	0	3	2
chr5	145500067	145502054	2	2	1	1	0	11
chr5	145502151	145503544	2	2	1	2	0	5
chr5	145519825	145522434	2	2	1	0	2	4
chr5	145537359	145538969	2	2	1	2	0	9
chr5	145608601	145609279	1	1	1	2	0	16
chr5	145826972	145834618	1	1	1	10	0	18
chr5	145843357	145847903	1	1	1	0	3	3
chr5	145843357	145849106	1	1	1	7	3	28
chr5	145863193	145872482	1	1	1	3	0	24
chr5	147648071	147648281	1	1	1	1	0	3
chr5	147788781	147790197	1	1	1	1	0	26
chr5	147803681	147805084	1	1	1	5	0	9
chr5	147805265	147806775	1	1	1	6	0	15
chr5	148929745	148930404	2	2	1	4	0	6
chr5	149420443	149421347	1	1	1	6	0	25
chr5	149510226	149511541	2	2	1	0	3	2
chr5	149740775	149743675	1	1	1	5	0	16
chr5	149743816	149747406	1	1	1	4	0	10
chr5	149747481	149748278	1	1	1	4	0	7
chr5	149748466	149749091	1	1	1	4	0	4
chr5	149753950	149754179	1	1	1	2	0	5
chr5	149769587	149771106	1	1	1	1	0	5
chr5	149772354	149772934	1	1	1	8	0	6
chr5	149782189	149784242	2	2	1	0	1	6
chr5	149825249	149826364	2	2	1	0	4	2
chr5	149826527	149827147	2	2	1	2	0	19
chr5	149827299	149829054	2	2	1	1	0	18
chr5	149827299	149829265	2	2	1	1	0	11
chr5	149864863	149865463	2	2	1	0	1	5
chr5	149876729	150420774	1	1	0	7	0	13
chr5	150072589	150072780	2	2	1	4	0	9
chr5	150075269	150076094	2	4	1	3	0	11
chr5	150480524	150481019	2	2	1	3	0	3
chr5	150510851	150512036	2	2	1	5	0	10
chr5	150516883	150518238	2	2	1	0	1	4
chr5	150519009	150519713	2	2	1	4	0	8
chr5	150641120	150800688	2	4	0	6	0	29
chr5	150843205	150844074	1	1	1	2	0	5
chr5	150966465	150973327	1	1	0	0	1	26
chr5	151151598	151166132	1	1	1	2	0	10
chr5	151180431	151183445	1	1	1	2	0	11
chr5	151183623	151183674	1	1	0	4	0	17
chr5	153413438	153414407	2	2	1	0	1	5
chr5	153583276	153583384	1	1	0	6	0	28
chr5	153830774	153832015	1	1	1	0	2	4
chr5	154169947	154170204	1	1	1	3	0	14
chr5	154173561	154173659	1	1	1	1	0	4
chr5	154179320	154179432	1	1	1	5	0	4
chr5	154183868	154185440	1	1	1	4	0	8
chr5	154195147	154195214	0	0	0	3	0	30
chr5	154203019	154203748	1	1	0	8	0	23
chr5	154238329	154244751	1	1	1	0	3	5
chr5	154320699	154320776	1	1	1	3	0	5
chr5	154320826	154330380	1	1	1	4	0	2
chr5	156714084	156727722	1	1	1	1	0	10
chr5	156721869	156723680	1	1	1	1	0	5
chr5	156727905	156729801	1	1	1	6	0	4
chr5	156747811	156750928	1	1	1	1	0	22
chr5	157230728	157232873	2	2	1	1	0	25
chr5	157233121	157236635	2	2	1	0	5	2
chr5	157337515	157367219	2	2	0	0	1	20
chr5	158601167	158603639	2	2	1	4	0	4
chr5	159521073	159527682	2	2	0	1	0	20
chr5	159538257	159574874	2	2	0	0	1	14
chr5	159570584	159582825	2	2	0	0	6	25
chr5	159839527	159840462	2	2	1	2	0	11
chr5	159841480	159842131	2	2	1	1	0	29
chr5	160025978	160029583	2	2	1	0	1	3
chr5	162864811	162866262	1	1	1	6	0	1
chr5	162868338	162868891	1	1	1	3	0	26
chr5	162869575	162870679	1	1	1	2	0	26
chr5	162884087	162884567	2	2	1	6	0	7
chr5	162884617	162886000	2	2	1	6	0	9
chr5	162944681	162945198	1	1	1	3	0	27
chr5	166863195	166974286	1	3	0	0	5	32
chr5	167286443	167286469	1	3	0	0	5	29
chr5	167420188	167489064	1	1	1	0	1	1
chr5	167474555	167489064	1	1	1	0	1	1
chr5	168070303	168070498	2	2	0	0	5	19
chr5	168070450	168070498	2	2	0	0	5	19
chr5	168212984	168216564	2	2	1	0	4	1
chr5	170815011	170817054	1	1	1	7	5	7
chr5	170815011	170817078	1	1	1	0	1	7
chr5	170815011	170818308	1	1	1	4	0	6
chr5	170817135	170818308	1	1	1	5	4	29
chr5	170818429	170818709	1	1	1	5	0	11
chr5	170818804	170819713	1	1	1	10	0	27
chr5	170819821	170819917	1	1	1	18	0	23
chr5	170819983	170827156	1	1	1	0	13	15
chr5	170827215	170827842	1	1	1	3	0	22
chr5	170827930	170832305	1	1	1	12	0	22
chr5	170832408	170834703	1	1	1	0	4	14
chr5	170834779	170837530	1	1	1	2	0	6
chr5	171305134	171318470	2	2	1	1	0	17
chr5	171409337	171410158	0	0	0	6	0	31
chr5	172315764	172324004	1	1	1	2	0	1
chr5	172386011	172386867	1	1	1	0	2	5
chr5	172386472	172386867	1	1	1	6	0	19
chr5	172550206	172560632	1	1	1	0	1	3
chr5	172750434	172752870	2	2	1	3	0	9
chr5	173035296	173036240	2	2	1	3	0	15
chr5	174938530	174939113	1	1	1	1	0	20
chr5	174939200	174940465	1	1	1	5	0	5
chr5	175514209	175516465	1	1	1	0	3	7
chr5	175582636	175583864	2	2	1	0	1	6
chr5	175786571	175786813	2	2	1	0	4	7
chr5	175793585	175795809	1	1	1	1	0	18
chr5	176269932	176369118	1	1	0	6	0	29
chr5	176338391	176370335	2	2	1	1	0	13
chr5	176409625	176433539	2	2	1	3	0	5
chr5	176468872	176471389	1	1	1	0	1	6
chr5	176517655	176517745	1	1	1	1	0	3
chr5	176563032	176618884	1	1	1	0	1	1
chr5	176633991	176636459	1	3	0	3	0	30
chr5	176662947	176665237	1	1	1	2	0	22
chr5	176666867	176671195	1	1	1	7	0	16
chr5	176710930	176715819	1	1	1	8	0	19
chr5	176832807	176832962	2	2	1	0	2	3
chr5	176860241	176860347	1	1	1	6	0	22
chr5	176885709	176886098	2	2	1	2	0	8
chr5	176894629	176894743	2	2	1	4	0	17
chr5	176943195	176943288	2	2	1	4	0	18
chr5	176943837	176943919	2	2	1	0	2	2
chr5	177087473	177087776	0	0	0	7	0	32
chr5	177175701	177177959	2	2	1	0	3	7
chr5	177405926	177407334	1	1	0	0	1	22
chr5	177406316	177407334	1	1	0	0	1	22
chr5	177406318	177407334	1	1	0	0	2	22
chr5	177406582	177407334	1	1	0	0	1	22
chr5	177406584	177407334	1	1	0	0	2	22
chr5	177406658	177407334	1	1	0	0	1	22
chr5	177406660	177407334	1	1	0	0	2	22
chr5	177406736	177407334	1	1	0	0	1	22
chr5	177406738	177407334	1	1	0	0	2	22
chr5	177407122	177407334	1	1	0	0	1	22
chr5	177407192	177407334	1	1	0	0	1	22
chr5	177615115	177622709	1	1	0	0	4	31
chr5	177633012	177633732	1	1	1	2	0	28
chr5	177636449	177637132	1	1	1	8	0	16
chr5	178376849	178388162	2	2	0	0	5	31
chr5	178549775	178551973	2	2	1	0	1	4
chr5	178580625	178581049	2	2	1	2	0	1
chr5	178882819	178882938	1	1	1	0	1	7
chr5	178997046	179145710	1	1	0	0	6	31
chr5	178997046	179513385	1	1	0	0	6	31
chr5	178997046	179851531	1	1	0	0	6	31
chr5	179042597	179043126	2	2	1	2	0	25
chr5	179043220	179043899	2	2	1	3	0	23
chr5	179045062	179045145	2	2	1	1	0	1
chr5	179048399	179050037	2	2	1	2	0	3
chr5	179056497	179056582	1	3	0	4	0	21
chr5	179058400	179067146	1	1	0	0	3	31
chr5	179133333	179134132	1	1	1	3	0	20
chr5	179135382	179135978	1	1	1	7	0	13
chr5	179136061	179136873	1	1	1	2	0	13
chr5	179137067	179143105	1	1	1	8	0	9
chr5	179143296	179146668	1	1	1	1	0	3
chr5	179146783	179147404	1	1	1	2	0	28
chr5	179150021	179150660	1	1	1	2	0	13
chr5	179150781	179151657	1	1	1	3	0	30
chr5	179151785	179153680	1	1	1	0	1	1
chr5	179151785	179153683	1	1	0	2	0	19
chr5	179227598	179227906	2	2	1	4	0	6
chr5	179250054	179250857	1	1	1	8	0	11
chr5	179251088	179251181	1	1	1	6	0	26
chr5	179264812	179271172	2	4	1	2	0	3
chr5	179267960	179268906	2	2	1	5	0	10
chr5	179292889	179294777	2	2	1	2	0	27
chr5	179294850	179296768	2	2	1	1	0	7
chr5	179306198	179306627	2	2	1	11	0	10
chr5	179314905	179315102	2	2	1	0	1	4
chr5	179397507	179405202	2	2	1	1	0	18
chr5	179669756	179674438	2	2	1	1	0	30
chr5	179719407	179719555	2	4	0	6	0	25
chr5	179921764	179922420	1	1	1	0	10	2
chr5	180040111	180041067	2	2	1	2	0	22
chr5	180041180	180043366	2	2	1	7	0	14
chr5	180042691	180042747	2	2	0	0	5	26
chr5	180042691	180042792	2	2	0	0	5	26
chr5	180042691	180042925	2	2	0	0	5	26
chr5	180042691	180042970	2	2	0	0	5	26
chr5	180045921	180046252	2	2	1	5	0	2
chr5	180048905	180049730	2	2	1	0	2	1
chr5	180057414	180057442	1	3	0	3	0	18
chr5	180326360	180338338	1	1	1	0	3	2
chr5	180335934	180338338	1	1	1	0	3	2
chr5	180338615	180374624	1	1	1	0	1	1
chr5	180664043	180664608	2	2	1	28	0	29
chr5	180664720	180665098	2	2	1	4	1	2
chr5	180665240	180666066	2	2	1	2	0	25
chr5	180666178	180666486	2	2	1	7	0	22
chr5	180668564	180669173	2	4	1	6	0	1
chr5	180668640	180669173	2	4	1	5	0	14
chr5	180669346	180670285	2	4	1	0	1	3
chr5	180669346	180670691	2	2	1	5	1	19
chr5	180747554	180747646	1	1	1	0	12	29
chr5	180750961	180751053	1	1	1	0	9	11
chr6	348275	348768	1	1	1	0	4	4
chr6	497490	499644	2	2	1	4	0	11
chr6	564703	564863	2	2	1	7	0	3
chr6	572645	576756	2	2	1	3	0	5
chr6	1610713	1848190	2	2	0	0	6	12
chr6	2766679	2768924	1	1	1	6	0	13
chr6	3259431	3263917	1	1	1	10	0	11
chr6	3832246	3855703	1	1	1	0	2	7
chr6	4032990	4037630	1	1	1	4	0	31
chr6	4037805	4041005	1	1	1	7	0	11
chr6	4125605	4126368	2	2	1	2	0	8
chr6	5002480	5004113	2	2	1	1	0	10
chr6	5236634	5267922	1	1	0	0	1	24
chr6	6348984	6366587	2	2	1	2	0	8
chr6	6362595	6366587	2	2	1	0	1	8
chr6	7556054	7558348	1	1	1	5	0	24
chr6	7606429	7609057	1	1	1	2	0	23
chr6	8097701	8102667	2	2	1	1	0	27
chr6	10410569	10419650	2	2	1	0	1	5
chr6	10750278	10751365	1	1	1	0	1	7
chr6	10770438	10826796	1	1	1	2	1	8
chr6	10786732	10786836	2	2	0	0	5	29
chr6	10786732	10786906	2	2	0	0	5	29
chr6	10786872	10786906	2	2	0	0	5	29
chr6	11566070	11575663	1	1	1	8	0	28
chr6	12912325	12986162	1	1	0	0	3	24
chr6	13327196	13328527	2	2	1	1	0	6
chr6	13608693	14332825	2	2	0	0	4	21
chr6	14133987	14135338	1	1	1	1	0	9
chr6	15009408	15011122	1	1	0	0	1	13
chr6	15024046	15029872	2	2	0	7	0	29
chr6	15057842	15609664	2	2	0	0	6	12
chr6	15095596	15151144	2	2	0	0	9	23
chr6	15468950	15487537	1	1	1	2	0	2
chr6	15507648	15508570	1	1	1	0	1	6
chr6	15533627	15546272	0	0	1	0	2	7
chr6	16558505	16558725	2	4	0	7	0	12
chr6	17426922	17543067	1	1	1	0	5	4
chr6	17541380	17543067	1	1	1	0	1	3
chr6	17606245	17608425	1	1	1	0	2	3
chr6	17669260	17669523	2	2	1	1	0	9
chr6	17669569	17669660	2	2	1	1	0	6
chr6	17669778	17675135	2	2	1	3	0	25
chr6	17688850	17706507	2	2	1	9	0	16
chr6	17873669	17898398	2	2	1	1	0	32
chr6	18226474	18236682	2	2	1	2	0	8
chr6	18236832	18237611	2	2	1	5	0	22
chr6	18264228	18264615	2	2	1	5	0	12
chr6	20465741	20465822	0	0	0	6	0	31
chr6	20534806	20535581	1	1	1	2	0	20
chr6	24128429	24128944	1	1	1	0	2	2
chr6	24178861	24205229	2	2	1	0	2	6
chr6	24383554	24801763	0	0	0	0	7	32
chr6	24460628	24462957	2	2	1	9	0	9
chr6	24503662	24505096	1	1	1	2	0	10
chr6	24520773	24522994	1	1	1	0	4	3
chr6	24653382	24654639	2	2	1	3	0	14
chr6	24716553	24720087	2	2	1	0	1	6
chr6	24780969	24781704	1	1	1	6	0	4
chr6	24792724	24798487	1	3	0	0	4	19
chr6	26100288	26148929	2	2	0	0	1	12
chr6	26440948	26443609	1	1	1	1	0	2
chr6	26472094	26979727	1	1	0	0	5	15
chr6	26597452	26598141	1	1	1	2	0	12
chr6	26853223	26856788	2	2	1	0	3	29
chr6	27094242	27100303	2	2	1	0	3	3
chr6	27521213	27640249	2	2	0	3	11	19
chr6	27656793	28565120	2	2	0	0	4	14
chr6	28297492	28303858	2	2	1	0	5	4
chr6	28555374	28555732	2	2	1	0	1	1
chr6	28872443	28875012	2	2	1	0	4	1
chr6	28876866	28879472	2	2	1	4	0	7
chr6	29191829	29257902	1	1	1	0	1	3
chr6	29910404	29910533	1	1	1	5	0	7
chr6	29945495	29945994	1	1	1	0	2	5
chr6	29976949	29977502	2	2	1	0	1	3
chr6	30075565	30079494	1	1	1	0	4	3
chr6	30135049	30136076	1	1	1	0	1	4
chr6	30260377	30262247	2	2	1	2	0	7
chr6	30458293	30458913	1	1	1	1	0	10
chr6	30521335	30522351	2	2	1	3	0	10
chr6	30522693	30522831	2	2	1	8	0	5
chr6	30535677	30542928	2	2	0	0	7	28
chr6	30545233	30545594	1	1	1	3	0	3
chr6	30546355	30547707	1	1	1	6	0	15
chr6	30553121	30553334	1	1	1	1	0	14
chr6	30554083	30554250	1	1	1	2	0	31
chr6	30554489	30557464	1	1	1	11	0	28
chr6	30575669	30576555	2	2	1	2	0	1
chr6	30624870	30627248	2	2	1	2	0	17
chr6	30673876	30675160	2	2	1	2	0	12
chr6	30676135	30679188	2	2	1	3	0	19
chr6	30682956	30685021	2	2	1	10	0	19
chr6	30688341	30690313	1	1	1	2	11	14
chr6	30690423	30690694	1	1	1	5	0	8
chr6	30690806	30691116	1	1	1	0	7	10
chr6	30691284	30691734	0	0	0	0	8	32
chr6	30876951	30877211	1	1	1	1	0	20
chr6	30877841	30878441	1	1	1	1	0	9
chr6	30878539	30878629	1	1	1	0	3	2
chr6	30887626	30887865	1	1	1	3	0	22
chr6	30890019	30890226	1	1	1	4	0	27
chr6	30893163	30893320	1	1	1	0	1	4
chr6	31111191	31112405	2	2	1	0	2	2
chr6	31236951	31237114	2	2	1	0	1	2
chr6	31237163	31237269	2	2	1	4	0	25
chr6	31237303	31237742	2	2	1	4	0	21
chr6	31322443	31322883	2	2	1	1	0	7
chr6	31324735	31324862	2	2	1	3	0	8
chr6	31378575	31378848	1	1	1	0	6	18
chr6	31498228	31498555	2	2	1	1	0	22
chr6	31498704	31498829	2	2	1	2	0	27
chr6	31498975	31499072	2	2	1	7	0	23
chr6	31499183	31500556	2	2	1	8	0	8
chr6	31503263	31504276	2	2	1	3	0	32
chr6	31504461	31506539	2	2	1	2	0	10
chr6	31506633	31506923	2	2	1	11	0	20
chr6	31508312	31509726	2	2	1	1	0	19
chr6	31588636	31592037	1	1	1	0	4	2
chr6	31591687	31592037	1	1	1	0	4	2
chr6	31592300	31592947	1	1	1	3	0	17
chr6	31593092	31593236	1	1	1	6	0	20
chr6	31593649	31593796	1	1	1	9	0	22
chr6	31593940	31594548	1	1	1	6	0	10
chr6	31594640	31594758	1	1	1	1	0	29
chr6	31594976	31595541	1	1	1	15	0	25
chr6	31597623	31598367	1	1	1	2	0	27
chr6	31601425	31601635	1	1	1	2	0	27
chr6	31602335	31602529	1	1	1	2	0	10
chr6	31602755	31602908	1	1	1	4	0	17
chr6	31603827	31603985	1	1	1	6	0	7
chr6	31604723	31604818	1	1	1	6	0	16
chr6	31604914	31605010	1	1	1	2	0	8
chr6	31609723	31609888	2	2	1	9	0	19
chr6	31610893	31611666	2	2	1	6	0	16
chr6	31611755	31611858	2	2	1	4	0	9
chr6	31619554	31620289	2	2	1	0	1	2
chr6	31635748	31636315	1	1	1	3	0	17
chr6	31656897	31657357	2	2	1	0	1	7
chr6	31683402	31685357	1	1	1	1	0	8
chr6	31701739	31701930	2	2	1	4	0	24
chr6	31711952	31711985	2	4	0	0	7	17
chr6	31745440	31746743	2	2	1	7	0	23
chr6	31747070	31747201	2	2	1	7	0	1
chr6	31759515	31759647	2	2	1	3	0	32
chr6	31803229	31804200	1	1	1	1	0	29
chr6	31829969	31830394	2	2	1	8	0	13
chr6	31852577	31852688	2	2	1	0	1	2
chr6	31854675	31854771	2	2	1	4	0	18
chr6	31857380	31860183	2	2	1	0	2	4
chr6	31864602	31864699	2	2	1	0	3	1
chr6	31924616	31924717	2	2	1	0	4	2
chr6	31927178	31927786	1	1	1	3	0	4
chr6	31927897	31927996	1	1	1	2	0	4
chr6	32024681	32025834	2	2	1	0	2	2
chr6	32065227	32065572	2	2	1	5	0	19
chr6	32086919	32087600	2	2	1	9	0	14
chr6	32088680	32088765	2	2	1	2	0	25
chr6	32094030	32094879	2	2	1	2	0	11
chr6	32094972	32095218	2	2	1	0	2	2
chr6	32117500	32118144	2	2	1	0	1	5
chr6	32122182	32122363	1	1	1	0	2	3
chr6	32122961	32123464	1	1	1	1	0	3
chr6	32134398	32134477	1	1	1	2	0	5
chr6	32135035	32135126	1	1	1	1	0	7
chr6	32154252	32154380	2	2	1	0	1	8
chr6	32155934	32156033	2	2	1	1	2	9
chr6	32156282	32156499	2	2	1	10	0	26
chr6	32165372	32166197	2	2	1	0	3	3
chr6	32600687	32605197	1	1	1	0	1	7
chr6	32796812	32797176	2	2	1	2	0	29
chr6	32936834	32939371	1	1	1	0	4	3
chr6	32937130	32939371	1	1	1	0	4	3
chr6	32938211	32938527	1	1	1	1	0	6
chr6	32942543	32943160	1	1	1	0	1	3
chr6	32943947	32944026	1	1	1	1	0	28
chr6	32945783	32945902	1	1	1	5	0	13
chr6	33169691	33169848	1	1	1	4	0	13
chr6	33177908	33178934	1	1	1	5	0	20
chr6	33179780	33180074	1	1	1	1	0	14
chr6	33218765	33219294	2	2	1	0	1	1
chr6	33239900	33240404	1	1	1	10	0	18
chr6	33240504	33243573	1	1	1	0	5	19
chr6	33243844	33243952	1	1	1	5	0	22
chr6	33244045	33244167	1	1	1	10	18	28
chr6	33261694	33261810	2	2	1	2	0	17
chr6	33264554	33264808	2	2	1	2	0	11
chr6	33269549	33271731	2	2	1	0	1	1
chr6	33289752	33290638	2	2	1	7	0	3
chr6	33382322	33382501	1	1	1	7	0	3
chr6	33382607	33382731	1	1	1	10	0	5
chr6	33400030	33400461	1	1	1	2	0	6
chr6	33545413	33545574	2	2	1	0	1	2
chr6	33550596	33559924	1	1	0	0	1	31
chr6	33555648	33560773	2	2	1	0	2	2
chr6	33608332	33623542	1	1	1	1	0	20
chr6	33623665	33625708	1	1	1	4	0	19
chr6	33631658	33632646	1	1	1	3	0	9
chr6	33651946	33652133	1	1	1	2	0	29
chr6	33652243	33652374	1	1	1	6	0	26
chr6	33660671	33661321	1	1	1	3	0	24
chr6	33752205	33754510	2	2	1	4	0	19
chr6	34126314	34167912	2	2	0	0	1	22
chr6	34204741	34204980	1	1	1	5	0	1
chr6	34208660	34210488	1	1	1	2	0	13
chr6	34211296	34212607	1	1	1	0	2	26
chr6	34215270	34215517	2	2	1	0	2	2
chr6	34261313	34263417	2	2	1	5	0	5
chr6	34385325	34386145	2	2	1	3	5	5
chr6	34386202	34389506	2	2	1	3	0	5
chr6	34389585	34392445	2	2	1	12	24	24
chr6	34392618	34392848	2	2	1	0	3	18
chr6	34392999	34393808	2	2	1	3	0	20
chr6	34725732	34730371	1	1	1	5	0	29
chr6	35026455	35027923	1	1	1	0	3	5
chr6	35258160	35258417	1	1	1	0	3	5
chr6	35425378	35425692	1	1	1	1	0	22
chr6	35436217	35436575	1	1	1	1	0	32
chr6	35436805	35437157	1	1	1	6	0	23
chr6	35438129	35438356	1	1	1	2	0	12
chr6	35496691	36002757	2	2	0	0	5	26
chr6	35558998	35565024	2	2	1	5	0	11
chr6	35610621	35656580	2	2	1	4	0	28
chr6	35836888	35837258	2	2	1	4	0	18
chr6	35837679	35838057	2	2	1	1	0	1
chr6	35888306	35888820	2	2	1	0	1	4
chr6	36103639	36103795	1	1	1	0	1	6
chr6	36564746	36566625	1	1	1	0	6	3
chr6	36566761	36568928	1	1	1	6	0	22
chr6	36678407	36933277	2	2	0	0	4	29
chr6	36764733	37749427	1	1	0	0	5	13
chr6	36929751	36930710	1	1	1	0	3	3
chr6	36936751	36937814	2	2	1	5	0	19
chr6	36982481	36982667	1	1	1	0	1	3
chr6	37336995	37339287	1	1	1	5	0	15
chr6	37349131	37358517	1	1	1	0	3	3
chr6	37438854	37439622	1	1	1	1	0	10
chr6	37439681	37440194	1	1	1	3	0	29
chr6	37445416	37446184	1	1	1	1	0	2
chr6	37449947	37450302	0	0	0	4	0	32
chr6	38649878	38650583	2	2	1	6	0	10
chr6	38650652	38652149	2	2	1	12	0	12
chr6	39024270	39025247	1	1	1	0	1	3
chr6	41106465	41107593	1	1	1	0	2	3
chr6	41524340	42045771	1	1	0	0	4	20
chr6	41757075	41757305	1	1	1	7	0	20
chr6	41854285	41855011	2	2	1	0	2	3
chr6	41899569	41900098	1	1	1	3	0	18
chr6	42025252	42034049	1	1	1	4	0	6
chr6	42352625	43186036	2	2	0	0	5	31
chr6	42608009	42609319	1	1	1	0	2	6
chr6	42615909	42618021	1	1	1	4	0	5
chr6	42626059	42626383	1	1	1	2	0	23
chr6	42638454	42641528	1	1	1	1	0	7
chr6	42758125	43398262	1	3	0	4	0	19
chr6	42781373	42904387	2	2	0	0	3	24
chr6	42852489	42853993	1	1	1	2	0	15
chr6	42853822	42853993	1	1	1	1	0	16
chr6	42957427	42974200	1	1	1	8	0	17
chr6	42968071	43037077	1	1	0	0	2	29
chr6	42980360	42980663	2	2	1	2	0	28
chr6	43008485	43008652	2	2	1	0	7	1
chr6	43023357	43023634	2	2	1	3	0	30
chr6	43040703	43040960	1	1	1	4	0	8
chr6	43098400	43099753	1	1	1	0	2	1
chr6	43099903	43100158	1	1	1	3	0	16
chr6	43104003	43116726	1	1	0	0	3	28
chr6	43109556	43109668	1	1	1	4	0	15
chr6	43164004	43164382	1	1	1	0	2	4
chr6	43194134	43196998	2	2	1	3	0	14
chr6	43214507	43220476	1	1	1	0	1	1
chr6	43215844	43220476	1	1	1	0	1	1
chr6	43395438	43395705	1	1	1	6	0	13
chr6	43410898	43411670	1	1	1	1	0	17
chr6	43420874	43422148	2	2	1	0	1	4
chr6	43428981	43562949	2	2	0	0	8	15
chr6	43445971	43465618	1	1	1	5	0	7
chr6	43480054	43480177	2	2	1	2	0	11
chr6	43493660	43494422	2	2	1	3	0	11
chr6	43495944	43496565	2	2	1	4	0	22
chr6	43508080	43511600	1	1	0	1	0	20
chr6	43541339	43543496	2	2	1	6	0	14
chr6	43592800	43593099	2	2	1	2	0	10
chr6	44198627	44199100	1	1	1	1	0	7
chr6	44214870	44217539	0	0	0	5	0	32
chr6	44214933	44216366	1	1	1	2	0	32
chr6	44216514	44217113	1	1	1	4	0	6
chr6	44217572	44217757	1	1	1	7	0	26
chr6	44217892	44218027	1	1	1	10	5	27
chr6	44218337	44218784	1	1	1	1	0	6
chr6	44218951	44219154	1	1	1	2	0	22
chr6	44219346	44219473	1	1	1	12	0	32
chr6	44221116	44221225	1	1	1	3	1	6
chr6	44269004	44269117	2	2	1	1	0	5
chr6	44355606	44358004	1	1	1	5	0	32
chr6	44493138	44493939	1	1	1	0	1	4
chr6	44900501	44921046	2	2	1	4	0	19
chr6	45333039	45345504	2	2	1	1	0	17
chr6	46761205	46761288	1	1	1	0	1	4
chr6	47445985	47471015	1	1	1	3	0	17
chr6	48686418	49477829	2	2	0	6	0	15
chr6	49439897	49440502	1	1	1	2	0	24
chr6	51936988	51938260	2	2	1	0	1	6
chr6	51948054	51949679	2	2	1	0	1	6
chr6	52134025	52137098	2	2	1	4	0	24
chr6	52138155	52138539	2	2	1	11	0	28
chr6	52144398	52146842	2	2	1	1	0	12
chr6	52148205	52149394	2	2	1	3	0	26
chr6	52520471	52520697	2	2	0	0	5	19
chr6	52941342	52943596	1	1	1	6	0	10
chr6	53134069	53135390	2	2	1	4	0	26
chr6	53160506	53213614	2	2	1	4	0	9
chr6	53373510	53373973	2	2	1	2	0	27
chr6	56324066	56324928	2	2	1	3	0	9
chr6	56347676	56350109	2	2	1	4	0	28
chr6	56350270	56351901	2	2	1	2	0	4
chr6	56358979	56362176	2	2	1	0	1	8
chr6	56362306	56362653	2	2	1	3	0	8
chr6	56376199	56380247	2	2	1	1	0	8
chr6	56380467	56381995	2	2	1	1	0	21
chr6	56393724	56394245	2	2	1	5	0	32
chr6	56394573	56394771	2	2	1	1	0	9
chr6	56475361	56476305	2	2	1	1	0	10
chr6	56476395	56479153	2	2	1	5	0	19
chr6	56566764	56569077	2	2	1	4	0	24
chr6	56699368	56742244	2	2	0	0	1	17
chr6	56765420	56818582	2	2	1	7	0	27
chr6	56911720	56912110	1	1	1	4	0	31
chr6	57189079	57190722	1	1	1	3	0	23
chr6	64150808	64151097	1	1	1	0	2	6
chr6	64288435	64288802	1	1	1	6	0	26
chr6	69646573	69653721	1	1	1	0	1	1
chr6	69785931	69943181	1	1	1	0	1	3
chr6	70851969	70852658	1	1	1	1	0	18
chr6	70859938	70861288	1	1	1	0	1	7
chr6	70948582	71296748	2	2	0	0	4	21
chr6	71483129	71501391	1	1	1	1	0	24
chr6	71562368	71566561	1	1	1	6	0	24
chr6	71998874	72002995	1	1	1	6	0	2
chr6	73447755	73447785	1	1	0	1	0	22
chr6	74015613	74389588	2	2	0	0	6	18
chr6	74227658	74227752	2	2	1	13	8	22
chr6	74227988	74228076	2	2	1	0	9	11
chr6	74228334	74228420	2	2	1	11	5	24
chr6	74228572	74228654	2	2	1	9	7	29
chr6	74228952	74229059	2	2	1	2	2	30
chr6	74229240	74229605	2	2	1	5	6	32
chr6	74229242	74229610	1	1	0	2	0	18
chr6	74229780	74230722	2	2	1	9	5	32
chr6	74498336	74502348	1	1	1	0	1	3
chr6	75950102	75950891	2	2	1	1	0	4
chr6	75950982	75953432	2	2	1	3	0	17
chr6	76151565	76151613	2	2	0	0	1	20
chr6	76330457	76331247	1	1	1	1	0	4
chr6	76333677	76343296	1	3	1	3	0	28
chr6	76388409	76388526	1	1	1	4	0	28
chr6	79608016	79612708	1	1	1	0	1	4
chr6	79671528	79672813	2	2	1	6	0	21
chr6	79679891	79680497	2	2	1	2	0	25
chr6	79692835	79695068	2	2	1	0	1	1
chr6	79695146	79697925	2	2	1	1	0	20
chr6	79700703	79707130	2	2	1	1	0	24
chr6	80723280	80724179	1	1	1	0	1	4
chr6	81153256	81162873	1	1	1	0	1	4
chr6	82930431	82933156	2	2	1	4	0	24
chr6	83777499	83806643	1	1	1	0	2	4
chr6	83880198	83881655	2	2	1	0	2	3
chr6	84270667	84284728	2	2	1	0	1	4
chr6	84910624	84911454	2	2	1	4	0	15
chr6	84911486	84913698	2	2	1	3	0	19
chr6	86253025	86253322	2	2	1	0	1	3
chr6	86322639	86324698	2	2	1	7	0	29
chr6	86329136	86332199	2	2	1	0	2	5
chr6	86346862	86346960	2	2	1	0	6	27
chr6	86347075	86349938	2	2	1	0	2	10
chr6	86350283	86352514	2	2	0	3	0	24
chr6	86351170	86353467	2	2	1	0	2	3
chr6	86386910	86387141	2	2	1	1	0	20
chr6	86387907	86388411	2	2	1	5	0	32
chr6	87874123	87874275	2	2	0	2	0	26
chr6	87949751	87950031	0	0	0	0	3	32
chr6	87953330	87955220	1	1	1	1	0	23
chr6	88265224	88272419	2	2	1	0	1	8
chr6	88321967	88326031	1	1	1	5	0	32
chr6	88344680	88346124	1	1	1	0	1	11
chr6	88367737	88372720	1	1	1	6	0	16
chr6	88375552	88376735	1	1	1	2	0	4
chr6	88769307	88773816	1	1	1	0	2	2
chr6	89188618	89773278	1	1	0	0	8	15
chr6	89857759	90348846	1	1	0	0	4	24
chr6	89857759	90560520	1	1	0	0	4	24
chr6	89975485	89977397	2	2	1	0	3	7
chr6	90366521	90367927	2	2	1	3	0	22
chr6	90368090	90368328	2	2	1	2	0	6
chr6	90371959	90372510	2	2	1	1	0	15
chr6	90380800	90381918	2	2	1	1	0	8
chr6	90398528	90399588	2	2	1	2	0	14
chr6	90400554	90402161	2	2	1	0	6	3
chr6	90428750	90428854	2	2	1	1	0	1
chr6	90435116	90437551	2	2	1	2	0	32
chr6	90457190	90458941	2	2	1	4	0	8
chr6	90457299	90457324	0	0	0	3	0	32
chr6	90503927	90504295	2	2	1	2	0	11
chr6	90567176	90570430	0	0	0	3	0	32
chr6	96971168	96972257	1	1	1	0	1	2
chr6	96974312	96976377	1	1	1	3	0	20
chr6	96988532	96990769	1	1	1	2	0	27
chr6	99828218	99830883	2	2	1	0	7	2
chr6	99828218	99831573	2	2	1	0	7	2
chr6	99852579	99853906	2	2	1	3	0	25
chr6	99857221	99858616	2	2	1	4	0	6
chr6	99862567	99864224	2	2	1	1	0	22
chr6	99883723	99885121	2	2	1	1	0	13
chr6	99920176	99921396	2	4	0	1	0	31
chr6	100897325	100897466	2	2	1	1	0	27
chr6	100988264	101037509	2	2	1	4	0	25
chr6	102127881	102641042	0	0	0	0	7	31
chr6	105192486	105198215	2	2	1	3	0	2
chr6	105409419	105419988	1	1	0	0	4	29
chr6	105730458	105733360	2	2	1	6	0	17
chr6	105781381	105800846	2	2	1	0	4	2
chr6	106349367	106603799	2	2	0	0	6	21
chr6	106395430	106396493	2	2	0	0	6	14
chr6	106539559	106654428	1	1	0	0	8	24
chr6	107874580	107874614	2	2	0	1	0	16
chr6	107896572	107897162	0	0	0	4	0	30
chr6	108204351	108214685	2	2	1	1	0	9
chr6	108222722	108224047	2	2	1	2	0	15
chr6	108591259	108591512	1	1	0	0	1	26
chr6	108792875	109222530	1	1	0	0	6	30
chr6	109080749	109088198	1	1	1	0	3	7
chr6	109682992	109719237	1	1	0	0	2	32
chr6	109770987	109771172	2	2	1	2	0	19
chr6	110550180	110551156	1	1	1	5	0	9
chr6	111138710	111159489	1	3	0	0	1	26
chr6	111202017	111202905	0	0	0	5	0	30
chr6	111208795	111210059	1	1	1	2	0	10
chr6	111213407	111213501	1	1	1	3	0	24
chr6	111280456	111281616	1	1	1	3	0	24
chr6	111494729	111498414	1	1	1	0	2	4
chr6	111636585	111643771	2	2	1	0	1	4
chr6	111665247	111670420	2	2	1	0	2	4
chr6	111710414	111711288	2	2	1	2	0	22
chr6	112408510	112408612	2	2	1	1	0	28
chr6	114179024	114180858	1	1	1	2	0	31
chr6	114264671	114265443	2	2	1	5	0	4
chr6	114266635	114267171	2	2	1	2	0	9
chr6	114279931	114281069	2	2	1	5	0	21
chr6	116911568	116912050	1	1	1	7	0	6
chr6	117013320	117013455	1	1	1	1	0	29
chr6	117047040	117047657	1	1	1	6	0	3
chr6	118245290	118245321	1	1	0	0	1	31
chr6	119033770	119043239	2	2	0	0	5	17
chr6	119243252	119244975	2	2	1	7	0	8
chr6	119324788	119327611	2	2	1	1	0	13
chr6	121481250	121482093	2	2	1	0	2	6
chr6	121544499	121560215	2	2	1	0	1	4
chr6	121625980	121629121	2	2	1	0	3	2
chr6	122733627	122733781	1	1	1	2	0	19
chr6	122775376	122777625	2	2	1	2	0	1
chr6	123698888	123699010	2	2	1	1	1	6
chr6	124125400	124604150	1	1	1	1	0	11
chr6	124225258	124302128	2	4	0	4	0	31
chr6	125677574	126230928	2	4	0	4	0	30
chr6	127588190	127601375	1	1	1	0	1	3
chr6	128826326	128827138	1	3	1	6	0	10
chr6	129227700	129243772	1	1	0	0	1	24
chr6	130399780	130404764	1	1	1	3	0	14
chr6	130454767	130454987	1	1	1	1	0	2
chr6	131191267	131191467	2	2	1	0	1	7
chr6	131276458	131277133	2	2	1	4	0	11
chr6	131908983	131910600	2	2	1	0	1	6
chr6	132618457	132618925	2	2	1	0	1	7
chr6	133108721	133110902	2	2	1	0	2	1
chr6	133135753	133135870	1	1	1	7	0	14
chr6	133411209	133417648	1	1	1	0	1	7
chr6	133595952	133703529	1	1	1	1	0	30
chr6	133615604	133663580	1	1	0	0	5	13
chr6	133782319	133783472	1	1	1	5	0	7
chr6	133889387	134088534	2	2	1	0	2	4
chr6	134492871	134493330	2	2	1	2	1	4
chr6	135323981	135360710	2	2	1	4	0	18
chr6	136098944	136771825	1	3	0	7	0	15
chr6	136589478	136590574	2	2	1	0	3	12
chr6	136601015	136603377	2	2	0	3	0	20
chr6	136704920	136709530	2	2	1	5	0	13
chr6	136883754	136888768	2	2	1	1	0	16
chr6	136963708	136972121	2	2	1	1	0	27
chr6	137019821	137026247	2	2	1	3	0	16
chr6	137026272	137041587	2	2	1	3	0	7
chr6	137259018	137259574	1	1	0	0	1	22
chr6	138196173	138196824	1	1	1	0	1	6
chr6	138413406	138417490	2	2	1	0	4	26
chr6	138608322	138610954	1	1	1	0	1	4
chr6	138649280	138655106	1	1	1	2	0	15
chr6	138727289	138734016	1	1	1	2	0	27
chr6	139695090	139695400	2	2	1	0	1	2
chr6	143288579	143307181	2	2	1	0	2	2
chr6	143780354	143784052	1	1	1	0	1	4
chr6	143816985	143818525	2	2	1	2	0	25
chr6	144164618	144165622	1	1	1	10	0	31
chr6	144287350	144290043	2	2	1	0	1	3
chr6	144761608	144765416	1	1	1	4	0	30
chr6	144803525	144806520	1	1	1	2	0	11
chr6	144872219	144875823	1	1	1	3	0	12
chr6	145149992	145156915	1	1	1	2	0	8
chr6	145167964	145172124	1	1	1	1	0	15
chr6	146256578	146261858	2	2	1	1	0	29
chr6	146267478	146268628	2	2	1	2	0	12
chr6	148593514	148711269	1	1	1	0	1	3
chr6	148670445	148674036	0	0	0	6	0	31
chr6	148792640	148795245	1	1	1	3	0	4
chr6	148867283	148869430	1	1	1	2	0	9
chr6	150045834	150046697	2	4	0	1	0	28
chr6	150094306	150111089	1	1	1	6	0	13
chr6	150141840	150147399	2	2	1	0	1	5
chr6	150205592	150206720	1	1	1	0	1	4
chr6	150399506	150403709	1	1	0	0	1	29
chr6	151187186	151197225	1	1	1	1	0	28
chr6	151209118	151219995	1	1	1	1	0	3
chr6	151247432	151257939	1	1	1	2	0	10
chr6	151336117	151336651	1	1	1	3	0	6
chr6	151674888	151676861	1	1	1	1	0	13
chr6	151751313	151754289	2	2	1	2	0	22
chr6	152201907	152265307	1	1	1	0	2	3
chr6	152577901	152583166	2	2	1	0	2	2
chr6	152646438	152647447	2	2	1	0	1	8
chr6	153072095	153073302	1	1	1	0	3	6
chr6	155129336	155129819	1	1	1	2	0	32
chr6	155181558	155274710	1	1	0	0	11	25
chr6	155716709	155717942	2	2	1	0	1	2
chr6	157731992	157732797	2	2	0	0	3	19
chr6	157733744	157734864	2	2	0	3	0	17
chr6	157733914	157734083	2	2	0	0	5	13
chr6	157733914	157734185	2	2	0	0	5	13
chr6	157733914	157734253	2	2	0	0	5	13
chr6	157733914	157734287	2	2	0	0	5	13
chr6	157733914	157734355	2	2	0	0	5	13
chr6	157733914	157734389	2	2	0	0	5	13
chr6	157733914	157734456	2	2	0	0	5	13
chr6	157733914	157734490	2	2	0	0	5	13
chr6	157733914	157734524	2	2	0	0	1	24
chr6	157733914	157734728	2	2	0	0	5	13
chr6	157734084	157734524	2	2	0	0	1	24
chr6	157734084	157734592	2	2	0	0	1	12
chr6	157734084	157734864	2	2	0	0	1	12
chr6	158003160	158060568	2	2	0	0	2	26
chr6	158081339	158822219	2	2	0	0	4	13
chr6	158318031	158322929	1	1	1	1	0	18
chr6	158476061	158480288	1	1	1	1	0	11
chr6	158505207	158507886	1	1	1	2	0	32
chr6	158566396	158567813	2	2	1	0	2	3
chr6	158589428	158591501	1	1	1	5	0	6
chr6	158673522	158822219	2	2	0	0	4	13
chr6	158729676	158729929	2	2	0	0	1	26
chr6	158729676	158729978	2	2	0	0	1	26
chr6	158873301	158882594	1	1	1	1	0	20
chr6	158987660	158987773	1	1	0	0	1	23
chr6	159050852	159052354	1	1	1	2	0	14
chr6	159052422	159052841	1	1	1	1	0	18
chr6	159058927	159062350	2	2	1	10	0	31
chr6	159188545	159190357	2	2	1	4	0	21
chr6	159191927	159192275	2	2	1	13	0	21
chr6	159210404	159239113	2	2	1	4	0	19
chr6	160076892	160077759	1	1	0	0	2	18
chr6	160103671	160105885	2	2	1	7	0	14
chr6	160113896	160114176	2	2	1	2	0	30
chr6	160184086	160188036	1	1	1	3	0	7
chr6	160205100	160205697	2	2	1	6	0	4
chr6	160495008	160496878	1	1	1	9	0	23
chr6	160501308	160504981	1	1	1	2	0	14
chr6	160511136	160517470	1	1	1	0	2	2
chr6	161455482	161469647	1	1	1	2	0	25
chr6	161514089	161514804	1	1	1	3	0	10
chr6	161518209	161519309	1	1	1	0	1	2
chr6	166743078	166743648	2	2	1	1	0	20
chr6	166744896	166755906	2	2	1	0	1	7
chr6	168271179	168276014	1	1	0	2	0	28
chr6	168303067	168307850	1	1	1	0	1	1
chr6	168343875	168344081	1	1	1	1	0	2
chr6	168465738	168466578	2	2	1	2	0	7
chr6	169435156	169435667	2	2	1	0	2	6
chr6	170072493	170088912	2	2	1	0	7	2
chr6	170089109	170089222	2	2	1	1	0	26
chr6	170110488	170112481	2	2	1	4	0	5
chr6	170124398	170124515	2	4	0	0	1	12
chr6	170632348	170639536	1	1	1	2	0	24
chr6	170707567	170708227	1	1	0	0	1	25
chr6	170707684	170708227	1	1	0	0	1	25
chr6	170707879	170708227	1	1	0	0	1	25
chr6	170708033	170708615	1	1	0	0	1	27
chr6	170708033	170708847	1	1	0	0	1	27
chr6	170708694	170709196	1	1	0	0	3	29
chr6	170708887	170709196	1	1	0	0	3	29
chr6	170873721	170876005	1	1	1	0	1	6
chr6	170892836	170893386	2	2	1	6	0	25
chr7	679565	680162	1	1	0	0	2	23
chr7	797174	1544933	2	2	0	0	4	12
chr7	878624	881582	1	1	1	5	0	5
chr7	889241	889559	1	1	1	0	2	2
chr7	891681	892245	1	1	1	2	0	27
chr7	892590	893045	1	1	1	3	0	21
chr7	932056	933376	1	1	1	3	0	22
chr7	1239414	1248089	2	2	0	3	0	23
chr7	1298066	1446976	2	2	0	0	7	29
chr7	1512821	1513201	2	2	1	3	0	29
chr7	1518522	1519065	2	2	1	3	0	24
chr7	1519321	1519952	2	2	1	3	0	1
chr7	1522344	1523377	2	2	1	1	0	8
chr7	1524839	1524925	2	2	1	1	0	30
chr7	1532743	1533389	2	2	1	6	0	17
chr7	1542828	1543538	2	2	1	7	0	16
chr7	1543638	1543958	2	2	1	2	0	9
chr7	1731841	1731931	2	2	1	0	3	6
chr7	1910316	1910417	2	2	0	0	6	18
chr7	2262390	2265044	2	2	1	3	0	8
chr7	2307212	2342001	1	1	0	0	1	23
chr7	2317941	2376750	2	2	1	0	3	2
chr7	2395056	2400344	1	1	1	2	0	25
chr7	2404165	2405951	1	1	1	1	0	16
chr7	2412431	2414162	1	1	1	1	0	2
chr7	2414242	2415023	1	1	1	6	0	1
chr7	2418878	2419028	1	1	1	1	0	4
chr7	2587113	2593938	2	2	1	3	0	29
chr7	2671913	2686486	1	1	1	6	0	26
chr7	2985591	2987208	2	2	1	1	0	18
chr7	3078776	3252017	2	2	0	4	0	23
chr7	4011201	4014000	1	1	1	0	1	5
chr7	4051868	4056802	1	3	1	2	0	13
chr7	4285438	4304755	1	1	1	3	0	5
chr7	4753518	4926687	1	1	0	3	0	14
chr7	4780655	4794089	1	1	1	8	0	13
chr7	4801946	4804593	0	0	0	5	0	31
chr7	4827021	4916975	1	1	0	0	5	20
chr7	4839401	4839801	2	2	1	6	0	14
chr7	4845348	4854908	2	2	1	0	6	3
chr7	5024707	5079875	1	1	1	0	4	6
chr7	5347944	5348505	2	2	1	5	0	26
chr7	5360822	5363844	2	2	1	1	0	8
chr7	5395578	5418606	2	2	0	0	1	25
chr7	5395583	5439442	1	1	0	0	1	30
chr7	5402457	5410005	2	2	1	1	0	15
chr7	5410976	5417076	0	0	0	10	0	32
chr7	5417656	5427302	2	2	1	0	2	3
chr7	5430260	5434070	2	2	1	2	0	11
chr7	5461121	5463071	2	2	1	5	7	11
chr7	5567523	5567634	2	2	1	6	9	31
chr7	5567817	5567911	2	2	1	11	8	13
chr7	5568351	5568791	2	2	1	3	0	7
chr7	5569032	5569165	2	2	1	11	3	20
chr7	5569295	5570154	2	2	1	22	0	32
chr7	5749337	5771974	2	2	0	1	0	12
chr7	5751471	5752345	2	2	1	0	1	6
chr7	5754822	5756346	2	2	1	1	0	10
chr7	5769228	5770345	2	4	1	1	0	25
chr7	5778984	5780603	2	2	1	4	0	3
chr7	5792611	5800633	2	2	1	6	0	19
chr7	5878836	5879579	1	1	1	0	2	5
chr7	5940564	5941287	1	1	1	0	1	1
chr7	6042268	6043320	2	2	1	2	0	32
chr7	6057677	6062933	1	1	1	0	1	1
chr7	6080851	6082563	2	2	1	2	0	14
chr7	6094336	6098596	2	2	1	6	0	32
chr7	6154367	6356959	1	3	0	0	7	28
chr7	6237678	6293585	2	2	0	0	6	18
chr7	6331139	6357057	1	1	0	0	5	16
chr7	6426915	6431554	1	1	1	0	1	21
chr7	6452666	6456257	2	2	1	3	0	14
chr7	6455351	6493056	2	2	0	0	3	25
chr7	6505955	6509226	2	2	1	9	0	28
chr7	6566401	6570698	2	2	1	5	0	7
chr7	6862992	6863719	2	2	1	0	1	1
chr7	7893922	7900341	1	1	0	0	6	17
chr7	9493768	9905973	1	1	0	5	0	13
chr7	10978524	10979642	2	2	1	3	0	18
chr7	12270742	12271462	1	1	1	1	0	13
chr7	16650389	16655368	2	2	1	0	1	4
chr7	16676081	16685131	2	2	1	2	0	29
chr7	17915414	17929985	2	2	1	0	3	8
chr7	18684417	18687407	1	1	1	3	0	7
chr7	20259380	20260965	1	1	1	0	1	2
chr7	20782698	20784854	1	1	1	0	1	2
chr7	21770544	22199508	2	2	0	0	8	29
chr7	21946075	21946185	2	2	1	2	0	30
chr7	21951373	21956371	2	2	1	5	0	30
chr7	21956513	21985398	2	2	1	0	2	5
chr7	22015189	22050328	2	2	0	0	7	24
chr7	22875935	23059566	2	2	0	0	6	16
chr7	22881457	23059566	2	2	0	0	6	16
chr7	22893900	22896140	1	1	1	5	0	4
chr7	22896176	22896591	1	1	1	5	0	25
chr7	23018068	23023562	2	2	1	3	0	25
chr7	23145766	23157452	1	1	1	0	3	4
chr7	23146414	23157452	1	1	1	0	1	4
chr7	23353273	23357257	2	2	1	3	0	10
chr7	23547947	23549438	1	1	0	1	0	18
chr7	23556148	23561325	2	2	1	5	0	9
chr7	25163469	25163569	2	2	1	4	0	23
chr7	26232198	26232870	2	2	1	14	0	31
chr7	26232994	26233194	2	2	1	2	0	12
chr7	26233315	26235466	2	2	1	2	0	5
chr7	26235530	26236020	2	2	1	12	0	26
chr7	26236638	26236934	2	2	1	5	0	22
chr7	26237082	26237241	2	2	1	2	0	3
chr7	26242643	26245987	1	1	1	1	0	26
chr7	26842287	27025173	1	1	0	8	0	19
chr7	27179806	27191906	2	2	1	0	7	1
chr7	27181705	27182664	2	2	1	3	0	22
chr7	27281630	27282248	2	2	1	0	2	1
chr7	27827223	27831624	1	1	1	6	0	9
chr7	27867440	27868246	1	1	1	5	0	9
chr7	28026330	28026609	0	0	0	0	3	31
chr7	28969289	29182372	2	2	0	0	5	30
chr7	29103851	29105638	2	2	1	0	2	6
chr7	29111521	29111916	2	2	1	1	0	16
chr7	29162259	29165944	1	1	1	0	1	3
chr7	29519973	29535567	1	1	1	0	4	8
chr7	29773195	29781762	1	1	1	0	1	6
chr7	30402073	30405650	1	1	1	2	0	24
chr7	30492657	30494752	2	2	1	0	1	4
chr7	30616327	30618846	2	2	1	0	7	1
chr7	30618745	30618846	2	2	1	0	7	1
chr7	30671158	30671862	1	1	1	3	0	4
chr7	30818168	30821592	1	1	1	6	0	32
chr7	32110008	32110817	2	2	1	0	3	3
chr7	32545071	32924237	1	1	0	0	5	26
chr7	32620503	32623403	1	1	1	2	0	8
chr7	32660685	32662972	2	2	1	0	4	11
chr7	34994980	34997595	2	2	1	0	4	11
chr7	35121353	35129931	2	2	1	0	1	7
chr7	35159333	35161118	2	2	1	3	0	21
chr7	35244195	35271115	2	2	1	0	1	1
chr7	35674040	35674744	2	2	1	0	1	4
chr7	35709939	35712810	2	2	1	0	3	3
chr7	35919551	35922093	1	1	1	1	0	29
chr7	36124292	36300145	1	1	0	0	5	15
chr7	36193284	36193741	1	1	1	0	4	1
chr7	36436029	36438687	1	1	1	3	0	25
chr7	36446176	36447342	1	1	1	1	0	20
chr7	36455494	36456688	1	1	1	0	3	3
chr7	36460354	36461465	1	1	1	3	0	25
chr7	37678001	37692819	1	1	0	0	1	23
chr7	39821485	39822333	1	1	1	3	0	3
chr7	39831251	39831342	1	1	1	0	3	29
chr7	39844162	39929739	1	1	0	0	4	22
chr7	39844162	40321964	1	1	0	0	4	22
chr7	40132837	40133728	1	1	1	0	6	7
chr7	42963006	42964273	2	2	1	6	0	12
chr7	42964397	42966134	2	2	1	0	2	6
chr7	42964397	42966981	2	2	1	0	1	4
chr7	43654967	43758758	1	1	0	7	0	17
chr7	43798334	43810736	1	1	1	6	0	27
chr7	43929549	44856333	1	1	0	0	4	16
chr7	44005561	44005862	2	2	1	0	1	1
chr7	44027848	44029694	0	0	1	0	10	30
chr7	44031556	44034345	1	1	0	0	4	19
chr7	44031556	44039815	1	1	0	0	7	20
chr7	44053279	44054204	2	2	1	0	5	24
chr7	44096503	44097380	1	1	1	6	0	21
chr7	44250724	44251845	1	1	1	1	0	10
chr7	44606124	44607716	2	2	1	1	0	7
chr7	44608803	44609407	2	2	1	5	0	2
chr7	44609728	44610356	2	2	1	7	0	31
chr7	44612037	44612172	2	2	1	0	1	6
chr7	44797708	44798879	1	1	1	3	0	10
chr7	44799828	44800023	1	1	1	3	0	4
chr7	44801505	44802479	1	1	1	4	0	17
chr7	44804086	44804539	1	1	1	11	0	19
chr7	44836393	44838845	1	1	1	0	1	5
chr7	44838877	44838990	1	1	1	3	0	31
chr7	44839080	44839300	1	1	1	6	0	12
chr7	44839474	44840022	1	1	1	0	1	2
chr7	44839474	44840885	1	1	1	0	14	27
chr7	44882954	44887567	2	2	1	7	0	17
chr7	45039963	45103516	1	1	1	0	2	4
chr7	45113171	45113868	1	1	1	0	1	5
chr7	45140026	45140856	2	2	1	4	0	7
chr7	45140972	45141101	2	2	1	2	0	2
chr7	45144309	45145039	2	2	1	0	1	1
chr7	45148843	45151241	2	2	1	0	5	1
chr7	45148887	45151241	2	2	1	0	5	1
chr7	45632312	45851050	1	1	0	0	4	14
chr7	45632312	45852408	1	1	0	0	4	14
chr7	45821153	45822243	1	1	1	1	0	26
chr7	47344602	47384352	2	2	1	0	1	3
chr7	47463783	47467909	2	2	1	5	0	13
chr7	47467975	47474879	2	2	1	0	1	5
chr7	48128506	48128868	1	1	1	0	1	4
chr7	48887677	48888794	0	0	1	0	3	4
chr7	48963060	48964180	1	1	1	0	3	3
chr7	50136235	50143909	1	1	1	0	2	5
chr7	50686983	50694518	2	2	1	1	0	29
chr7	53658601	53673242	2	2	0	3	0	12
chr7	55219056	55220238	1	1	1	5	0	10
chr7	55242514	55248985	1	1	1	3	0	9
chr7	55809179	55809202	1	1	0	13	0	32
chr7	55809576	55809979	2	2	0	0	1	29
chr7	55809850	55809979	2	2	0	0	6	32
chr7	56000694	56196126	1	1	0	0	3	18
chr7	56062682	56065058	1	1	1	1	0	6
chr7	56126396	56127236	1	1	1	3	0	13
chr7	56130449	56130705	1	1	1	0	1	9
chr7	56435064	56438533	1	1	0	0	2	21
chr7	56435064	56439831	1	1	0	0	2	21
chr7	56435064	56441125	1	1	0	0	2	21
chr7	56435064	56442422	1	1	0	0	2	21
chr7	56435308	56440803	2	2	0	0	6	31
chr7	56435308	56442047	2	2	0	0	4	32
chr7	56436031	56436905	2	2	0	0	6	32
chr7	56436031	56439359	2	2	0	0	6	32
chr7	56436031	56440657	2	2	0	0	6	32
chr7	56436031	56441950	2	2	0	0	6	32
chr7	56436033	56436762	2	2	0	0	7	29
chr7	56438110	56439407	2	2	0	0	2	32
chr7	56438110	56440705	2	2	0	0	2	32
chr7	56438208	56442047	2	2	0	0	4	32
chr7	56438290	56439505	2	2	0	0	3	27
chr7	56438290	56440803	2	2	0	0	3	27
chr7	56438290	56442096	2	2	0	0	3	27
chr7	56439165	56439831	1	1	0	0	2	21
chr7	56439165	56441125	1	1	0	0	2	21
chr7	56439165	56442422	1	1	0	0	2	21
chr7	56439457	56440803	2	2	0	0	6	31
chr7	56439506	56442047	2	2	0	0	4	32
chr7	56439588	56440803	2	2	0	0	3	27
chr7	56439588	56442096	2	2	0	0	3	27
chr7	56440463	56441125	1	1	0	0	2	21
chr7	56440463	56442422	1	1	0	0	2	21
chr7	56440755	56440803	2	2	0	0	6	31
chr7	56440804	56442047	2	2	0	1	0	32
chr7	56441757	56442422	1	1	0	0	2	21
chr7	56448624	56455099	2	2	0	3	0	24
chr7	56828236	57419417	2	2	0	0	4	22
chr7	56850823	57849745	1	1	0	4	0	17
chr7	57051064	57053759	1	1	0	0	1	21
chr7	57076019	57076652	1	1	1	0	1	1
chr7	62900567	63765494	2	2	0	0	5	18
chr7	62993142	63285679	2	2	0	4	0	12
chr7	63024570	63765494	2	2	0	0	5	18
chr7	63040566	63040668	0	0	1	0	3	6
chr7	63051283	63053977	2	2	0	0	1	21
chr7	63174765	63282757	0	0	0	3	0	30
chr7	64532626	64533818	1	1	1	1	0	12
chr7	64722542	64782939	1	1	0	0	2	14
chr7	64793460	65323307	2	2	0	0	6	21
chr7	65214077	65256458	2	2	0	0	6	24
chr7	65338246	65338335	1	1	0	0	6	21
chr7	65338270	65338335	1	1	0	0	1	22
chr7	65475059	65676353	1	1	0	0	4	30
chr7	65547924	65548063	1	1	1	2	0	8
chr7	65595175	66381299	2	2	0	0	6	14
chr7	65959013	65960241	1	1	1	0	2	6
chr7	66006688	66006973	1	3	0	3	0	18
chr7	66019825	66038371	2	2	1	2	0	14
chr7	66119614	66133750	1	1	1	0	2	5
chr7	66131687	66131965	2	2	0	7	0	27
chr7	66326450	67304725	1	1	0	0	4	16
chr7	66359006	66361541	1	1	0	6	0	16
chr7	66723228	66723378	0	0	0	3	0	30
chr7	69088930	69092547	0	0	0	4	0	32
chr7	69782033	69900737	1	1	1	0	4	2
chr7	70163607	70227855	1	1	1	5	0	11
chr7	70174443	71139757	0	0	0	5	0	30
chr7	70182138	70315416	2	4	0	0	4	32
chr7	70233055	70236201	1	1	1	0	7	3
chr7	70282909	70380377	2	2	0	0	5	26
chr7	71012388	71428538	2	2	0	7	0	25
chr7	71710539	71736982	1	1	0	0	1	21
chr7	72214355	73088552	2	2	0	0	4	31
chr7	72400650	72409128	1	1	1	1	3	7
chr7	72420031	72420384	2	2	1	1	4	29
chr7	72440606	72441266	1	1	1	0	2	4
chr7	72440651	72450473	2	2	1	0	2	26
chr7	72442941	72471448	2	2	0	0	1	19
chr7	72473661	72474167	2	2	1	0	6	9
chr7	72474254	72476215	2	2	1	0	11	31
chr7	72476698	72479969	1	1	0	0	6	25
chr7	72476698	72507945	1	1	0	0	6	25
chr7	72486947	72507940	1	1	0	0	4	20
chr7	72489818	72517383	1	3	0	0	2	14
chr7	72608768	72609675	1	1	1	0	2	27
chr7	72671752	72685253	1	1	0	0	2	21
chr7	72718406	72718743	2	2	1	0	7	27
chr7	72742696	72743362	1	1	1	0	2	4
chr7	72869885	72945540	1	1	0	4	0	16
chr7	72986366	72987173	2	2	1	0	1	1
chr7	73010603	73010693	2	2	1	4	0	14
chr7	73010810	73011194	2	2	1	1	0	8
chr7	73105343	73106925	1	1	1	2	0	11
chr7	73111847	73111934	1	1	1	0	2	4
chr7	73123453	73133931	2	2	1	6	0	25
chr7	73235445	73284910	2	2	0	0	4	23
chr7	73511520	73513361	1	1	1	0	2	7
chr7	73602129	73604002	1	1	1	0	2	1
chr7	73609209	73609498	1	1	1	1	0	9
chr7	73654426	73657475	2	2	1	5	0	24
chr7	74072395	74103457	1	1	1	0	1	2
chr7	74113426	74114576	1	1	1	2	0	16
chr7	74120765	74125362	1	1	1	1	0	3
chr7	74137637	74298754	0	0	1	1	0	15
chr7	74162454	74163361	1	1	1	0	2	27
chr7	74208887	75129042	1	1	0	0	8	13
chr7	74212605	74216325	2	2	1	0	2	1
chr7	74231822	74235601	2	2	0	0	1	32
chr7	74240546	74406841	2	2	0	0	4	27
chr7	74249572	74284334	2	2	0	0	3	23
chr7	74300330	74300539	2	2	1	0	1	8
chr7	74303921	74304432	2	2	1	0	6	9
chr7	74304519	74306508	2	2	1	0	11	31
chr7	74482606	74486453	2	2	1	1	0	4
chr7	74491897	74526683	1	1	0	0	3	23
chr7	74559786	74563499	1	1	1	0	2	1
chr7	74612762	74613669	2	2	1	0	2	27
chr7	74714648	74921878	2	2	0	0	4	20
chr7	74714648	74949900	2	2	0	0	4	20
chr7	74714648	74977921	2	2	0	0	4	20
chr7	74928917	74988197	2	2	0	0	6	25
chr7	74928922	74949900	2	2	0	0	4	20
chr7	74928922	74977921	2	2	0	0	4	20
chr7	74947526	74975048	2	4	0	0	2	14
chr7	74956942	74988197	2	2	0	0	6	25
chr7	74956947	74977921	2	2	0	0	4	20
chr7	74984925	74988197	2	2	0	0	6	25
chr7	74988679	74990643	1	1	1	0	11	31
chr7	74990730	74991241	1	1	1	0	6	9
chr7	74993458	75021956	1	1	0	0	1	19
chr7	74994623	74994832	1	1	1	0	1	8
chr7	75014433	75024246	1	1	1	0	2	26
chr7	75023631	75024291	2	2	1	0	2	4
chr7	75024778	75028199	1	1	1	0	1	3
chr7	75044513	75044869	1	1	1	0	7	27
chr7	75055736	75066792	2	2	1	0	3	7
chr7	75104455	75113474	2	2	1	2	0	11
chr7	75127923	75128968	0	0	0	3	0	32
chr7	75145154	75145419	2	2	1	0	1	1
chr7	75211468	75216070	2	2	1	1	0	20
chr7	75358902	75881185	0	0	0	0	4	32
chr7	75544528	75583306	1	1	1	0	1	4
chr7	75697602	75907544	2	2	0	0	4	23
chr7	76053773	76059876	2	2	0	0	1	28
chr7	76179179	76180736	1	1	1	0	4	29
chr7	76648315	76669267	1	1	0	0	4	20
chr7	76950137	76950649	2	2	1	0	1	4
chr7	77256993	77261664	1	1	1	7	0	28
chr7	77531238	77538109	1	1	1	1	0	15
chr7	78852481	79070154	1	1	0	0	4	14
chr7	79973032	80561069	1	1	0	0	4	13
chr7	80465917	80480742	2	2	0	0	1	19
chr7	80569347	80648453	1	1	0	0	4	23
chr7	83026046	83029343	2	2	1	1	0	6
chr7	86795922	86800310	1	1	1	3	0	5
chr7	87165858	87168583	2	2	1	5	0	22
chr7	87797543	87800858	1	1	1	3	0	6
chr7	87800877	87810819	1	1	1	3	0	18
chr7	87846507	87848173	2	2	1	1	4	6
chr7	89841360	89845808	1	1	1	0	4	4
chr7	89927145	89929180	1	1	1	1	0	22
chr7	89970914	89971558	1	1	1	1	0	8
chr7	90707858	91557084	1	1	0	0	6	32
chr7	91659306	91660825	1	1	1	2	0	7
chr7	91699521	91700218	1	1	1	6	0	3
chr7	91706322	91707009	1	1	1	1	0	8
chr7	91714255	91714808	1	1	1	2	0	23
chr7	91732141	91734991	1	1	1	5	0	18
chr7	91746527	91747833	2	2	1	0	2	3
chr7	91761187	91763486	2	2	1	6	0	12
chr7	92090725	92092271	1	1	1	1	0	5
chr7	92129153	92130820	2	2	1	3	0	17
chr7	92296815	92297203	1	1	0	1	0	31
chr7	92300850	92354939	2	2	1	0	2	7
chr7	94139530	94146871	1	1	1	0	2	1
chr7	94285893	94292645	1	1	1	1	0	21
chr7	95668734	95685079	1	1	1	0	4	6
chr7	95818987	95820420	2	2	1	0	1	6
chr7	95822496	95838149	2	2	1	4	0	5
chr7	96318279	96324109	2	2	1	5	0	22
chr7	97484772	97486001	2	2	1	3	0	29
chr7	97488268	97488524	2	2	1	0	4	1
chr7	97490444	98347922	2	2	0	4	0	26
chr7	97498418	97499089	2	2	1	0	2	5
chr7	97788738	97800852	1	1	1	1	0	9
chr7	97833019	97833255	1	1	1	0	1	2
chr7	97972479	98020790	1	1	0	0	3	27
chr7	97974793	98168220	2	2	0	0	6	19
chr7	98108075	98108401	2	2	1	0	2	3
chr7	98491505	98493386	1	1	1	3	0	13
chr7	98493444	98495363	1	1	1	3	0	14
chr7	98508231	98508699	1	1	1	1	0	13
chr7	98509837	98513345	1	1	1	6	0	6
chr7	98534901	98535272	1	1	1	3	0	27
chr7	98545964	98546188	1	1	1	5	0	21
chr7	98551057	98552720	1	1	1	1	0	25
chr7	98559098	98559924	1	1	1	5	0	22
chr7	98564786	98565107	1	1	1	1	0	9
chr7	98574700	98575833	1	1	1	3	0	9
chr7	98575947	98576391	1	1	1	2	0	1
chr7	98588243	98589759	1	1	1	5	0	19
chr7	98734477	98950490	1	1	0	0	4	32
chr7	98777447	98806127	2	2	0	1	0	16
chr7	98931041	98933075	1	1	1	0	1	4
chr7	98931041	98935803	1	1	1	2	0	21
chr7	99060014	99062208	2	2	0	0	2	15
chr7	99084587	99096338	2	2	1	0	1	5
chr7	99102784	99103627	1	1	1	0	1	6
chr7	99156641	99158155	1	1	1	3	0	1
chr7	99381481	99611701	2	2	0	0	4	18
chr7	99507284	99515394	2	2	0	8	0	22
chr7	99527342	99541597	1	3	1	0	1	7
chr7	99600766	99794201	1	1	0	0	3	24
chr7	99688573	99688660	1	1	1	1	0	27
chr7	99688954	99689042	1	1	1	2	0	16
chr7	99689144	99689271	1	1	1	1	0	7
chr7	99690757	99690914	2	2	1	2	0	15
chr7	99691025	99691795	2	2	1	10	0	21
chr7	99693094	99693396	2	2	1	2	0	4
chr7	99695008	99695236	2	2	1	6	0	19
chr7	99697377	99697636	2	2	1	4	0	16
chr7	99769549	99769709	2	2	1	2	0	23
chr7	99772389	99773829	2	2	1	2	0	28
chr7	99831298	99869460	2	2	1	6	0	32
chr7	99915201	99966308	2	2	0	0	13	17
chr7	100029313	100030541	1	1	1	2	0	4
chr7	100172928	100173327	2	2	1	4	0	17
chr7	100175364	100175444	2	2	1	4	0	14
chr7	100190698	100197293	2	2	1	0	3	3
chr7	100275284	100275374	1	1	1	7	0	10
chr7	100280854	100280926	2	2	1	1	0	32
chr7	100283105	100283596	2	2	1	5	0	25
chr7	100285507	100285603	2	2	1	7	0	17
chr7	100414980	100416141	2	2	1	7	0	11
chr7	100421554	100421824	2	2	1	5	0	15
chr7	100421896	100424600	2	2	1	4	0	18
chr7	100450462	100451777	1	1	1	0	5	5
chr7	100453460	100454489	1	1	1	2	0	12
chr7	100457855	100458759	1	1	1	2	0	17
chr7	100459207	100459358	1	1	1	3	0	4
chr7	100465611	100465729	1	1	1	6	0	16
chr7	100466489	100467991	1	1	1	7	0	32
chr7	100472950	100473193	1	1	1	9	0	16
chr7	100479035	100479279	1	1	1	1	0	14
chr7	100481861	100481988	1	1	1	1	0	6
chr7	100482460	100482543	1	1	1	0	3	6
chr7	100482662	100482833	1	1	1	5	0	18
chr7	100485481	100485662	0	0	1	0	1	2
chr7	100485765	100485877	1	1	1	2	0	12
chr7	100616350	100624650	1	1	1	0	1	6
chr7	100658572	100660695	2	2	1	0	3	1
chr7	100696429	100696619	1	1	1	0	1	8
chr7	100785305	101326320	2	2	0	0	4	21
chr7	100852239	100853373	2	2	1	5	0	3
chr7	100859608	100859690	2	2	1	5	0	22
chr7	100861499	100865884	1	1	1	5	0	3
chr7	100883185	100883422	2	2	1	1	0	22
chr7	100883529	100884110	2	2	1	1	0	17
chr7	101002097	101002638	2	2	0	0	1	27
chr7	101067619	101326320	2	2	0	0	4	21
chr7	101273023	101359916	2	2	0	0	3	15
chr7	101273023	101392358	2	2	0	6	0	16
chr7	101273023	101423210	2	2	0	0	4	15
chr7	101273023	101618497	2	2	0	0	6	16
chr7	101273023	101684369	2	2	0	5	0	16
chr7	101273023	101694901	2	2	0	0	4	15
chr7	101273023	101921819	2	2	0	4	0	13
chr7	101273023	102083433	2	2	0	0	6	16
chr7	101273031	101352232	2	2	0	0	3	22
chr7	101460341	101460487	2	2	0	1	0	23
chr7	101511240	102169674	2	2	0	0	4	31
chr7	101511240	102268761	2	2	0	0	4	31
chr7	101704449	102111623	2	2	0	0	4	24
chr7	101837171	101838786	1	1	1	7	0	30
chr7	101882865	101891691	1	1	1	7	0	27
chr7	101952909	101957644	0	0	1	0	3	4
chr7	101960970	101961765	1	1	1	3	0	25
chr7	102004358	102006420	1	1	0	1	0	28
chr7	102004859	102006420	1	1	1	0	4	29
chr7	102016397	102016658	1	1	1	0	1	1
chr7	102100158	102105160	2	2	1	0	3	4
chr7	102110094	102110188	1	1	1	5	0	5
chr7	102114983	102116627	2	2	1	0	3	20
chr7	102141241	102141542	2	2	1	0	1	1
chr7	102152429	102158092	2	2	1	0	1	2
chr7	102180539	102181539	2	2	1	0	5	28
chr7	102182110	102183971	2	2	1	0	14	29
chr7	102184380	102185099	0	0	0	0	6	31
chr7	102184534	102184773	0	0	0	0	9	31
chr7	102185855	102188606	1	1	0	0	4	19
chr7	102185855	102287700	1	1	0	0	4	19
chr7	102187324	102284468	0	0	0	4	0	30
chr7	102207531	102208456	2	2	1	0	5	24
chr7	102208632	102210281	2	2	1	0	3	20
chr7	102240402	102240703	2	2	1	0	1	1
chr7	102251590	102257071	2	2	1	0	1	2
chr7	102273989	102275101	1	1	0	4	0	20
chr7	102279647	102280650	2	2	1	0	5	28
chr7	102281221	102283076	2	2	1	0	14	29
chr7	102283485	102284192	0	0	0	0	6	31
chr7	102283639	102283867	0	0	0	0	9	31
chr7	102284946	102287700	1	1	0	0	4	19
chr7	102306611	102307536	2	2	1	0	5	24
chr7	102307712	102309361	2	2	1	0	3	20
chr7	102723032	102805742	2	4	0	3	0	15
chr7	102815859	102825884	2	2	1	5	1	11
chr7	102939156	102939889	1	1	1	2	0	23
chr7	102939977	102940624	1	3	1	1	0	11
chr7	102940755	102944288	1	1	1	1	0	9
chr7	102956536	102957276	2	2	1	6	0	25
chr7	102960126	102960202	2	2	1	6	0	8
chr7	102994406	102995314	1	1	1	3	0	13
chr7	102995397	102996140	1	1	1	6	0	23
chr7	103008063	103008159	1	1	1	4	0	26
chr7	103037465	103132198	2	2	0	0	4	27
chr7	103048399	103050831	2	2	1	0	1	6
chr7	103131277	103132399	2	2	1	0	2	6
chr7	103276916	103280989	2	2	1	1	0	9
chr7	104527043	104565051	2	2	0	0	3	24
chr7	104722245	104730455	1	1	1	4	0	16
chr7	104974415	104974573	1	3	0	0	1	29
chr7	105029150	105029237	2	2	1	0	1	4
chr7	105121625	105122758	2	2	1	1	0	10
chr7	105168993	105273969	0	0	0	0	4	32
chr7	105172805	105173270	1	1	1	7	0	30
chr7	105516327	105516823	2	2	1	4	0	20
chr7	106506222	106507994	1	1	1	0	1	5
chr7	106768741	106781291	1	1	1	1	0	5
chr7	106791469	106793621	1	1	1	8	0	14
chr7	107002866	107013039	2	2	1	5	0	25
chr7	107188778	107194729	2	2	1	3	0	32
chr7	107342503	107344775	1	1	1	0	1	1
chr7	107546814	107555950	1	1	1	1	0	27
chr7	107557908	107558368	1	1	1	2	0	32
chr7	107559545	107559638	1	1	1	3	0	13
chr7	107564835	107566627	2	2	1	0	1	3
chr7	107603509	107604996	2	2	1	5	0	6
chr7	107643417	107643555	2	2	1	1	0	7
chr7	107748265	107749615	2	2	1	0	3	3
chr7	107799987	107800805	2	2	1	0	3	1
chr7	111383862	111383898	2	2	0	0	3	18
chr7	111422981	111423912	2	2	1	1	0	11
chr7	111424009	111424152	2	2	1	2	0	4
chr7	112095923	112096056	1	1	1	5	0	26
chr7	112097822	112098915	1	1	1	0	1	5
chr7	112724947	112726376	2	2	1	0	1	5
chr7	116166443	116166578	1	1	1	1	0	4
chr7	116546397	116550286	1	1	1	2	0	4
chr7	116770661	116771938	1	1	1	2	0	16
chr7	120496888	120497286	2	2	1	0	2	4
chr7	120496888	120497873	2	2	1	10	0	28
chr7	120498043	120498287	2	2	1	1	0	4
chr7	120613298	120614781	1	1	1	4	0	32
chr7	121023065	121036215	2	2	1	0	3	15
chr7	121757012	121758360	2	2	1	3	0	20
chr7	121883979	122361458	2	2	0	0	5	32
chr7	121943366	121943702	2	2	1	0	2	3
chr7	122821156	122826749	2	2	1	0	2	5
chr7	123349278	123388671	2	2	1	3	0	12
chr7	124467360	124475332	2	2	1	0	2	6
chr7	127031670	127032312	2	2	1	0	1	3
chr7	127341378	127342488	1	1	1	3	0	31
chr7	127345000	127347610	1	1	1	1	0	20
chr7	127347702	127361340	1	1	1	1	0	26
chr7	127970982	127973343	2	2	1	3	0	7
chr7	127979376	127979686	2	2	1	1	0	5
chr7	128035088	128035184	2	2	1	0	4	4
chr7	128041171	128043759	2	2	1	9	0	11
chr7	128118506	128118729	0	0	0	5	0	31
chr7	128128216	128133857	1	1	1	0	1	26
chr7	128171583	128171735	2	4	0	3	0	25
chr7	128173785	128214773	1	1	1	0	1	30
chr7	128216707	128217156	2	2	0	0	6	17
chr7	128256025	128257921	1	1	1	4	0	22
chr7	128263836	128265850	1	1	1	7	0	5
chr7	128266585	128269447	1	1	1	0	2	11
chr7	128269513	128278827	1	1	0	5	0	22
chr7	128272994	128881312	1	1	0	0	4	16
chr7	128364296	129265755	2	2	0	0	4	32
chr7	128388859	128394315	1	1	1	2	0	10
chr7	128399907	128407509	1	1	1	1	0	23
chr7	128431606	128432323	1	1	1	1	0	5
chr7	128531333	128531504	2	2	1	0	2	2
chr7	128806748	128807239	1	1	1	1	0	23
chr7	128846211	128846304	1	1	1	2	0	1
chr7	129093189	129093982	1	1	1	1	0	1
chr7	129098292	129098552	1	1	1	2	0	28
chr7	129339917	129695942	1	1	0	0	8	12
chr7	129570084	129609442	2	2	0	0	4	21
chr7	129570084	129698860	2	2	0	0	4	21
chr7	129570084	130314868	2	2	0	0	4	21
chr7	129596615	130523147	2	2	0	0	8	17
chr7	129623411	130523147	2	2	0	0	8	17
chr7	129685329	129691060	2	2	1	0	2	7
chr7	129813570	129813664	2	2	1	3	0	24
chr7	129813780	129815351	2	2	1	4	0	1
chr7	129843687	129843813	2	2	1	6	0	15
chr7	130137855	130138009	1	1	1	0	3	1
chr7	131096143	131099403	1	1	1	8	0	24
chr7	132790251	132891916	2	4	0	7	0	27
chr7	132937944	132959736	1	1	1	4	0	7
chr7	133160228	133164803	1	1	1	6	0	18
chr7	133682387	133689664	1	1	1	2	0	8
chr7	133979832	133981142	2	2	1	0	3	5
chr7	134576425	134613504	1	1	1	0	1	6
chr7	134645380	134650056	1	1	1	8	0	15
chr7	134717734	134718899	1	1	1	0	1	2
chr7	135080636	135082920	2	2	1	0	2	1
chr7	135276349	135277734	1	1	1	3	0	21
chr7	135277941	135279294	1	1	1	3	0	20
chr7	135292870	135293353	1	3	0	6	0	26
chr7	135386509	135387592	2	2	1	4	0	7
chr7	135387633	135390343	2	2	1	4	0	18
chr7	135614761	135635346	2	2	1	3	0	18
chr7	137080444	137082122	2	2	1	0	1	2
chr7	137597115	137597736	2	2	0	3	0	21
chr7	138210103	138213860	1	1	1	1	0	7
chr7	138391463	138394368	2	2	1	0	2	4
chr7	138424657	138444957	1	1	0	0	1	29
chr7	138589828	138591664	2	2	1	6	0	28
chr7	138745885	138749624	2	2	1	1	0	10
chr7	138822686	138824635	1	1	1	1	0	23
chr7	138854099	138862959	1	1	1	0	1	3
chr7	138936804	138943233	1	1	1	3	0	6
chr7	138959291	138959805	2	2	0	0	1	30
chr7	139045069	139060807	1	1	1	2	0	17
chr7	139047336	139047921	1	1	0	3	0	17
chr7	139060903	139083344	1	1	1	3	0	5
chr7	139223467	140189966	1	3	0	0	10	26
chr7	139299240	139305146	2	2	1	1	0	20
chr7	140082397	140098215	2	2	1	3	0	27
chr7	140508796	140534408	2	2	1	7	0	22
chr7	141364855	141364986	2	2	1	3	0	5
chr7	141374021	141385277	2	2	1	5	0	19
chr7	141443790	141445295	1	1	1	1	0	9
chr7	141539248	141540815	2	2	1	0	1	2
chr7	141607669	141629576	1	1	1	0	1	4
chr7	142104416	142104504	2	2	1	0	1	6
chr7	142124429	142124516	2	2	1	0	1	6
chr7	142162226	142162314	2	2	1	0	1	6
chr7	142180810	142180901	2	2	1	0	1	6
chr7	142574337	142574491	2	2	1	0	2	7
chr7	142625962	142626116	2	2	1	0	2	7
chr7	142897017	142907593	1	1	0	0	4	30
chr7	143001027	143001766	1	1	1	4	0	7
chr7	143078503	143079340	1	1	1	0	2	3
chr7	143533363	143533732	2	2	1	0	3	7
chr7	143971215	143971838	2	2	1	0	2	16
chr7	144071983	144072606	1	1	1	0	2	16
chr7	144071983	144074212	1	1	1	0	7	7
chr7	148396122	148427053	1	1	1	0	7	3
chr7	148483692	148484080	1	1	1	1	0	2
chr7	148485767	148486841	1	1	1	1	0	16
chr7	148514484	148514968	2	2	1	2	0	2
chr7	148515210	148516687	2	2	1	3	1	3
chr7	148666308	148786521	2	2	0	0	4	27
chr7	148684289	148684315	1	1	0	1	4	24
chr7	148702467	148702988	2	2	1	9	0	29
chr7	148883589	148912525	2	2	0	1	0	18
chr7	148895845	148903787	1	1	1	0	3	1
chr7	148898093	148901904	0	0	0	4	0	30
chr7	148947640	148947771	1	1	1	0	3	1
chr7	149133918	149148089	2	2	1	0	2	6
chr7	149206820	150152161	1	1	0	0	4	27
chr7	149250108	149255698	2	2	1	3	0	5
chr7	149420048	149420824	1	1	1	0	1	4
chr7	149500215	149500314	1	1	1	0	1	3
chr7	149716617	150152161	1	1	0	0	4	27
chr7	149839713	150016391	1	1	0	0	7	22
chr7	150035529	150035703	2	2	1	0	2	7
chr7	150066958	150068319	1	1	1	1	0	7
chr7	150219706	150954643	2	2	0	0	7	14
chr7	150384176	150386576	1	1	1	0	2	6
chr7	150444536	150444537	0	0	1	1	1	2
chr7	150498655	150499302	1	1	1	0	11	5
chr7	150725698	150729930	1	1	1	0	4	4
chr7	150725698	150730691	1	1	1	4	0	16
chr7	150731516	150731591	1	1	1	3	0	28
chr7	150748407	150748896	1	1	1	5	0	8
chr7	150762054	150763603	1	1	1	4	0	14
chr7	150767434	150767543	1	1	1	7	0	24
chr7	150774868	150774965	2	2	1	0	1	4
chr7	150812729	150813879	1	1	1	0	1	3
chr7	150813939	150814181	1	1	1	5	0	9
chr7	150814270	150814457	1	1	1	1	0	5
chr7	150815720	150817073	1	1	1	3	0	31
chr7	150840684	150840823	1	1	1	9	0	9
chr7	150891451	150891602	2	2	1	1	0	5
chr7	151538539	151539084	1	1	0	0	1	30
chr7	151538666	151539084	1	1	0	0	1	30
chr7	151539379	151539678	1	1	0	0	5	26
chr7	151539444	151539678	1	1	0	0	5	26
chr7	151539466	151539553	1	1	0	0	5	17
chr7	151917821	151919085	2	2	1	1	0	14
chr7	151921702	151927007	2	2	1	0	3	12
chr7	151947039	151947937	2	2	1	6	0	19
chr7	152055761	152132710	2	2	1	3	0	16
chr7	152197816	152416974	2	2	0	0	11	14
chr7	152199226	152201105	2	2	0	0	4	17
chr7	152233981	152265580	1	1	0	0	1	23
chr7	152243354	152416974	2	2	0	0	11	14
chr7	152291212	152340703	2	2	0	0	1	29
chr7	154739484	154739607	1	1	1	0	1	1
chr7	154746134	154747238	2	2	1	4	0	10
chr7	154795845	154796050	1	1	0	1	0	22
chr7	155436299	155436907	2	2	1	2	0	1
chr7	155593292	155598989	2	2	1	1	0	7
chr7	156500839	156502666	0	0	0	3	0	32
chr7	156529310	156549086	2	2	1	0	1	6
chr7	156589187	156619298	2	2	1	4	0	25
chr7	156619439	156626446	2	2	1	3	0	28
chr7	156629580	156685621	2	2	1	1	0	16
chr7	156743419	156745167	1	1	1	2	0	30
chr7	157000250	157000396	1	1	1	0	3	1
chr7	157036293	157036370	1	3	0	4	0	12
chr7	157059497	157060068	0	0	0	6	0	30
chr7	157142462	157248314	2	2	0	0	6	12
chr7	157142462	157284357	2	2	0	0	6	12
chr7	157160178	157174939	1	1	1	0	3	25
chr7	158109625	158282426	2	2	1	0	2	8
chr7	158438312	158439151	2	2	1	2	0	31
chr7	158473509	158475991	2	2	1	8	0	15
chr7	158482646	158483259	2	2	1	5	0	13
chr7	158494630	158497414	2	2	1	1	0	16
chr7	158536370	158540884	2	2	1	0	3	2
chr7	158552839	158554186	2	2	1	3	0	22
chr7	158716425	158718877	1	1	1	4	0	13
chr7	158851270	158889525	2	2	1	0	1	5
chrX	205537	207314	1	1	1	0	10	11
chrX	224548	228085	2	2	1	0	4	26
chrX	303041	303661	2	2	0	0	3	13
chrX	384199	891603	2	2	0	0	5	20
chrX	384206	760449	1	1	0	0	5	27
chrX	568757	1374510	2	2	0	0	4	18
chrX	1464328	1467323	1	1	1	0	2	7
chrX	1508621	1510791	2	2	1	0	1	13
chrX	1535356	1535377	1	3	0	0	3	16
chrX	1713118	1714276	1	1	1	0	2	26
chrX	2530260	2533856	1	1	1	0	1	18
chrX	2644415	2656240	1	1	1	0	11	24
chrX	8538746	8553307	2	2	1	8	0	10
chrX	9652229	9656056	1	1	1	0	1	2
chrX	9660543	9858342	1	1	0	0	10	15
chrX	9887606	10513237	1	1	0	0	4	26
chrX	9912954	9914710	1	1	1	0	1	6
chrX	10102637	10104672	1	1	1	0	1	4
chrX	10788988	11576720	1	3	0	0	8	16
chrX	11725512	11725720	0	0	0	0	8	32
chrX	11776893	11777911	1	1	1	0	1	5
chrX	12164365	12249282	2	4	0	2	0	30
chrX	13627640	13634497	1	1	0	1	0	29
chrX	13738617	13752162	2	2	1	0	3	6
chrX	13754798	13756964	1	1	1	0	6	14
chrX	14876077	14877303	2	2	1	1	1	6
chrX	16876973	16881077	2	2	1	5	0	22
chrX	16887344	16888160	2	2	1	6	0	26
chrX	17764219	17767519	1	1	1	2	0	21
chrX	17767625	17768013	1	1	1	2	0	1
chrX	17770087	17771377	1	1	1	6	0	21
chrX	18198771	18209120	2	2	1	0	2	3
chrX	18383542	18384572	2	2	0	1	0	21
chrX	18911774	18912321	2	2	1	3	0	24
chrX	18919722	18920909	2	2	1	0	2	1
chrX	18919722	18920935	2	2	1	0	2	1
chrX	18919722	18923875	2	2	1	0	2	1
chrX	18927053	18928989	2	2	1	1	0	11
chrX	18944706	18947345	2	2	1	1	0	14
chrX	18959794	18961827	2	2	1	2	0	6
chrX	19700500	20154384	2	2	0	4	0	30
chrX	19984768	20009025	2	2	0	3	0	13
chrX	20152126	20153855	2	2	1	0	3	15
chrX	20183080	20185706	2	2	1	0	1	5
chrX	20183179	20185706	2	2	1	5	0	15
chrX	20193407	20194367	2	2	1	0	2	6
chrX	20212387	20213182	2	2	1	9	0	2
chrX	20258724	20284681	2	2	1	7	0	20
chrX	21990690	21995178	1	1	1	0	5	12
chrX	22003342	22010714	1	1	1	4	3	14
chrX	22010831	22012429	1	1	1	0	2	7
chrX	22189762	22190062	2	2	1	0	4	4
chrX	23331789	23921271	1	1	0	0	4	17
chrX	23751335	23761241	2	2	1	0	3	5
chrX	23816203	23839216	2	2	0	0	1	21
chrX	23883508	23921271	1	1	0	0	4	17
chrX	24078300	24080532	1	1	1	1	4	26
chrX	24148244	24180267	2	2	0	0	1	19
chrX	24546304	24549773	1	1	1	2	0	15
chrX	24733321	24734478	1	1	1	2	0	8
chrX	24734572	24735406	1	1	0	1	0	14
chrX	24745189	24745898	1	1	1	3	0	25
chrX	27835820	27839374	1	1	1	0	2	3
chrX	30686236	30695491	1	1	1	0	1	24
chrX	30812862	30813213	2	4	0	0	1	26
chrX	37651313	37658207	1	1	1	0	1	6
chrX	37887340	38301405	1	1	0	0	4	28
chrX	37984760	37985840	1	1	1	5	0	8
chrX	39911654	39913138	2	2	1	1	0	4
chrX	39930944	39931601	2	2	1	4	0	3
chrX	40858160	40884454	1	1	0	0	1	29
chrX	41010311	41012200	1	1	1	1	0	21
chrX	41043362	41043685	0	0	0	13	0	32
chrX	41069936	41073820	1	1	1	0	1	1
chrX	41204578	41204656	1	1	1	4	0	13
chrX	41205876	41206111	1	1	1	1	0	14
chrX	41495915	41519691	2	2	1	1	0	12
chrX	41712481	41782182	2	2	1	8	0	21
chrX	44386612	44397712	2	2	1	2	0	12
chrX	44614391	44630668	2	2	0	0	1	23
chrX	44901932	44901960	1	1	0	0	5	20
chrX	44901932	44901988	1	1	0	0	5	20
chrX	44901960	44901988	1	1	0	0	5	20
chrX	45050763	45050995	2	2	1	0	4	1
chrX	47002144	47003871	2	2	1	1	0	27
chrX	47041266	47041349	1	1	1	6	0	10
chrX	47050350	47058201	1	1	1	11	0	14
chrX	47058319	47058446	1	1	1	4	0	12
chrX	47058506	47058607	1	1	1	6	0	17
chrX	47059014	47060292	1	1	1	1	2	16
chrX	47060400	47060674	1	1	1	7	0	11
chrX	47062614	47062939	1	1	1	3	0	10
chrX	47065513	47065646	1	1	1	5	0	24
chrX	47065844	47069021	1	1	1	4	0	13
chrX	47069523	47070240	1	1	1	2	0	10
chrX	47074037	47074192	1	1	1	2	0	5
chrX	47077449	47077811	1	1	1	0	1	2
chrX	47086499	47086579	1	1	1	10	0	17
chrX	47099850	47099985	1	1	1	5	0	28
chrX	47107099	47107191	1	1	1	2	0	8
chrX	47496452	47498677	2	2	1	0	3	1
chrX	47919593	47919828	2	2	1	0	4	6
chrX	48091077	48424993	1	3	0	6	0	25
chrX	48110146	48469847	0	0	0	4	0	30
chrX	48370324	48370713	1	1	1	0	5	6
chrX	48435498	48435852	1	1	1	1	0	19
chrX	48445847	48950302	2	2	0	0	4	22
chrX	48457851	48457974	1	1	1	2	0	19
chrX	48651705	48652540	1	1	1	0	2	2
chrX	48661624	48663844	1	1	1	0	2	3
chrX	48673148	48673240	1	1	1	1	0	17
chrX	48673459	48673790	1	1	1	1	0	4
chrX	48751294	48751379	2	2	1	1	0	7
chrX	48754142	48755006	2	2	1	7	0	10
chrX	48755298	48755774	1	1	1	3	0	26
chrX	48759320	48759509	1	1	1	3	0	19
chrX	48791886	48791983	2	2	1	1	0	31
chrX	48844292	48844532	2	2	1	5	0	7
chrX	48846416	48847096	2	2	1	8	0	25
chrX	48855712	48855849	2	2	1	2	0	6
chrX	48925627	48926079	1	1	1	0	1	1
chrX	48933413	48933524	2	2	1	1	0	22
chrX	49029831	49030681	1	1	1	1	0	12
chrX	49070730	49071545	2	2	1	0	1	2
chrX	49435380	49456647	1	1	0	2	0	28
chrX	49962246	49963307	2	2	1	2	4	2
chrX	50146596	50147046	2	2	1	0	2	6
chrX	50165525	50167245	2	2	1	0	5	4
chrX	50589926	50599721	1	1	0	0	1	23
chrX	50844293	50844402	2	2	1	0	2	4
chrX	52857192	52858238	2	2	1	0	9	3
chrX	52931323	53433105	1	1	0	0	5	16
chrX	53094855	53139121	1	1	0	1	3	13
chrX	53114049	53114135	1	1	1	3	0	13
chrX	53138702	53433105	1	1	0	0	5	16
chrX	53222819	53222954	2	2	1	0	2	2
chrX	53222819	53222963	2	2	1	3	2	17
chrX	53245380	53246324	2	2	1	1	0	8
chrX	53408009	53409152	2	2	1	10	0	4
chrX	53410175	53421697	2	2	1	5	0	29
chrX	53423538	53426510	2	2	1	2	0	29
chrX	53426653	53430497	2	2	1	1	0	10
chrX	53432082	53432176	2	2	1	1	0	4
chrX	53432605	53432702	2	2	1	2	0	9
chrX	53436201	53436351	2	2	1	1	0	3
chrX	53439204	53439849	2	2	1	6	0	13
chrX	53448991	53449440	2	2	0	5	0	20
chrX	53566042	53566617	2	2	1	5	2	4
chrX	53566774	53569403	2	2	1	4	0	16
chrX	53569501	53570801	2	2	1	0	2	2
chrX	53573787	53574633	2	2	1	4	0	3
chrX	53578442	53579271	2	2	1	2	0	2
chrX	53584389	53585615	2	2	1	1	0	13
chrX	53588886	53589071	2	2	1	9	0	28
chrX	53589206	53589791	2	2	1	7	0	5
chrX	53598381	53600308	0	0	0	5	0	30
chrX	53604028	53607790	2	2	1	10	0	16
chrX	53607987	53610517	2	2	1	1	0	25
chrX	53610877	53611145	2	2	1	1	0	20
chrX	53611306	53611971	2	2	1	4	0	31
chrX	53622364	53627077	2	2	1	4	0	7
chrX	53644408	53651555	2	2	1	3	0	5
chrX	53654467	53654689	2	2	1	8	0	4
chrX	53657987	53658365	2	2	1	3	0	9
chrX	53659517	53661187	2	2	1	3	0	31
chrX	53674518	53675154	2	2	1	3	0	6
chrX	53707140	53710818	2	2	1	8	0	16
chrX	53992720	53993000	0	0	0	0	3	31
chrX	54028695	54029027	2	2	1	1	0	1
chrX	54043170	54044093	2	2	1	1	0	7
chrX	54459136	54493930	1	3	0	0	4	13
chrX	54545534	54548368	1	1	0	0	4	27
chrX	54556736	54558952	1	1	1	0	1	3
chrX	54556853	54558952	1	1	1	1	0	7
chrX	54578408	54578724	1	1	1	7	0	17
chrX	55028063	55028683	1	1	1	1	0	8
chrX	55101548	55102466	1	1	1	0	2	4
chrX	56760024	56760154	0	0	0	3	0	30
chrX	56966036	56976875	1	1	0	0	2	25
chrX	61685540	61697879	1	1	0	0	1	25
chrX	61710221	61720505	1	1	0	0	1	25
chrX	61712278	61720505	1	1	0	0	1	25
chrX	61717858	61724024	1	1	0	0	6	25
chrX	62771207	62774627	0	0	0	3	0	32
chrX	63548781	63551436	2	2	1	0	2	6
chrX	64406087	64406388	0	0	1	0	1	2
chrX	64744495	64744844	2	2	1	8	0	13
chrX	68260109	68947893	0	0	0	0	4	30
chrX	69507681	69507966	2	2	1	4	0	12
chrX	69563833	69572449	1	1	1	3	0	2
chrX	69572507	69573471	1	1	1	3	0	6
chrX	69712134	69712370	1	1	1	3	0	19
chrX	69925662	69939723	1	1	0	0	1	24
chrX	70146029	70146376	2	2	1	0	1	5
chrX	70353063	70354206	1	1	1	4	0	32
chrX	70357794	70360484	1	1	1	0	1	8
chrX	70463831	70464151	2	2	1	2	0	13
chrX	70465949	70466202	2	2	1	5	0	25
chrX	70503572	70504246	1	1	1	8	0	21
chrX	70503572	70510478	1	1	1	1	0	24
chrX	70504304	70510478	1	1	1	1	0	8
chrX	70511772	70514076	1	3	1	0	6	1
chrX	70511823	70514076	1	1	1	1	0	11
chrX	70516898	70517226	1	1	1	5	0	21
chrX	70517312	70517685	1	1	1	15	1	32
chrX	70517789	70518318	1	1	1	7	0	15
chrX	70518667	70519791	1	1	1	0	4	24
chrX	70595137	70596799	1	1	1	5	0	12
chrX	70597672	70598084	1	1	1	5	0	3
chrX	70604900	70607110	1	1	1	1	0	15
chrX	70753187	70756027	1	1	1	10	0	4
chrX	71492623	71493081	2	2	1	3	3	24
chrX	71493240	71493650	2	2	1	3	0	23
chrX	71493823	71494902	2	2	1	3	0	25
chrX	71495001	71495393	2	2	1	5	1	23
chrX	71495575	71496006	2	2	1	18	0	10
chrX	71496085	71497042	2	2	1	9	0	13
chrX	71822124	71822968	2	2	1	0	2	2
chrX	71829554	71830877	2	2	1	0	1	2
chrX	71932780	71933650	2	2	1	0	5	24
chrX	71975367	72506675	1	1	0	0	4	27
chrX	73042030	73061266	1	1	0	0	1	14
chrX	73042052	73045949	2	2	1	0	12	2
chrX	73047820	73048902	2	2	1	4	0	19
chrX	73049067	73050900	2	2	1	13	0	30
chrX	73051042	73053072	2	2	1	0	8	2
chrX	73051110	73051204	2	2	1	0	6	1
chrX	73051110	73053072	2	2	1	28	6	32
chrX	73053210	73057274	2	2	1	4	11	24
chrX	73057339	73061216	2	2	1	24	0	25
chrX	73177905	73219020	1	3	0	1	0	21
chrX	74280166	74282162	2	2	1	0	3	3
chrX	74554435	74555329	1	1	0	0	1	19
chrX	76778880	76812921	2	2	1	3	0	16
chrX	76909691	76912049	2	2	1	1	0	28
chrX	76946419	76949312	2	2	1	0	1	4
chrX	77126423	77130924	2	2	1	3	0	12
chrX	77131095	77150805	2	2	1	4	0	13
chrX	77373668	77378331	1	1	1	1	0	3
chrX	77380923	77381286	1	1	1	5	0	8
chrX	77388946	77392411	2	2	1	4	0	23
chrX	77426916	77426997	0	0	1	0	2	6
chrX	79991588	79999530	2	2	1	1	0	13
chrX	80061370	80076212	1	1	0	0	1	21
chrX	80064804	80064939	2	2	1	0	1	1
chrX	84510808	84519280	1	1	1	4	0	17
chrX	84523348	84525008	1	1	1	5	0	15
chrX	96213148	96220091	1	1	1	1	0	22
chrX	96815723	96828890	2	2	0	0	1	27
chrX	100085857	100086503	1	1	1	5	0	5
chrX	100102053	100144867	2	4	0	5	0	24
chrX	100188346	100191404	2	2	0	0	2	25
chrX	100505570	100505905	1	1	1	0	4	5
chrX	100542534	100546211	2	2	1	0	1	4
chrX	100646553	100646742	1	1	1	18	1	31
chrX	100646811	100650322	1	1	1	0	2	11
chrX	100650446	100650715	1	1	1	0	5	14
chrX	102840553	102841146	1	1	1	2	0	23
chrX	106062004	106064106	1	1	1	4	0	26
chrX	106359997	106361995	2	2	1	10	0	9
chrX	107454971	107457341	2	2	1	3	0	25
chrX	107457459	107462927	2	2	1	4	0	20
chrX	107821614	107823762	1	1	1	5	0	14
chrX	108281210	108297616	2	2	0	0	4	24
chrX	109352375	109388025	1	1	1	1	0	19
chrX	109441863	109444181	2	2	1	0	2	3
chrX	110435847	110437528	1	1	1	0	2	1
chrX	110441792	110746078	0	0	0	4	0	32
chrX	110980310	110996017	1	1	1	1	0	6
chrX	111024998	111308176	2	2	0	4	0	26
chrX	111139325	111139634	1	1	1	0	1	4
chrX	114803288	114911233	1	1	0	0	6	14
chrX	114881994	114882212	1	1	1	2	0	6
chrX	117079539	117250470	2	2	1	3	0	14
chrX	117086243	117100749	2	2	0	0	5	26
chrX	117086243	117206169	2	2	0	0	5	26
chrX	117109436	117565354	2	2	0	0	6	14
chrX	117531070	117532349	1	1	1	3	0	25
chrX	117748739	117749562	1	1	1	7	0	28
chrX	117962923	118037688	2	2	0	0	2	17
chrX	118370655	118377113	1	1	1	0	2	5
chrX	118374428	118377113	1	1	1	3	0	7
chrX	118602590	118603623	1	1	1	2	0	15
chrX	118604477	118604863	1	1	1	4	0	28
chrX	118708945	118709337	1	1	1	1	0	10
chrX	118709364	118715469	1	1	1	1	0	14
chrX	118726477	118739693	2	2	1	1	0	14
chrX	118763472	118774654	2	2	1	0	4	6
chrX	118923975	118925536	2	2	1	0	8	20
chrX	118985565	118985729	2	2	1	1	0	1
chrX	119037550	119053873	1	1	1	0	2	7
chrX	119590625	119602960	2	2	1	9	0	4
chrX	119738103	119739261	1	1	1	1	0	12
chrX	122735190	122747902	2	2	1	0	1	3
chrX	122748041	122753251	2	2	1	7	2	28
chrX	122753288	122754038	2	2	1	0	2	1
chrX	122753288	122754757	2	2	1	5	2	22
chrX	122774474	122778425	2	2	1	8	0	20
chrX	123035384	123036782	0	0	0	4	0	30
chrX	123181356	123182854	1	1	1	7	0	29
chrX	123191828	123195073	1	1	1	1	0	8
chrX	123195725	123196751	1	1	1	2	0	6
chrX	123229300	123234423	1	1	1	3	0	1
chrX	123262478	123262556	2	2	0	5	0	15
chrX	128624170	128625917	2	2	1	0	4	5
chrX	128626071	128630726	2	2	1	1	0	30
chrX	128681266	129010090	1	3	0	0	4	32
chrX	129055564	129058770	1	1	1	0	4	1
chrX	129060316	129063311	1	1	1	0	4	3
chrX	129088855	129089019	0	0	0	4	0	32
chrX	129115760	129139163	1	1	1	0	1	7
chrX	129267431	129270019	2	2	1	7	0	11
chrX	129281852	129283443	2	2	1	6	0	3
chrX	129394440	129402735	2	2	1	2	0	28
chrX	129474328	129479155	1	1	1	2	0	3
chrX	129782201	130114315	1	1	0	5	0	24
chrX	129854270	129854315	0	0	0	3	0	32
chrX	130420438	130420578	2	2	1	0	1	4
chrX	130890738	130902576	2	2	1	1	0	4
chrX	131339616	131348161	2	2	1	4	0	6
chrX	131351185	131351305	2	2	1	4	0	6
chrX	131351835	131351943	2	2	1	4	0	15
chrX	133250013	133723543	1	1	0	0	4	21
chrX	133594369	133607388	1	1	1	6	0	26
chrX	133607496	133609210	1	1	1	6	0	7
chrX	133609395	133620494	1	1	1	3	0	19
chrX	133738606	133739610	1	1	1	0	1	3
chrX	133927924	133930137	2	2	1	2	0	9
chrX	134033983	134049211	2	2	1	0	1	5
chrX	134038679	134047191	1	1	0	0	5	26
chrX	135328501	135333447	2	2	1	1	0	13
chrX	135586623	135591249	1	1	1	3	0	5
chrX	135957745	135958661	2	2	1	6	4	28
chrX	135957745	135961175	2	2	1	0	4	1
chrX	135967005	135991055	2	2	0	0	2	20
chrX	138865427	138867384	2	2	1	2	0	11
chrX	138880514	138880837	2	2	1	3	0	15
chrX	139771684	139773639	2	4	0	0	1	24
chrX	139836036	140082612	1	1	0	0	5	29
chrX	139866438	139866621	1	1	0	3	0	26
chrX	140270594	140271077	2	2	1	0	5	6
chrX	140388493	140389514	1	1	0	5	0	27
chrX	140403275	141056015	2	2	0	0	5	17
chrX	140579750	140675647	1	1	0	0	5	29
chrX	147014283	147018022	1	1	1	4	0	15
chrX	147015060	147018022	1	1	1	5	0	28
chrX	147018133	147018984	1	1	1	1	0	16
chrX	147022182	147024650	1	1	1	10	0	8
chrX	147024847	147026388	1	1	1	5	0	32
chrX	148610767	148610903	2	2	1	0	2	3
chrX	148619705	148620256	2	2	1	0	2	1
chrX	148619705	148620609	2	2	1	0	2	1
chrX	149102122	149102222	2	2	1	6	0	7
chrX	149109105	149110007	1	1	1	0	2	1
chrX	149109458	149110007	1	1	1	0	2	1
chrX	149775525	149775700	2	2	0	4	0	29
chrX	149905253	149905713	1	1	1	4	0	4
chrX	150127289	150142819	1	1	0	0	3	24
chrX	150152065	150154067	1	1	1	1	0	17
chrX	150154664	150155600	1	1	1	7	0	10
chrX	151877490	151877943	2	2	1	0	2	2
chrX	151927538	151927991	1	1	1	0	2	2
chrX	152138029	152138986	1	1	1	1	0	1
chrX	152721107	152721722	2	2	1	0	1	1
chrX	152721225	152721722	2	2	1	0	1	1
chrX	152957563	152958495	1	1	1	4	0	29
chrX	152969550	152980996	2	2	1	6	0	9
chrX	153063592	153063783	1	1	1	4	0	21
chrX	153151432	153152416	1	1	1	0	2	8
chrX	153186263	153186549	2	2	1	6	0	12
chrX	153197885	153197991	2	2	1	3	0	21
chrX	153208487	153208997	2	2	1	0	1	3
chrX	153215995	153216263	2	2	1	5	0	12
chrX	153216939	153217039	2	2	1	2	0	19
chrX	153218410	153219057	2	2	1	5	0	17
chrX	153221863	153222075	2	2	1	0	1	3
chrX	153222985	153223232	2	2	1	1	0	15
chrX	153223701	153224019	2	2	1	1	3	15
chrX	153225866	153226992	2	2	1	2	0	19
chrX	153227758	153228675	2	2	1	5	0	10
chrX	153229736	153230028	2	2	1	4	0	25
chrX	153273700	153720460	1	1	0	0	8	17
chrX	153285050	153285127	2	2	1	1	0	10
chrX	153577934	153578016	2	2	1	2	0	4
chrX	153578236	153578398	2	2	1	1	0	30
chrX	153580390	153580548	2	2	1	5	0	19
chrX	153581293	153581368	2	2	1	8	0	10
chrX	153581573	153581663	2	2	1	2	0	3
chrX	153581826	153581921	2	2	1	3	0	27
chrX	153583441	153585618	2	2	1	2	0	6
chrX	153585643	153585801	2	2	1	2	0	24
chrX	153585992	153586566	2	2	1	1	0	27
chrX	153587775	153587851	2	2	1	3	0	15
chrX	153588274	153588357	2	2	1	1	0	26
chrX	153590947	153591028	2	2	1	4	0	13
chrX	153592741	153592893	2	2	1	3	0	19
chrX	153593628	153593716	2	2	1	8	0	32
chrX	153593855	153594391	2	2	1	2	0	28
chrX	153596107	153596209	2	2	1	8	0	13
chrX	153607927	153608049	1	1	1	1	0	24
chrX	153609163	153609241	1	1	1	2	0	19
chrX	153610975	153731916	2	2	0	0	6	27
chrX	153626736	153626837	1	1	1	15	3	19
chrX	153626884	153627678	1	1	1	11	0	19
chrX	153627738	153627827	1	1	1	1	0	3
chrX	153627936	153628143	1	1	1	4	0	9
chrX	153628283	153628804	1	1	1	4	7	28
chrX	153628968	153629042	1	1	1	3	0	20
chrX	153631183	153631282	2	2	1	2	0	25
chrX	153633425	153633774	2	2	1	0	1	1
chrX	153657521	153660175	1	1	1	1	0	12
chrX	153661318	153661980	1	1	1	6	0	27
chrX	153662067	153662553	1	1	1	3	0	6
chrX	153663852	153664027	1	1	1	4	0	28
chrX	153665646	153666868	1	1	1	3	0	21
chrX	153677303	153677568	1	1	1	4	0	24
chrX	153678668	153678771	1	1	1	5	0	5
chrX	153689979	153690467	1	1	1	1	0	6
chrX	153694614	153694718	1	1	1	0	6	3
chrX	153706751	153707066	2	2	1	1	0	26
chrX	153740736	153741146	2	2	1	1	0	7
chrX	153764394	153774250	2	2	1	6	0	29
chrX	153775961	153780202	1	1	1	4	0	27
chrX	153994274	153994490	1	1	1	3	0	27
chrX	155251811	155251987	1	1	1	0	4	3
chrX	155252205	155252363	1	1	1	0	2	1
chr8	370449	381340	1	1	1	0	3	1
chr8	1200573	1208850	1	1	1	0	4	6
chr8	1869085	1957532	1	1	0	1	2	28
chr8	1873571	1876592	1	1	1	1	0	8
chr8	2020590	2021418	1	1	1	1	0	13
chr8	2054189	2054280	1	1	1	0	1	1
chr8	3566014	3611451	2	2	1	0	1	4
chr8	6299678	6301913	1	1	1	0	1	1
chr8	8818765	8819957	1	1	1	0	2	6
chr8	10982328	10983267	0	0	1	0	3	3
chr8	11157658	11162349	1	1	1	0	2	7
chr8	11667360	11679258	1	1	1	6	0	26
chr8	11705662	11706554	2	2	1	4	0	24
chr8	12412152	12471243	0	0	0	3	0	31
chr8	12417141	12453110	1	1	0	0	1	28
chr8	12589367	12592794	2	2	1	2	0	6
chr8	12594274	12594408	2	2	1	4	1	2
chr8	14390625	14440138	1	1	0	1	0	25
chr8	15519806	15531255	1	1	1	4	0	10
chr8	17090047	17092224	2	2	1	4	0	21
chr8	17532762	17533517	2	2	1	1	0	3
chr8	17813163	17814112	1	1	1	1	0	14
chr8	17819684	17820609	1	1	1	4	0	3
chr8	17869337	17871472	1	1	1	5	0	11
chr8	17882963	17883052	1	1	1	1	0	14
chr8	17919877	17924728	2	2	1	0	3	4
chr8	18730244	18793543	2	2	1	0	2	5
chr8	19682484	19683936	1	1	1	9	0	12
chr8	19682484	19687916	1	1	1	0	3	1
chr8	19684071	19687916	1	1	1	0	3	1
chr8	20074836	20075663	1	1	1	4	0	10
chr8	21988566	21990775	2	2	1	3	0	8
chr8	22041010	22042049	0	0	0	4	0	32
chr8	22052433	22052974	1	1	1	4	0	5
chr8	22389820	22390433	1	1	1	2	0	4
chr8	22463345	22463597	1	1	1	4	0	32
chr8	22465579	22470529	1	1	1	0	1	4
chr8	22473426	22473524	1	3	1	4	0	3
chr8	22476009	22476129	1	1	1	5	0	10
chr8	22887235	22888271	2	2	1	1	0	8
chr8	23012493	23021298	2	2	1	4	0	3
chr8	23146667	23147378	1	1	1	3	0	2
chr8	23425892	23428847	1	1	1	5	0	12
chr8	25042467	25101189	1	1	1	2	0	22
chr8	25177193	25178495	1	1	1	0	6	1
chr8	25183064	25189766	1	1	1	1	0	24
chr8	25200024	25202990	1	1	1	3	0	19
chr8	25246749	25247721	1	1	1	1	0	5
chr8	25250399	25253058	1	1	1	4	0	24
chr8	26212150	26217684	1	1	1	1	0	7
chr8	26290623	26290990	0	0	1	0	4	7
chr8	26367194	26371331	2	2	1	2	0	13
chr8	27312129	27315810	1	1	1	0	1	4
chr8	27399060	27401265	1	1	1	1	0	21
chr8	27444626	27446461	1	1	1	0	1	7
chr8	27457527	27461807	2	2	1	1	0	24
chr8	27646496	27649479	1	1	1	6	0	25
chr8	27951167	27954735	1	1	1	0	2	3
chr8	28113199	29097322	1	1	0	4	0	23
chr8	28183773	29024124	1	1	0	4	0	23
chr8	28207674	28209011	2	2	1	1	0	5
chr8	28304325	28309436	1	1	0	0	4	26
chr8	28465276	28535602	1	1	1	0	1	3
chr8	28469878	28549317	1	3	0	0	10	28
chr8	28748537	28821327	1	1	1	2	0	7
chr8	28998135	28999673	2	2	1	2	0	5
chr8	29004058	29004908	2	2	1	3	0	4
chr8	29927576	29931392	2	2	1	3	0	8
chr8	30612305	30614281	1	1	1	2	0	30
chr8	30690840	30694318	2	2	1	4	0	23
chr8	32463202	32472031	1	1	1	0	1	2
chr8	32600252	32611889	1	1	1	0	1	8
chr8	33361091	33361265	2	2	1	6	0	8
chr8	37444075	37674356	2	2	0	0	4	32
chr8	37594197	37595425	1	1	1	1	0	25
chr8	37985977	37986275	1	1	1	2	0	2
chr8	38110646	38111073	1	1	1	0	1	2
chr8	38137200	38139017	2	2	1	0	4	3
chr8	38147024	38147992	2	2	1	2	0	19
chr8	38262979	38311791	1	1	0	1	0	12
chr8	38332479	38375747	2	4	0	0	4	32
chr8	38840075	38840471	1	1	1	0	1	3
chr8	40140345	40185992	2	4	0	5	0	30
chr8	40700340	41647709	1	3	0	4	0	31
chr8	40912628	41092507	1	3	0	0	5	18
chr8	41263574	42166064	2	2	0	5	0	32
chr8	41513273	41519318	2	2	1	0	1	7
chr8	41559141	41559569	2	2	1	1	0	4
chr8	41812930	41832221	2	2	1	2	0	5
chr8	41830969	42681598	2	2	0	0	4	32
chr8	41948812	42564998	2	2	0	0	5	31
chr8	42062044	42105397	1	1	0	0	3	26
chr8	42260980	42262384	1	1	1	0	6	19
chr8	42322391	42322422	1	3	0	4	0	28
chr8	42349100	42447949	0	0	0	3	0	31
chr8	42375661	42962716	2	2	0	0	9	21
chr8	42924403	42960949	1	1	0	3	0	28
chr8	43002207	43013717	1	1	1	0	1	5
chr8	43094163	43094636	2	2	0	0	5	13
chr8	43094480	43095359	1	1	0	0	1	17
chr8	43095028	43095359	1	1	0	0	1	17
chr8	43212116	43216185	1	1	1	0	5	4
chr8	46839357	46841561	1	1	0	0	6	30
chr8	46841225	46841561	1	1	0	0	6	30
chr8	48189756	48504291	1	1	0	0	7	12
chr8	48691222	48691288	2	2	1	4	0	3
chr8	48696371	48697673	2	2	1	1	2	12
chr8	48696686	48979246	1	1	0	4	0	22
chr8	48707063	48710797	2	2	1	5	0	5
chr8	48744488	48746756	2	2	1	2	0	31
chr8	48769861	48771076	2	2	1	4	0	29
chr8	48773533	48774622	2	2	1	3	0	8
chr8	48776139	48777116	2	2	1	0	4	2
chr8	48792220	48793976	2	2	1	3	0	28
chr8	48817537	48824969	2	2	1	0	1	2
chr8	48839914	48840330	2	2	1	2	0	11
chr8	48841739	48842412	2	2	1	7	0	8
chr8	48842573	48843231	2	2	1	7	0	12
chr8	48846651	48847568	2	2	1	5	0	20
chr8	48847619	48848291	2	2	1	1	0	11
chr8	48849078	48852110	2	2	1	5	0	5
chr8	48855927	48856412	2	2	1	1	0	9
chr8	48856444	48856533	2	2	1	1	0	24
chr8	48866280	48866366	2	2	1	6	0	10
chr8	48873575	48873690	1	1	1	1	0	18
chr8	48873775	48874075	1	1	1	5	0	4
chr8	48874967	48875323	1	1	1	3	0	6
chr8	48875601	48877133	1	1	1	7	0	16
chr8	48882618	48883070	1	1	1	5	0	9
chr8	48921031	48955592	1	1	1	6	0	20
chr8	52284642	52287156	2	2	1	3	0	8
chr8	52396275	52412258	2	2	1	0	1	6
chr8	54714457	54727221	2	2	1	5	0	27
chr8	54966229	54967619	2	2	1	0	4	5
chr8	55360751	55610037	2	2	0	0	6	25
chr8	55489658	56089678	2	2	0	0	4	21
chr8	56729655	56953810	2	2	0	5	0	32
chr8	56986719	56986939	2	2	1	3	0	7
chr8	57876624	57878749	2	2	1	0	1	6
chr8	59002747	59002818	0	0	0	4	0	30
chr8	59502135	59502565	2	2	1	1	0	1
chr8	59518595	59520327	2	2	1	6	0	4
chr8	59520400	59522162	2	2	1	6	0	13
chr8	59555633	59572131	2	2	1	2	0	19
chr8	59728284	59739380	2	2	1	0	1	4
chr8	61210202	61226015	1	1	0	0	2	29
chr8	61454996	61547850	2	2	0	4	0	24
chr8	61496850	61497281	1	1	1	4	0	31
chr8	61732650	61734348	1	1	1	4	0	26
chr8	61734487	61734582	1	1	1	7	0	17
chr8	61735306	61736398	1	1	1	0	2	3
chr8	61736576	61741221	1	1	1	0	1	2
chr8	61748843	61749375	1	1	1	2	0	4
chr8	61775212	61777574	1	1	1	3	0	10
chr8	64682404	64691005	1	1	1	0	1	1
chr8	65718256	65729880	2	2	1	0	2	7
chr8	66540569	66541362	2	4	0	2	0	20
chr8	67025639	67025658	2	2	0	202	12	23
chr8	67484832	67485598	2	2	1	2	0	21
chr8	67596149	68071269	1	1	0	0	5	13
chr8	67834961	67837671	2	2	1	7	2	31
chr8	67876570	67900634	2	2	1	0	2	7
chr8	67958196	67963464	2	2	1	1	0	8
chr8	68049839	68062017	1	1	1	8	0	5
chr8	68145181	68150577	2	2	1	1	0	15
chr8	68184172	68188210	2	2	1	0	1	5
chr8	68864771	68934270	1	1	1	0	1	6
chr8	70226470	70395992	2	2	0	3	0	26
chr8	70385561	70407999	1	1	1	0	2	3
chr8	70540608	70602287	2	2	0	0	5	14
chr8	70602272	70602300	1	3	0	4	2	12
chr8	70602405	70602564	2	2	0	2	1	19
chr8	70778120	70791818	2	2	0	0	1	31
chr8	70906505	70922086	2	2	0	0	5	19
chr8	70946502	70957780	2	2	0	0	1	26
chr8	71129000	71208978	2	2	1	2	0	7
chr8	74203488	74203786	2	2	1	5	0	9
chr8	74204146	74204473	2	2	1	3	0	18
chr8	74204641	74204923	2	2	1	0	2	3
chr8	74205033	74205833	2	2	1	3	0	13
chr8	75274214	75275173	1	1	1	0	1	3
chr8	75877003	76048287	1	1	0	0	4	29
chr8	76320200	76398019	1	1	1	0	1	4
chr8	77755008	77761230	1	1	1	0	1	3
chr8	80976829	81083659	2	2	1	3	0	22
chr8	81380381	81419632	1	1	0	0	1	27
chr8	81400018	81411728	1	1	1	4	0	4
chr8	82583283	82586075	2	2	1	4	0	12
chr8	82630460	82633300	2	2	1	0	1	1
chr8	86131593	86132534	2	2	1	1	0	14
chr8	86249293	86250480	2	2	1	0	3	4
chr8	86385698	86385921	1	1	1	0	1	4
chr8	86386041	86386552	1	1	1	0	3	1
chr8	87437548	87439871	1	1	1	8	0	24
chr8	87486588	87487048	2	2	1	2	0	12
chr8	87543458	87544736	1	1	1	3	0	8
chr8	87559999	87560528	1	1	1	2	0	18
chr8	89498010	89498138	0	0	1	0	2	3
chr8	90037002	90441960	0	0	0	8	0	31
chr8	90770462	90775056	1	1	1	0	2	4
chr8	90993122	90993602	2	2	1	1	0	30
chr8	94739473	94740432	1	1	1	0	2	8
chr8	95183214	95186024	2	2	1	1	0	7
chr8	95518946	95521915	2	2	1	2	0	16
chr8	95547236	95549330	2	2	1	1	0	10
chr8	95725130	96375872	2	2	0	0	6	29
chr8	95810714	96505394	2	2	0	0	4	12
chr8	95906348	95906435	2	2	1	8	0	14
chr8	96387535	96505394	2	2	0	0	4	12
chr8	97243361	97244001	2	2	1	5	1	17
chr8	98685627	98687840	2	2	0	0	4	13
chr8	98718979	98725889	1	1	1	3	0	30
chr8	98735264	98736827	1	1	1	1	0	9
chr8	98817693	98827555	1	1	1	4	0	6
chr8	98837382	98863624	1	1	1	5	0	6
chr8	98943751	98954004	1	1	1	0	1	5
chr8	99030345	99039643	1	1	1	0	1	7
chr8	99054947	99057170	2	2	1	5	0	6
chr8	99057317	99057574	2	2	1	3	10	22
chr8	99057628	99057735	2	2	1	13	0	32
chr8	99076956	99101303	1	1	1	3	0	5
chr8	99244084	99248382	2	2	1	0	1	1
chr8	100147366	100147823	1	1	1	1	0	27
chr8	100403933	100443764	1	1	1	3	0	14
chr8	100904281	100905866	2	2	1	3	0	10
chr8	101078525	101083596	2	2	1	0	4	3
chr8	101661577	101661676	2	2	1	0	2	3
chr8	101719034	101719114	2	2	1	2	0	27
chr8	101719226	101721360	2	2	1	8	0	21
chr8	101725018	101725314	2	2	1	7	0	7
chr8	101725410	101727689	2	2	1	0	3	1
chr8	101725410	101727698	2	4	1	0	2	1
chr8	101730117	101730314	2	2	1	7	0	22
chr8	101733848	101733956	2	2	1	0	11	5
chr8	101936279	101936362	2	2	1	0	2	10
chr8	101937268	101960823	2	2	1	0	1	15
chr8	102527567	102613391	2	2	0	0	4	12
chr8	102805458	103359745	0	0	0	6	0	32
chr8	103291437	103292621	2	2	1	0	4	5
chr8	103301805	103305832	2	2	1	4	0	7
chr8	103311776	103312227	2	2	1	9	0	5
chr8	103405898	103443733	2	2	0	0	1	13
chr8	103465834	103700073	1	1	0	0	6	16
chr8	104420013	104427011	2	2	1	0	2	6
chr8	106792796	106794614	2	2	1	0	2	4
chr8	109214153	109215211	2	2	1	0	2	14
chr8	109228743	109229562	2	2	1	0	2	7
chr8	109240621	109241298	2	2	1	0	4	19
chr8	109248433	109252186	2	2	1	3	0	10
chr8	110463379	110464352	1	1	1	3	0	4
chr8	110592232	110631070	2	2	1	0	2	5
chr8	113308236	113314021	2	2	1	2	0	27
chr8	113966991	114031295	2	2	1	0	1	3
chr8	117861269	117862856	2	2	1	3	0	27
chr8	120772979	120774654	2	2	1	0	1	5
chr8	120865456	120867853	2	2	1	6	0	11
chr8	121437607	121444269	2	2	1	3	0	21
chr8	121457829	121458672	1	1	1	2	0	12
chr8	122652409	122653429	1	1	1	0	1	4
chr8	123340601	123346757	1	1	0	0	1	15
chr8	124392918	124408426	2	2	1	5	0	15
chr8	125520930	125527986	2	2	1	3	0	11
chr8	125575234	125575571	2	2	1	0	2	3
chr8	126017948	126019632	1	1	1	1	0	19
chr8	126091173	126093902	2	2	1	0	1	4
chr8	126210989	126753496	1	1	0	0	4	31
chr8	126244377	126384790	1	1	0	0	4	13
chr8	128328772	128329045	1	1	0	0	5	17
chr8	128328772	128329094	1	1	0	0	5	17
chr8	128328869	128329045	1	1	0	0	5	17
chr8	128328869	128329094	1	1	0	0	5	17
chr8	128813529	128818664	0	0	0	5	0	30
chr8	129022691	129082405	1	1	1	6	0	29
chr8	129778121	129853986	2	2	0	0	4	20
chr8	130793889	131479590	1	3	0	4	0	28
chr8	130864525	130866511	2	2	1	2	0	12
chr8	130914697	131457507	2	2	0	0	5	12
chr8	131130493	131130734	2	2	1	2	0	29
chr8	131374018	131414130	2	2	1	0	1	1
chr8	132966215	132968014	1	1	1	0	2	4
chr8	133844645	133848784	1	1	1	0	1	6
chr8	133851828	133854759	1	1	1	3	0	29
chr8	134225387	134239653	1	1	1	0	1	6
chr8	134296573	134309376	2	2	1	2	0	17
chr8	137101450	137174717	1	1	1	0	1	4
chr8	139064763	140024920	1	1	0	4	0	18
chr8	139617013	139618623	2	2	1	0	1	4
chr8	139628294	139629152	2	2	1	0	1	6
chr8	139672724	139674272	2	2	1	0	2	6
chr8	140918124	141491480	1	1	0	0	5	24
chr8	140988122	141001027	2	2	0	0	1	28
chr8	141285921	141301091	2	2	0	5	0	24
chr8	141528592	142091142	1	1	0	0	4	21
chr8	141696794	141710989	2	2	1	4	0	13
chr8	141965542	141965639	1	1	0	3	0	24
chr8	141999216	141999451	2	2	0	4	0	24
chr8	142160448	142160932	1	1	1	0	1	4
chr8	142227289	142228109	2	2	1	3	0	16
chr8	143747747	143747875	2	2	1	0	1	4
chr8	143751987	143762744	1	1	1	0	4	8
chr8	143783132	143784540	1	1	1	0	1	7
chr8	143825918	143826276	1	1	0	1	0	23
chr8	144391714	144392237	2	2	1	1	0	13
chr8	144407704	144408391	2	2	1	0	1	1
chr8	144558206	144581249	0	0	0	4	0	32
chr8	144567118	144589915	2	2	1	0	1	7
chr8	144611791	144649704	2	2	0	0	3	14
chr8	144668461	144668898	2	2	1	3	0	30
chr8	144669023	144679517	2	2	1	1	0	1
chr8	144672252	144672777	2	2	1	3	0	1
chr8	144698391	144698736	2	2	1	2	0	20
chr8	144718316	144732067	1	1	1	2	0	2
chr8	144877283	144877446	2	2	1	7	0	10
chr8	144877504	144877589	2	2	1	3	0	3
chr8	144886111	144886215	2	2	1	0	1	1
chr8	144891196	144891720	2	2	1	0	3	5
chr8	144891889	144892648	2	2	1	7	0	17
chr8	144892987	144893075	2	2	1	17	0	30
chr8	144899316	144899500	2	2	1	6	0	1
chr8	144900456	144900542	2	2	1	3	0	9
chr8	144906570	144911449	2	2	1	1	0	6
chr8	144922402	144922877	2	2	1	2	0	20
chr8	145006403	145006567	2	2	1	11	0	32
chr8	145113800	145113882	2	2	1	0	2	6
chr8	145116447	145136006	2	2	0	0	1	30
chr8	145127172	145156399	2	2	0	0	1	30
chr8	145137708	145138026	1	1	1	1	0	10
chr8	145140647	145140784	1	1	1	4	0	22
chr8	145150132	145150735	1	1	1	1	0	22
chr8	145152038	145152134	1	1	1	5	0	24
chr8	145169579	145169651	1	1	1	0	1	2
chr8	145247305	145254024	1	1	1	3	0	21
chr8	145255445	145268908	1	1	1	1	0	1
chr8	145520221	145568369	2	2	0	0	3	24
chr8	145541681	145541757	2	2	1	1	0	20
chr8	145542026	145542123	2	2	1	2	1	6
chr8	145542230	145542361	2	2	1	3	0	12
chr8	145577972	145582843	1	1	1	0	2	7
chr8	145620012	145620096	2	2	1	1	0	32
chr8	145621957	145622054	2	2	1	2	0	15
chr8	145623834	145623914	2	2	1	1	0	3
chr8	145624764	145624841	2	2	1	6	0	25
chr8	145624894	145624977	2	2	1	2	0	9
chr8	145625476	145625559	2	2	1	6	0	3
chr8	145625671	145625747	2	2	1	4	0	26
chr8	145626686	145626823	2	2	1	7	0	14
chr8	145657844	145658970	2	2	1	3	0	28
chr8	145660273	145660399	2	2	1	3	0	30
chr8	145704066	145715416	1	3	1	0	2	8
chr8	145715596	145721843	1	1	1	0	1	1
chr8	145721140	145721843	1	1	1	0	1	1
chr8	145737451	145737526	2	2	1	2	0	16
chr8	145738522	145738600	2	2	1	3	0	2
chr8	145738769	145738769	0	0	1	5	0	16
chr8	145758710	145759512	2	2	1	4	0	18
chr8	145792480	146094972	2	2	0	0	5	32
chr8	146015348	146015739	2	2	1	8	0	11
chr8	146016881	146017157	2	2	1	6	0	32
chr8	146017300	146017470	2	2	0	2	0	12
chr8	146017526	146017750	2	2	1	7	0	22
chr8	146032670	146032898	2	2	0	7	0	21
chr8	146076781	146078223	2	2	1	4	0	32
chr8	146278830	146279403	1	1	1	3	0	6
chr9	15150	15908	2	2	1	0	2	2
chr9	17856	18027	2	2	1	0	4	3
chr9	135031	146101	2	2	1	0	1	1
chr9	456704	488956	2	2	1	0	2	9
chr9	732618	734747	1	1	1	0	1	1
chr9	2058465	2060815	1	1	1	0	2	5
chr9	2073343	2073565	1	1	1	6	0	30
chr9	2097472	2101569	1	1	1	2	0	20
chr9	2110418	2115821	1	1	1	0	8	2
chr9	4501534	4735739	1	1	0	6	0	31
chr9	4643122	4753388	2	2	0	0	5	28
chr9	5036735	5266706	1	1	0	0	4	15
chr9	5154346	5266706	1	1	0	0	4	15
chr9	5411166	6047592	2	2	0	0	5	26
chr9	5829013	6405854	1	1	0	0	6	32
chr9	6534789	6536063	2	2	1	0	3	22
chr9	6553510	6554668	2	2	1	0	4	3
chr9	10631786	10632082	2	2	1	2	0	17
chr9	11668059	12209864	1	1	0	0	5	32
chr9	14851606	14857550	2	2	1	2	0	12
chr9	15224504	15225914	2	2	1	9	0	23
chr9	15465579	15466745	2	2	1	4	0	26
chr9	15474236	15478474	2	2	1	0	1	14
chr9	15479686	15486003	2	2	1	1	0	25
chr9	15486930	15489983	2	2	1	6	0	5
chr9	16727105	16727312	1	1	1	0	2	5
chr9	16992900	17400328	1	1	0	0	4	20
chr9	17235791	17236406	1	1	1	8	0	3
chr9	18770780	18775740	1	1	1	0	1	2
chr9	19044073	19048384	1	1	0	0	1	27
chr9	19096768	19102521	2	2	1	0	2	3
chr9	19336831	19340989	1	1	1	3	0	20
chr9	19357153	19357962	1	1	1	0	6	4
chr9	19376650	19378365	2	2	1	4	5	3
chr9	20933103	20944625	1	1	1	1	0	15
chr9	21803381	21808805	1	1	1	0	3	3
chr9	22118767	22120198	1	1	1	0	3	4
chr9	23701603	23704915	2	2	1	5	0	20
chr9	25073735	25309873	1	1	0	0	5	32
chr9	26873131	26873197	1	1	0	1	0	22
chr9	26923346	26925822	2	2	1	0	1	4
chr9	29716505	29897767	0	0	0	0	4	30
chr9	32325226	32346430	1	1	0	0	1	19
chr9	32989894	33001330	2	2	1	0	6	6
chr9	32989894	33001513	2	2	1	0	1	6
chr9	32989894	33024997	2	4	1	0	3	6
chr9	33025382	33026472	1	1	1	6	0	5
chr9	33026989	33029882	1	1	1	3	0	20
chr9	33029988	33030437	1	1	1	1	2	22
chr9	33030588	33038765	0	0	0	3	0	32
chr9	33034329	33036571	1	1	1	2	0	19
chr9	33057713	33060462	2	2	1	6	0	23
chr9	33068933	33071737	2	2	1	0	2	5
chr9	33199064	33201371	1	1	0	0	6	24
chr9	33261168	33262699	2	2	1	4	0	4
chr9	33311176	33313651	1	1	1	2	0	27
chr9	33336289	33336990	2	2	0	0	5	19
chr9	33338588	33342743	1	1	1	5	0	22
chr9	33344187	33347035	1	1	1	3	0	21
chr9	33389822	33399379	1	1	0	0	1	20
chr9	33466986	33467111	2	2	1	6	0	25
chr9	33581854	33588223	0	0	0	6	0	31
chr9	33798081	33798483	1	1	1	0	1	3
chr9	33872707	33891567	2	2	0	0	7	19
chr9	33872707	34023146	2	2	0	0	7	19
chr9	33873109	33914762	1	1	0	1	0	31
chr9	34138088	34936916	2	2	0	6	0	24
chr9	34405963	34458201	2	2	1	3	0	20
chr9	34513190	34514391	1	1	1	0	1	4
chr9	34635856	34636993	2	2	1	3	0	6
chr9	34648454	34648758	1	1	1	2	0	7
chr9	35057528	35059060	2	2	1	4	0	25
chr9	35059217	35059489	2	4	1	3	0	13
chr9	35065379	35066671	2	2	1	1	0	21
chr9	35100170	35100594	2	2	1	4	0	10
chr9	35101277	35101422	2	2	1	3	0	30
chr9	35102192	35102682	2	2	1	1	0	15
chr9	35102811	35103066	1	1	0	5	0	25
chr9	35231217	35236465	1	1	1	3	0	7
chr9	35259048	35295692	1	1	1	2	0	2
chr9	35689269	35689700	2	2	1	8	0	29
chr9	35700079	35700187	2	2	1	4	0	6
chr9	35703674	35703771	2	2	1	1	0	23
chr9	35713296	35713949	2	2	1	2	0	21
chr9	35715185	35716386	2	2	1	3	0	13
chr9	35717438	35717615	2	2	1	0	3	6
chr9	35719625	35719736	2	2	1	4	0	18
chr9	35720217	35720429	2	2	1	0	3	3
chr9	35722919	35723948	2	2	1	4	0	18
chr9	35724722	35724826	2	2	1	1	0	10
chr9	35724957	35725220	2	2	1	3	0	16
chr9	35725725	35732071	2	2	1	1	0	20
chr9	35736309	35736388	1	1	1	8	0	14
chr9	35744410	35744611	2	2	1	3	0	22
chr9	35813782	35814895	2	2	1	5	0	11
chr9	36196561	36244724	1	1	0	3	0	32
chr9	36409107	36421582	2	2	0	0	8	20
chr9	36573005	36589532	1	1	1	0	1	6
chr9	36581737	36589532	1	1	1	3	0	13
chr9	36583710	36589532	1	1	1	0	1	6
chr9	36657361	36665346	1	1	1	9	0	31
chr9	36669404	36670994	1	1	1	3	0	16
chr9	37080032	37086664	1	1	1	0	2	1
chr9	37317496	38185439	1	1	0	4	0	22
chr9	37320324	37321233	2	2	0	1	0	13
chr9	37422831	37424841	1	1	1	2	0	4
chr9	37425992	37426534	1	1	1	5	0	4
chr9	37495274	37495886	1	1	1	3	0	8
chr9	37525170	37529120	2	2	1	0	2	4
chr9	37541772	37588807	2	2	1	0	1	1
chr9	38392805	38395736	1	1	1	1	0	11
chr9	38569245	38569397	2	2	0	1	0	25
chr9	38607491	38610269	2	2	1	4	0	15
chr9	40378381	41358532	2	2	0	5	0	30
chr9	42368618	42371924	1	1	1	0	1	3
chr9	42689879	42700960	1	1	1	0	1	1
chr9	43129918	43133229	2	2	1	0	1	3
chr9	44090370	44090460	2	2	1	0	3	21
chr9	44387854	44391076	1	1	1	0	1	4
chr9	44402091	44402204	1	1	1	0	1	5
chr9	46687684	46687798	2	2	1	0	1	5
chr9	46698812	46702036	2	2	1	0	1	4
chr9	46829757	46832979	1	1	1	0	1	4
chr9	46843990	46844103	1	1	1	0	1	5
chr9	66553559	66553673	1	1	1	0	1	5
chr9	67019065	67026662	2	2	1	1	0	6
chr9	67034256	67043914	2	2	0	0	1	20
chr9	67276501	67286153	1	1	0	0	1	20
chr9	67954751	67954841	1	1	1	0	3	21
chr9	68429183	68430169	2	2	1	0	1	31
chr9	69218562	69229611	2	2	1	0	1	1
chr9	69382296	69385604	1	1	1	0	1	3
chr9	69410004	69410094	1	1	1	0	3	21
chr9	70195083	70206176	2	2	1	0	1	1
chr9	70446005	70457086	2	2	1	0	1	1
chr9	70889855	70900904	1	1	1	0	1	1
chr9	72965388	72967106	1	1	1	1	0	15
chr9	74971973	74974333	2	2	1	2	0	32
chr9	75061849	75186975	2	2	0	5	0	27
chr9	77632365	77642927	2	2	1	0	2	3
chr9	79186701	79186821	2	2	0	3	0	18
chr9	79329454	79518646	1	1	0	3	0	22
chr9	79689846	79974540	2	2	0	0	6	13
chr9	79808337	79974520	1	1	0	0	6	29
chr9	79973355	79974248	1	1	1	10	0	23
chr9	80384293	80384700	2	4	0	1	0	28
chr9	80856716	80858377	1	1	1	0	1	4
chr9	82332987	82333636	1	1	1	2	0	4
chr9	86238439	86243095	1	1	1	0	1	6
chr9	86585735	86585811	2	2	1	3	0	16
chr9	86585828	86586187	2	2	1	3	0	16
chr9	86586272	86586586	2	2	1	5	0	29
chr9	86587105	86587758	2	2	1	3	0	16
chr9	86588889	86589431	2	2	1	5	1	10
chr9	86589505	86590376	2	2	1	8	0	27
chr9	86593195	86593287	2	2	1	2	0	26
chr9	86593368	86595067	2	2	1	5	0	4
chr9	86593368	86595417	2	2	1	5	0	7
chr9	88261334	88270057	2	2	1	2	0	13
chr9	88692507	88694106	2	2	1	4	0	32
chr9	88955021	88955916	2	2	1	0	1	1
chr9	90263795	90264835	1	1	1	4	0	23
chr9	90273043	90283511	1	1	1	2	0	9
chr9	90582575	90584108	2	2	1	1	0	26
chr9	91384826	91414287	1	1	0	3	0	25
chr9	91994545	91995969	2	2	1	3	3	8
chr9	93627380	93629412	1	1	1	0	3	3
chr9	94518384	94519553	2	2	1	0	3	4
chr9	94794841	94797091	2	2	1	0	1	3
chr9	94797166	94800529	2	2	1	5	0	25
chr9	94809551	94809894	2	2	1	0	5	1
chr9	94973172	94984801	2	2	1	4	0	21
chr9	95009834	95012139	2	2	1	3	0	29
chr9	95012572	95012994	2	2	1	13	0	32
chr9	95025338	95027210	2	2	1	0	1	1
chr9	95048901	95050072	2	2	1	3	0	24
chr9	95080969	95081502	2	2	1	1	0	15
chr9	95084029	95085517	2	2	1	0	2	1
chr9	95150309	95289556	1	1	0	0	7	17
chr9	95150309	95801159	1	1	0	0	7	17
chr9	95150309	95898297	1	1	0	0	7	17
chr9	95150309	95917570	1	1	0	0	7	17
chr9	95222850	95227200	2	2	1	0	2	6
chr9	95572153	95575877	1	1	1	2	0	21
chr9	95580707	95581523	1	1	1	2	0	24
chr9	95997248	96000514	1	1	1	7	0	31
chr9	96097943	96098157	2	2	1	0	4	18
chr9	96278050	96278264	1	1	1	0	4	18
chr9	96411495	96415460	1	1	1	1	0	18
chr9	96428343	96429358	1	1	0	3	0	13
chr9	96928862	96928888	1	1	0	7	0	24
chr9	97731977	98591720	2	2	0	8	0	19
chr9	98232214	98238315	2	2	1	9	0	17
chr9	98691147	98703735	1	1	1	3	0	11
chr9	99284886	99285542	2	2	1	0	2	5
chr9	99417056	99417371	2	2	1	10	0	21
chr9	99884548	99884639	2	2	0	3	0	24
chr9	100074484	100075517	1	1	1	0	2	4
chr9	100363403	100364999	0	0	1	0	1	3
chr9	100745892	100756912	1	1	1	2	0	8
chr9	100774755	100777645	1	1	1	2	0	1
chr9	101340355	101470698	2	2	1	0	3	1
chr9	101546440	101547113	2	2	1	3	0	6
chr9	101547159	101558292	2	2	0	3	0	14
chr9	101984649	101984827	1	1	1	1	0	2
chr9	102691126	102713341	1	1	1	2	0	23
chr9	103046886	103054607	1	1	1	1	0	30
chr9	103060293	103062849	1	1	1	0	2	1
chr9	106880657	106882307	1	1	1	1	0	27
chr9	106887387	106888921	1	1	1	1	0	12
chr9	107759504	107763009	1	1	0	1	0	21
chr9	107904596	107993440	1	1	0	0	2	29
chr9	108061591	108072004	1	1	1	4	0	2
chr9	108123612	108125101	1	1	1	0	1	5
chr9	108270997	108275087	1	1	1	0	1	2
chr9	108358939	108363425	1	1	1	0	1	4
chr9	108510472	108511353	1	1	1	4	0	5
chr9	109309831	109322534	1	1	0	0	3	32
chr9	110045977	110062421	1	1	1	4	0	17
chr9	111658925	111659232	2	2	1	5	0	32
chr9	111663962	111665118	2	2	1	4	0	29
chr9	111665223	111665842	2	2	1	4	0	16
chr9	111668766	111670584	2	2	1	1	0	16
chr9	111698718	111701475	1	1	1	0	2	7
chr9	111753126	111754911	2	2	1	5	0	18
chr9	111849623	111853201	2	2	1	0	1	4
chr9	112190965	112195352	2	2	1	3	0	3
chr9	112780754	112796581	1	3	0	0	3	23
chr9	112975743	113241386	1	1	0	0	4	32
chr9	112975743	113384468	1	1	0	0	4	32
chr9	113007124	113013099	2	2	1	4	0	26
chr9	113574964	113601483	1	3	0	2	0	23
chr9	114133046	114133900	2	2	1	6	0	16
chr9	114269422	114271260	1	3	0	5	0	27
chr9	114403278	114403454	1	1	0	0	2	26
chr9	114403338	114403364	1	3	0	0	5	29
chr9	114875149	114886536	2	2	1	3	0	18
chr9	115015069	115024714	2	2	1	1	0	4
chr9	115142461	115166274	1	1	1	1	0	32
chr9	115181239	115200710	1	1	1	5	0	23
chr9	115331052	115332016	0	0	0	4	0	31
chr9	115387466	116156263	1	3	0	0	4	27
chr9	115872434	115873189	2	2	1	0	1	7
chr9	115875944	115876699	1	1	1	0	1	7
chr9	116003260	116023471	1	1	0	0	2	28
chr9	116049109	116050454	1	1	1	0	2	4
chr9	116171264	116171889	2	2	1	2	0	15
chr9	116263911	116267721	1	1	1	0	1	5
chr9	116418447	117394350	2	2	0	0	8	25
chr9	116770660	116770756	1	1	1	1	0	31
chr9	117038049	117044556	1	1	1	5	0	20
chr9	117052392	117052503	1	1	1	8	0	1
chr9	117099587	117103812	2	2	1	0	1	2
chr9	119094748	119097139	1	1	1	0	1	5
chr9	123232499	123234025	2	2	1	1	0	27
chr9	123248912	123305247	1	1	0	2	0	12
chr9	123907664	123908385	1	1	1	0	2	3
chr9	123920388	123921132	1	1	1	4	0	10
chr9	123928459	123929766	1	1	1	2	0	14
chr9	124329508	124440956	1	1	1	0	1	5
chr9	124744898	124747925	0	0	0	5	0	32
chr9	125133552	125140177	1	1	1	0	2	4
chr9	125148901	125152476	1	1	1	0	1	5
chr9	125852130	125852553	1	1	1	5	0	4
chr9	125946578	126030714	2	2	1	6	0	5
chr9	127115989	127119042	2	2	1	7	0	7
chr9	127149295	128012923	1	1	0	0	5	29
chr9	127215956	127216277	1	1	1	0	3	1
chr9	127302467	127306080	2	2	1	0	1	5
chr9	127365233	127371938	0	0	0	3	0	31
chr9	127618238	127618518	1	1	1	0	2	6
chr9	127622544	127623697	2	2	1	6	0	14
chr9	127623835	127624188	2	2	1	3	0	17
chr9	127691570	127693594	2	2	1	1	0	22
chr9	127693686	127700855	2	2	1	8	0	17
chr9	127757073	127757212	2	2	0	1	0	30
chr9	127790758	127791922	2	2	1	0	2	5
chr9	127828338	127904911	2	2	1	0	1	4
chr9	127855515	127867111	2	2	0	0	5	25
chr9	127861661	128100249	1	1	0	8	0	21
chr9	128001107	128001219	2	2	1	2	0	18
chr9	128001813	128002450	2	2	1	3	0	25
chr9	128003187	128003283	2	2	1	1	0	9
chr9	128361106	128362176	1	1	0	6	0	26
chr9	128555378	128555964	0	0	0	5	0	31
chr9	130210006	130210155	2	2	1	4	0	20
chr9	130210269	130210615	2	2	1	1	8	5
chr9	130211642	130211888	2	2	1	0	3	12
chr9	130504239	130505127	2	2	1	0	2	7
chr9	130566980	130569251	1	1	1	3	0	29
chr9	130630356	130630599	2	2	1	0	2	5
chr9	130775845	130997529	2	2	0	0	5	26
chr9	130880115	130880201	2	2	1	3	0	29
chr9	130885414	130885980	2	2	1	8	0	27
chr9	130914305	130914461	1	1	1	0	1	4
chr9	130928686	130929037	2	2	1	3	0	13
chr9	130931481	130931684	2	2	1	0	1	5
chr9	130940043	130940647	2	2	1	4	0	6
chr9	131019805	131019879	2	2	1	1	0	12
chr9	131022469	131022743	2	2	1	3	0	18
chr9	131073303	131073807	2	2	1	3	0	12
chr9	131117470	131117676	1	1	1	2	0	4
chr9	131152104	131152882	0	0	0	4	0	30
chr9	131187473	131639324	2	2	0	5	0	17
chr9	131190701	131191035	1	1	1	3	2	7
chr9	131245318	131256216	1	3	0	1	0	26
chr9	131254816	131254979	1	1	1	4	0	30
chr9	131295935	131296039	1	1	1	1	1	9
chr9	131367458	131367574	1	1	1	6	0	22
chr9	131369983	131370130	1	1	1	5	0	14
chr9	131370556	131371152	1	1	1	6	0	14
chr9	131374125	131374387	1	1	1	5	0	16
chr9	131378120	131379918	1	1	1	2	0	2
chr9	131455261	131455916	1	1	1	2	0	28
chr9	131456088	131456174	1	1	1	7	0	7
chr9	131456322	131456919	1	1	1	4	0	19
chr9	131515129	131515442	2	2	1	3	0	6
chr9	131589471	131591013	2	2	1	5	0	8
chr9	131591140	131591388	2	2	1	2	0	20
chr9	131718714	131719230	1	1	1	4	0	19
chr9	131731794	131733036	1	1	1	7	0	11
chr9	131747294	131748836	1	1	1	9	0	27
chr9	131749997	131750325	1	1	1	0	4	4
chr9	131755683	131755803	1	1	1	5	0	26
chr9	131757794	131760429	1	1	1	9	0	12
chr9	131762085	131763807	1	1	1	9	0	6
chr9	131764009	131764162	1	1	1	2	0	4
chr9	131768648	131768780	1	1	1	5	0	3
chr9	131810819	131811659	1	1	1	3	0	29
chr9	131812243	131821432	1	1	1	2	0	11
chr9	132388575	132394928	1	1	1	5	0	25
chr9	132400575	132400650	0	0	0	5	0	32
chr9	132591583	132591683	2	2	1	1	0	10
chr9	132637921	132638408	1	1	1	2	0	16
chr9	132679492	132735982	2	2	0	0	3	29
chr9	132679492	132839365	2	2	0	0	3	29
chr9	132853263	132854526	1	1	1	6	0	10
chr9	132872706	132876855	1	1	1	0	1	6
chr9	133493283	133495740	1	1	1	5	0	10
chr9	133495846	133498094	1	1	1	2	0	8
chr9	133530128	133544895	1	1	0	0	1	25
chr9	133569301	133570878	1	1	1	2	0	12
chr9	133574782	133576253	1	1	1	2	0	22
chr9	133578569	133579080	1	1	1	3	0	4
chr9	133589843	133729453	1	1	1	2	0	17
chr9	133674089	133675507	2	4	0	1	0	26
chr9	133972048	133972188	1	1	1	5	0	3
chr9	133972251	133986983	1	1	1	1	0	8
chr9	134026153	134027122	1	1	1	0	1	4
chr9	134034851	134038669	2	2	1	0	2	2
chr9	134034874	134038377	1	1	1	2	0	15
chr9	134308182	134312006	1	1	1	2	0	16
chr9	134312110	134314375	1	1	1	2	0	31
chr9	134322030	134322471	1	1	1	2	0	23
chr9	134323192	134330462	1	1	1	1	0	25
chr9	134330554	134334550	1	1	1	5	0	28
chr9	134334744	134340149	1	1	1	2	0	9
chr9	134340466	134342949	1	1	1	3	0	20
chr9	134343141	134346174	1	1	1	4	0	26
chr9	134353292	134353860	1	1	0	6	0	14
chr9	134360178	134360334	1	1	1	10	0	26
chr9	134360528	134361471	1	1	1	5	0	6
chr9	134361570	134362553	1	1	1	0	1	5
chr9	134385384	134385646	1	1	1	1	0	6
chr9	134390910	134393831	1	1	1	4	0	17
chr9	134458090	134459697	2	2	1	4	0	32
chr9	134463414	134464187	2	2	1	1	0	20
chr9	134480576	134494437	2	2	1	0	2	3
chr9	134501810	134503299	2	2	1	5	0	4
chr9	135523683	135523818	2	2	1	3	0	26
chr9	135527880	135534057	2	2	1	0	3	6
chr9	135797361	135798734	2	2	1	0	5	1
chr9	135906298	135917473	1	1	1	0	1	2
chr9	135932296	135933200	1	1	1	8	0	20
chr9	136215102	136215776	1	1	1	7	3	25
chr9	136215898	136216405	1	1	1	6	0	30
chr9	136216556	136216766	1	1	1	0	4	25
chr9	136216908	136217094	1	1	1	10	0	26
chr9	136217175	136217451	1	1	1	10	0	22
chr9	136217583	136217856	1	1	1	5	4	7
chr9	136217927	136218116	1	1	1	7	0	13
chr9	136399122	136400122	1	1	0	0	1	13
chr9	136535875	136536656	2	2	1	0	1	2
chr9	136559494	136561344	2	2	1	4	0	27
chr9	136633719	136634538	2	2	1	0	3	7
chr9	136693299	136693346	2	2	0	0	1	30
chr9	136693299	136693442	2	2	0	0	1	30
chr9	136693299	136693490	2	2	0	0	1	30
chr9	136693299	136693538	2	2	0	0	1	30
chr9	136901447	136905155	2	2	1	5	2	15
chr9	136901447	136906881	2	2	1	0	2	3
chr9	136917566	136918386	2	2	1	10	0	7
chr9	136918713	136933066	2	2	1	2	0	32
chr9	138392600	138392843	1	1	1	7	0	30
chr9	138392970	138393689	1	1	1	5	0	7
chr9	138393820	138395387	1	1	1	6	0	3
chr9	138707852	138709822	2	2	1	1	0	23
chr9	138754455	138757177	2	2	1	0	1	6
chr9	138800635	138805249	1	1	1	0	4	1
chr9	138830207	138831518	2	2	1	2	0	7
chr9	138899706	138899734	1	1	0	9	0	16
chr9	139113788	139115608	2	2	1	5	0	4
chr9	139232022	139232302	1	1	1	1	0	10
chr9	139234273	139235326	1	1	1	5	0	23
chr9	139235451	139243148	1	1	1	3	0	30
chr9	139250299	139250793	1	1	1	4	0	9
chr9	139270253	139270800	2	2	1	4	0	13
chr9	139275845	139276275	2	2	1	3	0	13
chr9	139276789	139277637	2	2	1	2	0	1
chr9	139282032	139282193	2	2	1	2	0	19
chr9	139287230	139288700	2	2	1	3	0	21
chr9	139288783	139289251	2	2	1	5	0	23
chr9	139289331	139289749	2	2	1	8	0	24
chr9	139307345	139310742	1	1	1	0	6	2
chr9	139309100	139310742	1	1	1	6	6	32
chr9	139313559	139316283	1	1	1	1	0	32
chr9	139328587	139329191	2	2	1	5	0	31
chr9	139350246	139350504	2	2	1	4	0	3
chr9	139355727	139357338	2	2	1	1	0	8
chr9	139426102	140142690	2	2	0	0	4	13
chr9	139447958	139664369	2	2	0	5	0	12
chr9	139560270	139562692	1	1	1	0	2	5
chr9	139563126	139564057	1	1	1	6	0	8
chr9	139565467	139566377	1	1	1	2	0	27
chr9	139611666	139612028	1	1	0	5	0	20
chr9	139686230	139686398	1	1	1	0	1	4
chr9	139697239	139717976	1	1	1	0	3	3
chr9	139702779	139717976	1	1	1	4	0	12
chr9	139727691	139727953	2	2	0	0	4	27
chr9	139727735	139727953	2	2	0	0	4	27
chr9	139732115	139732313	1	1	1	1	0	10
chr9	139734665	139734773	1	1	1	6	0	18
chr9	139748789	139748990	1	1	1	3	0	12
chr9	139757901	139758271	2	2	1	6	0	27
chr9	139794973	139802521	1	1	1	4	0	5
chr9	139836137	139836497	2	2	1	11	0	31
chr9	139838559	139839045	2	2	1	4	0	22
chr9	139847481	139847917	1	1	1	0	1	5
chr9	139887153	139887376	1	1	1	7	0	9
chr9	139887696	139887794	1	1	1	4	0	5
chr9	139888117	139888217	1	1	1	7	0	16
chr9	139906202	139906295	2	2	1	2	0	28
chr9	139910049	139910126	2	2	1	0	1	6
chr9	139911577	139911647	2	2	1	0	2	3
chr9	139913523	139913629	2	2	1	0	3	4
chr9	139914948	139915145	2	2	1	7	0	14
chr9	139917318	139917392	2	2	1	1	0	28
chr9	139934317	139934422	2	2	1	6	0	26
chr9	139935051	139935122	2	2	1	6	0	28
chr9	139935640	139937378	2	2	1	7	1	17
chr9	139960827	139964341	2	2	1	2	0	20
chr9	139997157	139997520	2	2	0	0	1	29
chr9	139997157	139998097	2	2	0	0	1	29
chr9	140057456	140057620	1	1	1	0	1	4
chr9	140075382	140076132	2	2	1	1	0	3
chr9	140135870	140136172	1	1	1	8	0	23
chr9	140151507	140157488	1	1	1	9	0	30
chr9	140281247	140281275	2	2	0	0	3	30
chr9	140324382	140324422	1	1	0	0	2	30
chr9	140346888	140347004	2	2	1	2	0	8
chr9	140348273	140348842	2	2	1	3	0	15
chr9	140389599	140391638	2	2	1	4	0	20
chr9	140459411	140459536	2	2	1	1	0	12
chr9	140481560	140482168	2	2	1	0	3	5
chr9	140482276	140483110	2	2	1	4	0	12
chr9	140557341	140757277	1	1	0	0	3	24
chr9	140669705	140671069	1	1	1	5	0	20
chr9	140671297	140672333	1	1	1	0	3	4
chr9	140685423	140693264	1	1	1	3	0	14
chr9	140695437	140697308	1	1	1	0	2	2
chr9	140716706	140716731	2	4	0	6	0	22
chr9	140851280	140852046	1	1	1	0	1	7
chr9	140991064	140997162	1	1	1	0	1	3
chr9	141014825	141015082	1	1	1	0	2	3
chr9	141138882	141139764	1	1	1	0	2	17
chr10	402447	403767	2	2	1	4	0	26
chr10	630427	630965	2	2	0	0	6	23
chr10	630526	630573	2	2	0	0	4	28
chr10	630526	630620	2	2	0	0	4	28
chr10	630526	630867	2	2	0	0	4	28
chr10	859154	860681	2	2	1	4	0	23
chr10	1053069	1054897	1	1	1	5	0	3
chr10	3147352	3147584	1	1	1	3	1	5
chr10	3149502	3150892	1	1	1	4	0	21
chr10	3154479	3155310	1	1	1	2	0	19
chr10	3155711	3158967	1	1	1	5	0	19
chr10	3161062	3162083	1	1	1	3	0	6
chr10	3172176	3174571	1	1	1	0	3	4
chr10	3189443	3189763	2	2	1	7	0	2
chr10	3190484	3191812	2	2	1	5	0	15
chr10	5471193	5493792	1	1	1	2	0	10
chr10	5496486	5496910	1	1	1	6	0	25
chr10	5652131	5652276	2	2	1	0	1	6
chr10	5754882	5756097	1	1	1	5	0	23
chr10	5756171	5762506	1	1	1	0	7	1
chr10	5782461	5784059	1	1	1	2	0	9
chr10	5957535	5958196	1	1	1	0	2	2
chr10	5965660	5966273	1	1	1	1	0	27
chr10	6110149	6127993	2	2	0	0	1	16
chr10	6131157	6139010	1	1	1	1	0	16
chr10	6164519	6203681	1	1	0	4	0	23
chr10	6264948	6265920	1	1	1	7	0	13
chr10	6265984	6266111	1	1	1	4	0	3
chr10	7409852	7412242	2	2	1	6	0	12
chr10	7667515	7678801	1	1	0	0	4	29
chr10	7769792	7771914	1	3	1	0	2	4
chr10	7773960	7774300	1	1	1	0	3	4
chr10	7822142	7822226	2	2	1	0	1	4
chr10	8097860	8100267	1	1	1	1	0	13
chr10	10279394	10294467	2	2	0	0	4	31
chr10	11317084	11330380	1	1	1	7	0	5
chr10	11745742	11930380	1	1	0	3	0	25
chr10	11894215	11904910	1	1	1	0	2	6
chr10	11980986	12147428	2	2	0	5	0	14
chr10	12197931	12198905	1	1	1	5	0	20
chr10	12219900	12221081	2	2	1	0	1	1
chr10	12238319	12240703	1	1	1	4	0	18
chr10	12252024	12252288	1	1	1	1	0	22
chr10	12252322	12257738	1	1	1	1	0	3
chr10	13228281	13230880	1	1	1	4	0	14
chr10	13243535	13246218	1	1	1	5	0	5
chr10	13315397	14200514	1	1	0	0	6	23
chr10	13329104	13416119	1	3	0	2	0	29
chr10	13365048	13370350	2	2	1	3	0	13
chr10	13658554	13672259	1	1	1	2	0	6
chr10	13724786	13725161	1	3	1	0	2	6
chr10	13878069	13893170	2	2	0	2	0	18
chr10	14882157	14890607	1	1	1	1	0	30
chr10	15008606	15014511	1	1	1	0	2	5
chr10	15088684	15598251	2	2	0	0	4	29
chr10	15170458	15172140	2	2	1	7	0	19
chr10	15824226	15828559	2	2	1	3	0	7
chr10	15838172	15858833	2	2	1	5	5	8
chr10	17024653	17026103	2	2	1	0	1	6
chr10	17113604	17113825	2	2	1	0	2	1
chr10	17191140	17195505	2	2	1	1	0	16
chr10	17275682	17275768	1	1	1	2	0	19
chr10	17277889	17278292	1	1	1	11	0	31
chr10	17645648	17645724	2	2	1	0	2	1
chr10	18937575	18940057	2	2	1	5	0	15
chr10	18944105	18948160	2	2	1	0	2	4
chr10	21399837	21401715	0	0	1	0	2	8
chr10	21823424	21823573	1	1	1	3	0	12
chr10	21901381	21903759	1	1	1	1	0	8
chr10	22015285	22016784	1	1	1	2	0	13
chr10	22055239	22094908	2	2	1	1	0	19
chr10	22209893	22217434	2	2	1	3	0	9
chr10	22217482	22217968	2	2	1	4	0	9
chr10	22218071	22292141	2	2	1	3	0	5
chr10	22615916	22616523	1	1	1	1	0	29
chr10	22634566	22634651	1	1	1	0	1	1
chr10	23633020	23633352	1	1	1	1	0	6
chr10	24813694	24816864	1	1	1	0	4	2
chr10	24886939	24889574	2	2	1	2	0	17
chr10	24891033	24893240	2	2	1	4	0	13
chr10	24893278	24896427	2	2	1	4	0	15
chr10	24910299	24918924	2	2	1	3	0	11
chr10	24922410	24923939	2	2	1	7	0	12
chr10	24959327	25010765	2	2	1	3	0	4
chr10	25011209	25012490	2	2	1	1	0	15
chr10	26243938	26285418	1	1	1	0	2	3
chr10	27024250	27024394	1	1	1	6	0	1
chr10	27112235	27149675	2	2	1	0	1	3
chr10	27360336	27375933	2	2	0	0	4	22
chr10	27366623	27368017	2	2	1	3	0	13
chr10	27405063	27405147	2	2	1	7	0	10
chr10	27412629	27415624	2	2	1	1	0	29
chr10	27425315	27431315	2	2	1	1	0	2
chr10	28225810	28228825	2	2	1	1	0	5
chr10	28267488	28518581	1	3	0	0	5	31
chr10	28903615	28905101	1	1	1	0	1	4
chr10	29448472	29516927	1	1	0	0	4	18
chr10	29747263	29747362	2	2	1	3	0	5
chr10	29811565	29812379	2	2	1	0	1	2
chr10	29820218	29820930	2	2	1	0	1	6
chr10	29901981	29913341	2	2	0	0	2	28
chr10	29954761	30010196	2	2	0	3	0	31
chr10	30662783	30663231	2	2	1	0	2	1
chr10	30843166	30843254	2	2	1	2	0	2
chr10	31608222	31676052	1	1	0	5	0	25
chr10	31750167	31784707	1	1	1	3	0	14
chr10	32310060	32310153	2	4	1	3	0	30
chr10	32310216	32311067	2	2	1	2	0	3
chr10	32324923	32326181	2	2	1	0	1	2
chr10	32575771	32575853	2	2	1	5	0	30
chr10	33197463	33199150	2	2	1	0	1	3
chr10	33201053	33208812	2	2	1	1	0	11
chr10	33218973	33221442	2	2	1	2	0	17
chr10	33619811	33623237	2	2	1	4	0	18
chr10	35058590	35072435	1	1	0	0	6	13
chr10	35321423	35322093	2	2	1	3	0	7
chr10	35360268	35379106	2	2	1	1	0	3
chr10	35485028	35490378	1	1	1	0	1	2
chr10	36612754	37298511	1	1	0	5	0	29
chr10	38384562	38384671	1	1	1	3	0	22
chr10	42360319	42368680	2	2	0	0	1	23
chr10	42360319	42373620	2	2	0	0	1	23
chr10	42365246	42381620	1	1	0	4	0	23
chr10	43191255	43197442	2	2	1	0	1	2
chr10	43288593	43289299	1	1	1	2	0	1
chr10	43596171	43597789	1	1	1	10	0	29
chr10	43604679	43606654	1	1	1	0	2	5
chr10	43892039	43903164	2	2	1	0	1	2
chr10	43892039	43904174	2	2	1	0	1	2
chr10	43892039	43904537	2	2	1	0	1	2
chr10	43979509	43979860	1	1	0	1	0	16
chr10	45637110	45642914	1	1	1	0	1	2
chr10	46012185	46833426	2	4	0	4	0	29
chr10	46246287	46246929	1	1	1	2	0	22
chr10	46266600	46292575	1	1	0	0	3	28
chr10	46339843	46342134	2	2	1	0	1	10
chr10	47190797	47191657	0	0	0	0	5	32
chr10	48179256	48181909	1	1	0	1	0	28
chr10	48426762	48428640	2	2	1	0	1	4
chr10	48919895	48922186	2	2	1	0	1	10
chr10	49216929	49217789	0	0	0	0	5	32
chr10	49236658	49238955	2	2	1	0	1	10
chr10	50668498	50669397	2	2	1	1	0	21
chr10	51243457	51245748	2	2	1	0	1	10
chr10	51283057	51323732	2	2	0	0	1	17
chr10	51374429	51381438	1	1	1	0	5	26
chr10	51381533	51381761	1	1	1	0	4	18
chr10	51381847	51384298	1	1	1	0	2	8
chr10	51610452	51612903	2	2	1	0	2	10
chr10	51612989	51613217	2	2	1	0	4	18
chr10	51613312	51620323	2	2	1	0	5	26
chr10	52350008	52383466	2	2	1	0	2	6
chr10	58118709	58119236	2	2	1	4	0	11
chr10	61083867	61112029	2	2	1	4	0	6
chr10	61698749	61707347	1	1	0	0	6	21
chr10	61845012	61846434	2	2	1	4	0	24
chr10	61848117	61865662	2	2	1	1	0	31
chr10	62801314	62801415	1	1	0	0	1	18
chr10	63999525	64000900	2	2	1	0	1	6
chr10	64158537	64159286	1	1	1	3	0	2
chr10	64949207	64950653	2	2	1	2	0	9
chr10	64950869	64952697	2	2	1	4	0	3
chr10	64994480	65009405	1	1	0	1	0	26
chr10	65354615	65357783	1	1	1	3	0	14
chr10	69829735	69839754	1	1	0	0	1	14
chr10	70051996	70056022	2	2	1	0	4	2
chr10	70051996	70056642	2	2	1	0	4	2
chr10	70092860	70096955	1	1	0	2	0	17
chr10	70101609	70101734	1	1	1	3	0	21
chr10	70163219	70170924	1	1	0	0	1	30
chr10	70229921	70231547	2	2	1	3	0	30
chr10	70276601	70287002	2	2	1	5	0	12
chr10	70507324	70508892	1	1	1	4	0	8
chr10	70520950	70525644	1	1	1	6	0	28
chr10	70525837	70530962	1	1	1	8	0	14
chr10	70532857	70545892	1	1	1	5	0	18
chr10	70546450	70547683	1	1	1	1	0	30
chr10	70547805	70547899	1	1	1	1	0	23
chr10	70731809	70733300	1	1	1	1	0	17
chr10	70764882	70765487	1	1	1	3	0	18
chr10	71142548	71144088	1	1	1	9	0	28
chr10	71154862	71158350	1	1	1	0	4	1
chr10	71255446	71258035	1	1	1	0	1	7
chr10	71450486	71450825	1	1	1	1	0	3
chr10	71812757	71835355	1	1	1	0	2	2
chr10	71853602	71855409	1	1	1	3	0	18
chr10	71990156	71993019	2	2	1	12	5	11
chr10	72289088	72289644	1	1	1	0	1	6
chr10	72450983	73036439	2	2	0	0	8	17
chr10	72619257	72628101	1	1	1	5	0	27
chr10	73039803	73044476	1	1	1	9	0	21
chr10	73050867	73051188	1	1	1	4	0	13
chr10	73579658	73579996	2	2	1	12	0	2
chr10	73580093	73581632	2	2	1	2	0	25
chr10	73588835	73590882	2	2	1	4	0	8
chr10	73594263	73610938	2	2	1	0	4	3
chr10	73963283	73970489	2	2	1	4	0	10
chr10	74050002	74065865	1	1	0	0	3	30
chr10	74096455	74097959	2	2	1	10	0	27
chr10	74100627	74100742	2	2	1	3	0	32
chr10	74103270	74104707	2	2	1	0	2	7
chr10	74172532	74215030	2	2	0	0	1	26
chr10	74172532	74485564	2	2	0	0	10	26
chr10	74326553	74385767	2	2	1	0	3	2
chr10	74452060	74594116	1	1	1	0	4	6
chr10	74673227	74683986	1	1	1	0	2	4
chr10	74769662	74770726	2	2	1	1	0	13
chr10	74846478	75378757	1	1	0	0	5	30
chr10	74890218	74894360	2	2	1	0	6	6
chr10	75148173	75155801	2	2	1	1	1	5
chr10	75277506	75279554	2	2	1	0	1	4
chr10	75309753	76048364	2	2	0	0	4	17
chr10	75437215	76048364	2	2	0	0	4	17
chr10	75440417	76048364	2	2	0	0	4	17
chr10	75454563	75456852	2	2	1	0	1	10
chr10	75519553	75519775	1	1	1	5	0	1
chr10	75525674	75525843	1	1	1	4	0	28
chr10	75528911	75529104	1	1	1	0	3	1
chr10	75529492	75529593	1	1	1	8	0	19
chr10	75530230	75530466	1	1	1	1	0	5
chr10	75557348	75557579	2	2	1	2	0	3
chr10	75849108	75849780	1	1	1	3	0	2
chr10	76718681	76719292	0	0	0	4	0	32
chr10	76970697	76970891	1	1	1	7	0	30
chr10	76970948	76971987	1	1	1	0	4	19
chr10	76994502	76994695	2	2	1	4	0	7
chr10	78673896	78674693	2	2	1	0	1	3
chr10	78709125	78711794	2	2	1	0	2	4
chr10	79555947	79556208	2	2	1	3	0	9
chr10	79576855	79577534	2	2	1	2	0	30
chr10	79764647	79767459	2	2	1	3	0	10
chr10	79773549	79777332	2	2	1	1	0	32
chr10	79793663	79795109	1	1	1	3	0	32
chr10	79795176	79795268	1	1	1	5	0	26
chr10	79797063	79799961	1	1	1	8	0	22
chr10	79797063	79800372	1	1	1	6	0	17
chr10	79799984	79800372	1	1	1	9	0	24
chr10	81002727	81036937	1	1	0	2	0	13
chr10	81037083	81049531	1	1	1	0	5	4
chr10	81319755	81320119	2	2	1	0	2	6
chr10	81370739	81371074	1	1	1	0	2	6
chr10	81426615	81429243	1	1	1	0	1	1
chr10	81487376	81615810	2	2	0	0	5	26
chr10	81487376	81677849	2	2	0	0	5	26
chr10	81487376	81988546	2	2	0	0	5	26
chr10	81487376	82366184	2	2	0	0	5	26
chr10	81565879	81568514	2	2	1	0	1	1
chr10	81574473	81585953	2	2	1	1	0	5
chr10	81813343	81815671	2	4	1	0	1	7
chr10	81916255	81917396	2	2	1	1	0	6
chr10	81927070	81928724	2	2	1	0	9	1
chr10	82298272	82329912	1	1	1	0	1	5
chr10	82919916	82934260	2	2	0	0	2	32
chr10	84896065	85530408	2	2	0	0	5	14
chr10	85899350	85901217	1	1	1	5	0	4
chr10	85910000	85910464	1	1	1	6	0	20
chr10	85962880	85964282	1	1	1	10	0	20
chr10	86007504	86008665	1	1	1	0	1	5
chr10	86177618	86185486	1	1	1	1	0	3
chr10	88149055	89021085	1	1	0	0	6	30
chr10	88419817	88421037	1	1	1	0	1	6
chr10	88679227	88681276	1	1	1	0	2	1
chr10	88817540	88818906	2	2	1	2	0	16
chr10	88831842	88833124	0	0	0	6	0	31
chr10	89096647	89101998	2	2	1	3	0	4
chr10	89280927	89311838	1	1	1	1	0	11
chr10	89544428	89550066	2	2	1	1	0	22
chr10	90692717	90693397	1	3	1	0	2	3
chr10	91589503	91594957	1	1	1	0	1	3
chr10	93238023	93240850	1	1	1	1	0	17
chr10	93240897	93242723	1	1	1	1	0	2
chr10	93449098	94377750	0	0	0	6	0	30
chr10	93586961	93588041	1	1	1	4	0	30
chr10	93611094	93614785	1	1	1	4	0	4
chr10	93754402	93756125	1	1	1	1	0	8
chr10	93971531	94082725	2	2	0	0	3	31
chr10	94077786	94092553	1	1	0	0	1	24
chr10	94109290	94109427	1	1	1	5	0	24
chr10	94235752	94239033	2	2	1	0	1	5
chr10	94391351	94405941	2	2	0	0	1	25
chr10	94653278	94654550	1	1	1	5	0	23
chr10	95159253	95161174	2	2	1	1	0	31
chr10	95259992	95262869	1	1	1	2	0	22
chr10	95436449	95441236	2	2	1	2	0	2
chr10	95443856	95445002	2	2	1	5	0	14
chr10	95994070	95995671	1	1	1	3	0	17
chr10	96260085	96267023	1	1	1	0	1	6
chr10	96314006	96317895	1	1	1	0	2	1
chr10	96324569	96324627	2	2	0	4	0	23
chr10	96331187	96333716	1	1	1	1	0	17
chr10	96350310	96350394	1	1	1	3	0	13
chr10	96350534	96351985	1	1	1	1	0	21
chr10	96353373	96354451	1	1	1	3	0	19
chr10	96356869	96361284	1	1	1	5	0	25
chr10	96367784	96369609	1	1	1	0	4	2
chr10	97007124	97023620	2	2	1	4	0	19
chr10	97007596	97008010	0	0	0	3	0	31
chr10	97067506	97707100	2	2	0	0	5	31
chr10	97402964	97413046	2	2	1	7	0	23
chr10	97443387	97444255	2	2	1	2	0	23
chr10	97452796	97453109	2	2	1	4	0	22
chr10	97453234	97453400	2	2	1	1	0	1
chr10	97730886	97733355	2	2	0	1	0	19
chr10	97743567	97744353	1	1	1	0	7	3
chr10	98282088	98286969	2	2	1	1	0	4
chr10	98319494	98321734	2	2	1	0	3	2
chr10	98806823	98807446	2	2	1	4	0	27
chr10	99126890	99129181	2	2	1	3	0	17
chr10	99148382	99150179	2	2	1	4	0	23
chr10	99156059	99160061	2	2	1	1	0	14
chr10	99190411	99190711	1	1	1	1	0	6
chr10	99190893	99192111	1	1	1	0	19	19
chr10	99211676	99211846	1	1	1	2	0	9
chr10	99214557	99215416	1	1	1	5	0	10
chr10	99219040	99219118	2	2	1	7	0	29
chr10	99288344	99288540	2	2	0	0	1	18
chr10	99400935	99410697	1	1	1	8	0	19
chr10	99406655	99995242	2	2	0	0	5	12
chr10	99508122	99509230	1	1	1	6	0	22
chr10	99638447	99640005	2	2	1	0	4	1
chr10	99683158	99695926	2	2	1	0	4	5
chr10	100188848	100202513	2	2	0	1	0	13
chr10	101147761	101150062	1	1	1	0	2	1
chr10	101460816	101462268	1	1	1	4	0	19
chr10	101476219	101478102	2	2	1	1	0	18
chr10	101503830	101507013	1	1	1	6	0	28
chr10	101808811	102199313	1	1	0	0	4	29
chr10	101814204	101816769	2	2	1	0	3	6
chr10	101945395	101945718	2	2	1	0	3	3
chr10	101978890	101979026	2	2	1	1	0	16
chr10	101981939	101982622	2	2	1	2	0	24
chr10	101982738	101985679	2	2	1	0	2	2
chr10	101991418	101992987	1	1	1	0	2	1
chr10	102016234	102019974	2	2	1	4	0	3
chr10	102020802	102021735	2	2	1	7	0	6
chr10	102025360	102938310	2	2	0	0	5	26
chr10	102116522	102120490	1	1	1	22	0	30
chr10	102213995	102938310	2	2	0	0	5	26
chr10	102255304	102256014	2	2	1	0	2	8
chr10	102276718	102285952	2	2	0	4	0	19
chr10	102551232	102551271	1	3	0	1	0	27
chr10	102703886	102705086	1	1	1	3	0	24
chr10	103348158	103354414	1	1	1	5	0	7
chr10	103541390	103541483	2	2	1	2	0	7
chr10	103542109	103542234	2	2	1	1	0	1
chr10	103559213	103559998	2	2	1	3	0	9
chr10	103560158	103563491	2	2	1	2	0	7
chr10	103563777	103565801	2	2	1	4	0	10
chr10	103572885	103573311	2	2	1	1	0	5
chr10	103715465	103715491	1	3	0	4	0	13
chr10	103766391	103769130	2	2	1	0	1	5
chr10	103871294	103879842	2	2	1	2	0	5
chr10	103897796	103898635	1	1	0	2	0	27
chr10	103898523	103898635	1	1	1	4	0	30
chr10	103904848	103906428	1	1	1	5	0	18
chr10	103907150	103908128	1	1	1	0	2	6
chr10	103912288	103916775	1	1	1	3	0	14
chr10	103919782	103920208	1	1	1	0	2	1
chr10	103920101	103920208	1	1	1	0	2	1
chr10	103920851	103921312	1	1	1	1	0	21
chr10	103921420	103921589	1	1	1	3	0	15
chr10	104112276	104113356	1	1	1	5	0	4
chr10	104118487	104119026	1	1	1	3	0	16
chr10	104128590	104128967	1	1	1	3	0	3
chr10	104129145	104129467	1	1	1	2	0	5
chr10	104136558	104136691	1	1	1	2	0	25
chr10	104140063	104141814	2	2	0	2	0	26
chr10	104140120	104140262	1	1	1	0	3	4
chr10	104158622	104159044	1	1	1	1	0	14
chr10	104184550	104184871	2	2	1	1	0	24
chr10	104229833	104230421	1	1	1	5	0	16
chr10	104248033	104248819	2	2	1	1	0	19
chr10	104352482	104353392	1	1	1	4	0	7
chr10	104353823	104356896	1	1	1	2	0	26
chr10	104483287	104496585	1	1	0	1	0	27
chr10	104850545	104850692	2	2	1	7	0	31
chr10	104851373	104852895	2	2	1	0	1	2
chr10	105010748	105010783	2	2	0	0	1	23
chr10	105010748	105010921	2	2	0	0	1	23
chr10	105108757	105110463	2	2	1	4	0	8
chr10	105152041	105152127	2	2	1	2	0	2
chr10	105156488	105158172	1	1	1	4	0	8
chr10	105165866	105166365	1	1	1	4	0	19
chr10	105169564	105172872	1	1	1	3	0	15
chr10	105174088	105174761	1	1	1	0	2	4
chr10	105185283	105187085	1	1	1	2	0	6
chr10	105194108	105194554	1	1	1	2	0	11
chr10	105254230	105330628	1	1	1	0	1	3
chr10	105287108	105366048	2	4	0	2	0	16
chr10	105652011	105657305	2	2	1	0	5	5
chr10	105750598	105752355	1	1	1	6	0	4
chr10	105752405	105752741	1	1	1	6	0	26
chr10	105759707	105761201	1	1	1	6	0	17
chr10	105780372	105781377	1	1	1	4	0	3
chr10	105957797	105963429	2	2	1	3	0	25
chr10	106014721	106014920	1	1	1	14	0	18
chr10	106015030	106019333	1	1	1	3	0	24
chr10	106477672	106820469	1	1	0	0	4	15
chr10	106602618	106675590	1	1	1	0	1	4
chr10	107096109	107960500	2	2	0	0	7	18
chr10	108339233	108357108	2	2	1	1	0	2
chr10	108427561	108430994	2	2	1	0	1	1
chr10	109806319	109806444	2	2	1	1	0	2
chr10	111633186	111637547	2	2	1	1	3	9
chr10	111635358	111637547	2	2	1	0	2	3
chr10	111765910	111860382	1	1	1	0	3	4
chr10	111968244	111968329	2	2	1	0	1	4
chr10	112340780	112341680	1	1	1	2	0	15
chr10	112342401	112343141	1	1	1	1	0	30
chr10	112359571	112360196	1	1	1	2	0	23
chr10	112760304	112764363	1	1	1	6	0	8
chr10	113941572	113942551	2	2	1	0	2	3
chr10	114224417	114286845	1	1	1	5	0	30
chr10	114286924	114298004	1	1	1	6	0	17
chr10	114755621	114755877	1	3	0	3	0	23
chr10	114855956	114879379	2	2	0	4	0	17
chr10	114905857	114910756	1	1	1	1	0	32
chr10	114919752	114921337	1	1	1	0	1	1
chr10	114920451	114921337	1	1	1	0	1	6
chr10	115357833	115364367	2	2	1	0	1	5
chr10	116207780	116211382	2	2	1	3	0	18
chr10	116233716	116247716	2	2	1	1	0	25
chr10	116290631	116291895	2	2	0	1	0	26
chr10	116730200	116731893	1	1	1	0	3	3
chr10	117026483	117027802	1	1	1	3	0	16
chr10	117045908	117059543	1	1	1	0	1	8
chr10	118265799	119075904	2	4	0	4	0	18
chr10	119078486	119100490	2	2	1	4	0	13
chr10	120070421	120070718	2	2	1	2	0	14
chr10	120094939	120095065	2	2	1	2	0	14
chr10	120803655	120809312	2	2	1	4	0	14
chr10	120809498	120810032	2	2	1	1	0	29
chr10	120810834	120816251	2	2	1	6	0	26
chr10	120817816	120818723	2	2	1	2	0	9
chr10	120818910	120819113	2	2	1	6	0	22
chr10	120820357	120820735	2	2	1	6	0	15
chr10	120883082	120889026	1	1	1	0	9	15
chr10	120889135	120892026	1	1	1	0	1	19
chr10	120916269	120917179	2	2	1	3	0	17
chr10	120925919	120930247	1	1	0	1	0	12
chr10	120928046	120928688	2	2	1	2	0	3
chr10	120928855	120931893	2	2	1	2	0	14
chr10	120936666	120938266	2	2	1	0	5	1
chr10	121226998	121653174	1	1	0	0	5	31
chr10	121275165	121285543	2	2	1	1	0	18
chr10	121336263	121336358	2	2	1	3	0	5
chr10	121598213	121600354	2	2	1	6	0	28
chr10	121612707	121616849	2	6	1	1	0	14
chr10	122663655	122664157	1	1	1	8	0	17
chr10	123263456	123274630	0	0	1	3	0	22
chr10	123278344	123279492	2	2	1	0	3	2
chr10	123353482	123355990	2	2	1	0	1	4
chr10	123503374	123549683	2	2	1	4	0	19
chr10	123600779	123629520	2	2	1	5	0	12
chr10	123629554	123658355	2	2	1	5	0	17
chr10	123724901	123727169	2	2	1	1	0	11
chr10	124214541	124216422	1	1	1	0	1	5
chr10	124340412	124341308	1	1	1	0	2	1
chr10	124353115	124354011	1	1	1	0	2	1
chr10	124502504	124838490	2	2	0	0	4	14
chr10	124517011	124520940	1	1	1	2	0	8
chr10	124608956	124609939	2	2	1	5	0	17
chr10	124914002	124914433	1	1	1	2	0	1
chr10	126114777	126120654	1	1	0	0	1	12
chr10	126162750	126187491	2	2	0	0	3	26
chr10	126458678	126468139	2	2	0	0	5	23
chr10	126468234	126500236	1	1	0	0	5	19
chr10	126468234	127332240	1	1	0	0	5	19
chr10	126672258	126673342	1	1	1	3	0	23
chr10	126692062	126727565	2	2	1	4	0	24
chr10	128769050	128776211	1	1	1	2	0	18
chr10	128813126	128813193	2	2	0	2	0	23
chr10	128926029	129046271	1	1	1	1	0	21
chr10	129908798	129909908	2	2	1	0	1	3
chr10	129910081	129910190	2	2	1	1	0	4
chr10	129910310	129910396	2	2	1	1	0	11
chr10	131506308	131557465	1	1	1	4	0	20
chr10	131665532	131666045	2	2	1	3	0	4
chr10	131903996	131904036	2	2	0	3	0	23
chr10	131973171	131973260	1	1	1	3	0	15
chr10	133765667	133766528	2	2	0	0	1	30
chr10	133765745	133766528	2	2	0	0	1	30
chr10	133766332	133766507	1	1	0	0	1	18
chr10	134511424	134521816	1	1	1	3	1	21
chr10	134723573	134726158	2	2	1	2	0	6
chr10	134899494	134899495	0	0	1	2	4	2
chr10	135101814	135102343	2	2	1	5	0	31
chr10	135106743	135107065	2	2	1	2	0	20
chr10	135195164	135202459	1	1	1	0	1	5
chr10	135212731	135213032	1	1	1	6	0	9
chr10	135213124	135215032	1	1	1	3	0	23
chr10	135215750	135216195	1	1	1	6	0	15
chr10	135470821	135470908	0	0	1	0	3	1
chr11	131374	131466	2	2	1	0	12	29
chr11	134797	134889	2	2	1	0	12	29
chr11	193155	193711	1	1	1	0	2	5
chr11	204107	204110	0	0	1	1	0	7
chr11	210001	210406	1	1	1	0	2	5
chr11	210001	210574	1	1	1	0	2	4
chr11	210663	211198	1	1	1	0	3	4
chr11	293728	293829	1	1	1	2	0	8
chr11	372213	372661	1	1	1	3	0	23
chr11	373829	375460	1	1	1	4	0	17
chr11	375528	375638	1	1	1	4	0	8
chr11	380020	380100	1	1	1	0	2	6
chr11	431907	431998	2	2	1	1	0	15
chr11	498628	498762	2	2	1	2	0	8
chr11	502182	507112	2	2	1	6	0	8
chr11	533359	533452	2	2	1	7	0	28
chr11	550273	551130	1	1	1	1	0	2
chr11	582082	587258	1	1	1	0	4	1
chr11	605301	605604	1	1	1	7	0	22
chr11	608459	608958	0	0	0	3	0	32
chr11	640307	640400	1	1	1	0	1	6
chr11	678823	679687	2	2	1	5	0	24
chr11	688461	691500	2	2	1	6	0	3
chr11	700708	702944	1	1	1	4	0	25
chr11	720747	720829	1	1	1	4	0	12
chr11	726485	726618	1	1	1	9	0	19
chr11	770904	770992	2	2	1	8	0	18
chr11	775143	777398	2	2	1	0	3	2
chr11	803086	803173	2	2	0	1	0	17
chr11	810040	810233	1	1	1	12	0	31
chr11	810358	811596	1	1	1	10	0	23
chr11	811646	812534	1	1	1	3	0	12
chr11	812634	812759	1	1	1	4	0	30
chr11	819796	824317	0	0	0	6	0	31
chr11	822024	822396	1	1	1	0	3	3
chr11	822607	823526	1	1	1	10	0	20
chr11	836154	836250	1	1	1	5	0	29
chr11	870500	883147	2	2	1	2	0	31
chr11	883304	884067	2	2	1	3	0	7
chr11	896117	896895	1	1	0	0	5	13
chr11	896117	897164	1	1	0	0	5	13
chr11	896117	897202	1	1	0	0	5	13
chr11	960289	967096	1	1	0	1	0	22
chr11	970312	972061	1	1	1	0	1	2
chr11	981300	984644	1	1	1	6	0	31
chr11	1028784	1028888	2	2	1	0	2	3
chr11	1254001	1254242	1	1	1	0	1	1
chr11	1264261	1265932	1	1	0	0	7	13
chr11	1311640	1316874	2	2	1	0	1	7
chr11	1462159	1463719	1	1	1	4	0	7
chr11	1492650	1501622	2	2	1	0	4	6
chr11	1594299	1618477	1	1	1	3	0	6
chr11	1968610	1972128	1	1	1	2	0	17
chr11	1972252	1973356	1	1	1	7	0	3
chr11	1977679	1977771	1	1	1	4	5	14
chr11	2138711	2990455	2	2	0	0	5	28
chr11	2156760	2159458	2	2	1	5	0	14
chr11	2411757	2415324	1	1	1	0	6	2
chr11	2412713	2415324	1	1	1	0	6	2
chr11	2412811	2413804	1	5	0	3	0	19
chr11	2417201	2417857	1	1	1	7	0	32
chr11	2417945	2418033	1	1	1	10	0	20
chr11	2641529	2642289	2	2	0	4	0	30
chr11	2981140	2985909	2	2	1	1	0	31
chr11	2992765	2993331	2	2	1	5	0	15
chr11	3039742	3039849	2	2	1	0	2	6
chr11	3039771	3039849	2	2	1	0	1	7
chr11	3125491	3127754	0	0	0	3	0	30
chr11	3521832	3529442	2	2	1	0	3	15
chr11	3631220	3631462	1	1	1	0	1	6
chr11	3641630	3642570	1	1	1	0	1	3
chr11	3798638	3857915	1	1	0	0	4	32
chr11	3808717	3811157	1	3	0	1	0	22
chr11	3916210	3959398	2	2	0	0	1	25
chr11	4068083	4068646	1	1	0	4	0	19
chr11	4076868	4080510	1	1	1	3	0	32
chr11	4104729	4107706	1	1	1	2	0	19
chr11	4139692	4141074	1	1	1	2	0	5
chr11	5246957	5247806	2	2	1	3	0	18
chr11	5269718	5270597	2	2	1	0	2	21
chr11	5274636	5275521	2	2	1	0	2	21
chr11	5655130	5655860	1	3	1	0	1	4
chr11	5721608	5995598	1	1	0	0	7	17
chr11	5721608	6689682	1	1	0	0	7	17
chr11	6233098	6235640	2	2	1	4	2	4
chr11	6245938	6255773	2	2	1	0	1	7
chr11	6500190	6500369	2	2	1	4	0	10
chr11	6532660	6540829	1	1	1	4	1	6
chr11	6633050	6633188	2	2	1	2	0	20
chr11	6637735	6637891	2	2	1	2	0	16
chr11	6638385	6638531	2	2	1	4	0	1
chr11	8013711	8014433	1	1	1	5	0	25
chr11	8103096	8111156	1	1	1	5	0	21
chr11	8486370	8494709	2	2	1	2	0	17
chr11	8704364	8704748	1	1	1	9	1	15
chr11	8704813	8705552	1	1	1	2	0	21
chr11	8706440	8707224	1	1	1	2	0	22
chr11	8734283	8736156	2	2	1	0	1	4
chr11	9164393	9164949	2	2	1	0	3	1
chr11	9302589	9304917	2	2	1	4	0	31
chr11	9349036	9414282	1	1	0	0	5	13
chr11	9464108	9466056	2	2	0	0	1	18
chr11	9476915	9861987	2	2	0	0	4	16
chr11	9637462	9712726	1	1	0	0	2	12
chr11	9867288	9868502	2	2	1	3	0	15
chr11	9917559	9983503	2	2	1	5	0	27
chr11	10022570	10024103	2	2	1	1	0	15
chr11	10519984	10520791	1	1	1	0	3	2
chr11	10794821	10795558	1	1	1	0	1	5
chr11	10819429	10820538	2	2	1	2	0	15
chr11	10821896	10821978	2	2	1	5	0	6
chr11	10822383	10822508	2	2	1	7	0	21
chr11	10823322	10823595	2	2	1	2	0	25
chr11	10828433	10828801	2	2	1	6	1	20
chr11	10828433	10829823	2	2	1	0	1	1
chr11	10828433	10830251	2	2	1	0	1	1
chr11	10828929	10830251	2	2	1	1	4	25
chr11	11863772	11906013	1	1	1	3	0	26
chr11	11941799	11941888	1	1	1	4	0	17
chr11	12115772	12159936	1	1	1	1	0	5
chr11	12904673	12923486	1	1	1	3	0	25
chr11	12955468	13528994	2	2	0	0	5	32
chr11	14276276	14277192	1	1	1	2	0	7
chr11	16766232	16769643	1	1	1	10	0	22
chr11	16804444	16805246	2	2	1	1	0	25
chr11	16812750	16813134	2	2	1	5	0	2
chr11	17096745	17097000	2	2	1	6	0	8
chr11	17098794	17098975	2	2	1	11	0	25
chr11	17099025	17099165	2	2	1	8	0	3
chr11	17141522	17143734	2	2	1	0	1	6
chr11	17331223	17332371	1	1	1	0	2	3
chr11	17450218	17452360	2	2	1	0	1	5
chr11	18230741	18231032	1	1	1	0	1	3
chr11	18264367	18267456	2	2	1	0	1	8
chr11	18345643	18345689	0	0	0	3	0	32
chr11	18345844	18347493	1	1	1	0	1	3
chr11	18380188	18382161	1	1	1	2	0	26
chr11	18416184	18418365	1	1	1	3	0	8
chr11	18424561	18425240	1	1	1	0	4	8
chr11	18425359	18426995	1	1	1	3	0	5
chr11	18531213	18548321	2	2	1	0	1	8
chr11	18737264	18738274	2	2	1	0	1	2
chr11	20398264	20403723	1	1	1	3	0	17
chr11	27379089	27384382	2	2	1	8	0	30
chr11	27414066	27434335	2	2	1	1	0	27
chr11	27434408	27493664	2	2	1	0	1	3
chr11	27520352	27520905	2	2	1	8	0	26
chr11	28112275	28112955	2	2	1	2	0	7
chr11	28451978	28452004	1	3	0	0	5	29
chr11	31723147	31723687	0	0	0	3	0	30
chr11	32118884	32119895	1	1	1	3	0	10
chr11	32394416	33326784	1	1	0	6	0	15
chr11	32518828	32777002	2	2	0	0	5	12
chr11	32605476	32608557	1	1	1	7	0	14
chr11	32610682	32611092	1	1	1	1	0	6
chr11	32623369	32623824	1	1	1	4	0	25
chr11	32949670	32953288	1	1	1	3	0	20
chr11	32990690	32994942	1	1	1	2	0	11
chr11	33061934	33065295	1	1	1	0	1	7
chr11	33279436	33307962	2	6	0	2	0	19
chr11	33370365	33370692	1	1	1	0	1	4
chr11	33780148	33790396	2	2	1	4	0	11
chr11	34118221	34118742	1	1	1	5	0	25
chr11	34156134	34156721	1	1	1	3	0	11
chr11	34161043	34161946	1	1	1	1	0	5
chr11	34189540	34192452	2	2	1	1	0	5
chr11	34492589	34492914	1	1	1	4	0	23
chr11	34664275	34667985	1	1	1	0	3	8
chr11	43702538	43819869	1	1	1	2	0	5
chr11	43819978	43827794	1	1	1	0	3	1
chr11	43923276	43940587	1	1	1	1	0	24
chr11	44129799	44130743	1	1	1	5	0	15
chr11	44130834	44135734	1	1	1	2	0	16
chr11	44286734	44289043	2	2	1	3	0	4
chr11	45893785	45902464	1	1	1	2	0	7
chr11	46394061	46394166	1	1	1	1	0	4
chr11	46431919	46439462	2	2	1	3	0	26
chr11	46665911	46666888	1	1	1	0	2	2
chr11	46748177	46748260	1	1	1	7	3	6
chr11	46784730	46785030	2	2	1	0	4	3
chr11	46799864	46800009	2	2	1	7	3	11
chr11	46800150	46801743	2	2	1	2	0	24
chr11	46802437	46986097	1	1	0	0	6	27
chr11	46812134	46817143	2	2	1	7	0	4
chr11	46831051	46831291	2	2	1	5	0	27
chr11	46840055	46842725	2	2	1	3	0	11
chr11	46922305	46986097	1	1	0	0	6	27
chr11	47166627	47167135	2	4	0	1	0	23
chr11	47190138	47190846	2	2	1	0	2	7
chr11	47196865	47197401	2	2	1	10	0	9
chr11	47197475	47198066	2	2	1	1	0	5
chr11	47256224	47256307	1	1	1	2	0	30
chr11	47259735	47260350	1	1	1	5	0	5
chr11	47281158	47281341	1	1	1	0	4	3
chr11	47295094	47322889	0	0	0	3	0	31
chr11	47305833	47305925	1	1	1	5	0	6
chr11	47306746	47307001	1	1	1	0	1	3
chr11	47345387	47345815	1	1	1	1	0	11
chr11	47369031	47369201	2	2	1	0	3	4
chr11	47369457	47369974	2	2	1	0	2	1
chr11	47379309	47538346	1	1	0	0	4	24
chr11	47379309	48032279	1	1	0	0	4	24
chr11	47440497	47440666	2	2	1	3	0	31
chr11	47444274	47444380	2	2	1	5	0	31
chr11	47445735	47445979	2	2	1	4	0	9
chr11	47446798	47447417	2	2	1	4	0	22
chr11	47528450	47586825	2	2	1	0	1	6
chr11	47602175	47602386	1	1	1	5	0	17
chr11	47604021	47605865	1	1	1	1	0	32
chr11	47652640	47653205	2	2	1	5	0	2
chr11	47745725	47746019	2	2	1	4	0	16
chr11	47746829	47749158	0	0	0	4	0	31
chr11	47767947	47772467	2	2	1	1	0	28
chr11	47833982	47834433	2	2	1	0	4	2
chr11	47843374	47843638	2	2	1	1	0	7
chr11	47878368	47883031	2	2	0	0	2	31
chr11	49140570	49142023	0	0	1	0	1	1
chr11	57067556	57068001	2	2	1	0	3	8
chr11	57078031	57080007	2	2	1	3	0	9
chr11	57093953	57094176	2	2	1	4	0	18
chr11	57094364	57094899	2	2	1	1	0	14
chr11	57095901	57097566	2	2	1	3	0	7
chr11	57097613	57097764	2	2	1	3	0	15
chr11	57102123	57102541	2	2	1	1	0	30
chr11	57102715	57103203	2	2	1	6	0	26
chr11	57435660	57439492	1	1	1	3	0	25
chr11	57506243	57506445	1	1	1	6	0	1
chr11	58665008	58728223	2	2	0	3	0	22
chr11	59812248	59814186	1	1	1	0	2	2
chr11	60442722	60454382	1	1	1	0	1	4
chr11	60617488	60617678	1	1	1	1	0	8
chr11	61076550	61077267	2	2	1	3	0	13
chr11	61077433	61077766	2	2	1	0	1	4
chr11	61077891	61079255	2	2	1	6	0	30
chr11	61079368	61079460	2	2	1	4	0	19
chr11	61079557	61080970	2	2	1	4	0	4
chr11	61100481	61100616	2	2	1	0	2	1
chr11	61100481	61101075	2	2	1	0	2	1
chr11	61100481	61102782	2	2	1	0	2	1
chr11	61110317	61110813	1	1	1	1	0	4
chr11	61111746	61112731	1	1	1	1	0	9
chr11	61189081	61196653	2	2	1	2	0	3
chr11	61197655	61205096	1	1	1	1	0	13
chr11	61396512	61403573	1	1	1	0	1	6
chr11	61408556	62044577	1	1	0	0	4	30
chr11	61455566	62044569	1	1	0	0	4	22
chr11	61608004	61608095	1	1	1	12	0	20
chr11	61643449	61643582	2	2	1	0	1	1
chr11	61645688	61645983	2	2	1	0	1	4
chr11	61649697	61650005	2	2	0	0	6	12
chr11	61674157	61674864	2	2	1	0	1	4
chr11	61732364	61732458	2	2	1	4	0	22
chr11	61732585	61732840	2	2	1	3	2	28
chr11	61732988	61734783	2	2	1	0	1	9
chr11	61898063	61905303	1	1	1	10	0	29
chr11	61906478	61907705	1	1	1	2	0	12
chr11	61908294	61908384	1	1	1	3	0	18
chr11	61914375	61915947	1	1	1	5	0	32
chr11	61916319	61917528	1	1	1	3	0	16
chr11	61917680	61919233	1	1	1	3	0	25
chr11	62327310	62327540	2	2	1	8	5	9
chr11	62339155	62339309	2	2	1	4	3	12
chr11	62339374	62340055	2	2	1	0	4	10
chr11	62341476	62342148	2	2	1	0	2	6
chr11	62360973	62361403	1	1	0	4	0	23
chr11	62364298	62364787	2	2	1	1	0	8
chr11	62368162	62368894	2	2	1	0	2	6
chr11	62394407	62394519	2	2	1	1	0	17
chr11	62394826	62396240	2	2	1	1	1	32
chr11	62396485	62396665	2	2	1	3	0	12
chr11	62396768	62397059	2	2	1	5	0	22
chr11	62397978	62398072	2	2	1	9	0	7
chr11	62398309	62398501	2	2	1	2	0	12
chr11	62398656	62400036	2	2	1	5	0	8
chr11	62400987	62402292	2	2	1	10	0	9
chr11	62401848	62402292	2	2	1	1	0	2
chr11	62406940	62407098	2	2	1	7	0	8
chr11	62430806	62432320	2	2	1	5	0	4
chr11	62432446	62434994	2	2	1	3	0	11
chr11	62444112	62444284	2	2	1	3	0	28
chr11	62445305	62445398	2	2	1	3	0	22
chr11	62446074	62446161	2	2	1	1	0	2
chr11	62473090	62473674	2	2	1	4	0	5
chr11	62483410	62484460	2	2	1	1	0	24
chr11	62484662	62487494	2	2	1	2	0	10
chr11	62499358	62710947	2	2	0	0	5	15
chr11	62515052	62531424	1	3	0	3	0	20
chr11	62532705	62532811	1	1	1	5	0	10
chr11	62542138	62559150	2	2	1	0	1	3
chr11	62545808	62546340	1	1	1	5	0	23
chr11	62592812	62592894	2	2	1	0	1	1
chr11	62594871	62595032	2	2	1	2	0	3
chr11	62609158	63536472	2	4	0	6	0	12
chr11	62620466	62620546	2	2	1	0	1	2
chr11	62622939	62623336	2	2	1	1	0	3
chr11	62648920	62649364	1	1	1	4	0	11
chr11	62649539	62650379	1	1	1	3	0	31
chr11	62655691	62655802	1	1	1	3	0	19
chr11	62918574	63654132	1	1	0	0	4	23
chr11	62935533	62948131	2	2	1	0	13	5
chr11	63291094	63307220	1	1	0	1	0	12
chr11	63326133	63327556	2	2	1	0	2	5
chr11	63389463	63393638	1	1	0	0	4	31
chr11	63414901	63654132	1	1	0	0	4	23
chr11	63475088	63733946	2	2	0	7	0	18
chr11	63531342	63531509	2	2	1	5	0	4
chr11	63541959	63717500	1	1	0	0	8	17
chr11	63581286	63585276	1	1	1	0	1	1
chr11	63585838	63585998	1	1	1	5	0	15
chr11	63585838	63586273	1	1	0	4	0	22
chr11	63656437	63662630	1	1	1	0	2	5
chr11	63666146	63666234	1	1	1	6	0	6
chr11	63670631	63672257	1	1	1	3	0	26
chr11	63683084	63683801	2	2	1	0	1	1
chr11	63742267	63743696	1	1	1	5	6	27
chr11	63742267	63753612	1	1	1	0	6	1
chr11	63753987	63755808	1	1	1	1	0	26
chr11	63755871	63756125	1	1	1	2	0	3
chr11	63766160	63766426	2	2	1	0	1	4
chr11	63950192	64076223	1	1	0	0	4	23
chr11	63967509	63967640	1	1	1	2	0	18
chr11	63971633	63971661	1	1	0	2	0	19
chr11	63978317	63978523	1	1	1	0	1	4
chr11	63978644	63978746	1	1	1	0	5	6
chr11	63993900	63994106	1	1	1	2	0	5
chr11	64010784	64010922	1	1	1	1	0	2
chr11	64010970	64011312	1	1	1	5	0	22
chr11	64037810	64039084	2	2	1	1	0	16
chr11	64059039	64060413	1	1	1	0	3	4
chr11	64068460	64070953	1	1	1	0	3	4
chr11	64084620	64084735	2	2	1	5	0	32
chr11	64118081	64155221	2	2	0	0	10	26
chr11	64366396	64367147	1	1	1	0	1	6
chr11	64367363	64367838	1	1	1	0	2	3
chr11	64532991	64534371	2	2	1	2	0	14
chr11	64534552	64534663	2	2	1	3	2	16
chr11	64534724	64535042	2	2	1	1	0	11
chr11	64535317	64535577	2	2	1	4	0	25
chr11	64537526	64537727	2	2	1	5	0	26
chr11	64559748	64559835	2	2	1	0	10	1
chr11	64600809	64601071	2	2	1	0	1	5
chr11	64660640	64660882	2	2	1	0	3	6
chr11	64665447	64665557	2	2	1	1	0	23
chr11	64681706	64681809	2	2	1	2	0	21
chr11	64781745	64785835	1	1	1	1	0	7
chr11	64883071	64883364	1	1	1	6	2	21
chr11	64889117	64889210	2	2	1	1	0	21
chr11	64889294	64889561	2	2	1	1	0	4
chr11	64898296	64898390	2	2	1	2	0	23
chr11	64901090	64901926	2	2	1	1	0	4
chr11	65055312	65056520	1	1	1	9	0	2
chr11	65063071	65063334	1	1	1	2	0	23
chr11	65154593	65161043	1	1	1	0	2	2
chr11	65190855	65191097	1	1	1	0	3	2
chr11	65247907	65288658	1	1	0	0	1	19
chr11	65261810	65878183	1	1	0	0	4	22
chr11	65276430	65280789	1	1	0	0	1	25
chr11	65305352	65305437	1	1	1	5	0	15
chr11	65307353	65307715	2	2	1	6	0	18
chr11	65308086	65308341	2	2	1	0	3	3
chr11	65315293	65315390	2	2	1	0	2	4
chr11	65319878	65320330	2	2	1	1	0	14
chr11	65347731	65347807	1	1	1	0	1	6
chr11	65383936	65384294	1	1	1	2	0	9
chr11	65388438	65389715	1	1	1	8	0	13
chr11	65414537	65414854	1	1	1	4	0	4
chr11	65421981	65422289	2	4	1	0	7	1
chr11	65471216	65518223	2	2	0	0	1	21
chr11	65487281	65487515	2	2	1	5	0	1
chr11	65497130	65518223	2	2	0	0	1	21
chr11	65622920	65623124	2	2	1	4	0	28
chr11	65623714	65625567	2	2	1	3	0	12
chr11	65630677	65630880	1	1	1	0	2	6
chr11	65637709	65638006	2	2	1	0	1	4
chr11	65639490	65639714	2	2	1	1	0	7
chr11	65652658	65653000	2	2	1	1	0	6
chr11	65655198	65655404	2	2	1	14	0	26
chr11	65688444	65688800	1	1	1	6	0	11
chr11	65732042	65732562	1	1	1	2	0	2
chr11	65733251	65733357	1	1	1	1	0	21
chr11	65734855	65734941	1	1	1	1	2	14
chr11	65735058	65735149	1	1	1	2	0	18
chr11	65738500	65738560	1	1	0	0	4	13
chr11	65738500	65738740	1	1	0	0	4	13
chr11	65738500	65738833	1	1	0	0	4	13
chr11	65738500	65738987	1	1	0	0	4	13
chr11	65738500	65739016	1	1	0	0	4	13
chr11	65744238	65744484	1	1	1	5	0	2
chr11	65746161	65746263	1	1	1	5	0	5
chr11	65746386	65746482	1	1	1	7	0	22
chr11	65770042	65770705	1	1	1	2	0	12
chr11	65789351	65790319	2	2	1	0	1	3
chr11	65822787	65823008	1	1	1	1	0	13
chr11	65835517	65835618	1	1	1	2	0	7
chr11	66031219	66031321	1	1	1	4	0	11
chr11	66033484	66033563	1	1	1	4	0	26
chr11	66039724	66039835	1	1	1	5	0	6
chr11	66115542	66120925	1	1	1	7	0	1
chr11	66136671	66136839	2	2	1	0	1	3
chr11	66137004	66138714	2	2	1	1	0	14
chr11	66169024	66286637	1	5	0	7	0	30
chr11	66242576	66247509	2	2	1	0	1	2
chr11	66288848	66290926	1	1	1	3	0	9
chr11	66388410	66391684	1	1	1	0	5	3
chr11	66457755	66458754	2	2	1	0	1	2
chr11	66475290	66475611	2	2	1	4	0	11
chr11	66481879	66482692	2	2	1	1	0	4
chr11	66572196	67551091	1	1	0	0	6	24
chr11	66605917	66606602	1	1	1	0	2	4
chr11	66617588	66617690	2	2	1	0	1	1
chr11	66639631	66678864	2	2	0	4	0	19
chr11	66850257	67626421	2	2	0	0	4	32
chr11	67021083	67021673	1	1	1	5	0	2
chr11	67034284	67044742	1	1	1	4	0	15
chr11	67046991	67047096	1	1	1	3	0	16
chr11	67052660	67052756	1	1	1	0	1	6
chr11	67261309	67261392	2	2	1	0	2	4
chr11	67307533	67311855	1	1	0	0	2	12
chr11	67378042	67378465	1	1	1	3	0	14
chr11	67378679	67378873	1	1	1	1	0	31
chr11	67799677	67799752	1	1	1	3	0	19
chr11	67799991	67800389	1	1	1	0	5	6
chr11	67810965	67811037	1	1	1	0	1	6
chr11	67998045	68003918	2	2	0	0	4	14
chr11	68131412	68133038	1	1	1	7	0	23
chr11	68133171	68153783	1	1	1	3	0	14
chr11	68305360	68312305	1	1	1	0	2	5
chr11	68660924	68663982	2	2	1	10	0	17
chr11	68717029	68791046	2	2	0	0	2	22
chr11	69486588	69489957	2	2	1	0	4	5
chr11	70118543	70170507	1	1	1	1	0	6
chr11	70178201	70179127	1	1	1	2	0	4
chr11	70186057	70231745	1	3	0	1	0	18
chr11	70281692	70281945	2	4	0	3	0	29
chr11	70416819	70417397	2	2	1	1	1	2
chr11	70644662	70653106	2	2	1	5	1	23
chr11	71155262	71155900	2	2	1	1	0	31
chr11	71158773	71159335	2	2	1	0	1	5
chr11	71158781	71159335	2	2	1	3	0	2
chr11	71196695	71201890	1	1	1	1	0	18
chr11	71425605	71433218	1	1	1	0	3	15
chr11	71628823	71629930	2	2	1	1	0	11
chr11	71668311	71671795	1	1	1	2	1	23
chr11	71714585	71714932	2	2	1	9	0	27
chr11	71728874	71729228	2	2	1	4	0	8
chr11	71729560	71729868	2	2	1	1	0	8
chr11	71733466	71734110	2	2	1	9	0	26
chr11	71747022	71752767	2	2	1	2	0	4
chr11	71791932	71799342	1	1	1	1	0	6
chr11	71809462	71809826	2	2	1	1	0	19
chr11	71850157	71850157	0	0	1	0	4	5
chr11	71939040	71939521	2	2	0	1	0	31
chr11	71940603	71940706	1	1	1	3	0	26
chr11	71942234	71942541	1	1	1	0	1	5
chr11	72302401	72316181	2	2	1	0	3	6
chr11	72443643	72463372	2	2	1	0	1	3
chr11	73067805	73068069	1	1	1	0	1	3
chr11	73087545	73100156	1	1	1	1	0	8
chr11	73117790	73118557	2	2	1	4	0	21
chr11	73602247	73610190	1	1	1	0	1	3
chr11	73914867	73915397	1	5	1	1	1	3
chr11	74296898	74927232	2	2	0	5	0	24
chr11	74547144	74554547	2	2	0	4	0	24
chr11	75074253	75085193	1	1	0	0	1	31
chr11	75110622	75111737	1	1	1	9	0	20
chr11	75112750	75113423	1	1	1	7	0	4
chr11	75113491	75115063	1	1	1	16	0	28
chr11	75115913	75116657	1	1	1	10	0	32
chr11	75161029	75167801	2	2	1	0	1	5
chr11	75201366	75236254	2	2	1	0	2	5
chr11	75279875	75279983	1	1	1	6	0	4
chr11	75524907	75525507	2	2	1	1	2	6
chr11	76235966	76450614	1	1	0	0	4	28
chr11	76239511	76253259	1	1	1	0	1	2
chr11	76248995	76250642	1	1	1	0	1	4
chr11	76250685	76253259	1	1	1	0	1	2
chr11	76726162	76727718	1	1	1	4	0	15
chr11	76893646	76894112	1	1	1	5	0	29
chr11	77327741	77330650	2	2	1	4	0	19
chr11	77343024	77364975	2	2	0	0	1	20
chr11	77532227	77553524	1	1	1	0	1	7
chr11	77602856	77612466	2	2	0	4	0	30
chr11	77633518	77635825	2	2	1	0	1	5
chr11	77826735	77828575	0	0	0	3	0	30
chr11	77837346	78765944	1	1	0	0	4	18
chr11	77839893	78179682	2	2	0	0	4	14
chr11	77933242	77934457	2	2	1	0	1	1
chr11	82641317	82642773	1	1	1	0	1	6
chr11	82783739	82807110	2	2	1	0	2	3
chr11	84677223	85195088	2	2	0	5	0	12
chr11	85469158	85521996	2	2	1	0	1	4
chr11	85742654	85779692	2	2	1	0	1	1
chr11	86590587	86590713	1	1	0	0	1	22
chr11	86736100	86736406	1	3	1	0	2	2
chr11	86810786	86811850	1	1	0	1	0	27
chr11	88068251	88070668	2	2	1	4	0	18
chr11	89936044	89936475	2	2	1	2	0	28
chr11	89951353	89956058	2	2	1	1	0	24
chr11	93144389	93148165	1	1	1	0	2	3
chr11	93400974	93401973	1	1	1	5	0	24
chr11	93680388	93680414	2	4	0	0	5	29
chr11	94704652	94705218	2	2	1	5	0	9
chr11	95512122	95512770	2	2	1	0	1	4
chr11	97808091	97813605	2	2	1	0	1	3
chr11	100556793	100735143	2	2	0	0	6	29
chr11	101136400	101216282	0	0	0	5	0	31
chr11	102991532	102991653	1	1	1	3	0	17
chr11	102993730	102995828	1	1	1	0	1	3
chr11	103006678	103013996	1	1	1	1	0	16
chr11	103025336	103025423	1	1	1	5	2	3
chr11	103029539	103029638	1	3	1	7	0	1
chr11	103093816	103101988	1	1	1	1	0	22
chr11	103124178	103126143	1	1	1	2	0	15
chr11	103229088	103270390	1	1	1	2	0	12
chr11	103339434	103349822	1	1	1	1	0	25
chr11	104763231	104769134	2	2	1	0	1	2
chr11	104896328	104897568	2	2	1	0	1	6
chr11	105961406	105962042	1	1	1	3	1	4
chr11	107300178	107304359	2	2	1	8	0	15
chr11	107312349	107313664	2	2	1	3	0	8
chr11	107326503	107328437	2	2	1	7	0	13
chr11	108010943	108012331	1	1	1	1	0	4
chr11	108012428	108013163	1	1	1	1	0	20
chr11	108173757	108175401	1	1	1	2	0	4
chr11	108181043	108183137	1	1	1	5	0	15
chr11	108188249	108190680	1	1	1	1	0	19
chr11	108346468	108346643	0	0	0	8	0	31
chr11	108544255	108546322	1	1	1	5	0	7
chr11	108546454	108547811	1	1	1	0	1	5
chr11	108709293	108712041	1	1	1	1	0	16
chr11	110150482	110167191	2	2	1	2	0	10
chr11	110213007	110230298	2	2	0	0	1	16
chr11	111782647	111783828	2	2	1	0	2	6
chr11	111896349	111896921	1	1	1	3	0	2
chr11	111915955	111916586	1	1	1	0	1	4
chr11	111946368	111951132	1	1	1	0	2	1
chr11	111949040	111951132	1	1	1	0	2	1
chr11	113103537	113103868	1	1	1	0	1	2
chr11	113607496	113608293	2	2	1	0	1	4
chr11	113675474	113675589	2	2	1	2	0	18
chr11	114276522	114278166	1	1	1	0	1	3
chr11	117063079	117063289	1	1	1	3	0	24
chr11	117101185	117102742	2	2	1	5	0	17
chr11	117137127	118050192	1	1	0	4	0	30
chr11	117246508	117251329	1	1	1	4	0	8
chr11	117265720	117265838	1	1	1	1	0	29
chr11	117304188	117306359	2	2	1	0	2	3
chr11	117310146	117310534	2	2	1	2	0	4
chr11	117782576	117784491	2	2	1	1	0	4
chr11	118201916	118202091	2	2	0	0	1	20
chr11	118211309	118213267	2	2	1	0	1	3
chr11	118230390	118235754	1	1	1	2	0	10
chr11	118239520	118240137	1	1	1	0	1	5
chr11	118247410	118250160	1	1	1	2	0	4
chr11	118360603	118360843	1	1	1	6	0	32
chr11	118363946	118365002	1	1	1	3	0	1
chr11	118368789	118369084	1	1	1	4	0	24
chr11	118372573	118373112	1	1	1	5	0	23
chr11	118378325	118379138	1	1	0	3	0	23
chr11	118390508	118390671	1	3	1	5	0	31
chr11	118502197	118502629	1	1	1	1	0	13
chr11	118515410	118516073	1	1	1	0	1	4
chr11	118622807	118625413	2	2	1	5	0	9
chr11	118627033	118627879	2	2	1	1	0	1
chr11	118629612	118630630	2	2	1	4	0	23
chr11	118647329	118706528	1	1	0	0	3	20
chr11	118673220	119326108	1	1	0	6	0	19
chr11	118888764	118888991	2	2	1	1	0	16
chr11	118916544	118917128	2	2	1	1	0	23
chr11	118917180	118917273	2	2	1	1	0	11
chr11	118944662	118947528	1	1	1	1	2	4
chr11	119003284	119003370	1	1	1	0	1	1
chr11	119182132	119182239	2	2	1	0	1	5
chr11	119183660	119185198	2	2	1	4	0	16
chr11	119185751	119187744	2	2	1	0	1	6
chr11	119345617	119347715	2	2	0	1	2	12
chr11	119546503	119941067	1	1	0	0	5	12
chr11	120097706	120099576	1	1	1	0	9	1
chr11	120295125	120298777	1	1	1	4	0	32
chr11	120308092	120310837	1	1	1	0	2	4
chr11	120312527	120312812	1	1	1	0	2	7
chr11	120392897	120393824	0	0	0	6	0	32
chr11	120916533	120918236	1	1	1	0	1	4
chr11	121475034	121475821	1	1	1	0	2	2
chr11	122929193	122929339	2	2	1	14	0	23
chr11	122969497	123231606	2	2	0	0	5	26
chr11	124628424	124631980	2	2	1	0	1	4
chr11	124740625	124740909	1	1	1	0	1	6
chr11	125445828	125446150	1	1	1	0	1	4
chr11	125446212	125447399	1	1	1	1	0	16
chr11	125495908	125496643	1	1	1	11	0	23
chr11	125499192	125499285	1	1	1	3	0	20
chr11	125503247	125505323	1	1	1	2	0	12
chr11	125525243	125526100	1	1	1	4	0	5
chr11	125787147	125788522	1	1	1	0	1	3
chr11	125804420	125810937	1	1	0	1	0	22
chr11	125891416	125893295	2	2	1	0	1	3
chr11	126135719	126135857	2	2	1	6	0	5
chr11	126136174	126136370	2	2	1	3	0	27
chr11	126136525	126136657	2	2	1	6	0	6
chr11	126136818	126137069	2	4	1	10	0	9
chr11	126137231	126137443	2	2	1	3	0	9
chr11	126141553	126142863	1	1	1	5	0	31
chr11	126142975	126143230	1	1	1	4	0	28
chr11	126153049	126159559	1	1	1	0	1	6
chr11	126174177	126176464	1	1	1	1	0	29
chr11	126192980	126247320	2	4	0	0	3	20
chr11	128471018	128572699	1	1	0	3	0	29
chr11	128761617	128781158	1	1	1	0	1	1
chr11	128806545	128806656	2	2	1	0	2	2
chr11	129034323	129149040	2	2	1	0	1	5
chr11	129735879	129739388	2	2	1	7	0	27
chr11	129744476	129744687	2	2	1	0	1	3
chr11	129755505	129756211	2	2	1	3	0	3
chr11	129793299	129794776	2	2	1	4	0	6
chr11	129992409	129996594	1	1	1	1	0	3
chr11	129993675	129996594	1	1	1	8	0	23
chr11	129999102	129999932	1	1	1	5	0	22
chr11	130005611	130007150	1	1	1	3	0	6
chr11	130010379	130011392	1	1	1	4	0	12
chr11	130066344	130066464	1	1	1	0	2	1
chr11	130068965	130069845	1	1	1	0	1	3
chr11	132190035	132190945	1	1	0	0	5	24
chr11	134073802	134073940	2	2	1	3	0	2
chr11	134183369	134183834	1	1	1	2	0	32
chr11	134217328	134226194	1	1	1	6	0	27
chr11	134245779	134245988	2	6	1	12	0	26
chr12	78940	87268	1	1	1	0	5	7
chr12	89019	89674	1	1	1	1	0	12
chr12	309950	311905	2	2	1	0	1	1
chr12	406367	416111	2	2	1	3	0	7
chr12	514731	520912	1	1	1	4	0	22
chr12	515268	532497	1	1	0	0	1	17
chr12	645462	653504	1	1	1	5	0	1
chr12	667255	667673	1	1	1	0	1	6
chr12	875727	999200	2	2	0	7	0	14
chr12	966416	968410	1	1	1	6	0	24
chr12	995251	996386	1	1	1	3	0	14
chr12	998390	999618	1	1	1	4	0	15
chr12	1219514	1221380	1	1	1	6	0	6
chr12	1225200	1250785	1	1	1	7	0	6
chr12	1250954	1289705	1	1	1	2	0	6
chr12	1399179	1480998	1	1	1	4	0	13
chr12	1683637	1683677	1	3	0	1	0	19
chr12	1735060	1781889	2	2	0	2	0	28
chr12	1890243	1893045	1	1	1	1	0	28
chr12	2364996	2365025	2	2	0	0	1	26
chr12	2364996	2365085	2	2	0	0	1	26
chr12	2364996	2365115	2	2	0	0	1	26
chr12	2364996	2365145	2	2	0	0	1	26
chr12	2365116	2365175	2	2	0	0	2	32
chr12	2906449	2906894	1	1	1	4	1	14
chr12	2907993	2908253	1	1	1	2	0	15
chr12	2908411	2909015	1	1	1	5	0	2
chr12	2909289	2909557	1	1	1	1	0	11
chr12	2930039	2930427	1	1	1	7	0	16
chr12	2933110	2933255	1	1	1	1	0	1
chr12	2940052	2945910	1	1	1	9	0	8
chr12	2968830	2970464	2	2	1	4	0	5
chr12	2974566	2975558	2	2	1	5	0	8
chr12	2977921	2981261	2	2	1	10	0	31
chr12	2981414	2983142	2	2	1	5	0	25
chr12	2994701	2997076	1	1	1	2	0	7
chr12	3388233	3389547	1	1	1	11	0	10
chr12	3662001	3662816	1	1	1	0	2	6
chr12	4383402	4385170	1	1	1	1	0	11
chr12	4657345	4657852	1	1	1	3	0	8
chr12	4767006	4768201	1	1	1	0	3	22
chr12	4778984	4791370	1	1	1	3	0	7
chr12	4791467	4835697	1	1	1	0	1	4
chr12	6132065	6132796	2	2	1	7	0	17
chr12	6618959	6619240	1	1	1	0	1	1
chr12	6619977	6620275	1	1	1	3	0	32
chr12	6623559	6623629	1	1	1	0	1	5
chr12	6626192	6626530	1	1	1	4	0	23
chr12	6626666	6626761	1	1	1	12	0	11
chr12	6632169	6632427	1	1	1	3	0	23
chr12	6634883	6635233	1	1	1	2	0	17
chr12	6636230	6636942	1	1	1	8	0	26
chr12	6639125	6639856	1	1	1	3	0	21
chr12	6643736	6643975	1	1	1	30	0	16
chr12	6644028	6645659	1	1	1	14	0	28
chr12	6645760	6645849	1	1	1	8	0	17
chr12	6645957	6646085	1	1	1	1	2	14
chr12	6646177	6646266	1	1	1	10	0	11
chr12	6646383	6646474	1	1	1	7	0	19
chr12	6646557	6646749	1	1	1	6	0	21
chr12	6647163	6647266	1	1	1	8	6	9
chr12	6653018	6653483	2	2	0	1	0	12
chr12	6660168	6660563	2	2	1	0	1	5
chr12	6670237	6670829	2	2	1	1	0	20
chr12	6690340	6690456	2	2	1	7	0	30
chr12	6691448	6691780	2	2	1	4	0	4
chr12	6696095	6755058	2	2	0	2	0	28
chr12	6697116	6697463	2	2	1	3	0	9
chr12	6702783	6703624	2	2	1	3	0	6
chr12	6704597	6705171	2	2	1	3	0	8
chr12	6710697	6710813	2	2	1	9	0	8
chr12	6753772	6754385	2	2	1	0	2	1
chr12	6839987	6840165	1	1	1	3	0	6
chr12	6857714	6857935	2	2	1	12	0	21
chr12	6859174	6859342	2	2	1	1	0	13
chr12	6947198	6948163	1	1	1	5	0	30
chr12	6948305	6948460	1	1	1	4	0	9
chr12	6961455	6964564	1	1	1	0	1	7
chr12	6967782	6968633	1	1	1	3	0	4
chr12	6976846	6978027	1	1	1	4	0	15
chr12	6978348	6978421	1	1	1	3	6	26
chr12	7048341	7050042	1	1	1	3	2	32
chr12	7074876	7075073	2	2	1	1	0	5
chr12	7075664	7076333	2	2	1	3	0	6
chr12	7076943	7077054	2	2	1	9	8	1
chr12	7077759	7078660	2	2	1	4	0	17
chr12	7079444	7079579	2	2	1	6	0	14
chr12	7310288	7310536	1	1	1	0	2	1
chr12	8244447	8245271	1	1	1	0	2	6
chr12	8248300	8248637	1	1	1	1	0	18
chr12	8780254	8812866	2	2	0	0	1	18
chr12	9208335	9210215	2	2	1	2	0	4
chr12	9265286	9265955	2	2	1	0	1	7
chr12	9436371	9440797	1	1	1	0	4	11
chr12	9447571	9450376	1	1	1	0	5	14
chr12	9450423	9451016	1	1	1	0	4	3
chr12	9452065	9453689	1	1	1	0	1	30
chr12	9453843	9454823	1	1	1	0	14	21
chr12	9455299	9456570	1	1	1	0	8	9
chr12	9463887	9464145	1	1	1	0	11	18
chr12	9464215	9464326	1	1	1	3	0	9
chr12	9464428	9464834	0	0	1	0	5	18
chr12	9464920	9465212	1	1	1	0	1	14
chr12	9528683	9547126	1	1	1	0	1	6
chr12	9571490	9571707	0	0	1	0	1	6
chr12	9572170	9572576	2	2	1	0	5	18
chr12	9572852	9573110	2	2	1	0	11	18
chr12	9580462	9581727	2	2	1	0	8	9
chr12	9582203	9583183	2	2	1	0	9	21
chr12	9583337	9584961	2	2	1	0	4	30
chr12	9586012	9586690	2	2	1	0	4	3
chr12	9586737	9589542	2	2	1	0	5	14
chr12	10605869	10606930	2	2	1	0	1	8
chr12	10774572	10775236	2	2	1	2	0	14
chr12	10862714	10865809	2	2	1	5	0	29
chr12	10865933	10868292	2	2	1	9	0	13
chr12	10868383	10870686	2	2	1	4	0	10
chr12	11420336	11420336	0	0	1	1	0	31
chr12	12566787	12567588	2	2	0	0	1	24
chr12	12567286	12567588	2	2	0	0	1	24
chr12	13061468	13061585	0	0	0	3	0	30
chr12	13199136	13265432	1	3	0	3	0	15
chr12	14278897	14304924	2	2	0	0	2	17
chr12	14518762	14576842	1	1	1	2	0	19
chr12	14804965	14805885	2	2	1	2	0	8
chr12	14940433	14941884	2	2	1	6	0	21
chr12	14952663	14953685	2	2	1	1	0	6
chr12	14953718	14954253	2	2	1	1	0	27
chr12	15265404	15267438	2	2	1	0	2	3
chr12	15739986	15742388	1	1	1	0	1	7
chr12	15774365	15776091	2	2	1	5	0	6
chr12	15835907	16034040	2	2	1	0	1	5
chr12	18241891	18293725	2	2	1	3	0	6
chr12	18890444	18890865	2	2	1	0	2	2
chr12	19282823	19282984	1	1	1	11	0	27
chr12	19283065	19285326	1	1	1	5	0	22
chr12	19423140	19427449	1	1	1	0	1	4
chr12	19593305	19615443	1	1	1	4	0	13
chr12	20673932	20704434	1	1	0	0	1	20
chr12	20704418	20776085	1	1	0	0	2	15
chr12	20704506	20776085	1	1	0	0	2	14
chr12	21525939	21526250	1	1	1	0	2	4
chr12	21788644	21790004	2	2	1	2	0	21
chr12	21791405	21794885	2	2	1	5	0	28
chr12	21807612	21810684	2	2	1	23	0	4
chr12	22078998	22086715	2	2	1	0	2	6
chr12	26755429	26755549	2	2	1	3	0	7
chr12	27064251	27066389	2	2	1	2	0	31
chr12	27069114	27070284	2	2	1	1	0	13
chr12	27148342	27156168	2	2	1	0	1	2
chr12	27542230	27543028	1	1	1	3	0	11
chr12	27799082	27800661	1	3	1	3	0	10
chr12	27835432	27835547	1	1	1	2	2	28
chr12	28577070	28577346	0	0	0	3	0	31
chr12	29302341	29423344	1	1	1	1	0	9
chr12	30822217	30823895	2	2	1	6	0	18
chr12	30829522	30833415	2	2	1	1	0	13
chr12	30906494	30907684	2	2	1	8	0	15
chr12	31226904	31231323	1	1	1	0	4	11
chr12	31242086	31242336	1	1	1	8	0	10
chr12	31243029	31244652	1	1	1	0	4	30
chr12	31244806	31245779	1	1	1	0	14	21
chr12	31245827	31246178	1	1	1	2	0	17
chr12	31246259	31247523	1	1	1	0	8	9
chr12	31254917	31255176	1	1	1	0	11	18
chr12	31255246	31255360	1	1	1	6	0	17
chr12	31255462	31255869	1	1	1	0	5	18
chr12	31255955	31256250	1	1	1	0	1	14
chr12	31258373	31258704	0	0	1	0	1	6
chr12	31448268	31451010	2	2	1	0	5	29
chr12	31818030	31831489	2	2	0	0	3	23
chr12	32276580	32665284	1	3	0	6	0	29
chr12	32884069	32884289	1	1	1	4	0	11
chr12	32890096	32891197	1	1	1	1	0	19
chr12	32891231	32892997	1	1	1	1	0	10
chr12	32946078	32946664	0	0	0	0	6	32
chr12	34177095	34178797	1	1	1	0	2	1
chr12	38004539	38163947	1	3	0	0	4	22
chr12	38712261	38713962	1	1	1	0	2	1
chr12	39069577	39071253	2	2	1	5	0	25
chr12	39117636	39118647	2	2	1	5	0	6
chr12	39156019	39161436	2	2	1	1	0	18
chr12	39538515	39564305	2	2	0	0	1	15
chr12	39703569	39705218	2	2	1	0	1	4
chr12	39713816	39716469	2	2	1	2	0	10
chr12	40688717	40689228	1	1	1	0	1	8
chr12	40938900	40939137	1	1	1	0	5	4
chr12	41421772	41422864	1	1	1	9	0	14
chr12	42503494	42512801	2	2	1	3	0	12
chr12	42622326	42622452	1	1	0	0	1	13
chr12	42631527	42631956	2	2	1	2	0	17
chr12	42707001	42707491	2	2	1	1	0	2
chr12	42723739	42768664	1	1	1	0	1	1
chr12	42835232	42836442	1	1	1	0	4	2
chr12	42836544	42839792	1	1	1	1	0	10
chr12	43101789	43110292	1	1	1	0	1	6
chr12	43858536	43860454	2	2	1	0	3	2
chr12	46623052	46623346	2	2	1	3	0	21
chr12	46756422	46756803	2	2	1	2	0	1
chr12	46758486	46758889	2	2	1	2	0	20
chr12	46760952	46761049	2	2	1	2	0	6
chr12	46765163	46766103	2	2	1	0	2	4
chr12	46765163	46766291	2	2	1	10	1	26
chr12	46931415	46965038	1	1	1	1	0	2
chr12	46995051	46995072	0	0	0	3	0	31
chr12	47495671	47657673	1	1	0	0	3	23
chr12	47641907	47657673	1	1	0	0	3	23
chr12	48134179	48134424	2	2	1	1	0	14
chr12	48142326	48142601	2	2	1	2	0	4
chr12	48145304	48145505	2	2	1	0	1	6
chr12	48368646	48369099	2	2	1	2	0	17
chr12	48372182	48372379	2	2	1	10	0	28
chr12	48383589	48386660	2	2	1	5	0	28
chr12	48386715	48387240	2	2	1	7	0	19
chr12	49037995	49196182	2	4	0	0	3	29
chr12	49072934	49073437	2	2	1	1	0	9
chr12	49230819	49231063	0	0	0	4	0	31
chr12	49237834	49239356	2	2	1	4	0	21
chr12	49318432	49318828	2	2	1	5	0	8
chr12	49334972	49350767	2	2	1	3	0	6
chr12	49334972	49351092	2	2	1	2	0	14
chr12	49418492	49418592	2	2	1	3	0	6
chr12	49418730	49419964	2	2	1	1	0	16
chr12	49421714	49421791	2	2	1	6	0	7
chr12	49428260	49428364	2	2	1	2	0	12
chr12	49432703	49433004	2	2	1	0	2	3
chr12	49437782	49437982	2	2	1	0	1	2
chr12	49438088	49438185	2	2	1	10	0	11
chr12	49439958	49440042	2	2	1	10	0	22
chr12	49444574	49444668	2	2	1	12	0	28
chr12	49446208	49446346	2	2	1	1	0	5
chr12	49448200	49448310	2	2	1	4	0	14
chr12	49449145	49453395	2	2	1	1	0	25
chr12	49476214	49826990	1	1	0	4	0	31
chr12	49502220	49611764	2	2	0	0	4	27
chr12	49522648	49525102	1	1	1	0	8	1
chr12	49522722	49523024	2	2	1	3	8	18
chr12	49523506	49525080	2	2	1	23	0	28
chr12	49579774	49580092	2	2	1	5	0	29
chr12	49580617	49582759	2	2	1	5	0	17
chr12	49663760	49666035	1	1	1	0	8	16
chr12	49717133	49717386	1	1	1	5	0	8
chr12	49723238	49723639	1	1	1	1	0	24
chr12	49912966	49916533	1	1	1	0	1	2
chr12	49999685	50618828	1	1	0	0	4	24
chr12	50027876	50028114	1	1	1	4	0	5
chr12	50029257	50029625	1	1	1	1	0	11
chr12	50149539	50152009	1	1	1	0	4	15
chr12	50152059	50152134	1	1	1	0	4	1
chr12	50152059	50152165	1	1	1	0	4	1
chr12	50152264	50152465	1	1	1	0	3	3
chr12	50154075	51018156	2	4	0	4	0	24
chr12	50368266	50368528	1	1	1	0	1	6
chr12	50388113	50388196	2	2	1	2	0	14
chr12	50399176	50400216	2	2	1	6	4	17
chr12	50410503	50412298	2	2	1	0	1	6
chr12	50766491	50874133	2	2	0	0	3	25
chr12	50815848	50818837	1	1	0	3	0	26
chr12	50884766	50915926	1	1	0	1	0	29
chr12	51133370	51135198	1	1	1	4	0	29
chr12	51311443	51324600	1	1	0	0	4	29
chr12	51319320	51323696	1	1	1	1	0	13
chr12	51442262	51442816	1	1	1	1	0	5
chr12	51446030	51447560	1	1	1	0	2	5
chr12	51492702	51493437	2	2	1	2	0	4
chr12	51634901	51636113	1	1	1	4	0	23
chr12	51650379	51656138	2	2	0	0	2	17
chr12	51764950	51780963	2	2	0	0	4	23
chr12	51868798	51958898	2	4	0	0	2	15
chr12	52464268	52467358	1	1	1	3	0	20
chr12	53292304	53292462	2	2	1	0	4	13
chr12	53344691	53345264	1	3	1	3	0	27
chr12	53346127	53346505	1	1	1	7	0	23
chr12	53413811	53415589	1	1	1	3	0	7
chr12	53415645	53416276	1	1	1	3	0	3
chr12	53421704	53421798	1	1	1	0	4	24
chr12	53427819	53428395	1	1	1	1	0	14
chr12	53453752	53454188	1	3	1	0	3	6
chr12	53553723	53553903	2	2	1	1	0	13
chr12	53554104	53554546	2	2	1	8	0	26
chr12	53590605	53591276	2	2	1	0	2	3
chr12	53662162	53662538	1	1	1	11	0	11
chr12	53662191	53662538	1	1	1	0	2	4
chr12	53677952	53679707	1	1	1	1	0	7
chr12	53678107	53713050	2	2	0	1	0	31
chr12	53682362	53682389	0	0	0	5	0	30
chr12	53683088	53683187	1	1	1	4	0	20
chr12	53693738	53693933	1	1	1	10	0	25
chr12	53709567	53714348	2	2	1	1	0	15
chr12	53836518	53837462	1	1	1	0	1	1
chr12	53848654	53849130	1	1	1	5	0	24
chr12	53849155	53849244	1	1	1	4	0	24
chr12	53853188	53854798	1	1	1	2	0	13
chr12	53854928	53856276	1	1	1	1	0	22
chr12	53856352	53861004	1	1	1	4	0	25
chr12	53858637	53859715	1	1	1	6	0	25
chr12	53859758	53861004	1	1	1	1	0	29
chr12	53861628	53862560	1	1	1	1	0	12
chr12	53862617	53865421	1	1	1	9	0	12
chr12	53865592	53873189	1	1	1	0	3	8
chr12	53877508	53877694	2	2	1	1	0	26
chr12	53880032	53880222	2	2	1	0	1	5
chr12	53897593	53898180	1	1	1	3	0	18
chr12	53898254	53898481	1	1	1	1	0	13
chr12	54063733	54066359	2	2	1	3	0	26
chr12	54066430	54069836	2	2	1	15	0	29
chr12	54109832	54113522	2	2	1	0	3	2
chr12	54110200	54113522	2	2	1	0	3	2
chr12	54367708	54368964	1	1	1	2	0	11
chr12	54394511	54396213	1	1	1	5	0	28
chr12	54394704	54394734	0	0	0	6	0	31
chr12	54627686	54634458	0	0	0	10	0	31
chr12	54638358	55401388	2	2	0	0	5	24
chr12	54651477	54673791	2	2	1	6	1	20
chr12	54675080	54675169	1	1	1	0	1	7
chr12	54675287	54675578	1	1	1	10	4	31
chr12	54675726	54675873	1	1	1	3	7	31
chr12	54675923	54676583	1	1	1	0	2	1
chr12	54676085	54676177	1	1	1	7	0	24
chr12	54676271	54676356	1	1	1	4	1	30
chr12	54676450	54676583	1	1	1	4	7	21
chr12	54677752	54678041	1	1	1	5	3	21
chr12	54678102	54678332	1	1	1	5	0	6
chr12	54678102	54680445	1	1	1	1	0	5
chr12	54741836	54743403	1	1	1	8	0	7
chr12	54743443	54744259	1	1	1	8	0	14
chr12	54766816	54767756	2	2	1	0	3	6
chr12	54797564	54797694	2	2	1	0	1	7
chr12	54829205	54862944	2	2	0	0	4	23
chr12	55248942	55250553	1	1	1	0	2	4
chr12	56081881	56081985	2	2	1	0	4	2
chr12	56093356	56093653	2	2	1	0	4	7
chr12	56096736	56096834	2	2	1	6	0	1
chr12	56119411	56119596	2	2	1	3	0	6
chr12	56143668	56150796	1	1	1	0	2	1
chr12	56194685	56197412	2	2	1	0	3	3
chr12	56197513	56211449	2	2	1	3	0	11
chr12	56216974	56217185	2	2	1	6	0	12
chr12	56338727	56577083	1	1	0	0	5	23
chr12	56409411	56974247	2	2	0	0	5	30
chr12	56490631	56490828	1	1	1	1	0	21
chr12	56498610	56500371	1	1	1	6	0	24
chr12	56500880	56500970	1	1	1	6	2	23
chr12	56501398	56503013	1	1	1	0	9	21
chr12	56503078	56503640	1	1	1	2	0	32
chr12	56503720	56504182	1	1	1	1	0	29
chr12	56504262	56504342	1	1	1	0	1	24
chr12	56510584	56510972	1	1	1	10	0	23
chr12	56510996	56511265	1	1	1	10	0	23
chr12	56526117	56526204	1	1	1	6	0	10
chr12	56527250	56527371	1	1	1	9	0	18
chr12	56528213	56530527	1	1	1	0	1	5
chr12	56531859	56531966	1	1	1	7	0	7
chr12	56532057	56532187	1	1	1	3	0	7
chr12	56532939	56575143	2	2	0	1	0	15
chr12	56534258	56535804	2	2	0	3	0	28
chr12	56549377	56551251	1	1	1	1	0	8
chr12	56552496	56553370	1	1	1	2	0	9
chr12	56554105	56555170	1	1	1	1	0	17
chr12	56572632	56572780	2	2	1	5	0	5
chr12	56574886	56575265	2	2	1	2	0	15
chr12	56575620	56575787	2	2	1	1	0	32
chr12	56575864	56577644	2	2	1	4	0	4
chr12	56642655	56645798	2	2	1	1	0	3
chr12	56646100	56646285	2	2	1	8	0	8
chr12	56646355	56646563	2	2	1	3	0	2
chr12	56679029	56679699	2	2	1	2	0	2
chr12	56702959	56703103	1	3	1	0	8	11
chr12	56708751	56708913	2	2	1	1	0	27
chr12	56709027	56709604	2	2	1	1	0	10
chr12	56713549	56713647	2	2	1	4	0	20
chr12	56716267	56716398	2	2	1	0	1	1
chr12	56720194	56720400	2	2	1	0	1	7
chr12	56749317	56749491	2	2	1	1	0	10
chr12	56818698	56818798	2	2	1	2	0	3
chr12	56854311	56900079	1	1	0	0	1	29
chr12	56874172	56881278	2	2	1	0	2	4
chr12	56994617	56994726	2	2	1	3	0	4
chr12	57011317	57023908	2	2	1	4	0	14
chr12	57038740	57038954	2	2	1	7	0	24
chr12	57065632	57066523	2	2	1	1	0	24
chr12	57066850	57081781	2	2	1	2	1	14
chr12	57106693	57106845	2	2	1	2	0	10
chr12	57106975	57107320	2	2	1	3	0	13
chr12	57108224	57108385	2	2	1	6	0	10
chr12	57108472	57118235	2	2	1	5	0	5
chr12	57113381	57113509	2	2	1	1	0	2
chr12	57118308	57119046	2	2	1	2	0	18
chr12	57590061	57590764	1	1	1	0	1	1
chr12	57598533	57598891	1	1	1	0	6	3
chr12	57599461	57600255	1	1	1	2	0	31
chr12	57610810	57618660	1	1	1	2	0	30
chr12	57623595	57624585	1	1	1	7	0	25
chr12	57625697	57625993	1	1	1	5	0	18
chr12	57626359	57626486	1	1	1	2	0	7
chr12	57693965	57696958	2	2	1	7	0	32
chr12	57765013	57765044	0	0	0	3	0	30
chr12	57878824	57887833	1	1	0	0	7	25
chr12	57892407	57894103	1	1	1	5	0	12
chr12	57927881	57928074	2	2	1	2	0	4
chr12	57929629	57939810	2	2	1	5	0	6
chr12	57937928	57939810	2	2	1	0	1	3
chr12	57957996	57958242	1	1	1	4	0	3
chr12	57958292	57958700	1	1	1	3	0	14
chr12	57994221	57994593	1	1	1	4	0	13
chr12	58000302	58000647	1	1	1	4	0	14
chr12	58002521	58002859	1	1	1	3	0	21
chr12	58009098	58009294	1	1	1	10	0	11
chr12	58025917	58026323	2	2	1	3	0	26
chr12	58074949	58095826	2	2	0	0	1	16
chr12	58090157	58109542	1	1	1	5	0	11
chr12	58110296	58110475	1	1	1	1	0	26
chr12	58112205	58112775	1	3	1	5	0	26
chr12	58145126	58145282	2	2	1	3	0	23
chr12	58163740	58164876	2	2	1	4	0	12
chr12	58220881	58221334	2	2	1	7	0	8
chr12	62783769	62784643	1	1	1	1	0	3
chr12	62931044	62931381	1	1	1	6	2	30
chr12	63954443	63963003	2	2	1	0	1	7
chr12	64002456	64011083	2	2	1	2	0	28
chr12	64062315	64062537	2	2	1	1	5	4
chr12	64615682	64615782	2	2	1	0	4	4
chr12	64812875	64813849	1	3	1	1	0	31
chr12	64818504	64818817	1	1	1	1	0	17
chr12	64825604	64827193	1	1	1	1	0	6
chr12	64848690	64907899	2	2	0	0	3	32
chr12	65141699	65146477	2	2	1	3	0	9
chr12	65146538	65152864	2	2	1	4	0	5
chr12	65199420	65204189	2	4	0	0	1	31
chr12	65218495	65219163	1	1	1	0	7	7
chr12	65672646	65700642	1	1	1	0	1	5
chr12	66041480	66056988	1	1	1	0	1	6
chr12	66911757	66923610	2	2	1	0	1	5
chr12	67342371	67343465	0	0	0	4	0	30
chr12	67361753	67364283	0	0	0	4	0	31
chr12	67743179	67748289	1	1	0	5	0	22
chr12	68042963	68043576	1	1	1	16	0	28
chr12	68947214	68947704	1	1	0	0	3	24
chr12	69050998	69053059	1	1	1	0	5	11
chr12	69063831	69063964	2	4	0	0	4	31
chr12	69114958	69115620	1	1	1	2	0	8
chr12	69125041	69125386	1	1	1	1	0	23
chr12	69126520	69127231	1	1	1	1	0	14
chr12	69230530	69233053	1	1	1	5	0	32
chr12	69237045	69237520	1	1	1	3	0	1
chr12	69562141	69995093	2	2	0	0	6	13
chr12	69636759	69638103	2	4	0	3	0	20
chr12	69645119	69645865	1	1	1	0	3	2
chr12	69653978	69656152	1	1	1	1	0	9
chr12	70346667	70349142	1	1	1	0	3	8
chr12	71519168	71523110	2	2	1	0	2	1
chr12	72030840	72032197	2	2	1	1	0	10
chr12	72266784	72274248	1	1	1	9	0	4
chr12	76444434	76446870	2	2	1	11	0	20
chr12	76446891	76446984	2	2	1	11	0	15
chr12	76449942	76453577	2	2	1	1	0	9
chr12	76454060	76461150	2	2	1	4	0	4
chr12	76454060	76467982	2	2	1	8	0	10
chr12	76461254	76462688	2	2	1	1	0	30
chr12	76461254	76467982	2	2	1	0	1	2
chr12	76462775	76467982	2	2	1	9	1	19
chr12	76468020	76478346	2	2	1	12	1	17
chr12	76780441	76783424	2	2	1	3	0	8
chr12	77234264	77235804	1	1	1	3	0	10
chr12	77257125	77259928	2	2	1	3	0	7
chr12	80190731	80190974	2	2	1	11	3	17
chr12	80645580	80645855	1	1	1	0	2	1
chr12	80707413	80708084	1	1	1	0	1	2
chr12	80855705	80855762	0	0	1	0	3	6
chr12	83503165	83682139	2	2	0	0	3	25
chr12	86829043	86993354	2	2	1	0	1	2
chr12	88480276	88481556	2	2	1	0	5	1
chr12	88510923	88512259	2	2	1	1	0	22
chr12	88514944	88519022	2	2	1	3	0	8
chr12	88520216	88522722	2	2	1	3	0	24
chr12	90020393	90021454	2	2	1	4	0	12
chr12	92624525	92849386	2	2	0	0	9	23
chr12	93220062	93221687	2	2	1	2	0	32
chr12	93251117	93251206	2	2	1	3	0	20
chr12	93251262	93258635	2	2	1	4	0	19
chr12	93285498	93322818	2	2	1	1	0	30
chr12	93736096	93736980	1	1	0	0	1	20
chr12	93805076	93835630	2	2	1	1	0	20
chr12	94247950	95057890	1	3	0	0	4	13
chr12	94725606	94727257	2	2	1	3	0	11
chr12	95434374	95442843	2	2	1	1	0	6
chr12	95456515	95461106	2	2	1	6	0	11
chr12	95627277	95630447	1	1	0	0	5	30
chr12	95645848	95650929	1	1	1	0	1	5
chr12	95692720	95693940	1	1	1	4	0	6
chr12	95868107	95869849	1	1	1	1	0	23
chr12	96259167	96259782	1	1	1	2	0	16
chr12	96707233	96717725	2	2	1	2	0	22
chr12	96958544	96958660	1	1	1	0	5	6
chr12	97301079	97303529	1	1	1	3	0	16
chr12	97328984	97330388	1	1	1	0	1	7
chr12	98991814	98992299	1	1	1	2	0	13
chr12	98993906	98994948	1	1	1	0	2	6
chr12	99174982	99175132	2	2	1	0	5	7
chr12	100453312	100453627	2	2	1	10	0	21
chr12	100551224	100551305	2	2	1	0	3	4
chr12	100691954	100704821	1	1	1	1	0	12
chr12	101736872	101738372	1	1	1	6	0	12
chr12	101777092	101777320	1	1	1	2	0	22
chr12	102025498	102025798	1	1	1	0	2	5
chr12	102182368	102183715	2	2	1	1	0	32
chr12	102284000	102291640	1	1	1	0	1	1
chr12	102517820	102542012	1	1	1	0	2	1
chr12	102811782	102813286	2	2	1	0	1	4
chr12	103344059	103344366	2	2	1	0	1	7
chr12	103791532	103795384	2	2	1	0	1	8
chr12	104316932	104353626	1	1	0	0	1	17
chr12	104324343	104325298	1	1	1	23	2	26
chr12	104325402	104326054	1	1	1	11	0	27
chr12	104326721	104327733	1	1	1	3	0	4
chr12	104331585	104332117	1	1	1	7	0	18
chr12	104332238	104333286	1	1	1	1	0	9
chr12	104335326	104335406	1	1	1	3	0	22
chr12	104335485	104335609	1	1	1	7	0	2
chr12	104335676	104336304	1	1	1	3	0	26
chr12	104337653	104340395	1	1	1	2	0	19
chr12	104340475	104340563	1	1	1	3	0	13
chr12	104340720	104341088	1	1	1	6	0	20
chr12	104341209	104341410	1	1	1	6	0	31
chr12	104519050	105380291	1	1	0	4	0	13
chr12	104564962	104572982	2	2	0	2	0	20
chr12	104659135	104659189	2	4	0	0	1	15
chr12	105311138	106025274	2	2	0	0	5	32
chr12	105311138	106173075	2	2	0	0	5	32
chr12	105509507	105512223	1	1	1	4	0	12
chr12	105534180	105534676	1	1	1	0	5	6
chr12	105558086	105558418	1	1	1	1	0	26
chr12	105593310	105597480	2	2	1	2	0	5
chr12	105600986	105601748	2	2	1	5	0	8
chr12	105724716	105760394	1	1	1	0	1	1
chr12	105738411	106616364	2	2	0	0	4	28
chr12	106760351	106760435	1	1	1	1	0	5
chr12	106890697	106895100	1	1	1	2	0	29
chr12	107082079	108075192	2	2	0	0	5	30
chr12	108090027	108090098	2	2	0	3	0	15
chr12	108239882	108254194	2	2	1	0	4	1
chr12	108583545	108589058	1	1	1	0	1	4
chr12	108931980	108932709	2	2	1	3	0	14
chr12	109095100	109125204	2	2	1	4	0	8
chr12	109201604	109203468	2	2	1	2	0	13
chr12	109365085	109561595	0	0	0	4	0	32
chr12	109465362	109485394	1	1	1	0	2	5
chr12	109519199	109519737	1	1	1	4	0	17
chr12	109604799	109605700	1	1	1	3	0	13
chr12	109612036	109613735	1	1	1	7	0	20
chr12	109723317	109724452	2	2	1	4	0	13
chr12	109926474	109927723	1	1	1	1	0	11
chr12	110002982	110006574	2	2	1	6	0	8
chr12	110370996	110371826	2	2	1	1	0	25
chr12	110443615	110444057	0	0	0	4	0	30
chr12	110446459	110460023	1	1	0	0	1	24
chr12	110565955	110566754	1	1	1	1	0	23
chr12	110600285	110600723	1	3	1	0	5	5
chr12	110729930	110734403	1	1	1	1	0	15
chr12	110777209	110777307	1	3	1	6	0	6
chr12	110777527	110778463	1	1	1	5	0	2
chr12	110829893	110832471	2	2	0	0	1	19
chr12	110835990	110836021	0	0	0	6	0	30
chr12	110873023	110873914	2	2	1	2	0	1
chr12	110883357	110888059	2	2	1	9	0	12
chr12	111186169	111234215	2	2	0	0	2	22
chr12	111884659	111884745	1	1	1	4	5	3
chr12	111908547	111923068	2	2	1	5	0	14
chr12	111908547	111923074	2	2	1	4	0	22
chr12	111948387	111951160	2	2	1	6	0	6
chr12	111958778	111962995	2	2	1	2	0	7
chr12	112004551	112687404	2	2	0	0	9	18
chr12	112011107	112687404	2	2	0	0	9	18
chr12	112185530	112186814	1	1	1	0	4	2
chr12	112186280	112186814	1	1	1	0	4	2
chr12	112248928	112802320	1	1	0	4	0	28
chr12	112308165	112308888	1	1	1	0	2	2
chr12	112326423	112326688	1	1	1	3	0	8
chr12	112451414	112457559	1	1	1	0	9	3
chr12	112471184	112477032	2	2	1	1	0	16
chr12	112587676	112589604	1	1	1	2	0	32
chr12	112607463	112608136	2	2	1	1	0	21
chr12	112628770	112630363	2	2	1	4	0	6
chr12	112670045	112687404	2	2	0	0	9	18
chr12	112681324	112681423	2	2	1	5	0	20
chr12	112681814	112684704	2	2	1	4	0	14
chr12	112688182	112688774	2	2	1	2	0	26
chr12	112702017	112702978	2	2	1	3	0	20
chr12	112721107	112743867	2	2	1	0	3	3
chr12	112843842	112844097	2	2	1	11	3	31
chr12	112844147	112844550	2	2	1	14	4	32
chr12	112846461	112847006	2	2	1	0	2	3
chr12	112846461	112847390	2	2	1	4	2	25
chr12	112846461	112848123	2	2	1	0	2	3
chr12	112860292	112862211	1	1	0	1	0	28
chr12	112910845	112915454	1	1	1	3	0	16
chr12	113230069	113266105	1	1	1	0	2	6
chr12	113494750	113495253	1	1	1	0	2	2
chr12	113567149	113568540	1	1	0	3	0	14
chr12	113596695	113596696	0	0	1	1	0	6
chr12	113602091	113603448	2	2	1	0	2	3
chr12	113603838	113607574	2	2	1	8	0	13
chr12	113610369	113612444	2	2	1	7	0	28
chr12	113616832	113616947	2	2	1	5	0	17
chr12	113617811	113618733	2	2	1	3	0	11
chr12	113618864	113623082	2	2	1	2	0	15
chr12	113697013	113713613	2	2	0	0	3	27
chr12	113697013	113763600	2	2	0	0	3	27
chr12	113728049	113728756	1	1	1	0	1	1
chr12	113801138	113848886	1	3	0	7	0	21
chr12	113836652	113836916	2	2	1	0	1	5
chr12	114352891	114356196	2	2	1	8	0	19
chr12	114374942	114377764	2	2	1	4	0	6
chr12	114377966	114380128	2	2	1	5	0	32
chr12	114397210	114397669	2	2	1	3	0	27
chr12	114927912	114951103	1	1	0	0	6	23
chr12	114927912	114981727	1	1	0	0	6	23
chr12	116445442	116446205	2	2	1	2	0	21
chr12	116675511	116714864	2	2	1	3	0	5
chr12	117685581	118094250	2	2	0	0	4	26
chr12	117762275	117775759	2	2	0	0	4	25
chr12	118199330	118293232	2	2	1	5	0	12
chr12	118456942	118457436	1	1	1	4	0	21
chr12	118457574	118458710	1	1	1	1	0	8
chr12	118460165	118462655	1	1	1	5	0	8
chr12	118575954	118577255	1	1	1	0	2	26
chr12	118821873	118823918	1	1	1	3	0	14
chr12	120110270	120111768	1	1	1	3	0	26
chr12	120221856	120222763	2	2	1	4	0	10
chr12	120431669	120899012	2	2	0	0	4	12
chr12	120459496	121104074	1	1	0	6	0	31
chr12	120565779	120567079	2	2	1	3	0	16
chr12	120567299	120568449	2	2	1	5	0	24
chr12	120572210	120572336	2	2	1	4	0	11
chr12	120574537	120575009	2	2	1	4	0	30
chr12	120575619	120575704	2	2	1	1	0	26
chr12	120575849	120576126	2	2	1	2	0	28
chr12	120581169	120626018	2	2	0	0	1	31
chr12	120582640	120582726	2	2	1	5	0	2
chr12	120582866	120583065	2	2	1	11	0	17
chr12	120591714	120592773	2	2	1	5	0	18
chr12	120592845	120593044	2	2	1	8	0	9
chr12	120595835	120596263	2	2	1	1	0	5
chr12	120602300	120602449	2	2	1	7	0	29
chr12	120615359	120615486	2	2	1	4	0	29
chr12	120621481	120621914	2	2	1	7	0	10
chr12	120634738	120635124	2	2	1	19	0	25
chr12	120635266	120636356	2	2	1	5	5	30
chr12	120636804	120636920	2	2	1	5	1	14
chr12	120637009	120637112	2	2	1	18	0	25
chr12	120638635	120638885	2	2	1	7	0	31
chr12	120659562	120660351	2	2	1	5	0	27
chr12	120706655	120754382	1	1	0	0	1	30
chr12	120729689	120731023	2	2	0	10	10	17
chr12	120785318	120789146	2	2	1	1	4	5
chr12	120789204	120791101	2	2	1	1	0	3
chr12	120849675	121023058	2	4	0	0	6	31
chr12	120884633	120894878	1	1	1	6	0	19
chr12	120899966	120901752	2	2	1	4	0	14
chr12	120901926	120902535	2	2	1	0	6	4
chr12	120901926	120903429	2	2	1	0	6	4
chr12	120998690	121000747	1	1	1	4	0	15
chr12	121125335	121131893	1	1	1	5	0	19
chr12	121132804	121132897	1	1	1	4	0	15
chr12	121132956	121134118	1	1	1	4	0	21
chr12	121164993	121174788	1	1	1	2	0	14
chr12	121593951	121598704	1	1	1	0	1	4
chr12	121766301	121768385	2	2	1	1	0	9
chr12	121775196	121779805	2	2	1	2	0	12
chr12	121779873	121783641	2	2	1	3	0	16
chr12	121820637	121836579	2	2	0	0	1	16
chr12	121883222	121890922	2	2	1	0	2	6
chr12	121945583	122022424	1	1	0	0	2	31
chr12	122185772	122185793	1	1	0	0	4	21
chr12	122185772	122185835	1	1	0	0	4	21
chr12	122185772	122185877	1	1	0	0	4	21
chr12	122185772	122185919	1	1	0	0	4	21
chr12	122185772	122185961	1	1	0	0	4	21
chr12	122185772	122186003	1	1	0	0	4	21
chr12	122185772	122186023	1	1	0	0	4	21
chr12	122185772	122186043	1	1	0	0	4	21
chr12	122185772	122186085	1	1	0	0	4	21
chr12	122185772	122186105	1	1	0	0	4	21
chr12	122186064	122186085	1	1	0	0	3	29
chr12	122216034	122217454	1	1	1	0	2	4
chr12	122257802	122260395	1	1	1	1	0	13
chr12	122460090	122468605	1	1	1	1	0	22
chr12	122619893	122620035	1	1	1	10	0	29
chr12	122699345	122700123	2	4	0	2	0	28
chr12	122995736	122999651	2	2	1	3	0	13
chr12	122999775	123001773	2	2	1	1	0	21
chr12	123003577	123005931	2	2	1	1	0	10
chr12	123006847	123011394	2	2	1	4	2	30
chr12	123064525	123065149	1	1	1	3	0	27
chr12	123345587	123345677	1	1	1	2	0	20
chr12	123444870	123450833	2	2	1	1	0	8
chr12	123646740	123647560	2	2	1	0	2	1
chr12	123687923	123694602	2	2	1	0	3	1
chr12	123706443	123707584	2	2	1	1	0	1
chr12	123749870	123751731	2	2	1	5	0	12
chr12	123751830	123756110	2	2	1	6	0	32
chr12	123799992	123800094	2	2	1	2	0	7
chr12	123812575	123813280	2	2	1	0	2	2
chr12	123994978	123995129	1	1	0	0	1	21
chr12	123994978	123995294	1	1	0	0	1	21
chr12	123995119	123995294	1	1	0	0	1	21
chr12	124020756	124059011	1	1	0	0	1	23
chr12	124140372	124144062	1	1	1	4	0	21
chr12	124144132	124144341	1	1	1	4	0	15
chr12	124226034	124226058	0	0	0	4	0	30
chr12	124363905	124364180	1	1	1	0	1	3
chr12	124495989	124496092	1	1	1	7	0	10
chr12	124838743	124839023	2	2	1	1	0	3
chr12	124848346	124856567	2	2	1	5	0	2
chr12	124862931	124870290	2	2	1	2	0	3
chr12	124882728	124885046	2	2	1	1	0	27
chr12	124885220	124886949	2	2	1	4	0	4
chr12	124941709	124950718	2	2	1	6	0	7
chr12	124957678	124968141	2	2	1	0	2	1
chr12	124968320	124970986	2	2	1	6	0	29
chr12	125245979	125451046	2	2	0	0	6	22
chr12	125272004	125279740	2	2	1	7	0	4
chr12	125302254	125348140	2	2	1	2	0	13
chr12	125396369	125397280	2	2	0	0	2	27
chr12	125396727	125397866	2	2	1	0	7	22
chr12	125398321	125399132	2	2	1	1	0	10
chr12	125432434	125432629	2	2	1	2	0	28
chr12	125451765	125453079	2	2	1	3	0	26
chr12	125493604	125520692	2	2	0	0	4	29
chr12	125619399	125621207	1	1	1	5	0	25
chr12	125663673	126316195	2	2	0	0	7	23
chr12	127650713	127650750	1	1	0	0	4	12
chr12	127650713	127650870	1	1	0	0	9	18
chr12	127650924	127650946	0	0	0	5	0	31
chr12	130827215	130827534	1	1	1	0	1	3
chr12	131356672	131357128	1	1	1	17	0	25
chr12	131357175	131357380	1	1	1	13	3	17
chr12	131357466	131357547	1	1	1	4	0	24
chr12	131375304	131442975	2	2	0	0	4	27
chr12	132211598	132212837	1	1	1	1	0	20
chr12	132262876	132271007	1	1	1	3	0	19
chr12	132281906	132283581	1	1	1	6	0	11
chr12	132391470	132392039	1	1	1	2	0	4
chr12	132392077	132393188	1	1	1	3	0	24
chr12	132394850	132395256	1	1	1	2	0	22
chr12	132397804	132398291	1	1	1	10	0	23
chr12	132414342	132414451	1	1	1	2	0	16
chr12	132448188	132464241	1	1	1	1	0	6
chr12	132471353	132472249	1	1	1	2	0	23
chr12	132522339	132522497	1	1	1	3	0	19
chr12	132530106	132530271	1	1	1	5	0	16
chr12	132539565	132539643	1	1	1	1	0	27
chr12	133084937	133085751	1	1	1	4	0	12
chr12	133102410	133104538	1	1	1	5	0	19
chr12	133104575	133124588	1	1	1	5	0	10
chr12	133148931	133149112	1	1	1	4	0	1
chr12	133158411	133158647	1	1	1	7	0	32
chr12	133195576	133196043	1	1	1	0	3	3
chr12	133202904	133208900	2	2	1	9	0	26
chr12	133209095	133209249	2	2	1	1	0	10
chr12	133210965	133212477	2	2	1	3	0	16
chr12	133225659	133225891	2	2	1	4	0	1
chr12	133233845	133233934	2	2	1	2	0	2
chr12	133234016	133234453	2	2	1	8	0	21
chr12	133237751	133238112	2	2	1	4	0	2
chr12	133240735	133240955	2	2	1	6	0	11
chr12	133242037	133244088	2	2	1	0	3	3
chr12	133245089	133245220	2	2	1	2	0	22
chr12	133254306	133256082	2	2	1	5	0	22
chr12	133287654	133291443	1	1	1	6	0	7
chr12	133294151	133294295	1	1	1	1	0	9
chr12	133294707	133297263	1	1	1	2	0	19
chr12	133349881	133350742	2	2	1	9	0	31
chr12	133351892	133353219	2	2	1	6	0	16
chr12	133353677	133354251	2	2	1	1	0	5
chr12	133359080	133360749	2	2	1	3	0	5
chr12	133363374	133365612	2	2	1	5	0	27
chr12	133393399	133398581	2	2	1	3	0	7
chr12	133393779	133394108	2	2	0	0	4	30
chr12	133393793	133394616	1	1	0	0	5	21
chr12	133393812	133394108	2	2	0	0	4	30
chr12	133393826	133394616	1	1	0	0	5	21
chr12	133393911	133394108	2	2	0	0	4	30
chr12	133393925	133394616	1	1	0	0	5	21
chr12	133393944	133394108	2	2	0	0	4	30
chr12	133394043	133394108	2	2	0	0	4	30
chr12	133394057	133394616	1	1	0	0	5	21
chr12	133433217	133433990	2	4	1	7	0	20
chr12	133614364	133614460	0	0	0	0	5	32
chr12	133659816	133660051	1	1	1	3	0	31
chr13	20332351	20363163	1	3	0	0	1	24
chr13	20333559	20346381	2	2	1	4	0	27
chr13	20344607	20345993	2	2	0	1	0	19
chr13	20568060	20576989	1	1	1	2	0	14
chr13	21043180	21045554	1	1	0	6	0	30
chr13	21364720	21370214	2	2	1	0	1	8
chr13	21715135	21720943	1	1	1	4	0	29
chr13	21738134	21747626	2	2	0	0	3	30
chr13	21744550	21747626	2	2	0	0	3	30
chr13	21746821	21750513	2	2	1	3	0	14
chr13	24164392	24167483	1	1	1	0	1	1
chr13	24845051	24852751	1	1	1	0	3	6
chr13	25338472	25341409	1	1	1	0	1	5
chr13	25458384	25458460	2	2	1	0	1	2
chr13	25459809	25466780	2	2	1	1	0	6
chr13	25713763	25867900	2	4	0	0	4	23
chr13	25882087	25883384	1	1	1	1	0	5
chr13	25883421	25887020	1	1	1	1	0	24
chr13	25887171	25887751	1	1	1	5	0	17
chr13	25999947	26863422	2	2	0	0	4	32
chr13	26163838	26273310	1	1	1	1	0	5
chr13	26626811	26627485	2	2	1	2	0	4
chr13	26719039	26723304	2	2	1	0	2	2
chr13	26975762	26978092	1	1	1	0	1	4
chr13	27825723	27827901	1	1	1	0	6	13
chr13	27829492	27830320	1	1	1	6	0	5
chr13	27839364	28791039	1	1	0	0	4	29
chr13	28462968	28639682	1	1	0	0	6	22
chr13	28462968	28639868	1	1	0	0	6	22
chr13	28623675	28623771	2	2	1	2	0	3
chr13	28834689	28835537	1	1	1	3	0	7
chr13	30096594	30097402	2	2	1	1	0	17
chr13	30346336	30351291	2	2	1	4	0	28
chr13	30582123	30629498	2	4	0	0	1	28
chr13	31035671	31036674	2	2	1	0	4	6
chr13	31036850	31037343	2	2	1	5	7	19
chr13	31037490	31037667	2	2	1	3	2	6
chr13	31712706	31712917	2	2	1	2	0	5
chr13	31714447	31715258	2	2	1	1	0	26
chr13	31722230	31722510	2	2	1	8	0	15
chr13	32783247	32783721	1	1	1	0	1	4
chr13	32882898	32884775	2	2	1	0	7	2
chr13	32900420	32900635	1	1	1	0	1	6
chr13	32918791	32920963	1	1	1	0	1	2
chr13	33271040	33273866	1	1	1	1	0	22
chr13	33275576	33281070	1	1	1	0	3	4
chr13	33327675	33329979	1	1	1	4	0	21
chr13	33338733	33344258	1	1	1	2	0	5
chr13	33855058	33855165	1	1	1	1	0	7
chr13	33915561	34034409	1	1	0	0	6	27
chr13	34049880	34196843	1	1	0	0	5	30
chr13	34392403	34395268	1	1	1	4	3	24
chr13	35624533	35630146	1	1	1	9	0	29
chr13	35731408	35733152	1	1	1	1	0	25
chr13	36857643	36857728	2	2	1	0	1	3
chr13	37248322	37269042	1	1	1	2	0	13
chr13	37607726	37614541	2	2	1	5	0	19
chr13	38144807	38151889	2	2	1	0	4	2
chr13	38911720	38932171	1	1	0	1	0	31
chr13	39452459	39452967	1	1	1	0	1	3
chr13	40263962	40268770	1	1	1	2	0	26
chr13	41474753	41475231	1	1	0	0	3	24
chr13	41943420	41946338	1	1	1	3	0	21
chr13	42352193	42357930	2	2	1	5	1	21
chr13	42524150	42534988	2	2	1	6	0	15
chr13	42869879	42871183	1	1	1	1	0	8
chr13	42887267	42888029	1	1	1	0	2	4
chr13	43543314	43543762	2	2	1	0	1	4
chr13	43595502	43821421	2	2	0	5	0	23
chr13	45009020	45009928	2	2	1	0	1	4
chr13	45554088	45554856	2	2	1	9	0	29
chr13	45741797	46533052	1	1	0	0	4	29
chr13	45913738	45914128	2	2	1	10	0	31
chr13	45914921	45915176	2	2	1	4	0	32
chr13	45918582	45934275	1	1	1	0	5	2
chr13	46066386	46067481	1	1	1	1	0	25
chr13	46154110	46154737	2	2	1	0	1	3
chr13	46717540	46718576	2	2	1	2	0	7
chr13	46933767	46935575	2	2	1	0	1	5
chr13	47273539	47275255	1	1	1	2	0	20
chr13	47354169	47355630	2	2	1	4	0	16
chr13	47356927	47358386	2	2	1	1	0	15
chr13	47367580	47371239	2	2	1	5	0	31
chr13	48585452	48588273	1	1	0	0	1	24
chr13	48830520	48832261	1	1	1	4	0	12
chr13	48978751	49020181	2	4	0	1	0	15
chr13	49000932	49013744	2	2	1	0	1	3
chr13	49771127	49771860	1	1	1	8	0	5
chr13	50065047	50065867	1	1	1	1	0	8
chr13	50095077	50095273	1	1	1	0	2	2
chr13	50293956	50296090	2	2	1	5	0	29
chr13	50571268	50571802	1	1	1	0	3	4
chr13	50623799	50642232	2	2	1	3	0	25
chr13	50656694	50657277	1	1	1	1	0	20
chr13	50701502	50701783	1	1	0	2	0	19
chr13	51501615	51503610	1	1	1	2	0	23
chr13	51598453	51599469	2	2	1	1	0	23
chr13	52202425	52202736	0	0	0	5	0	30
chr13	52342433	52343291	2	2	1	1	0	7
chr13	52346048	52348056	2	2	1	0	2	5
chr13	52348171	52351195	2	2	1	0	4	2
chr13	52638184	52638310	1	1	0	0	1	20
chr13	52972330	52976677	2	2	1	0	1	7
chr13	53227239	53231666	1	1	1	2	0	14
chr13	57058246	58013326	2	2	0	0	5	13
chr13	60453603	60485868	2	2	1	2	0	29
chr13	60667867	60685332	2	2	0	8	0	25
chr13	73345284	73345932	2	2	1	1	0	6
chr13	73346035	73346296	2	2	1	5	0	13
chr13	73428294	73467921	1	1	1	0	3	5
chr13	75861162	75863069	2	2	1	7	0	20
chr13	75900560	75901887	2	2	1	2	0	14
chr13	76143644	76169050	1	1	1	4	0	29
chr13	76196005	76197406	1	1	1	3	0	6
chr13	76417053	76419462	1	1	1	8	0	19
chr13	76997600	77813190	1	1	0	0	5	26
chr13	77589716	77600961	2	2	1	0	2	4
chr13	77626054	77629692	2	2	1	1	0	19
chr13	77642000	77642699	2	2	1	7	0	16
chr13	77656129	77657166	2	2	1	6	0	12
chr13	77745770	77748445	2	2	1	0	3	7
chr13	77760199	77763085	2	2	1	0	1	3
chr13	77798668	77799569	2	2	1	1	0	4
chr13	77818087	77825285	2	2	1	1	0	3
chr13	77831965	77834562	2	2	1	5	0	30
chr13	77837925	77838063	2	2	1	5	0	9
chr13	79929520	79932408	2	2	1	1	0	6
chr13	79932569	79933709	2	2	1	1	0	2
chr13	79940331	79940767	2	2	1	2	0	14
chr13	79945298	79945976	2	2	1	3	0	1
chr13	91180963	91293205	1	1	0	6	0	19
chr13	95860180	95861687	2	2	1	0	1	7
chr13	95899350	95899896	2	2	1	5	0	16
chr13	96172710	96177195	2	2	0	0	1	16
chr13	96258314	96261710	2	2	1	1	0	23
chr13	96283068	96285487	2	2	1	4	0	10
chr13	96489457	96505796	2	2	1	1	0	22
chr13	96536935	96540145	2	2	1	4	0	7
chr13	98641419	98642379	1	1	1	5	0	29
chr13	98649873	98652792	1	1	1	6	0	17
chr13	98795747	98865473	1	1	1	2	0	18
chr13	98931194	99043646	2	2	0	0	5	29
chr13	99020450	99030074	1	1	1	3	0	12
chr13	99038069	99040636	1	1	1	4	0	4
chr13	99083535	99087829	1	1	1	2	0	9
chr13	99099072	99100489	1	1	1	6	0	19
chr13	99105464	99109421	2	2	1	0	1	1
chr13	99161222	99171496	2	2	1	0	1	5
chr13	99484398	99485252	1	1	1	0	1	5
chr13	99554746	99555225	2	2	1	2	0	31
chr13	99573343	99574304	2	2	1	2	0	1
chr13	99848245	99936194	1	1	0	0	5	27
chr13	100196250	100199238	1	1	1	1	0	14
chr13	100869894	101099423	1	1	0	0	5	12
chr13	101290277	101294464	2	2	1	0	3	4
chr13	101294566	101315217	2	2	0	5	0	25
chr13	103282546	103286299	1	1	1	5	0	12
chr13	103288743	103289431	1	1	1	4	0	1
chr13	103292727	103295571	1	1	1	10	0	24
chr13	107142986	107143415	0	0	0	8	0	30
chr13	107147343	107148095	2	2	1	1	0	3
chr13	109535535	109540719	1	1	1	0	2	1
chr13	110043254	110045975	2	2	0	0	3	32
chr13	110434094	110434329	1	1	0	4	0	28
chr13	110829072	110829231	2	4	1	2	0	1
chr13	110960471	110980716	1	1	1	0	3	2
chr13	111102802	111109689	1	1	1	4	0	16
chr13	111258648	111258696	2	2	0	0	3	25
chr13	111299587	111303380	2	2	1	2	0	26
chr13	111319821	111329320	2	2	1	0	1	4
chr13	111340174	111340293	2	2	1	0	3	1
chr13	111365325	111371575	1	1	1	0	4	5
chr13	111365934	111371575	1	1	1	0	2	5
chr13	111806339	111857635	1	1	1	1	0	8
chr13	111870228	111885551	1	1	1	6	0	2
chr13	113478740	113481007	1	1	0	1	0	22
chr13	113514729	113516753	1	1	1	1	0	21
chr13	113530256	113532530	1	1	1	1	0	2
chr13	113818959	113819366	1	1	1	1	0	7
chr13	113819435	113820411	1	1	1	0	1	7
chr13	113838802	113845185	2	2	1	0	1	1
chr13	113881233	113881337	2	2	0	0	4	28
chr13	113883834	113883955	1	1	1	2	0	16
chr13	113887654	113888210	1	1	1	3	0	7
chr13	113975786	113975871	1	1	1	4	0	19
chr13	114009797	114018076	2	2	1	0	1	4
chr13	114247495	114248206	1	1	0	0	11	32
chr13	114247597	114247636	1	1	0	0	8	24
chr13	114247694	114248206	1	1	0	0	11	32
chr13	114247811	114248639	1	1	0	0	7	26
chr13	114247929	114248206	1	1	0	0	11	32
chr13	114248483	114248639	1	1	0	0	7	26
chr13	114265378	114277494	1	1	1	1	0	11
chr13	114277602	114285937	1	1	1	5	0	11
chr13	114279948	114280124	1	1	0	0	2	28
chr13	114280064	114280124	1	1	0	0	2	28
chr13	114286060	114287434	1	1	1	5	0	32
chr13	114288349	114288848	1	1	1	1	0	19
chr13	114288918	114290291	1	1	1	0	2	8
chr13	114550812	114550998	2	2	1	0	2	8
chr13	114624153	114624748	1	1	1	1	0	4
chr13	115004966	115007595	1	1	1	1	0	30
chr13	115027424	115028353	1	1	1	3	0	3
chr14	19183490	19218602	2	2	0	1	0	12
chr14	19652355	19653624	1	1	1	0	4	3
chr14	19653773	19653892	1	1	1	0	2	3
chr14	19654005	19655733	1	1	1	0	7	2
chr14	19654005	19655757	1	1	1	0	7	2
chr14	19655872	19656088	1	1	1	0	4	15
chr14	19919274	19919491	2	2	1	0	4	15
chr14	19919606	19921358	2	2	1	0	7	2
chr14	19919630	19921358	2	2	1	0	7	2
chr14	19921471	19921590	2	2	1	0	2	3
chr14	19921739	19923012	2	2	1	0	4	3
chr14	20907295	20908810	1	1	1	1	1	4
chr14	20923863	20924072	1	1	1	5	0	4
chr14	20925020	20925149	1	1	1	3	0	21
chr14	20940637	20942630	1	1	1	3	0	14
chr14	21464111	21464367	1	1	1	6	0	12
chr14	21487902	21488078	2	2	1	7	0	8
chr14	21510602	21511111	1	1	1	1	0	16
chr14	21679726	21679968	2	2	1	0	5	12
chr14	21680083	21681118	2	2	1	1	1	21
chr14	21681277	21698477	2	2	1	0	2	21
chr14	21698526	21699116	2	2	1	5	0	22
chr14	21702389	21731469	2	2	1	1	0	9
chr14	21793543	21793989	1	1	1	0	3	4
chr14	21825526	21826085	2	2	1	1	0	4
chr14	21826162	21826473	2	2	1	1	0	1
chr14	21829373	21830355	2	2	1	1	0	30
chr14	21831488	21831596	2	2	1	1	0	12
chr14	21834689	21836427	2	2	1	2	0	11
chr14	21873624	21873879	2	2	1	2	0	21
chr14	21883802	21883883	2	2	1	2	0	15
chr14	21993789	22005095	2	2	1	0	2	5
chr14	23034038	23035988	2	2	1	0	1	6
chr14	23044134	23057852	2	2	1	2	0	12
chr14	23231353	23235632	2	2	1	0	1	6
chr14	23235974	23236456	1	1	1	0	4	6
chr14	23374431	23374544	2	2	1	0	4	7
chr14	23390330	23392287	1	1	1	0	5	2
chr14	23393393	23393478	2	2	1	1	2	26
chr14	23395765	23395910	2	2	1	5	0	2
chr14	23396870	23397334	2	2	1	2	0	15
chr14	23424212	23439394	1	1	0	0	1	25
chr14	23424386	23426132	2	2	1	3	0	1
chr14	23468572	23479309	2	2	1	0	1	6
chr14	23530394	23530506	2	2	1	3	0	25
chr14	23532787	23533313	2	2	1	1	0	2
chr14	23533695	23535174	2	2	1	0	7	12
chr14	23535218	23536522	2	2	1	0	7	1
chr14	23535218	23538684	2	2	1	0	7	1
chr14	23540396	23540635	2	2	1	4	0	28
chr14	23551046	23559730	2	2	1	3	0	22
chr14	23564829	23566866	1	1	1	1	0	6
chr14	23777409	23778024	1	1	1	0	6	4
chr14	23791030	23791389	1	1	1	4	0	9
chr14	23791505	23792207	1	1	1	0	10	1
chr14	23792693	23793173	1	1	1	1	0	22
chr14	23925657	23942820	1	1	0	0	2	20
chr14	23939311	23940114	1	1	1	0	1	5
chr14	24032848	24032924	2	2	1	2	0	2
chr14	24109105	24110874	1	1	1	1	0	15
chr14	24543335	24543499	1	1	1	1	0	1
chr14	24606641	24606728	1	3	1	4	0	18
chr14	24607007	24607257	1	1	1	5	0	7
chr14	24612699	24612793	2	2	1	0	1	4
chr14	24613469	24613608	2	2	1	2	0	9
chr14	24618793	24619269	1	1	1	7	0	29
chr14	24624902	24626498	1	1	1	1	0	11
chr14	24649965	24650718	2	2	1	2	0	28
chr14	24654187	24654388	2	2	1	3	0	15
chr14	24657845	24657924	2	2	1	6	0	10
chr14	24664037	24664551	2	2	1	0	4	3
chr14	24679142	24679553	2	2	1	4	0	27
chr14	24687638	24701455	2	2	1	1	0	12
chr14	24771313	24771437	1	1	1	5	0	27
chr14	24910133	24911551	2	2	1	0	1	4
chr14	25444057	25518412	2	2	1	0	2	6
chr14	29233608	29234883	1	1	0	3	0	13
chr14	29254174	29254815	2	2	1	0	2	6
chr14	31097486	31099682	1	1	1	4	0	25
chr14	31139602	31142462	1	1	1	1	0	12
chr14	31405831	31416295	2	2	1	0	4	2
chr14	31514190	31574290	2	2	0	2	0	17
chr14	31542180	31549778	1	1	1	0	4	2
chr14	31586551	31754543	2	4	0	0	4	32
chr14	31589073	31590588	2	2	1	0	2	1
chr14	31637679	31638559	2	2	1	2	0	15
chr14	31763311	31765114	2	2	1	0	3	3
chr14	31924644	31946884	2	2	0	0	4	18
chr14	32315798	32319252	1	1	1	0	2	3
chr14	34931213	34931244	2	4	0	3	0	18
chr14	35011759	35056144	1	1	0	0	8	26
chr14	35011759	35146910	1	1	0	0	8	26
chr14	35043638	35044345	2	2	0	7	0	21
chr14	35050807	35055435	2	2	1	6	0	16
chr14	35222911	35224032	2	2	1	3	0	1
chr14	35253134	35254982	2	2	1	3	0	30
chr14	35280243	35295218	2	2	1	5	0	16
chr14	35379347	36371084	1	1	0	0	5	28
chr14	35478038	35480714	1	1	1	2	0	9
chr14	35515613	35515710	1	1	1	1	0	7
chr14	35747925	35777199	1	1	1	3	0	31
chr14	36067687	36549654	1	1	0	0	4	17
chr14	36125122	36128343	2	2	1	0	2	2
chr14	36244262	36244840	2	2	1	1	0	21
chr14	36300707	36302183	1	1	1	1	0	24
chr14	36367302	36367918	1	1	1	0	2	7
chr14	36614607	37437254	1	1	0	0	9	21
chr14	37006427	37014114	2	2	0	0	4	32
chr14	38024481	38024529	2	2	0	0	6	25
chr14	38152170	38165899	1	1	1	0	1	3
chr14	38760594	38761410	1	1	1	0	2	4
chr14	39517934	39524346	2	2	1	2	0	13
chr14	39583680	39584032	1	1	1	0	2	5
chr14	39644597	39645281	1	1	1	14	0	26
chr14	39645354	39645730	1	1	1	2	0	10
chr14	39645800	39646615	1	1	1	3	0	17
chr14	39646689	39646796	1	1	1	3	0	14
chr14	39647121	39648294	1	1	1	0	2	1
chr14	39648451	39648527	1	1	1	1	0	19
chr14	39815231	39816916	1	1	1	0	5	4
chr14	45587329	45590089	2	2	1	1	0	22
chr14	45673416	45673601	2	2	1	0	1	3
chr14	45696040	45696865	2	2	1	1	0	14
chr14	45702024	45705016	2	2	1	5	0	25
chr14	45859046	45859226	2	2	0	0	2	19
chr14	45859046	45859353	2	2	0	0	2	19
chr14	45859046	45859482	2	2	0	0	2	19
chr14	50052768	50053002	2	2	1	5	0	27
chr14	50053416	50053527	0	0	0	11	0	32
chr14	50131382	50131811	2	2	1	1	1	6
chr14	50166990	50200383	2	2	0	0	1	25
chr14	50247041	50247420	1	1	1	3	0	10
chr14	50256062	50256213	2	2	1	2	0	15
chr14	50280769	50281471	2	2	1	5	0	7
chr14	50320557	50329492	2	2	0	11	0	22
chr14	50329518	50691859	2	2	0	4	0	13
chr14	50779108	50788200	1	1	1	1	0	16
chr14	50825868	50829938	2	2	1	0	2	2
chr14	50923313	50929382	2	2	1	8	0	14
chr14	50998877	50999165	2	2	1	1	0	22
chr14	51095181	51096712	1	1	1	0	1	6
chr14	51227078	51228507	2	2	1	3	0	30
chr14	51233115	51233497	2	2	1	2	0	20
chr14	51237711	51238049	2	2	1	3	0	3
chr14	51348345	51352331	1	1	1	0	2	4
chr14	51401904	51404453	2	2	1	1	0	7
chr14	52167878	52169229	1	1	1	0	2	7
chr14	52192589	52194462	1	1	1	0	1	3
chr14	53009172	53010115	2	2	1	1	0	22
chr14	53150626	53162085	2	2	1	4	0	14
chr14	53175241	53175481	1	1	1	1	0	11
chr14	53175535	53177818	1	1	1	1	0	1
chr14	53242665	53243557	1	1	0	3	0	27
chr14	54045227	54052665	1	1	0	0	3	29
chr14	54882649	54884565	1	1	1	1	0	27
chr14	55303748	55680422	2	2	0	0	4	26
chr14	55303748	55719930	2	2	0	0	4	26
chr14	55309773	55310499	2	2	1	0	3	1
chr14	55391370	56365841	1	1	0	0	5	14
chr14	55414541	55464044	2	2	0	0	1	21
chr14	55484394	55493428	2	2	0	6	0	25
chr14	55530044	55531333	1	1	1	0	4	18
chr14	55624601	55748965	2	4	0	0	4	32
chr14	55637506	55642063	2	2	1	1	0	5
chr14	55864153	55878319	2	2	1	1	0	20
chr14	55902282	56365841	1	1	0	0	5	14
chr14	56101377	56103166	1	1	1	8	0	31
chr14	56105941	56106630	1	1	1	2	0	4
chr14	56119804	56120276	1	1	1	4	0	19
chr14	56645183	56746393	1	1	1	0	2	1
chr14	57057049	57057588	2	6	0	5	0	25
chr14	57596879	58243166	2	2	0	0	4	26
chr14	58675826	58678009	1	1	1	3	0	25
chr14	58811486	58813128	1	1	1	3	0	15
chr14	58934641	58937330	1	1	1	4	0	5
chr14	59954547	59961735	1	1	1	0	2	2
chr14	60027947	60030454	2	2	1	0	1	2
chr14	60723585	60749401	1	1	1	0	1	2
chr14	60951656	60952662	2	2	1	0	1	4
chr14	61285566	61346431	1	1	1	6	0	14
chr14	61448410	61449225	1	1	1	0	1	6
chr14	62199243	62200855	1	1	1	1	0	30
chr14	62205092	62207222	1	1	1	3	0	15
chr14	64414341	64937094	1	1	0	0	5	31
chr14	64434565	64443280	1	1	1	1	0	3
chr14	64467438	64468651	1	1	1	3	0	16
chr14	64493449	64494201	1	1	1	9	0	4
chr14	64529614	64532149	1	1	1	1	0	14
chr14	64669682	64675475	1	1	1	5	0	19
chr14	64686129	64687154	1	1	1	2	0	10
chr14	64839894	65431962	1	1	0	0	5	30
chr14	64855187	64855718	1	1	1	0	1	4
chr14	64915036	64916162	1	1	1	4	0	27
chr14	64920580	64921440	1	1	1	6	0	12
chr14	65028747	65031468	1	3	1	0	2	8
chr14	65264565	65266464	2	2	1	4	0	10
chr14	67807236	67810088	2	2	1	1	0	3
chr14	67826578	67826780	2	2	1	0	1	3
chr14	68040104	68040517	1	1	1	0	3	6
chr14	68252951	68256051	2	2	1	5	0	8
chr14	69347707	69349174	2	2	1	0	1	7
chr14	69359001	69360371	2	2	1	5	0	14
chr14	69369280	69371371	2	2	1	2	0	7
chr14	69373915	70164980	1	1	0	0	4	21
chr14	69534106	69534398	1	1	0	0	7	28
chr14	69565905	70164980	1	1	0	0	4	21
chr14	69727185	69787427	1	1	1	0	3	2
chr14	69847358	69853679	2	2	1	4	0	27
chr14	69861630	69864947	2	2	1	4	0	6
chr14	69894930	70164980	1	1	0	0	4	21
chr14	70044860	70164980	1	1	0	0	5	21
chr14	70233973	70234854	1	1	1	2	0	15
chr14	70235392	70235514	1	1	1	3	0	9
chr14	70346495	70418854	1	1	1	6	0	12
chr14	70517825	70518706	2	2	1	0	2	3
chr14	71064495	71067332	2	2	1	0	1	1
chr14	72165845	72169097	1	1	1	4	0	23
chr14	72172058	72175938	1	1	1	3	0	21
chr14	73006803	73019997	1	1	1	0	1	1
chr14	73501580	73719734	1	1	0	4	0	14
chr14	73572790	73572903	1	1	1	3	0	20
chr14	73821055	73940361	0	0	0	3	0	31
chr14	73833690	73876644	2	2	1	2	0	7
chr14	74014021	74059492	1	1	0	0	5	26
chr14	74014021	74279525	1	1	0	0	5	26
chr14	74162347	74199767	2	4	0	2	0	30
chr14	74415752	74611094	1	3	0	0	5	22
chr14	74558010	74562632	1	1	1	0	5	1
chr14	74558010	74562650	1	1	1	0	5	1
chr14	74599469	74603240	0	0	0	3	0	32
chr14	74753520	74754512	2	2	1	0	1	4
chr14	74972895	74973400	2	2	1	0	2	4
chr14	74973527	74974675	2	2	1	0	1	4
chr14	75152364	75158743	2	2	1	1	0	5
chr14	75202305	75203073	2	4	0	3	0	16
chr14	75355851	75355977	1	1	1	7	0	13
chr14	75365203	75366625	1	1	1	0	2	4
chr14	75469857	75469977	1	1	1	2	0	18
chr14	75470099	75470253	1	1	1	8	0	11
chr14	76099030	76099224	1	1	1	0	1	5
chr14	76200394	76201537	1	1	1	0	1	3
chr14	76219299	76230957	1	1	1	1	0	24
chr14	76231116	76232404	1	1	1	1	0	9
chr14	76248917	76249489	1	1	1	0	1	4
chr14	76249874	76259258	1	1	1	2	0	26
chr14	76391269	76391493	2	2	0	0	1	26
chr14	76391269	76391541	2	2	0	0	1	26
chr14	77125287	77355978	2	2	0	4	0	29
chr14	77358625	77365336	2	2	0	0	3	28
chr14	77486665	77515652	2	2	0	1	0	29
chr14	77796151	77796573	1	1	1	0	1	6
chr14	77905899	77912050	1	1	0	0	2	32
chr14	77947558	78025540	2	2	0	0	4	21
chr14	77978747	77984380	2	2	1	2	0	10
chr14	77983358	78097178	0	0	0	0	4	30
chr14	77984511	77987788	2	2	1	4	0	25
chr14	78080937	78095978	1	1	0	0	1	27
chr14	78177240	78182114	1	1	1	5	0	19
chr14	78182223	78183838	1	1	1	0	3	3
chr14	78203419	78205120	2	2	1	0	2	6
chr14	79786188	79786284	1	1	0	2	0	24
chr14	79801114	79807757	2	2	0	1	0	26
chr14	81302682	81304547	2	2	1	3	0	8
chr14	81380753	81382744	2	2	1	1	0	14
chr14	81668003	81670243	2	2	1	3	0	10
chr14	82126926	82196572	2	2	0	0	7	27
chr14	89029514	89029994	1	1	1	2	0	27
chr14	89042285	89044328	1	1	1	3	0	10
chr14	89068428	89069171	1	1	1	3	0	16
chr14	89656794	89747293	2	2	1	4	0	30
chr14	89827330	89828653	2	2	0	0	1	24
chr14	89828297	89828653	2	2	0	0	1	24
chr14	89828444	89828653	2	2	0	0	1	24
chr14	90420346	90421076	2	2	1	0	1	4
chr14	90722945	90725503	1	1	1	0	1	17
chr14	90730192	90730384	1	1	1	0	2	7
chr14	90735893	90736541	1	1	1	5	0	14
chr14	90863578	90866408	1	1	1	1	0	5
chr14	90867747	90870205	1	1	1	5	0	21
chr14	90870313	90870722	1	1	1	3	0	18
chr14	91077184	91084272	2	2	1	0	1	4
chr14	91577858	91590502	2	2	0	0	1	30
chr14	91615466	91633357	2	4	0	1	0	29
chr14	91939480	91939582	2	2	1	9	0	15
chr14	92264246	92264642	2	2	1	0	4	1
chr14	92280170	92302526	2	2	1	3	0	22
chr14	92318679	92381934	1	1	0	0	9	23
chr14	92349421	92353536	2	2	1	2	0	2
chr14	92441631	92442451	2	2	1	1	0	12
chr14	92922953	92923597	1	1	1	0	1	4
chr14	93535806	93536510	0	0	0	3	0	31
chr14	93581651	93582116	2	2	1	0	1	3
chr14	94158293	94160680	1	1	1	2	0	2
chr14	94519474	94521341	2	2	1	6	0	19
chr14	94524244	94526443	2	2	1	1	0	8
chr14	94847479	94848928	2	2	1	3	0	32
chr14	95563051	95566116	2	2	1	7	0	12
chr14	95572561	95573944	2	2	1	1	0	5
chr14	95574841	95577653	2	2	1	5	0	5
chr14	95577794	95578508	2	2	1	4	0	7
chr14	95578585	95579428	2	2	1	2	0	25
chr14	95579562	95582003	2	2	1	5	0	16
chr14	95591006	95592916	2	2	1	4	0	24
chr14	96968938	96986391	1	1	1	2	0	4
chr14	97022285	97022511	1	1	1	5	0	23
chr14	97312502	97313593	1	1	1	7	0	3
chr14	97968462	98012901	1	1	0	2	0	12
chr14	99178124	99182453	1	1	1	0	1	7
chr14	99929916	99932039	2	2	1	6	0	31
chr14	100061791	100104241	2	2	0	1	0	17
chr14	100404250	100405533	1	1	1	2	0	4
chr14	100563996	100593043	1	1	1	0	2	7
chr14	100604140	100607516	1	1	1	5	0	20
chr14	100706430	101005425	1	3	0	10	2	16
chr14	100759370	100759630	2	2	1	3	0	27
chr14	100809725	100813082	2	2	1	9	0	17
chr14	100820207	100820783	2	2	1	1	0	8
chr14	102095742	102098749	2	4	1	0	1	6
chr14	102431285	102442048	1	1	1	4	0	29
chr14	102446312	102446700	1	1	1	1	0	13
chr14	102453970	102455039	1	1	1	5	0	27
chr14	102466482	102466622	1	1	1	1	0	16
chr14	102466737	102467290	1	1	1	3	0	7
chr14	102471288	102471378	1	1	1	1	0	9
chr14	102483842	102484787	1	1	1	6	0	16
chr14	102486394	102489087	1	1	1	3	0	24
chr14	102493626	102493719	1	1	1	4	0	12
chr14	102496276	102496498	1	1	1	2	0	19
chr14	102499822	102500312	1	1	1	3	0	1
chr14	102515920	102516050	1	1	1	4	0	29
chr14	102516220	102516407	1	1	1	3	0	14
chr14	102549446	102549483	2	4	0	2	0	21
chr14	102550031	102550129	2	2	1	2	0	12
chr14	102550321	102550735	2	2	1	6	0	4
chr14	102550902	102551017	2	2	1	4	0	15
chr14	102551336	102551634	2	2	1	12	0	26
chr14	102551769	102552094	2	2	1	15	0	20
chr14	102552716	102553322	2	2	1	14	0	29
chr14	102629238	102669005	2	2	0	0	1	14
chr14	102805291	102805430	1	1	1	3	0	1
chr14	102805567	102807659	1	1	1	0	8	1
chr14	103037348	103899925	1	1	0	0	4	16
chr14	103258656	103278006	1	1	0	3	0	12
chr14	103274732	103275266	2	4	0	6	0	30
chr14	103333086	103360567	1	1	0	0	3	21
chr14	103394851	103395094	1	1	1	0	3	5
chr14	103435054	103436487	2	2	1	7	0	30
chr14	103800001	103800725	1	1	1	1	0	3
chr14	103800598	103800725	1	1	1	1	0	24
chr14	103805671	103805975	1	1	1	5	0	4
chr14	103932429	103932679	1	1	1	4	0	1
chr14	103986380	103986458	2	2	1	21	0	30
chr14	103986930	103987599	2	2	1	12	0	31
chr14	103987772	103988154	2	2	1	8	0	19
chr14	103988288	103988359	2	2	1	12	0	18
chr14	103988843	103989102	2	2	1	5	0	23
chr14	104067493	104069973	2	2	0	1	0	30
chr14	104121163	104123882	1	1	1	1	0	16
chr14	104129265	104135847	1	3	1	0	4	7
chr14	104187303	104373278	1	1	0	0	5	32
chr14	104256129	104275470	1	1	0	0	8	24
chr14	104290818	104309099	1	1	0	0	1	12
chr14	104379032	104380297	2	2	1	3	0	5
chr14	105178891	105179164	1	3	1	11	0	9
chr14	105209529	105211148	1	1	1	0	1	7
chr14	105219657	105221966	1	1	1	6	0	19
chr14	105235953	105236119	2	6	0	8	0	30
chr14	105243108	105246424	2	2	1	0	1	7
chr14	105331851	105334760	1	1	1	5	0	5
chr14	105350887	105351705	1	1	1	3	0	6
chr14	105351880	105352376	1	1	1	2	0	16
chr14	105360716	105360873	1	1	1	7	0	30
chr14	105578380	105578406	2	4	0	0	5	29
chr14	105611399	105612067	2	2	1	9	0	15
chr14	105612838	105612947	2	2	1	5	0	12
chr14	105614226	105614452	2	2	1	1	0	1
chr14	105614743	105615081	2	2	0	6	0	27
chr14	105615196	105615273	2	2	1	4	0	25
chr14	105684138	105685334	2	2	1	1	0	21
chr14	105715585	105715696	1	1	1	0	3	2
chr14	105784761	106276062	1	1	0	0	5	22
chr14	105788342	105810098	2	2	0	1	0	24
chr14	105836238	105843104	1	1	1	1	0	7
chr14	105886565	105893562	0	0	0	4	0	32
chr14	105905506	105907728	0	0	0	3	0	31
chr14	105911849	105915695	1	1	1	6	0	8
chr14	105916662	105920529	1	1	1	4	0	12
chr14	105920648	105920964	1	1	1	1	0	3
chr14	105920648	105924606	1	1	1	8	0	19
chr14	105921039	105924606	1	1	1	4	0	3
chr14	105927291	105929520	1	1	1	8	0	3
chr14	105931201	105931430	1	1	1	4	0	13
chr14	105933080	105934674	1	1	1	4	0	12
chr14	105934687	105935803	1	1	1	4	0	12
chr14	105935836	105936177	1	1	1	3	0	5
chr14	105936330	105936401	1	1	1	2	0	14
chr14	105957860	105957958	1	1	1	1	0	17
chr14	107062227	107092700	2	2	0	0	1	24
chr15	20376595	20440929	1	1	0	0	4	23
chr15	20376595	20637047	1	1	0	0	4	23
chr15	20659927	20662557	2	2	1	0	3	2
chr15	20663701	20666444	2	2	1	0	5	23
chr15	20664980	20665176	0	0	0	0	4	32
chr15	21196058	21196619	1	1	1	0	1	3
chr15	22289726	22290287	1	1	1	0	1	3
chr15	22303283	22318876	1	1	1	0	2	3
chr15	22840341	22841038	1	1	1	4	0	15
chr15	22851110	22853733	1	1	1	2	0	23
chr15	22910474	23082462	2	2	0	0	4	21
chr15	22933658	22933747	1	1	1	10	0	1
chr15	23103863	23104321	1	1	0	0	4	20
chr15	23104448	23104636	1	1	0	0	3	26
chr15	23104448	23104678	1	1	0	0	3	26
chr15	23104448	23104699	1	1	0	0	3	26
chr15	23104532	23104762	1	1	0	0	3	28
chr15	23104532	23104783	1	1	0	0	3	12
chr15	23104532	23104846	1	1	0	0	3	28
chr15	23104532	23104867	1	1	0	0	3	12
chr15	23261395	23261762	1	1	1	0	3	12
chr15	23299122	23299680	2	2	1	0	5	16
chr15	23299818	23299914	2	2	1	0	3	29
chr15	23313308	23316003	2	2	1	0	3	16
chr15	23317085	23318523	2	2	1	0	2	25
chr15	23327330	23329957	2	2	1	0	3	2
chr15	23331102	23333848	2	2	1	0	5	23
chr15	23332381	23332577	0	0	0	0	4	32
chr15	23811857	23811954	1	1	1	2	0	11
chr15	23983484	24051083	2	2	0	0	4	19
chr15	25351442	25352618	1	1	1	0	5	2
chr15	25352736	25353056	1	1	1	0	2	5
chr15	25479351	25479721	1	1	1	0	2	4
chr15	25947248	25953122	2	2	1	0	3	7
chr15	26892150	26979335	2	2	0	0	3	17
chr15	28327042	28344369	2	2	1	3	0	2
chr15	28389138	28389222	2	2	1	4	0	10
chr15	28414802	28419540	2	2	1	6	0	5
chr15	28446701	28447258	2	2	1	1	0	16
chr15	28460949	28463634	2	2	1	0	3	16
chr15	28465791	28467173	2	2	1	0	2	25
chr15	28475647	28478291	2	2	1	0	3	2
chr15	28479431	28482108	2	2	1	0	5	23
chr15	28546497	28572116	1	1	0	0	1	20
chr15	28878887	28881632	1	1	1	0	5	23
chr15	28880157	28880353	0	0	0	0	4	32
chr15	28882777	28885404	1	1	1	0	3	2
chr15	28894214	28895652	1	1	1	0	2	25
chr15	28912610	28912706	1	1	1	0	3	29
chr15	28912844	28913402	1	1	1	0	5	16
chr15	28950886	28951261	2	2	1	0	3	12
chr15	29280620	30044285	2	2	0	0	6	14
chr15	29406220	29409264	1	1	1	0	1	6
chr15	29437611	29466676	1	1	0	0	1	17
chr15	29470494	29470646	2	2	0	3	0	14
chr15	29955195	30125874	1	1	0	0	7	24
chr15	30336757	30336925	0	0	1	0	2	12
chr15	30381527	30381902	1	1	1	0	3	12
chr15	30663388	30664349	2	2	1	0	2	1
chr15	30900582	30900669	1	1	1	6	0	10
chr15	30902593	30902968	1	1	1	0	3	12
chr15	31105366	31105478	1	1	0	5	0	24
chr15	31800788	31801714	2	2	0	0	1	13
chr15	31911393	31920711	1	1	0	0	3	27
chr15	32450808	32451769	1	1	1	0	2	1
chr15	32688745	32689120	2	2	1	0	3	12
chr15	32725675	32751622	1	3	0	0	4	19
chr15	32814769	32815229	2	2	0	3	0	17
chr15	32820903	32821983	2	2	1	1	0	15
chr15	34159792	34163135	2	2	1	0	1	6
chr15	34376688	34380253	2	2	1	7	0	29
chr15	34467188	35187105	2	2	0	4	0	20
chr15	34536274	34537485	2	2	1	1	0	19
chr15	34542557	34542831	2	2	1	9	0	21
chr15	34557273	34698593	2	2	0	0	6	21
chr15	34674058	34674168	2	2	1	0	3	31
chr15	34676249	34677248	2	2	1	0	6	4
chr15	34677359	34677454	2	2	1	0	5	5
chr15	34681970	34683323	2	2	1	0	2	3
chr15	34681970	34829544	2	2	1	0	2	3
chr15	34697257	34698874	2	2	1	0	5	21
chr15	34699072	34699724	2	2	1	0	3	2
chr15	34702077	34703995	2	6	0	0	1	13
chr15	34727673	34729598	2	2	1	4	0	25
chr15	34820279	34820389	2	2	1	0	3	31
chr15	34822470	34823469	2	2	1	0	6	4
chr15	34823580	34823675	2	2	1	0	5	5
chr15	34828191	34829544	2	2	1	0	2	3
chr15	34843478	34845095	2	2	1	0	5	21
chr15	34843478	34845945	2	2	1	0	3	2
chr15	34845293	34845945	2	2	1	0	3	2
chr15	34846158	34875716	2	2	1	7	0	24
chr15	34848299	34850221	2	6	0	0	1	13
chr15	35207381	35210458	2	2	1	4	0	10
chr15	37376087	37385781	2	2	1	1	0	31
chr15	39051142	39051236	2	2	1	0	2	7
chr15	40185947	40185994	2	2	0	0	4	26
chr15	40185947	40186347	2	2	0	0	4	26
chr15	40213046	40213070	2	4	0	5	0	19
chr15	40241470	40246104	1	1	1	4	0	4
chr15	40260081	40265108	1	1	1	5	0	2
chr15	40303548	40308702	1	1	1	6	0	18
chr15	40313229	40314719	1	1	1	2	0	1
chr15	40322658	40324369	1	1	1	2	0	32
chr15	40329220	40330482	2	2	1	0	1	8
chr15	40329557	40330482	2	2	1	0	1	7
chr15	40338271	40348653	1	1	1	0	2	3
chr15	40396542	40397995	2	2	1	0	1	1
chr15	40453457	40457253	1	1	1	0	1	4
chr15	40457398	40462262	1	1	1	2	0	5
chr15	40477844	40488745	1	1	1	4	0	29
chr15	40545491	40549043	1	1	1	0	2	1
chr15	40700190	40702826	1	1	1	1	0	20
chr15	40751800	40751896	2	2	0	8	0	23
chr15	40920407	40920808	1	1	1	0	7	4
chr15	41047744	41062844	0	0	0	6	0	31
chr15	41066635	41067165	2	2	1	0	1	4
chr15	41221933	41222044	1	1	1	5	0	17
chr15	41280173	41289726	2	2	1	0	1	5
chr15	41431209	41906028	2	4	0	6	0	31
chr15	41576309	41577422	1	1	1	6	0	2
chr15	41625249	41634583	1	1	1	4	0	23
chr15	41641440	41643185	1	1	1	2	0	9
chr15	41641440	41643188	1	1	1	0	1	2
chr15	41648339	41650346	1	1	1	5	0	2
chr15	41650457	41657599	1	1	1	1	0	27
chr15	41657788	41663724	1	1	1	0	2	2
chr15	41658062	41663724	1	1	1	0	2	2
chr15	41689698	42689624	1	1	0	0	5	26
chr15	41722416	42688481	2	2	0	4	0	20
chr15	41730841	42689621	2	2	0	0	5	29
chr15	41770381	42689621	2	2	0	0	5	29
chr15	41799489	41799759	2	2	1	0	1	1
chr15	41821767	41822061	2	2	1	4	0	15
chr15	42005695	42019377	1	1	1	1	0	8
chr15	42032402	42034743	1	1	1	7	0	32
chr15	42035371	42040834	1	1	1	7	0	13
chr15	42041126	42041308	1	1	1	4	0	8
chr15	42073409	42076109	0	0	1	0	2	21
chr15	42109234	42109585	1	1	1	7	0	10
chr15	42110504	42110716	1	1	1	0	2	7
chr15	42143349	42143480	2	2	1	0	6	5
chr15	42156223	42158005	2	2	1	0	1	5
chr15	42317184	42689624	1	1	0	0	5	26
chr15	42457312	42457915	2	2	1	1	0	16
chr15	42479562	42479955	2	2	1	1	0	22
chr15	42525505	42528517	2	2	1	6	0	8
chr15	42615918	42804800	2	2	0	0	3	23
chr15	42704178	42704256	1	1	1	0	1	6
chr15	42787912	42797319	1	1	1	0	1	6
chr15	42792805	42804800	2	2	0	0	3	23
chr15	43028979	43029210	2	2	1	4	0	12
chr15	43109296	43120125	2	2	1	0	1	1
chr15	43183303	43435490	2	2	0	0	6	29
chr15	43324830	43328375	2	2	1	2	0	14
chr15	43694049	43695880	1	1	1	6	0	8
chr15	43901533	43903696	2	2	1	0	1	4
chr15	43906511	43906611	2	2	1	0	2	6
chr15	43950606	44930619	2	2	0	0	4	23
chr15	44005973	44006073	2	2	1	0	2	6
chr15	44038905	44046021	1	1	1	3	0	25
chr15	44055405	44057647	1	1	1	2	0	9
chr15	44059109	44060686	1	1	1	11	0	20
chr15	44062528	44062720	1	1	1	4	0	6
chr15	44084582	44085172	1	1	1	4	0	16
chr15	44092983	44093329	1	1	1	2	0	8
chr15	44093386	44093715	1	1	1	2	0	1
chr15	44128415	44131802	1	1	1	1	0	12
chr15	44149362	44150868	1	1	1	2	0	14
chr15	44671987	44673003	1	1	1	2	0	21
chr15	44778899	44782981	1	1	1	1	0	20
chr15	44843721	44846750	1	1	1	1	0	7
chr15	44846866	44849686	1	1	1	1	0	17
chr15	44861704	44862722	2	2	1	5	0	27
chr15	44921043	44921430	2	2	1	1	0	4
chr15	45003812	45007620	1	1	1	5	0	20
chr15	45007900	45008526	1	1	1	8	0	28
chr15	45008555	45009804	1	1	1	7	0	6
chr15	45119420	45120647	2	2	1	0	2	1
chr15	45123902	45124524	2	2	1	0	1	20
chr15	45360445	45361074	1	1	1	0	1	20
chr15	45364637	45365562	1	1	1	0	2	1
chr15	45365888	45366018	2	4	1	0	2	1
chr15	45398526	45398725	2	2	1	4	0	7
chr15	48626706	48628242	1	1	1	1	0	32
chr15	48758056	48760134	2	2	1	2	0	7
chr15	48760300	48760608	2	2	1	0	2	6
chr15	49081199	49081434	2	2	1	2	0	2
chr15	49081199	49083433	2	2	1	3	0	15
chr15	49913320	49917309	1	1	1	5	0	8
chr15	50189713	50190264	2	2	1	3	0	5
chr15	50589455	50630715	1	3	0	0	1	30
chr15	50887858	50975737	1	1	0	6	0	20
chr15	51023237	51024799	2	2	1	9	0	27
chr15	51223169	51226820	1	1	1	0	2	6
chr15	51510853	51514545	2	2	1	0	4	6
chr15	51634245	51669645	1	1	1	0	4	3
chr15	51659673	51661232	1	1	1	0	2	5
chr15	51669495	51669645	1	1	1	0	5	6
chr15	52017319	52029546	2	2	1	0	2	6
chr15	52155208	52161413	1	1	1	3	0	10
chr15	52188724	52192351	1	1	1	8	0	23
chr15	52208331	52223227	1	1	1	0	2	5
chr15	52252931	52254585	2	2	1	1	0	11
chr15	52258702	52263884	2	2	1	2	0	15
chr15	52384983	52512822	2	2	0	0	3	31
chr15	52564042	52564776	2	2	1	4	0	3
chr15	52652279	52656750	2	2	1	2	0	8
chr15	52718172	52720594	2	2	1	2	0	3
chr15	55615012	55615083	2	2	0	1	0	16
chr15	56735736	56735835	2	2	1	0	2	6
chr15	57211105	57212089	1	1	1	1	0	26
chr15	57490024	57523349	1	1	1	6	0	18
chr15	57543622	57545459	1	1	1	2	0	13
chr15	59118588	59142094	2	2	0	0	2	24
chr15	59200799	59215145	2	2	0	1	0	24
chr15	59224643	59225602	2	2	1	0	1	1
chr15	59397492	59399520	1	1	1	0	1	2
chr15	59409568	59415715	1	1	1	2	0	27
chr15	59466440	59470591	2	2	1	1	0	24
chr15	60656723	60674540	2	2	1	2	0	30
chr15	60747642	60748855	2	2	1	3	0	10
chr15	60770269	60771201	2	2	1	4	0	10
chr15	60974633	60978925	1	1	1	0	1	1
chr15	62221948	62223288	2	2	1	5	0	17
chr15	62241805	62242556	2	2	1	0	1	5
chr15	62254738	62254947	2	2	1	2	0	29
chr15	62269399	62270824	2	2	1	1	0	10
chr15	63102232	63111714	1	1	1	5	0	21
chr15	63351880	63353067	1	1	1	4	0	24
chr15	63922835	63924907	2	2	1	0	2	4
chr15	63958350	63958554	2	2	1	3	0	11
chr15	64027049	64039116	2	2	1	3	0	6
chr15	64050569	64056294	2	2	1	1	0	16
chr15	64355518	64356434	2	2	1	0	1	6
chr15	64444050	64445443	1	1	0	7	0	15
chr15	64449109	64452302	2	2	1	1	0	20
chr15	64686315	64687596	1	1	1	2	0	12
chr15	64972560	64972844	1	1	1	0	3	6
chr15	65087252	65220036	2	2	0	0	5	27
chr15	65087252	65576896	2	2	0	0	5	27
chr15	65308866	65312534	2	2	1	0	1	2
chr15	65412293	65421369	2	2	1	5	0	27
chr15	65450249	65450912	2	2	1	1	0	18
chr15	65513209	65655428	2	2	0	0	6	32
chr15	65588459	65597085	2	2	0	0	5	22
chr15	65744441	65746600	2	2	1	4	0	10
chr15	65847299	65849076	1	1	1	3	0	7
chr15	65849242	65851017	1	1	1	2	0	10
chr15	65855223	65856552	1	3	1	2	0	11
chr15	65945147	65947067	1	1	1	0	2	4
chr15	65945147	65952616	1	1	1	0	2	4
chr15	66587480	66599161	1	1	1	0	2	7
chr15	66607458	66623747	2	2	1	0	2	2
chr15	66679766	66727364	1	1	1	6	0	10
chr15	66730491	67507060	1	1	0	4	0	25
chr15	66791991	66792393	2	2	1	9	0	24
chr15	66792515	66792630	2	2	1	18	0	25
chr15	66793843	66794125	2	2	1	8	0	32
chr15	66794251	66794949	2	2	1	3	0	4
chr15	66795089	66795395	2	2	1	4	0	31
chr15	66795210	66795695	2	2	1	1	2	4
chr15	66795503	66795695	2	2	1	7	0	9
chr15	66795868	66797125	2	2	1	9	8	18
chr15	66812999	66813387	1	1	1	3	0	2
chr15	66844508	66845321	2	2	1	0	1	3
chr15	67069324	67812555	0	0	0	0	4	32
chr15	67279986	67351477	2	2	1	0	5	3
chr15	67379270	67379328	1	1	0	1	0	30
chr15	67717886	68561872	1	1	0	0	7	27
chr15	68044952	68561872	1	1	0	0	7	27
chr15	68481609	68482830	1	1	1	0	2	1
chr15	68502098	68503600	2	2	1	2	0	21
chr15	68518051	68519096	2	2	0	3	0	19
chr15	68603419	68603624	2	2	1	0	4	3
chr15	69072482	69072748	2	2	1	1	0	21
chr15	69075393	69076735	2	2	1	5	0	7
chr15	69080259	69113036	2	2	1	0	1	32
chr15	69339207	69339752	1	1	1	0	4	1
chr15	69553669	69560558	1	1	1	0	4	5
chr15	69615860	69616657	1	1	0	7	0	30
chr15	69684062	69684325	1	3	1	5	0	3
chr15	69714775	69715497	1	1	1	1	0	6
chr15	69718797	69721449	1	1	1	4	0	22
chr15	69727902	69727990	1	1	1	5	0	13
chr15	69732827	69733106	1	1	1	1	0	20
chr15	69745360	69745985	1	1	1	4	0	17
chr15	69747627	69747766	1	1	1	12	0	30
chr15	70347025	70347387	2	2	1	3	0	8
chr15	70349998	70350488	2	2	1	2	0	3
chr15	70366947	70368434	2	2	1	3	0	23
chr15	70387981	70388499	2	2	1	7	0	29
chr15	70972016	70975096	2	2	1	1	0	22
chr15	70975135	70976603	2	2	1	1	0	5
chr15	72105930	72105930	0	0	1	2	0	6
chr15	72185519	72186019	2	2	1	3	0	31
chr15	72481178	72594231	2	2	0	3	0	25
chr15	72492098	72492814	2	2	1	18	0	22
chr15	72492997	72494794	2	2	1	10	7	17
chr15	72492997	72495362	2	2	1	0	7	9
chr15	72495530	72499068	2	2	1	11	0	24
chr15	72499222	72499467	2	4	1	5	0	18
chr15	72499619	72500961	2	4	1	3	0	23
chr15	72511452	72523456	2	2	1	8	0	32
chr15	72533899	72534241	2	2	1	6	0	6
chr15	72545846	72546795	2	2	1	3	0	27
chr15	72553030	72553898	2	2	1	5	0	23
chr15	72558333	72559085	2	2	1	5	0	30
chr15	72563629	72564733	2	2	1	8	0	22
chr15	72614711	73334016	1	1	0	0	4	31
chr15	72637892	72638575	2	2	1	1	0	7
chr15	72862649	72864448	1	1	1	1	0	6
chr15	72874529	72875548	1	1	1	0	1	1
chr15	73580893	73581486	1	1	1	3	0	20
chr15	73624634	73635725	2	2	1	9	0	31
chr15	73862610	73862658	2	2	1	1	0	1
chr15	74703698	74703896	2	2	1	0	5	5
chr15	74740942	74741526	2	2	1	4	0	22
chr15	74771620	74773391	1	1	1	3	0	2
chr15	74919788	74919879	1	1	1	2	0	28
chr15	74921374	74922047	1	1	1	6	0	15
chr15	74967484	74988220	2	2	1	6	0	11
chr15	75090654	75090955	1	1	1	6	0	20
chr15	75094425	75094671	1	1	1	5	0	25
chr15	75129777	75130097	2	2	1	3	0	12
chr15	75130686	75130780	2	2	1	5	0	3
chr15	75130846	75130983	2	2	1	7	0	25
chr15	75132983	75133745	2	2	1	0	1	3
chr15	75137559	75137813	2	2	1	8	0	14
chr15	75189474	75190169	2	2	0	5	0	31
chr15	75293387	75366959	1	1	0	0	4	20
chr15	75304022	75304132	1	1	1	0	1	4
chr15	75631446	75631604	1	1	1	1	0	24
chr15	75648374	75648450	2	2	1	2	0	1
chr15	75648722	75648946	2	2	1	5	0	4
chr15	75650960	75651044	2	2	1	8	0	31
chr15	75654289	75654683	2	2	1	7	0	31
chr15	75688838	75692380	2	2	1	0	6	1
chr15	75722750	75735933	2	4	1	2	0	16
chr15	75915995	75916811	0	0	0	3	0	31
chr15	76143500	76534205	1	1	0	0	4	13
chr15	76209736	76222224	1	1	1	5	0	28
chr15	76484499	76494542	1	1	1	0	1	7
chr15	76588079	76603690	2	2	1	2	0	4
chr15	76912353	77481478	1	1	0	7	0	25
chr15	77057980	77059258	2	2	1	1	0	3
chr15	77348598	77363233	2	2	1	0	3	2
chr15	78021661	78021766	2	2	0	1	0	14
chr15	78088396	78111612	2	2	1	0	1	4
chr15	78447618	78449889	1	1	1	1	0	24
chr15	78585131	78585508	2	2	1	2	0	8
chr15	78755430	78757592	1	1	1	1	0	4
chr15	78834988	78836531	1	1	1	5	0	23
chr15	78848888	79192643	2	2	0	0	5	15
chr15	79066643	79066965	2	2	1	0	2	1
chr15	79137988	79180202	2	2	0	0	3	21
chr15	79168312	79192643	2	2	0	0	5	15
chr15	79183357	79183825	1	1	1	2	0	10
chr15	79186573	79187161	1	1	1	2	0	6
chr15	81005956	81013068	2	2	0	0	1	30
chr15	81365518	82237108	2	4	0	0	4	32
chr15	82512571	82517505	2	2	1	0	3	2
chr15	82554133	82554326	2	2	1	0	1	3
chr15	82636677	82636942	2	2	1	0	6	12
chr15	82638128	82638791	2	2	1	0	2	5
chr15	82726803	82727068	1	1	1	0	6	12
chr15	82809066	82809330	1	1	1	0	6	12
chr15	82824541	82824833	2	2	1	0	1	16
chr15	82934000	82934265	2	2	1	0	6	12
chr15	82935619	82936282	2	2	1	0	2	5
chr15	83012961	83013226	2	2	1	0	6	12
chr15	83014620	83015283	2	2	1	0	2	5
chr15	83103328	83103593	1	1	1	0	6	12
chr15	83193410	83193674	1	1	1	0	6	12
chr15	83208884	83209176	2	2	1	0	1	16
chr15	83623641	83624908	2	2	0	1	0	25
chr15	83933568	83935587	2	2	1	0	1	3
chr15	84749079	84749897	1	1	1	6	0	10
chr15	84784897	84789841	1	1	1	0	3	2
chr15	84980054	85750932	1	1	0	0	5	29
chr15	85047336	85750932	1	1	0	0	5	29
chr15	85132960	85265379	1	1	0	0	3	26
chr15	85342442	85343072	1	1	1	0	4	6
chr15	85407897	85410547	1	1	1	0	1	4
chr15	85444511	85691175	1	1	0	0	5	23
chr15	85924030	86028940	1	1	1	4	0	30
chr15	89096635	89096661	2	4	0	0	5	29
chr15	89126268	89854228	2	2	0	5	0	28
chr15	89164614	89169376	1	1	1	1	0	9
chr15	89280431	89360982	1	1	0	0	4	19
chr15	89341136	89341886	2	2	1	0	1	7
chr15	89826482	89828326	1	1	1	1	0	7
chr15	89828450	89833443	1	1	1	5	0	15
chr15	89844674	89847094	1	1	1	2	0	31
chr15	89861269	89861771	2	2	1	3	0	11
chr15	89862331	89862458	2	2	1	0	1	5
chr15	89866743	89867045	2	2	1	2	0	31
chr15	90053355	90066811	2	2	1	0	1	6
chr15	90127759	90128938	1	1	1	6	0	5
chr15	90150057	90152033	1	1	1	2	0	27
chr15	90163074	90164623	1	1	1	1	0	7
chr15	90432373	90437112	2	2	1	3	0	2
chr15	90631735	90631818	2	2	1	6	0	32
chr15	90739952	90741381	2	2	0	0	6	31
chr15	90777829	90779294	1	1	1	0	1	6
chr15	90800955	90801414	1	1	1	0	2	3
chr15	91021122	91025191	1	1	1	6	0	28
chr15	91027585	91029261	1	1	1	2	0	5
chr15	91306388	91308525	1	1	1	4	0	28
chr15	91455510	91455771	1	1	1	4	0	14
chr15	91473486	91477206	1	1	1	0	2	4
chr15	91474636	91474933	2	2	1	1	0	31
chr15	91492951	91493383	1	1	1	16	0	19
chr15	91512854	91513633	2	2	1	0	3	6
chr15	91522525	91523471	2	2	1	1	0	21
chr15	91523620	91524113	2	2	1	3	0	3
chr15	91524900	91524977	2	2	1	3	0	6
chr15	91560255	91565383	2	2	1	0	1	6
chr15	92967924	93690492	2	2	0	0	4	21
chr15	93269638	93270907	2	2	0	0	1	14
chr15	93467783	93470473	1	1	1	5	0	8
chr15	93470561	93472259	1	1	1	2	0	14
chr15	93489447	93492181	1	1	1	4	0	11
chr15	93527731	93528727	1	1	1	5	0	17
chr15	93536229	93540186	1	1	1	6	0	10
chr15	93540326	93540482	1	1	1	11	0	17
chr15	93606499	93609358	0	0	0	5	0	31
chr15	93907305	94481826	1	1	0	0	5	16
chr15	99364170	99367408	1	1	1	0	5	7
chr15	99442851	99451913	1	1	1	2	0	6
chr15	99480346	99483864	2	2	0	0	1	30
chr15	99638841	99653795	1	1	1	0	1	8
chr15	99892677	99895610	1	1	1	0	4	4
chr15	100223840	100353380	2	2	0	0	4	26
chr15	100487851	100563488	2	2	0	0	3	19
chr15	100695526	100739522	2	2	1	9	0	26
chr15	101121151	101142325	2	4	1	0	4	2
chr15	101143252	101143419	1	1	1	6	0	11
chr15	101464935	101514008	1	1	1	0	1	2
chr15	101719876	101719971	2	2	0	5	0	23
chr15	101816881	101817546	2	2	1	2	0	20
chr15	102506427	102512798	1	1	1	0	5	7
chr16	64721	65480	2	2	1	0	2	2
chr16	138889	139710	2	2	1	2	0	31
chr16	222958	223123	1	1	1	0	2	1
chr16	223329	223470	1	1	1	0	1	2
chr16	226762	226927	1	1	1	0	2	1
chr16	227133	227281	1	1	1	0	1	2
chr16	240570	242925	2	2	1	3	0	11
chr16	243015	249060	2	2	1	4	0	24
chr16	278402	279277	2	2	1	3	0	7
chr16	284857	299547	1	1	1	5	0	7
chr16	335425	336184	2	2	0	4	0	17
chr16	348252	354303	2	2	1	0	1	6
chr16	418415	418500	2	2	1	6	0	31
chr16	419221	419930	2	2	1	4	0	31
chr16	449481	449626	1	1	1	1	0	5
chr16	460368	460690	1	1	1	0	1	4
chr16	460405	460690	1	1	1	0	1	4
chr16	531844	532153	2	2	0	0	6	14
chr16	542573	544797	1	1	0	0	5	15
chr16	542573	544838	1	1	0	0	5	15
chr16	542573	544879	1	1	0	0	5	15
chr16	542573	545002	1	1	0	0	5	15
chr16	544792	544832	1	1	0	0	7	13
chr16	544807	544929	1	1	0	0	7	28
chr16	544807	544970	1	1	0	0	7	28
chr16	544833	544914	1	1	0	0	2	18
chr16	544833	544955	1	1	0	0	2	18
chr16	583999	587133	1	1	0	2	0	13
chr16	586143	587133	1	1	1	6	0	3
chr16	590563	590648	0	0	0	9	0	30
chr16	590858	591345	0	0	0	3	0	32
chr16	593541	593949	0	0	0	4	0	30
chr16	599202	599287	1	1	1	11	0	24
chr16	601665	602050	1	1	1	0	2	1
chr16	617564	624065	1	1	1	0	9	3
chr16	619796	624065	1	1	1	0	9	3
chr16	620761	624065	1	1	1	0	9	3
chr16	621172	621332	2	4	0	0	1	25
chr16	676122	677341	1	1	1	3	0	25
chr16	684798	684888	2	2	1	3	0	15
chr16	700168	700253	1	1	1	1	0	10
chr16	711173	711341	1	1	1	3	0	17
chr16	712060	712219	1	1	1	2	0	13
chr16	718412	718487	1	1	1	8	0	10
chr16	718570	718655	1	1	1	6	0	11
chr16	718700	719552	1	1	1	3	0	13
chr16	720774	720891	1	1	1	1	0	16
chr16	721001	721114	1	1	1	2	0	18
chr16	721782	721859	1	1	1	9	0	7
chr16	722003	722083	1	1	1	2	0	24
chr16	722182	722253	1	1	1	1	0	3
chr16	731351	731437	1	1	1	5	0	17
chr16	731604	731792	1	1	1	2	0	20
chr16	731881	732019	1	1	1	6	0	13
chr16	735991	736067	2	2	1	4	0	3
chr16	744424	744633	2	2	1	5	0	18
chr16	766993	767070	1	1	1	0	1	3
chr16	771942	772083	1	1	1	0	4	1
chr16	773937	774105	2	2	1	3	0	12
chr16	838776	838930	1	1	1	4	0	17
chr16	839716	840176	1	1	1	4	0	18
chr16	840270	840346	1	1	1	4	0	32
chr16	842591	842717	1	1	1	1	0	10
chr16	844202	845131	1	1	1	5	0	6
chr16	844202	845684	1	1	0	4	0	15
chr16	845357	845684	1	1	1	3	0	3
chr16	845835	845946	1	1	1	8	0	21
chr16	847752	847838	1	1	1	3	0	4
chr16	848678	849362	2	6	0	2	0	14
chr16	920067	920728	2	2	1	0	2	6
chr16	1226704	1234239	1	1	0	3	0	31
chr16	1257861	1258012	1	1	1	1	0	14
chr16	1260972	1261167	1	1	1	2	0	10
chr16	1268652	1269002	1	1	1	2	0	21
chr16	1359775	1364020	1	1	1	1	0	29
chr16	1364378	1365654	1	1	1	5	0	31
chr16	1393018	1393393	1	1	1	0	3	4
chr16	1402019	1402102	1	1	1	7	0	25
chr16	1417351	1417656	2	2	1	1	0	24
chr16	1458550	1463846	2	2	1	0	2	5
chr16	1496719	1497006	2	2	1	5	0	12
chr16	1504467	1505134	2	2	1	0	5	2
chr16	1511676	1515267	2	2	1	1	0	7
chr16	1543607	1544246	1	1	1	12	0	30
chr16	1547510	1549231	1	1	1	2	0	32
chr16	1551501	1551663	1	1	1	0	6	3
chr16	1552137	1552313	1	1	1	11	0	24
chr16	1553004	1555410	1	1	1	0	8	1
chr16	1557053	1557306	1	1	1	3	0	31
chr16	1590964	1591377	0	0	0	7	0	30
chr16	1649331	1649550	1	1	0	0	11	24
chr16	1649331	1649679	1	1	0	0	11	24
chr16	1649331	1649856	1	1	0	0	11	24
chr16	1649658	1649679	1	1	0	0	11	24
chr16	1649658	1649856	1	1	0	0	11	24
chr16	1658858	2594725	2	2	0	7	0	32
chr16	1702583	1703033	1	1	1	6	0	13
chr16	1785634	1789401	2	2	0	2	0	20
chr16	1810017	1810380	1	1	1	1	0	29
chr16	1810534	1811224	1	1	1	0	2	6
chr16	1816805	1816904	1	1	1	5	0	15
chr16	1822648	1822799	2	2	1	3	0	27
chr16	1823476	1823705	1	1	1	6	0	3
chr16	1827445	1827747	2	2	1	1	0	11
chr16	1837833	1837941	1	1	1	4	0	7
chr16	1838209	1838569	1	1	1	1	0	2
chr16	1866996	1867168	2	2	1	0	3	6
chr16	1873039	1876507	2	2	1	1	0	17
chr16	2012272	2012497	2	2	1	0	2	13
chr16	2012658	2012736	2	2	1	5	6	30
chr16	2012658	2013149	2	2	1	0	4	3
chr16	2012911	2013149	2	2	1	2	0	17
chr16	2014367	2014449	2	2	1	8	0	16
chr16	2014630	2014807	2	2	1	4	1	17
chr16	2042780	2042863	1	1	1	0	1	4
chr16	2052425	2052521	2	2	1	0	1	1
chr16	2052455	2052521	2	2	0	3	0	30
chr16	2059624	2059624	0	0	1	18	0	31
chr16	2087602	2087757	1	1	1	0	2	6
chr16	2090049	2090133	2	2	1	7	0	21
chr16	2121618	2121784	1	1	1	7	0	28
chr16	2122365	2122849	1	1	1	1	0	17
chr16	2126172	2126491	1	1	1	0	2	5
chr16	2131800	2133695	1	1	1	0	1	3
chr16	2132506	2133695	1	1	1	0	1	3
chr16	2135028	2135230	1	1	1	5	0	1
chr16	2141599	2141781	2	2	1	14	0	8
chr16	2143740	2143811	2	2	1	4	0	20
chr16	2147986	2149644	2	2	1	0	10	27
chr16	2150568	2152061	2	2	1	0	9	20
chr16	2153897	2154498	2	2	1	0	6	12
chr16	2154644	2155322	2	2	1	0	1	1
chr16	2155476	2155865	2	2	1	4	0	16
chr16	2155709	2155865	2	2	1	0	1	6
chr16	2162475	2162788	2	2	1	0	10	12
chr16	2162965	2163161	2	2	1	0	1	4
chr16	2164927	2165378	2	2	1	0	1	7
chr16	2167055	2167489	2	2	1	0	3	22
chr16	2167674	2167791	2	2	1	0	12	30
chr16	2168464	2168676	2	2	1	0	11	18
chr16	2185741	2185776	0	0	0	0	3	31
chr16	2205860	2213883	1	1	1	3	0	10
chr16	2218170	2220614	1	1	1	4	0	30
chr16	2220732	2221264	1	1	1	12	0	17
chr16	2221358	2221572	1	1	1	8	0	7
chr16	2258336	2258450	1	1	1	2	0	3
chr16	2279677	2282171	1	1	1	6	0	30
chr16	2283185	2283438	1	1	1	8	0	25
chr16	2283649	2283882	1	1	1	1	0	2
chr16	2296988	2301316	2	2	1	4	0	3
chr16	2314333	2314573	2	2	1	1	0	5
chr16	2317239	2318055	0	0	1	0	3	4
chr16	2328071	2328288	2	2	1	3	0	17
chr16	2329132	2331027	2	2	1	4	0	20
chr16	2367405	2367648	2	2	1	4	0	7
chr16	2376494	2378453	2	2	1	0	3	3
chr16	2479499	2481130	1	1	1	2	0	28
chr16	2481286	2482961	1	1	1	4	0	29
chr16	2550492	2550804	1	1	1	6	0	24
chr16	2564184	2569218	1	1	1	4	0	7
chr16	2570543	2570769	1	1	1	1	3	2
chr16	2578382	2578452	1	1	1	7	0	10
chr16	2802848	2807472	1	1	1	6	0	17
chr16	2802856	2807472	1	1	1	1	0	27
chr16	2806498	2818109	2	4	0	3	0	26
chr16	2807581	2807781	1	1	1	11	0	15
chr16	2807947	2808470	1	1	1	10	0	26
chr16	2808549	2808985	1	1	1	1	0	6
chr16	2809049	2809140	1	1	1	1	0	7
chr16	2809404	2809569	1	1	1	5	0	16
chr16	2809663	2809747	1	1	1	9	0	17
chr16	2818263	2818505	1	1	1	6	0	18
chr16	2818338	2818949	0	0	0	3	0	30
chr16	2820467	2820604	1	1	1	5	0	19
chr16	2827129	2827237	2	2	1	5	0	2
chr16	2835173	2835375	2	2	1	0	3	1
chr16	2835173	2835799	2	2	1	0	3	1
chr16	3023066	3023138	2	2	1	1	0	10
chr16	3023217	3024000	2	2	1	4	0	11
chr16	3024419	3024550	2	2	1	0	5	4
chr16	3026826	3029648	2	2	1	0	1	7
chr16	3068538	3071215	1	1	1	0	1	4
chr16	3070493	3071555	1	1	1	0	9	4
chr16	3076918	3077011	1	1	1	5	0	9
chr16	3104345	3104380	1	1	0	0	1	17
chr16	3104685	3104716	1	1	0	0	1	12
chr16	3104685	3104784	1	1	0	0	1	12
chr16	3104685	3104816	1	1	0	0	1	12
chr16	3166521	3174487	2	2	1	0	2	1
chr16	3166521	3179248	2	2	1	0	2	1
chr16	3313884	3315665	1	1	1	0	6	5
chr16	3532599	3534761	1	1	1	0	2	6
chr16	3553306	3815117	1	1	0	0	6	16
chr16	3633512	3634769	2	2	1	0	3	3
chr16	3634352	4611075	1	1	0	0	4	25
chr16	3646395	3647379	2	2	1	8	0	31
chr16	3647697	3647797	2	2	1	0	1	2
chr16	3714461	3715971	2	2	1	2	0	26
chr16	3716120	3721722	2	2	1	8	0	31
chr16	3725399	3726036	2	2	1	9	0	20
chr16	3727660	3729719	2	2	1	1	0	24
chr16	3739813	3740827	2	2	1	0	3	5
chr16	3740987	3767421	2	2	1	4	0	4
chr16	3781475	3781776	2	2	1	3	0	17
chr16	3808974	3817720	2	2	1	3	0	24
chr16	3842096	3843386	2	2	1	4	0	20
chr16	3915885	4238204	2	2	0	0	4	22
chr16	3915885	4527674	2	2	0	0	4	22
chr16	3915885	4678142	2	2	0	0	4	22
chr16	3915885	4708291	2	2	0	0	4	22
chr16	4109781	5017687	2	2	0	0	6	12
chr16	4230313	4233393	2	2	1	0	3	7
chr16	4466602	4466785	2	2	1	1	0	6
chr16	4491577	4492268	1	1	1	7	0	29
chr16	4498850	4500400	1	1	1	2	0	16
chr16	4563853	4564046	2	2	1	0	1	4
chr16	4563853	4564631	2	4	1	0	1	5
chr16	4719254	4721391	1	1	1	0	3	3
chr16	4727574	4730032	1	1	1	1	0	7
chr16	4871599	4872875	2	2	1	2	0	29
chr16	4895155	4896174	2	2	1	7	0	22
chr16	4903168	4907990	1	1	1	3	0	25
chr16	5037708	5038149	1	1	1	0	3	4
chr16	5075687	5078880	2	2	1	0	9	6
chr16	5078400	5078880	2	2	1	0	3	7
chr16	5083730	5083999	2	2	1	5	0	4
chr16	5129104	5129748	1	1	1	3	0	23
chr16	5240978	5681344	1	1	0	0	4	29
chr16	5242922	5242952	2	2	0	0	2	28
chr16	5926122	5959370	1	1	0	0	10	25
chr16	8719656	8722586	1	1	1	5	0	24
chr16	8736065	8736319	1	1	1	3	0	19
chr16	8858688	8860064	1	1	1	5	0	15
chr16	8870994	8881790	1	1	0	0	4	32
chr16	8895768	8898623	1	1	1	9	0	26
chr16	8944908	8948890	1	1	1	0	10	4
chr16	9012997	9014215	2	2	1	3	0	29
chr16	9024255	9057063	2	2	1	1	0	30
chr16	9186859	9196840	1	1	1	5	0	13
chr16	9657543	10337733	1	1	0	9	0	31
chr16	10466319	11149167	1	1	0	0	6	13
chr16	10785257	10786474	1	1	1	0	3	5
chr16	11071257	11073185	1	1	1	3	0	32
chr16	11137930	11141148	1	1	1	3	0	11
chr16	11141200	11145369	1	1	1	3	0	3
chr16	11585702	11587499	2	2	1	0	2	7
chr16	11670600	11671079	0	0	0	4	0	30
chr16	11846689	11850092	2	2	1	5	0	19
chr16	11931971	11933551	2	2	1	3	0	3
chr16	11935678	11935763	2	2	1	2	0	22
chr16	11944276	11945264	2	2	1	8	0	24
chr16	12021737	12023096	2	2	1	0	2	24
chr16	12350416	12357215	2	2	0	1	0	25
chr16	12846924	12847077	1	1	1	0	2	4
chr16	14028160	14029002	1	1	1	0	2	7
chr16	14253527	14257428	2	2	0	1	0	23
chr16	14424497	14455166	2	2	0	0	5	23
chr16	14487631	14510570	1	1	0	1	0	20
chr16	14672925	14673393	2	2	0	5	0	30
chr16	14678649	14680174	2	2	1	5	0	30
chr16	14680219	14687157	2	2	1	2	0	7
chr16	14689273	14689302	1	1	0	4	0	28
chr16	14721045	14721125	2	2	1	7	0	10
chr16	14721194	14722028	2	4	1	2	0	16
chr16	14722109	14723453	2	2	1	2	0	17
chr16	14738467	14755748	1	1	1	0	6	2
chr16	14749068	14755748	1	1	1	0	6	2
chr16	14758929	14761491	1	1	1	1	0	21
chr16	14810054	14813683	1	1	1	0	2	4
chr16	14849178	14852803	1	1	1	0	2	4
chr16	14935265	14938530	1	1	1	0	7	26
chr16	14946440	14947323	1	1	1	0	1	29
chr16	14947462	14947793	1	1	1	0	10	32
chr16	14947884	14951073	1	1	1	0	4	22
chr16	14960549	14962404	1	1	1	0	4	6
chr16	14970648	14972577	1	1	1	0	1	19
chr16	15005457	15005492	0	0	0	0	3	31
chr16	15012100	15012311	1	1	1	0	11	18
chr16	15012984	15013101	1	1	1	0	15	30
chr16	15015385	15015857	1	1	1	0	1	7
chr16	15017644	15017833	1	1	1	0	1	4
chr16	15018010	15018361	1	1	1	0	10	10
chr16	15018496	15019589	1	1	1	0	2	25
chr16	15020448	15020513	1	1	1	0	4	10
chr16	15021217	15022237	1	1	1	0	1	1
chr16	15022383	15023107	1	1	1	0	10	14
chr16	15023279	15023376	1	1	0	0	14	31
chr16	15023279	15024022	1	1	1	0	1	1
chr16	15023901	15024022	1	1	0	0	1	19
chr16	15024180	15024359	1	1	1	0	5	17
chr16	15024933	15026427	1	1	1	0	9	20
chr16	15026829	15026922	1	1	1	0	1	5
chr16	15027351	15029016	1	1	1	0	15	27
chr16	15035798	15039430	1	1	1	0	2	4
chr16	15044113	15045471	1	1	1	0	1	25
chr16	15091684	15092196	1	1	1	2	0	21
chr16	15112823	15116560	1	1	1	4	0	19
chr16	15122824	15123807	1	1	1	3	0	13
chr16	15204679	15208299	2	2	1	0	2	4
chr16	15219665	15221326	2	2	1	0	1	14
chr16	15221755	15221848	2	2	1	0	1	5
chr16	15222247	15223738	2	2	1	0	9	20
chr16	15224312	15224491	2	2	1	0	5	17
chr16	15224649	15224770	2	2	0	0	1	19
chr16	15227281	15227346	2	2	1	0	4	10
chr16	15229989	15230423	2	2	1	0	3	22
chr16	15230608	15230725	2	2	1	0	15	30
chr16	15248472	15248507	0	0	0	0	3	31
chr16	15457927	15459285	2	2	1	0	1	25
chr16	15463977	15467571	2	2	1	0	2	4
chr16	15724362	15725237	2	2	1	1	0	9
chr16	15725356	15727473	2	2	1	8	0	22
chr16	15737785	15743204	1	1	1	0	1	3
chr16	15789848	15790565	1	1	1	0	1	4
chr16	16137406	16186598	2	2	0	4	0	25
chr16	16165587	16170182	1	1	1	0	2	3
chr16	16177400	16180680	1	1	1	6	0	24
chr16	16219769	16225645	1	1	1	4	0	15
chr16	16333754	16337017	1	1	1	0	7	26
chr16	16344938	16345819	1	1	1	0	1	29
chr16	16345958	16346289	1	1	1	0	10	32
chr16	16346380	16349576	1	1	1	0	4	22
chr16	16350016	16355358	1	1	1	1	0	15
chr16	16359037	16360900	1	1	1	0	4	6
chr16	16369301	16371226	1	1	1	0	1	19
chr16	16404112	16404147	0	0	0	0	3	31
chr16	16410751	16410962	1	1	1	0	11	18
chr16	16411635	16411752	1	1	1	0	15	30
chr16	16413847	16453894	1	1	0	3	0	31
chr16	16414036	16414508	1	1	1	0	1	7
chr16	16416295	16416484	1	1	1	0	1	4
chr16	16416661	16417012	1	1	1	0	10	10
chr16	16417147	16418240	1	1	1	0	2	25
chr16	16417889	16461988	0	0	0	4	0	32
chr16	16419099	16419164	1	1	1	0	4	10
chr16	16419868	16420721	1	1	1	0	1	1
chr16	16420867	16421592	1	1	1	0	10	14
chr16	16421764	16421861	1	1	0	0	14	31
chr16	16422386	16422507	1	1	0	0	1	19
chr16	16422665	16422844	1	1	1	0	5	17
chr16	16423418	16424914	1	1	1	0	9	20
chr16	16425086	16425171	1	1	1	0	8	22
chr16	16425316	16425409	1	1	1	0	1	5
chr16	16425838	16427503	1	1	1	0	15	27
chr16	16434292	16437901	1	1	1	0	2	4
chr16	16442590	16443948	1	1	1	0	1	25
chr16	16450784	16450995	1	1	1	0	11	18
chr16	16451668	16451785	1	1	1	0	15	30
chr16	16454065	16454537	1	1	1	0	1	7
chr16	16456325	16456503	1	1	1	0	1	4
chr16	16456680	16457012	1	1	1	0	10	10
chr16	16463387	16463452	1	1	1	0	4	10
chr16	16465685	16465806	1	1	0	0	1	19
chr16	16465964	16466143	1	1	1	0	5	17
chr16	16466717	16468207	1	1	1	0	9	20
chr16	16468379	16468464	1	1	1	0	5	22
chr16	16469131	16470796	1	1	1	0	6	27
chr16	16485954	16487312	1	1	1	0	1	25
chr16	17292272	17294338	2	2	1	0	2	4
chr16	18412293	18413651	2	2	1	0	1	25
chr16	18428825	18430490	2	2	1	0	6	27
chr16	18431157	18431242	2	2	1	0	5	22
chr16	18431414	18432904	2	2	1	0	9	20
chr16	18433478	18433657	2	2	1	0	5	17
chr16	18433815	18433936	2	2	0	0	1	19
chr16	18434727	18435478	2	2	1	0	6	12
chr16	18435624	18436513	2	2	1	0	1	1
chr16	18437217	18437282	2	2	1	0	4	10
chr16	18438141	18439234	2	2	1	0	2	25
chr16	18439369	18439720	2	2	1	0	10	12
chr16	18439897	18440086	2	2	1	0	1	4
chr16	18441873	18442345	2	2	1	0	1	7
chr16	18444629	18444746	2	2	1	0	15	30
chr16	18445419	18445630	2	2	1	0	11	18
chr16	18452446	18453804	2	2	1	0	1	25
chr16	18458492	18462114	2	2	1	0	2	4
chr16	18468927	18470592	2	2	1	0	15	27
chr16	18471021	18471114	2	2	1	0	1	5
chr16	18471259	18471344	2	2	1	0	8	22
chr16	18471516	18473011	2	2	1	0	9	20
chr16	18473585	18473764	2	2	1	0	5	17
chr16	18473922	18474043	2	2	0	0	1	19
chr16	18474568	18474665	2	2	0	0	14	31
chr16	18476443	18476508	2	2	1	0	4	10
chr16	18483392	18483570	2	2	1	0	1	4
chr16	18485358	18485830	2	2	1	0	1	7
chr16	18488110	18488227	2	2	1	0	15	30
chr16	18488900	18489111	2	2	1	0	11	18
chr16	18495713	18495748	0	0	0	0	3	31
chr16	18528625	18530550	2	2	1	0	1	19
chr16	18538947	18540822	2	2	1	0	4	6
chr16	18550287	18553493	2	2	1	0	4	22
chr16	18553584	18553915	2	2	1	0	10	32
chr16	18554054	18554938	2	2	1	0	1	29
chr16	18562862	18566128	2	2	1	0	7	26
chr16	18794425	18796059	2	2	1	0	16	24
chr16	18796146	18799384	2	2	1	5	0	14
chr16	18799465	18800302	2	2	1	3	0	12
chr16	18800441	18801565	2	2	1	8	0	20
chr16	18800441	18801631	2	2	1	1	0	17
chr16	18832525	18838376	0	0	0	5	0	31
chr16	18848766	18849335	2	2	1	1	0	7
chr16	18858930	18859137	2	2	1	4	0	21
chr16	18875467	18877942	2	2	1	0	3	23
chr16	18879677	18879844	2	2	1	0	1	28
chr16	18880626	18881175	2	2	1	0	3	24
chr16	18893661	18895391	2	2	1	2	0	26
chr16	18896989	18900693	2	2	1	6	0	15
chr16	18900908	18902184	2	2	1	7	0	21
chr16	19085358	19087042	1	1	1	4	0	8
chr16	19475347	19477403	1	1	1	0	2	4
chr16	19516415	19519008	2	2	1	3	0	9
chr16	19571891	19608463	1	1	0	1	0	21
chr16	19661782	19663297	1	1	1	2	0	26
chr16	19691787	19692164	1	1	0	4	0	27
chr16	19693713	19702674	1	1	1	0	2	1
chr16	19721909	19722693	2	2	1	3	0	21
chr16	19861014	20304054	1	1	0	4	0	17
chr16	20326024	20327277	2	2	1	0	2	2
chr16	20490000	20491894	1	1	1	0	1	3
chr16	20593581	20936389	2	2	0	0	4	26
chr16	21115916	21117810	2	2	1	0	1	2
chr16	21123126	21123313	2	2	1	0	1	6
chr16	21157410	21161610	2	2	1	0	2	4
chr16	21235906	21745202	2	2	0	0	7	27
chr16	21414647	21414659	0	0	1	0	1	13
chr16	21416615	21417974	2	2	1	0	2	24
chr16	21439673	21441053	2	4	0	0	3	31
chr16	21458519	21459248	2	2	1	0	3	8
chr16	21464396	21465407	2	2	1	0	3	23
chr16	21466829	21466996	2	2	1	0	3	11
chr16	21467781	21468331	2	2	1	0	3	24
chr16	21481241	21482974	2	2	1	0	6	30
chr16	21484571	21487919	2	2	1	0	3	15
chr16	21488134	21489411	2	2	1	0	12	19
chr16	21489468	21490762	2	2	1	0	6	6
chr16	21490900	21495692	2	2	1	2	0	29
chr16	21513643	21531148	2	2	1	0	1	2
chr16	21670232	21685155	1	3	0	0	1	16
chr16	21730513	21730707	1	1	1	0	1	4
chr16	21846839	21846951	0	0	1	2	0	25
chr16	21847207	21847219	0	0	1	0	1	13
chr16	21847758	21847864	0	0	1	0	1	24
chr16	21848688	21848801	0	0	1	4	0	32
chr16	21849066	21850425	2	2	1	0	2	24
chr16	21862497	21862680	2	2	1	0	1	5
chr16	21871953	21873331	2	4	0	0	3	31
chr16	21890779	21891508	2	2	1	0	3	8
chr16	21896638	21897650	2	2	1	0	3	23
chr16	21899070	21899237	2	2	1	0	3	11
chr16	21900022	21900572	2	2	1	0	3	24
chr16	21913036	21914769	2	2	1	0	6	30
chr16	21916366	21919712	2	2	1	0	3	15
chr16	21919927	21921204	2	2	1	0	12	19
chr16	21921261	21922555	2	2	1	0	6	6
chr16	21922693	21927181	2	2	1	0	10	6
chr16	21950374	21951002	1	1	1	0	2	4
chr16	21974207	21976728	1	1	1	1	0	21
chr16	21992022	21994408	1	1	1	0	10	1
chr16	22243123	22416917	2	2	0	0	5	27
chr16	22276202	22277710	1	1	1	3	0	20
chr16	22335735	22335823	1	1	1	2	0	19
chr16	22344341	22350309	1	3	0	1	0	23
chr16	22398963	22402862	2	2	0	0	9	23
chr16	22466187	22470675	1	1	1	0	10	6
chr16	22470813	22472107	1	1	1	0	6	6
chr16	22472164	22473441	1	1	1	0	12	19
chr16	22473656	22477013	1	1	1	0	3	15
chr16	22478610	22480343	1	1	1	0	2	11
chr16	22493214	22493764	1	1	1	0	3	24
chr16	22494549	22494716	1	1	1	0	3	11
chr16	22496138	22497150	1	1	1	0	3	23
chr16	22502298	22503027	1	1	1	0	3	8
chr16	22508069	22553179	2	4	0	2	0	23
chr16	22509933	22509970	0	0	0	0	3	30
chr16	22543587	22544946	1	1	1	0	2	24
chr16	22555397	22555434	0	0	0	0	3	30
chr16	23031941	23034283	1	1	1	0	4	1
chr16	23098508	23099044	2	2	1	1	0	28
chr16	23172446	23172601	2	2	0	1	0	17
chr16	23329717	23902627	1	1	0	6	0	19
chr16	23431379	23431768	2	2	0	2	0	12
chr16	23446040	23453797	2	2	1	2	0	16
chr16	23459157	23460997	1	1	0	0	1	22
chr16	23472140	23503163	2	2	0	0	1	12
chr16	23492482	23495510	2	2	0	0	1	24
chr16	23504780	23505619	2	2	1	0	2	5
chr16	23553781	23554316	0	0	0	6	0	30
chr16	23564445	23568525	2	2	1	0	1	6
chr16	23606960	23607443	2	2	1	1	0	2
chr16	23698946	23699988	1	1	1	2	0	25
chr16	23767515	23767708	1	1	1	0	1	6
chr16	23932891	23960005	1	1	0	3	0	16
chr16	24353525	24443939	1	1	0	0	7	27
chr16	24522984	25505589	1	1	0	4	0	19
chr16	24564879	24566935	1	1	1	7	0	29
chr16	24574617	24574743	1	1	1	4	0	31
chr16	24574823	24574930	1	1	1	1	0	4
chr16	24789790	24800552	1	1	1	3	0	32
chr16	24817605	24817894	1	1	1	1	0	25
chr16	24826627	24828136	1	1	1	2	0	16
chr16	24833469	24834194	1	1	1	0	1	4
chr16	24958917	24960724	2	2	1	3	0	21
chr16	24966052	24970991	2	2	1	3	0	5
chr16	24988641	24990286	2	2	1	3	0	6
chr16	24990327	25026529	2	4	1	3	0	18
chr16	25143845	25151491	1	1	1	3	0	19
chr16	27474914	27475715	2	2	1	0	1	6
chr16	27476862	27480611	2	2	1	4	0	22
chr16	27481717	27483068	2	2	1	4	0	19
chr16	27489853	27492399	2	2	1	2	0	18
chr16	27497476	27499547	2	2	1	6	0	15
chr16	27549678	27556634	2	2	1	3	0	10
chr16	28085624	28234536	2	2	0	0	4	14
chr16	28085624	28236178	2	2	0	0	4	14
chr16	28109940	28112778	2	2	1	0	1	6
chr16	28116029	28117363	2	2	1	14	0	3
chr16	28137170	28143654	2	2	1	2	0	15
chr16	28328939	28330315	1	1	1	5	0	8
chr16	28392113	28394438	2	2	1	0	5	32
chr16	28399604	28399828	2	2	1	0	13	22
chr16	28400020	28401611	2	2	1	0	8	26
chr16	28402303	28403072	2	2	1	0	3	21
chr16	28403177	28403300	2	2	1	0	7	32
chr16	28412306	28412527	2	2	1	0	3	31
chr16	28412718	28412859	2	2	1	0	4	19
chr16	28412926	28414838	2	2	1	0	6	16
chr16	28414970	28415107	2	2	1	0	2	10
chr16	28497812	28497898	2	2	1	4	0	10
chr16	28500708	28502802	2	2	1	2	0	10
chr16	28596310	28596968	1	1	1	6	0	18
chr16	28600486	28601416	1	1	1	2	0	7
chr16	28617255	28617376	2	2	1	1	0	8
chr16	28709630	28709656	2	4	0	0	5	29
chr16	28722840	28722977	1	1	1	0	2	10
chr16	28723109	28725021	1	1	1	0	6	16
chr16	28725088	28725229	1	1	1	0	4	19
chr16	28725420	28725641	1	1	1	0	3	31
chr16	28734645	28734768	1	1	1	0	7	32
chr16	28734873	28735642	1	1	1	0	3	21
chr16	28736334	28737925	1	1	1	0	8	26
chr16	28738117	28738341	1	1	1	0	13	22
chr16	28743514	28745840	1	1	1	0	5	32
chr16	28838308	28840721	1	1	1	1	0	8
chr16	28842112	28842282	1	1	1	6	0	24
chr16	28843721	28843816	1	1	1	4	0	1
chr16	28844676	28844759	1	1	1	4	0	7
chr16	28846509	28846598	1	1	1	3	0	17
chr16	28846721	28846869	1	1	1	5	0	19
chr16	28847080	28847253	1	1	1	0	1	2
chr16	28847444	28848048	1	1	1	0	3	2
chr16	28847807	28848048	1	1	1	0	3	2
chr16	28847812	28848048	1	1	1	0	3	2
chr16	28855423	28855550	2	2	1	2	0	8
chr16	28857428	28857538	2	2	1	22	0	19
chr16	28878754	28880326	1	1	1	1	0	10
chr16	28883723	28883854	1	1	1	3	0	30
chr16	28913708	28913900	1	1	1	2	0	18
chr16	28922501	28925556	2	2	1	9	0	25
chr16	28962720	28963452	1	1	1	2	1	17
chr16	28985786	28986421	1	1	1	0	1	1
chr16	28986185	28986421	1	1	1	0	1	1
chr16	29062029	29063392	1	1	1	0	2	24
chr16	29395611	29396970	2	2	1	0	2	24
chr16	29443093	29445582	2	2	1	0	3	23
chr16	29446999	29447166	2	2	1	0	1	28
chr16	29447951	29448502	2	2	1	0	3	24
chr16	29449365	29449453	2	2	1	2	0	16
chr16	29469337	29469415	1	1	1	0	2	8
chr16	29474803	29475117	2	4	0	0	2	22
chr16	29497155	29498514	2	2	1	0	2	24
chr16	29539009	29539737	2	2	1	0	3	8
chr16	29544859	29547348	2	2	1	0	3	23
chr16	29549716	29550267	2	2	1	0	3	24
chr16	29562683	29564406	2	2	1	0	4	30
chr16	29566314	29569985	2	2	1	0	3	15
chr16	29658158	29697862	1	1	0	0	5	19
chr16	29691393	29914322	2	2	0	0	5	29
chr16	29706521	29708316	1	1	1	2	0	32
chr16	29810506	29810584	1	1	1	2	0	1
chr16	29814259	29814719	1	1	0	4	0	28
chr16	29818215	29818298	1	1	1	8	0	16
chr16	29818526	29819331	1	1	0	3	0	17
chr16	29819150	29819550	1	1	1	1	0	22
chr16	29820063	29821397	1	1	1	4	0	20
chr16	29820455	29821355	2	4	1	0	1	3
chr16	29821086	29821397	1	3	1	12	0	32
chr16	29976794	30169624	2	2	0	0	7	27
chr16	29989226	29989409	1	1	1	4	0	5
chr16	29990830	29992981	1	1	1	2	0	32
chr16	30006165	30006423	2	2	1	4	0	22
chr16	30007713	30007867	1	1	1	3	0	6
chr16	30020879	30021281	2	2	1	4	0	1
chr16	30022311	30022948	2	2	1	0	1	5
chr16	30075827	30078554	1	1	1	1	0	3
chr16	30077249	30078554	1	1	1	3	0	8
chr16	30078688	30078770	1	1	1	3	0	23
chr16	30078983	30079966	1	1	1	11	0	23
chr16	30080022	30080138	1	1	1	10	0	12
chr16	30080300	30080626	1	1	1	6	0	19
chr16	30080995	30081150	1	1	1	14	0	24
chr16	30081351	30081437	1	1	1	2	0	2
chr16	30081540	30081598	1	1	1	3	0	1
chr16	30102314	30102396	2	2	1	0	2	3
chr16	30116331	30119441	2	2	1	0	3	3
chr16	30181421	30181469	1	1	0	0	4	26
chr16	30208679	30208757	1	1	1	0	2	8
chr16	30214148	30214462	2	4	0	0	2	22
chr16	30237125	30238484	2	2	1	0	2	24
chr16	30278994	30279722	2	2	1	0	3	8
chr16	30284843	30287333	2	2	1	0	3	23
chr16	30288750	30288917	2	2	1	0	1	28
chr16	30289702	30290253	2	2	1	0	3	24
chr16	30302697	30304419	2	2	1	0	4	30
chr16	30306013	30309697	2	2	1	0	3	15
chr16	30309912	30311189	2	2	1	0	6	19
chr16	30365122	30365221	2	2	1	2	0	31
chr16	30563811	30565726	1	1	0	0	3	25
chr16	30674181	30678239	1	1	1	0	2	4
chr16	30675838	30676035	1	1	1	4	0	1
chr16	30677028	30677832	1	1	1	1	0	29
chr16	30677863	30678239	1	1	1	1	0	6
chr16	30678759	30678862	1	1	1	0	1	2
chr16	30709783	30711228	1	1	1	0	3	2
chr16	30711303	30711936	1	1	1	6	0	6
chr16	30721057	30721171	1	1	1	1	0	28
chr16	30723066	30723155	1	1	1	7	0	17
chr16	30732300	30732509	1	1	1	8	0	13
chr16	30740553	30740690	1	1	1	7	0	3
chr16	30747678	30749318	0	0	0	3	0	32
chr16	30747716	30747861	1	1	1	4	0	18
chr16	30759812	30760123	1	1	1	2	0	3
chr16	30767594	30767687	1	1	1	6	0	6
chr16	30770569	30770662	2	2	1	0	1	1
chr16	30773999	30774438	1	1	1	4	0	18
chr16	30776381	30776501	1	1	1	6	0	32
chr16	30777604	30777699	1	1	1	3	0	9
chr16	30789443	30789467	1	3	0	7	0	27
chr16	30904612	30905173	2	2	1	3	0	6
chr16	30938981	30939065	1	1	1	5	0	16
chr16	30939821	30941393	1	1	1	3	0	5
chr16	30953601	30953695	1	1	1	1	0	10
chr16	30974876	30975414	1	1	1	5	0	21
chr16	30992502	30994955	1	1	1	7	0	32
chr16	31045647	31045782	1	1	1	1	0	6
chr16	31049356	31049434	1	1	1	2	0	31
chr16	31051140	31051232	1	1	1	4	0	11
chr16	31138675	31139370	1	1	1	4	0	17
chr16	31195324	31195529	1	1	1	11	2	22
chr16	31195718	31196259	1	1	1	3	0	7
chr16	31199679	31200443	1	1	1	7	0	9
chr16	31200548	31200985	1	1	1	3	0	21
chr16	31201720	31202062	1	1	1	6	0	14
chr16	31202432	31202719	1	1	1	4	0	23
chr16	31422200	31422396	1	1	1	0	5	5
chr16	31485561	31485670	1	1	1	4	0	10
chr16	31987283	31987510	1	1	1	1	0	1
chr16	32169145	32170476	2	2	1	0	2	25
chr16	32779784	32781007	1	1	1	0	2	25
chr16	33417933	33480661	2	2	0	0	4	23
chr16	33962664	33963338	2	4	0	0	3	16
chr16	46503992	46508160	2	2	1	0	1	5
chr16	46717519	46723042	2	2	1	2	0	21
chr16	46744702	46745498	2	2	1	0	1	3
chr16	47162485	47163134	2	2	1	5	0	11
chr16	47364187	47389956	0	0	0	8	0	31
chr16	47484365	47485306	2	2	1	0	1	2
chr16	49739541	50514737	2	2	0	0	6	14
chr16	50052656	50226074	2	2	0	0	5	27
chr16	50112930	50117847	1	1	1	4	0	21
chr16	50273829	50514737	2	2	0	0	6	14
chr16	50353942	50354158	2	2	1	0	5	10
chr16	50692716	50793125	2	2	0	0	4	28
chr16	52059511	53030530	1	1	0	0	4	12
chr16	52129163	52941436	0	0	0	0	4	30
chr16	53261516	53262894	1	1	1	5	0	11
chr16	53301403	53301838	1	1	1	2	0	9
chr16	53488755	53493362	1	1	1	2	0	8
chr16	53526666	53528049	2	2	1	4	0	10
chr16	53528518	53528750	2	2	1	0	1	2
chr16	53534242	53537058	2	2	1	6	0	11
chr16	53675388	53679536	2	2	1	1	0	14
chr16	53844130	53859775	1	1	1	4	0	8
chr16	54196342	54290797	2	2	0	0	3	30
chr16	54318225	54318408	2	2	1	0	1	4
chr16	55361806	55362611	1	1	1	3	0	2
chr16	55764378	55765203	1	1	1	1	0	6
chr16	56473659	56480537	2	2	1	0	1	1
chr16	56642596	56642903	1	1	1	1	0	27
chr16	57092974	57093378	1	1	1	4	0	29
chr16	57100527	57101298	1	1	1	0	3	6
chr16	57126703	57144619	1	1	1	2	1	10
chr16	57153563	57155004	1	1	1	0	7	3
chr16	57188420	57197912	2	2	1	4	0	24
chr16	57197978	57201004	2	2	1	5	0	18
chr16	57206787	57207639	2	2	1	4	0	29
chr16	57254760	57255183	1	1	1	4	0	3
chr16	57460894	57476180	2	2	0	0	3	30
chr16	57466473	57467955	2	2	1	4	0	19
chr16	57493633	57493962	1	1	1	1	0	10
chr16	57500140	57503076	1	1	1	1	2	8
chr16	57503674	57503872	1	1	1	1	0	2
chr16	57504267	57504886	1	1	1	5	0	31
chr16	57757043	57758526	1	1	1	0	1	1
chr16	57773005	57773043	1	1	0	3	0	18
chr16	57785215	57785552	1	1	1	8	0	10
chr16	57792822	57793036	2	2	1	0	1	4
chr16	58036404	58036519	1	3	1	2	0	2
chr16	58044017	58048176	1	1	1	1	0	5
chr16	58048231	58051237	1	1	1	1	0	2
chr16	58163568	58171854	1	1	1	0	1	6
chr16	58426692	58438402	1	1	1	0	1	3
chr16	58429878	58430630	2	2	0	0	1	20
chr16	58429882	58430761	2	2	0	0	1	24
chr16	58437236	58438402	1	3	1	0	1	3
chr16	58513028	58527267	1	1	0	0	3	30
chr16	58538326	58538492	1	1	1	0	3	3
chr16	58562553	58564149	2	2	1	3	0	5
chr16	58576473	58577510	2	2	1	4	0	22
chr16	58580654	58581089	2	2	1	3	0	29
chr16	58581201	58581469	2	2	1	6	0	24
chr16	58615420	58616696	2	2	1	2	4	3
chr16	58616808	58616959	2	2	1	4	0	10
chr16	58617087	58619241	2	2	1	4	0	28
chr16	58619411	58620448	2	2	1	9	0	26
chr16	58630722	58644676	1	1	0	0	1	29
chr16	58705149	58705999	2	2	1	3	0	10
chr16	58706148	58709843	2	2	1	7	0	18
chr16	58753160	58756053	2	2	1	1	0	5
chr16	58757807	58768043	2	2	1	9	0	26
chr16	58810600	58810923	0	0	1	0	1	2
chr16	61971885	61974145	1	1	1	0	1	6
chr16	65374762	65526664	2	2	0	3	0	26
chr16	65532734	65542945	2	2	0	0	4	18
chr16	66582913	66584155	2	2	1	0	1	2
chr16	66757726	66759730	2	2	1	4	0	6
chr16	66770148	66776340	2	2	1	1	0	5
chr16	66776572	66785175	2	2	1	0	2	5
chr16	66850576	66850867	2	2	1	2	0	5
chr16	66857504	66858757	2	2	1	0	4	1
chr16	66860487	66860579	2	2	1	9	0	11
chr16	66974259	66974339	1	1	1	4	0	5
chr16	66998414	66998525	1	1	1	4	0	24
chr16	66998631	67000146	1	1	1	5	0	28
chr16	67034687	67034759	1	1	1	0	2	5
chr16	67091117	67622824	2	2	0	0	9	27
chr16	67197756	67197921	1	1	1	0	3	6
chr16	67201126	67201363	1	1	1	0	1	1
chr16	67201126	67201377	1	1	1	0	1	1
chr16	67201126	67201726	1	1	1	0	1	1
chr16	67201851	67202733	1	1	1	3	0	23
chr16	67212408	67217164	2	2	1	0	1	4
chr16	67218508	67218588	2	2	1	0	1	5
chr16	67226266	67226663	1	1	1	3	0	26
chr16	67231815	67231910	1	1	1	2	0	11
chr16	67233497	67233586	1	1	1	0	1	2
chr16	67234712	67234792	1	1	1	0	1	2
chr16	67264695	67265090	2	2	1	4	0	32
chr16	67293850	67296114	1	1	1	1	0	4
chr16	67309889	67622824	2	2	0	0	9	27
chr16	67407026	67432286	1	1	0	1	0	12
chr16	67577168	67577250	1	1	1	7	0	21
chr16	67577373	67578201	1	1	1	7	0	13
chr16	67579021	67579278	1	1	1	4	0	1
chr16	67608476	67619183	2	2	0	0	4	31
chr16	67654721	67655344	1	1	1	3	0	14
chr16	67663437	67670592	1	1	1	1	0	12
chr16	67682218	67682300	1	1	1	8	0	10
chr16	67768946	67771915	2	2	1	6	0	20
chr16	67771939	67778047	2	2	0	5	0	21
chr16	67861846	67865071	1	1	1	0	4	1
chr16	67865016	67866336	0	0	0	6	0	31
chr16	67869562	67880674	2	2	1	0	1	7
chr16	67880889	67899004	1	1	1	6	0	5
chr16	67902315	67902403	1	1	1	1	0	1
chr16	67910876	67911119	1	1	1	3	0	19
chr16	67912535	67912639	1	1	1	1	2	13
chr16	67913875	67913965	1	1	1	5	0	8
chr16	67940541	68009221	0	0	0	0	8	31
chr16	67968575	67968699	2	2	1	0	4	1
chr16	67981692	67981963	2	2	1	0	1	7
chr16	67990394	67991297	0	0	0	3	0	31
chr16	68013669	68013996	2	2	1	1	0	4
chr16	68087559	68088476	1	1	1	7	0	13
chr16	68105012	68107936	1	1	1	0	1	1
chr16	68108059	68109257	1	1	1	4	0	15
chr16	68157025	68160350	1	1	1	1	0	2
chr16	68387470	68388253	1	1	0	10	0	23
chr16	68390701	68390956	1	1	1	3	0	11
chr16	68668779	69399335	2	2	0	0	4	20
chr16	68688388	68719490	2	2	0	0	4	32
chr16	68776431	69224845	2	2	0	108	0	14
chr16	68844245	68991869	1	1	0	0	4	12
chr16	68934450	68936230	1	1	1	2	0	18
chr16	69232094	69237752	2	2	0	0	1	21
chr16	69334268	69338680	2	2	0	5	0	13
chr16	69352615	69352725	1	1	1	10	0	26
chr16	69363083	69363899	2	2	1	5	0	12
chr16	69371902	69372649	0	0	0	4	0	32
chr16	69501577	69507038	2	2	0	0	1	17
chr16	69539538	69572096	1	1	0	0	1	21
chr16	69558842	69572096	1	1	0	0	1	21
chr16	69752438	69760335	2	2	1	5	0	13
chr16	69998819	70251265	2	2	0	0	6	13
chr16	70048071	70051949	2	2	1	5	0	2
chr16	70073268	70251265	2	2	0	0	6	13
chr16	70159651	70251265	2	2	0	0	6	13
chr16	70178437	70180036	1	1	1	0	1	4
chr16	70198985	70203412	1	1	0	0	7	21
chr16	70221732	70251265	2	2	0	0	6	13
chr16	70241556	70242622	1	1	0	1	0	31
chr16	70266015	70266566	2	2	1	0	3	24
chr16	70277703	70279421	2	2	1	0	4	30
chr16	70287942	70288523	2	2	1	1	0	31
chr16	70289740	70291935	2	2	1	0	3	2
chr16	70290434	70381823	2	2	0	0	5	29
chr16	70293090	70294946	2	2	1	4	0	8
chr16	70380952	70384459	1	1	1	2	0	9
chr16	70390810	70395320	1	1	1	6	0	24
chr16	70399035	70399987	1	1	1	2	0	21
chr16	70497678	70500034	1	1	1	2	2	6
chr16	70503979	70534494	2	2	0	0	1	16
chr16	70508243	70508528	1	1	1	4	0	7
chr16	70515048	70515261	2	2	1	1	0	18
chr16	70531959	70534860	2	2	1	1	0	12
chr16	70566524	70569210	1	1	1	1	0	11
chr16	70569324	70572225	1	1	1	12	0	21
chr16	70599174	70599270	1	1	1	5	0	6
chr16	70604053	70604997	1	1	1	4	0	3
chr16	70695624	70696607	0	0	0	5	0	32
chr16	70698667	70698822	2	2	1	10	0	20
chr16	70708432	70710783	2	2	1	1	0	6
chr16	70713227	70713532	2	2	1	5	0	22
chr16	71025300	71025972	2	2	1	0	2	2
chr16	71100837	71101192	2	2	1	0	1	4
chr16	71605562	71606088	2	2	1	0	2	1
chr16	71660437	71663269	1	1	1	0	2	4
chr16	71660600	71663269	1	1	1	0	4	4
chr16	71693322	72169090	0	0	0	0	7	30
chr16	71803603	71805058	2	2	1	6	0	18
chr16	71917177	71917810	2	2	1	0	2	3
chr16	71929493	71949528	1	1	1	4	0	10
chr16	72014034	72015957	2	2	1	0	1	2
chr16	72131681	72132543	1	1	1	6	0	6
chr16	72135512	72136972	1	1	1	1	0	17
chr16	72158834	72159136	2	2	1	3	0	21
chr16	73266768	73267782	1	1	1	0	1	5
chr16	74365364	74365484	2	2	0	1	0	29
chr16	74368885	74370491	2	2	1	0	1	4
chr16	74490654	74491771	2	2	1	3	0	12
chr16	74514293	74516920	2	2	1	7	0	18
chr16	74519816	74524898	2	2	1	5	0	11
chr16	74660453	74662349	2	2	1	4	0	11
chr16	74669053	74698521	2	2	0	0	1	32
chr16	74946011	74975514	2	2	0	4	0	13
chr16	74946261	74949767	2	2	1	1	0	11
chr16	75271243	75271988	2	2	1	0	1	2
chr16	75271243	75276811	2	2	1	0	1	2
chr16	75339081	75428987	2	2	1	0	3	3
chr16	75425407	75428987	2	2	1	4	0	1
chr16	75446653	75448475	2	2	1	0	2	1
chr16	75479461	75479880	2	4	1	3	0	29
chr16	75522169	75549673	2	2	0	0	6	32
chr16	75600419	75600749	1	1	1	1	0	19
chr16	75602108	75611176	1	1	1	1	0	4
chr16	75661892	75662466	2	2	1	2	0	23
chr16	76265961	76552255	2	2	0	0	4	14
chr16	76552152	76562290	1	1	0	0	2	18
chr16	79804425	79831387	1	1	1	0	1	4
chr16	80956130	81535447	2	2	0	0	6	24
chr16	80956130	81558631	2	2	0	0	6	24
chr16	81075087	81075885	1	1	1	0	1	3
chr16	81151137	81155190	2	2	1	0	1	6
chr16	81320451	81570908	1	1	0	0	4	13
chr16	81348886	81385187	1	1	1	0	5	2
chr16	81691422	81694488	1	1	1	0	1	3
chr16	81923005	81925076	1	1	1	0	1	8
chr16	82723709	83428854	1	1	0	0	4	18
chr16	82932066	83428854	1	1	0	0	4	18
chr16	83191454	83428854	1	1	0	0	4	18
chr16	83584966	83586650	2	2	0	0	1	12
chr16	83750698	83751411	2	2	1	0	1	5
chr16	83841727	83842284	1	1	1	5	0	29
chr16	84100219	84101271	2	2	1	5	0	5
chr16	84165512	84168053	2	2	0	4	0	21
chr16	84216047	84216849	2	2	1	9	0	32
chr16	84217114	84217302	2	2	1	3	0	5
chr16	84218596	84220506	2	2	1	5	0	26
chr16	84888436	84900505	1	1	1	0	1	3
chr16	85112062	85112530	1	1	1	0	3	1
chr16	85125780	85149490	2	2	0	0	1	28
chr16	85298057	85317763	1	1	0	0	1	12
chr16	85588648	85682171	0	0	0	5	0	31
chr16	85694278	85976760	2	2	0	7	0	22
chr16	85839471	85840432	1	1	1	0	2	6
chr16	86679970	86680698	1	1	1	0	1	2
chr16	87303471	87556439	2	4	0	0	5	31
chr16	87443942	87445121	2	2	1	4	0	7
chr16	87637135	87677863	1	1	1	2	0	4
chr16	87696796	87806696	2	2	0	0	3	30
chr16	87741682	87741955	2	2	1	4	0	1
chr16	87748180	87760370	2	2	1	0	1	1
chr16	87756426	87759805	2	2	0	0	3	18
chr16	87756426	87760094	2	2	0	0	3	18
chr16	87756426	87760286	2	2	0	0	3	18
chr16	87791070	87795554	2	2	1	0	2	6
chr16	87871548	87872319	2	2	1	1	0	22
chr16	87964963	88615288	2	2	0	4	0	21
chr16	88061257	88066714	1	1	1	10	0	25
chr16	88522522	89446965	1	1	0	5	0	15
chr16	88689753	88690365	1	1	1	0	7	2
chr16	88691154	88691609	1	1	1	2	0	6
chr16	88712606	88713162	2	2	1	11	0	30
chr16	88713247	88713508	2	2	1	2	1	10
chr16	88713584	88714452	2	2	1	1	0	9
chr16	88719014	88719707	2	2	1	4	0	8
chr16	88724438	88725057	2	2	1	2	0	25
chr16	88778104	88778681	1	1	1	10	0	19
chr16	88779856	88780054	1	1	1	7	0	4
chr16	88780636	88780790	1	1	1	2	0	15
chr16	88782892	88782966	2	2	1	8	0	2
chr16	88786130	88786209	2	2	1	4	0	28
chr16	88786369	88786476	2	2	1	3	0	26
chr16	88786692	88786792	2	2	1	1	0	20
chr16	88789418	88789502	2	2	1	1	0	11
chr16	88791489	88791823	2	2	1	1	0	29
chr16	88792093	88792691	2	4	1	8	0	4
chr16	88793367	88793446	2	2	1	0	4	4
chr16	88794951	88795290	2	2	0	0	3	13
chr16	88799141	88799685	2	2	1	11	0	19
chr16	88800154	88800313	2	2	1	5	0	15
chr16	88800463	88800763	2	2	1	2	0	6
chr16	88802817	88803046	2	2	1	3	0	18
chr16	88803148	88803966	2	2	1	2	0	10
chr16	88871307	88871847	1	1	1	6	0	14
chr16	88873612	88873688	1	1	1	2	0	8
chr16	88876249	88876477	2	2	1	3	0	16
chr16	88878065	88878227	2	2	1	3	0	4
chr16	88902676	88907399	2	2	1	0	2	2
chr16	88908380	88909113	2	2	1	0	3	1
chr16	88922710	88923165	2	2	1	0	2	5
chr16	89180070	89181872	0	0	0	4	0	31
chr16	89352595	89354935	2	2	1	3	0	30
chr16	89372151	89372845	2	2	0	0	1	12
chr16	89390329	89390643	1	1	1	0	1	4
chr16	89488714	89556652	2	2	0	4	0	26
chr16	89616122	89616901	1	1	0	2	0	12
chr16	89627121	89627347	1	1	1	11	0	15
chr16	89627472	89628003	1	1	1	0	4	2
chr16	89627705	89628020	2	6	0	0	1	15
chr16	89627777	89627985	1	1	1	5	0	17
chr16	89628160	89628742	1	1	1	5	2	16
chr16	89628800	89629291	1	1	1	2	0	30
chr16	89655487	89673000	1	1	0	0	1	32
chr16	89740711	89748721	1	1	0	1	0	19
chr16	89761754	89762136	1	1	1	0	5	2
chr16	89805117	89805289	2	2	1	2	0	6
chr16	89836871	89836971	2	2	1	4	0	31
chr16	89846366	89849266	2	2	1	0	4	2
chr16	89922645	89924745	1	1	1	7	0	8
chr16	89949921	89950989	1	1	1	4	0	10
chr16	89951065	89952255	1	1	1	9	0	30
chr16	89961546	89962397	1	1	1	18	0	21
chr16	89965058	89965174	1	1	1	5	0	20
chr16	89965281	89967042	1	1	1	4	0	3
chr16	89965296	89967042	1	1	0	4	0	29
chr16	89967203	89970525	1	1	1	7	0	8
chr16	89972693	89973650	1	1	1	3	0	31
chr16	90051458	90054298	1	1	0	2	0	24
chr16	90089133	90094043	1	1	1	0	2	4
chr16	90103808	90104169	1	1	1	3	0	1
chr16	90199843	90200726	1	1	1	0	2	17
chr16	90229063	90229155	1	1	1	0	1	22
chr16	90235523	90235668	1	1	0	8	0	31
chr17	22408	30897	2	2	1	0	1	1
chr17	46892	751524	2	2	0	0	4	32
chr17	119462	122141	0	0	0	3	0	32
chr17	164840	165879	2	2	0	0	1	25
chr17	164840	166152	2	2	0	0	1	25
chr17	278652	283748	1	1	0	0	3	31
chr17	417596	1263957	1	1	0	0	5	13
chr17	417642	1263957	1	1	0	0	5	13
chr17	690359	690902	2	4	0	6	0	22
chr17	995091	1003876	2	2	1	12	0	26
chr17	1137365	1597578	2	2	0	0	4	31
chr17	1248794	1257504	2	2	1	7	0	18
chr17	1257642	1264385	2	2	1	11	9	23
chr17	1268353	1303340	2	2	1	12	0	28
chr17	1350029	1709361	1	1	0	0	5	30
chr17	1369047	1370535	2	2	1	5	0	24
chr17	1438813	1442162	2	2	1	4	0	32
chr17	1456444	1461822	2	2	1	4	0	3
chr17	1461854	1465834	2	2	1	4	0	18
chr17	1490255	1494095	2	2	1	0	5	4
chr17	1494243	1494562	2	2	1	0	4	2
chr17	1511770	1516828	2	2	0	0	2	21
chr17	1556978	1557070	2	2	1	1	0	16
chr17	1557311	1558643	2	2	1	5	0	7
chr17	1564701	1564904	2	2	1	6	0	8
chr17	1579349	1579500	2	2	1	5	0	25
chr17	1580989	1581811	2	2	1	2	0	11
chr17	1581947	1582055	2	2	1	2	0	7
chr17	1582705	1582902	2	2	1	2	0	32
chr17	1583094	1584019	2	2	1	2	0	9
chr17	1584349	1584771	2	2	1	7	0	23
chr17	1585333	1585422	2	2	1	2	0	13
chr17	1585588	1586826	2	2	1	4	0	32
chr17	1586996	1587765	2	2	1	1	0	14
chr17	1587877	1588073	2	2	1	6	0	1
chr17	1686771	1687619	2	2	1	0	2	6
chr17	1704319	1707919	2	2	1	4	0	30
chr17	1780609	1782286	1	1	1	0	2	2
chr17	1842132	1865945	1	1	0	0	2	16
chr17	1891528	1930254	1	1	0	1	0	20
chr17	1944916	1945061	1	1	1	5	0	28
chr17	1945526	1945898	1	1	1	0	1	5
chr17	1964917	1968366	2	2	1	0	1	2
chr17	2203407	2203958	0	0	0	6	0	30
chr17	2234404	2235462	2	2	1	5	0	25
chr17	2238689	2238804	2	2	1	1	0	4
chr17	2541615	2568665	1	1	1	1	0	4
chr17	2569385	2570285	1	1	1	9	0	10
chr17	2570493	2573456	1	1	1	0	1	11
chr17	2577583	2579798	1	1	1	4	0	25
chr17	2594977	2595054	2	2	1	2	0	30
chr17	2595991	2596073	2	2	1	1	0	3
chr17	2597334	2597416	2	2	1	8	0	27
chr17	2597859	2598150	2	2	1	4	0	19
chr17	2599554	2599727	2	4	1	2	0	5
chr17	2599830	2600012	2	2	1	7	0	13
chr17	2601885	2603675	2	2	1	4	0	3
chr17	2604120	2604433	2	2	1	1	0	22
chr17	2637904	3556594	2	2	0	0	9	28
chr17	2921493	2923770	1	1	1	5	0	16
chr17	3275118	3275182	2	2	0	2	0	20
chr17	3444423	4018719	1	1	0	0	5	21
chr17	3451811	3510926	1	1	0	0	2	12
chr17	3545379	3545460	2	4	0	1	0	31
chr17	3572194	3572391	1	1	1	6	0	10
chr17	3593975	3594249	2	2	1	3	0	6
chr17	3643753	3647110	2	2	0	0	9	17
chr17	3670473	3673495	2	2	0	0	1	23
chr17	3717778	3719409	2	2	1	4	0	16
chr17	3729138	3729380	2	2	1	3	0	19
chr17	3772910	3773094	2	2	1	0	1	1
chr17	3977646	3978390	2	2	1	0	3	8
chr17	4020461	4027200	2	2	1	5	0	5
chr17	4067831	4068526	0	0	0	3	0	31
chr17	4195601	4560857	2	2	0	0	8	14
chr17	4445828	4445910	2	2	1	6	0	27
chr17	4446037	4446207	2	2	1	3	0	7
chr17	4446370	4448174	2	4	0	7	0	26
chr17	4448641	4448904	2	2	1	5	0	14
chr17	4449238	4451252	2	2	1	4	0	22
chr17	4457213	4457313	2	2	1	2	0	13
chr17	4457389	4457489	2	2	1	1	0	31
chr17	4579803	4580047	2	2	1	3	0	32
chr17	4619329	4619441	1	1	1	5	0	17
chr17	4619967	4620511	1	1	1	0	2	6
chr17	4634870	4635070	1	1	1	4	0	3
chr17	4641786	4642076	2	2	1	0	1	1
chr17	4700091	4700732	1	1	1	7	0	17
chr17	4781678	4784278	1	1	1	3	0	23
chr17	4789261	4789414	1	1	1	1	0	20
chr17	4791008	4833550	1	3	0	0	2	14
chr17	4795808	4795950	1	1	1	5	0	4
chr17	4847934	4848009	1	1	1	6	0	9
chr17	4850116	4851557	2	2	1	5	0	25
chr17	4864149	4869695	2	2	1	5	0	19
chr17	4910380	4910557	1	1	1	4	0	17
chr17	5071419	5072061	1	1	1	0	2	25
chr17	5193419	5246523	1	1	0	3	0	28
chr17	5238640	5241313	1	1	1	1	0	9
chr17	5336736	5336988	2	2	1	6	0	22
chr17	5341594	5342161	2	2	1	2	0	10
chr17	5403271	5405056	2	2	1	0	2	3
chr17	6331827	6338328	2	2	1	0	2	3
chr17	6337419	6338328	2	2	1	0	3	5
chr17	6511785	6513313	2	2	1	1	0	7
chr17	6515469	6524107	2	2	1	0	1	4
chr17	6757380	6757532	1	1	1	7	0	11
chr17	6917062	6917463	1	1	1	3	0	6
chr17	7080221	7080299	2	2	1	4	0	11
chr17	7123517	7123922	1	1	1	0	1	3
chr17	7125002	7125270	1	1	1	2	0	4
chr17	7129959	7130408	2	2	1	1	0	7
chr17	7131956	7266096	1	1	0	0	4	14
chr17	7132767	7132906	2	2	1	2	0	7
chr17	7133475	7133603	2	2	1	6	0	20
chr17	7140980	7142104	2	2	1	0	1	6
chr17	7211072	7212933	1	1	1	11	0	20
chr17	7214442	7214668	1	1	1	0	2	7
chr17	7214971	7215140	1	1	1	4	0	12
chr17	7215530	7215568	1	1	0	5	0	19
chr17	7216159	7216347	2	2	1	5	0	3
chr17	7216611	7216698	2	2	1	4	0	12
chr17	7219647	7220523	2	2	1	0	4	5
chr17	7229033	7229573	2	2	1	6	0	30
chr17	7399933	7400082	1	1	1	4	0	7
chr17	7400837	7400968	1	1	1	13	0	21
chr17	7401190	7401396	1	1	1	4	0	12
chr17	7401530	7402357	1	3	1	5	0	22
chr17	7406612	7406703	1	1	1	1	0	10
chr17	7406810	7406904	1	1	1	1	0	17
chr17	7416243	7416339	1	1	1	5	0	14
chr17	7463806	7464040	1	1	1	6	0	10
chr17	7473812	7473998	1	1	1	1	0	27
chr17	7476183	7477577	1	1	1	6	0	27
chr17	7477627	7477863	1	1	1	8	1	21
chr17	7477997	7478436	1	1	1	9	0	2
chr17	7478577	7479841	1	1	1	5	0	6
chr17	7480011	7480373	1	1	1	6	0	6
chr17	7480484	7480661	1	1	1	9	0	28
chr17	7480806	7480886	1	1	1	6	0	17
chr17	7481025	7481144	1	1	1	11	0	6
chr17	7496500	7496720	2	2	1	5	0	6
chr17	7496944	7497235	2	2	1	5	0	21
chr17	7579941	7590694	2	2	1	5	0	32
chr17	7606165	7606310	1	1	1	0	2	1
chr17	7624741	7628656	2	2	0	0	7	17
chr17	7734161	7734403	1	1	1	0	1	2
chr17	7748775	7748867	1	1	1	6	0	24
chr17	7749811	7749896	1	1	1	4	0	13
chr17	7756699	7756815	1	1	1	7	0	7
chr17	7760162	7760332	2	2	1	1	0	3
chr17	7786654	7788482	2	2	1	1	0	7
chr17	7788402	7792981	1	1	1	4	0	28
chr17	7794383	7796603	1	1	1	0	3	1
chr17	7797254	7797444	1	1	1	4	0	30
chr17	7810016	7810186	1	1	1	5	0	28
chr17	7811338	7811719	1	1	1	2	0	18
chr17	7813765	7859439	1	1	0	0	1	16
chr17	7840136	7840481	1	1	1	1	0	6
chr17	7843068	7843413	1	1	1	4	0	8
chr17	7851646	7851804	1	1	1	3	0	3
chr17	8014850	8015410	2	2	1	0	3	6
chr17	8045777	8045966	2	2	1	0	2	7
chr17	8048166	8049275	2	2	1	2	0	3
chr17	8050321	8050567	2	2	1	0	1	4
chr17	8090975	8966556	1	1	0	8	0	13
chr17	8108363	8108533	2	2	1	8	0	15
chr17	8108709	8109808	2	2	1	5	0	11
chr17	8110686	8110888	2	2	1	0	1	5
chr17	8111159	8113847	2	2	1	1	0	19
chr17	8111518	8112606	1	3	0	4	0	22
chr17	8113568	8113847	2	2	1	4	0	21
chr17	8134788	8135043	2	2	1	0	2	4
chr17	8139661	8140692	2	2	1	2	0	3
chr17	8152658	8157176	1	1	1	5	0	23
chr17	8167255	8167529	1	1	1	6	0	8
chr17	8167920	8168212	1	1	1	2	0	2
chr17	8170217	8170345	1	1	1	4	0	25
chr17	8170554	8170689	1	1	1	1	0	16
chr17	8170782	8170868	1	1	1	0	7	1
chr17	8170984	8171850	1	1	1	1	0	22
chr17	8172175	8172271	1	1	1	4	0	10
chr17	8192391	8192575	1	1	1	0	1	5
chr17	8281011	8283113	2	2	1	0	12	31
chr17	8285634	8286474	2	2	1	3	0	26
chr17	8285657	8286474	2	2	1	0	1	6
chr17	8381765	8383427	2	2	1	2	0	8
chr17	8396343	8397050	2	2	1	4	0	23
chr17	8413268	8415768	2	2	1	1	0	24
chr17	8416988	8417103	2	2	1	2	0	19
chr17	8417213	8421948	2	2	1	1	0	7
chr17	8424604	8438704	2	2	1	4	0	22
chr17	8449981	8451630	2	2	1	0	3	2
chr17	8808233	8808985	2	2	1	0	1	4
chr17	9066505	9074190	2	2	0	0	1	12
chr17	9066505	9113774	2	2	0	0	1	12
chr17	9166042	10054048	1	1	0	0	5	24
chr17	9659258	9677136	1	1	0	0	1	28
chr17	9920946	10513923	0	0	0	0	4	32
chr17	10314460	10515240	1	3	0	0	5	31
chr17	10590160	10595188	2	2	1	1	0	22
chr17	10595282	10596080	2	2	1	1	0	6
chr17	11786490	11786902	1	1	1	1	2	3
chr17	12011227	12013691	1	1	1	0	1	4
chr17	12667036	12693459	2	2	1	0	2	5
chr17	12898202	12898279	2	2	1	2	0	9
chr17	12898380	12899019	2	2	1	3	0	32
chr17	12915100	12916523	2	2	1	6	0	24
chr17	12920439	12920898	2	2	1	0	3	1
chr17	14204770	14276252	2	2	0	0	7	13
chr17	15580592	15580888	2	2	1	0	3	8
chr17	15757352	15859991	2	2	0	0	4	28
chr17	15757352	16151283	2	2	0	0	4	28
chr17	15757352	16478622	2	2	0	0	4	28
chr17	15757352	16506871	2	2	0	0	4	28
chr17	15897093	15902816	2	2	1	1	0	9
chr17	15984042	15989595	2	2	1	3	0	25
chr17	16012227	16021201	2	2	1	2	0	3
chr17	16029524	16040624	2	2	1	1	0	18
chr17	16062188	16068292	2	2	1	1	0	1
chr17	16097954	16118675	2	2	1	3	0	27
chr17	16123155	16125210	1	1	0	0	2	24
chr17	16216929	16219994	1	1	1	3	0	5
chr17	16284499	16285215	1	1	1	1	6	23
chr17	16284499	16285672	1	1	1	0	6	2
chr17	16285445	16285672	1	1	1	0	14	21
chr17	16285825	16285881	2	2	1	0	2	4
chr17	16314779	16340950	2	2	0	1	0	15
chr17	16342729	16343498	1	1	1	7	0	12
chr17	16343972	16344141	2	4	1	0	7	1
chr17	16451897	17286215	1	1	0	0	5	27
chr17	16635298	16635851	1	1	1	0	1	25
chr17	16713362	16715731	1	1	1	0	1	4
chr17	17030168	17034930	1	1	1	0	1	8
chr17	17039765	17041229	1	1	1	6	0	12
chr17	17064671	17075031	1	1	1	5	0	28
chr17	17075180	17076011	1	1	1	6	0	27
chr17	17078727	17079739	1	1	1	0	4	2
chr17	17137640	17985375	2	2	0	0	6	28
chr17	17150466	17150793	2	2	1	5	0	5
chr17	17163789	17164913	2	2	1	3	0	3
chr17	17179479	17184445	2	2	1	5	0	10
chr17	17287046	17287152	1	5	0	0	1	15
chr17	17345743	17346542	2	2	0	0	4	32
chr17	17716166	17716681	2	2	1	4	0	24
chr17	17723040	17723403	2	2	1	2	0	2
chr17	17723836	17740040	2	2	1	1	0	7
chr17	17772788	17782940	2	2	1	7	0	14
chr17	17810841	17875575	2	2	1	0	1	7
chr17	17849700	17922474	2	2	0	0	4	12
chr17	17997288	18003882	1	1	1	0	1	6
chr17	18005312	18007114	1	1	1	1	0	17
chr17	18116239	18264406	1	1	0	0	5	30
chr17	18119214	18648959	2	2	0	5	0	20
chr17	18136117	18137091	1	1	1	2	0	14
chr17	18150143	18150226	2	2	1	3	0	21
chr17	18150367	18150482	2	2	1	2	0	4
chr17	18150672	18150970	2	2	1	9	0	32
chr17	18155131	18155312	2	2	1	3	0	14
chr17	18181054	18181217	1	1	0	4	0	30
chr17	18183973	18186011	2	2	1	1	0	21
chr17	18221464	18225930	1	1	1	5	0	13
chr17	18236603	18238872	2	2	1	2	0	32
chr17	18251755	18256985	2	2	1	0	2	1
chr17	18301934	18302646	1	1	1	0	2	7
chr17	18486101	18486654	2	2	1	0	1	25
chr17	18608079	18608375	1	1	1	0	3	8
chr17	18761575	18768781	1	1	1	1	0	4
chr17	18770648	18775895	1	1	1	1	0	26
chr17	18812790	18826651	2	2	0	0	3	26
chr17	18845701	18850364	1	1	0	0	1	27
chr17	18965271	19091375	1	1	0	0	5	19
chr17	18965357	19091472	2	2	0	0	3	21
chr17	18965368	19091472	2	2	0	0	9	28
chr17	18965431	19091416	1	1	0	0	21	21
chr17	18965431	19091418	1	1	0	0	14	25
chr17	18965437	19091410	1	1	0	0	5	23
chr17	18965437	19091422	1	1	0	16	1	30
chr17	18965440	19091422	1	1	0	0	5	26
chr17	18967306	19015806	1	1	0	0	9	28
chr17	18967306	19015817	1	1	0	0	3	21
chr17	18967306	19093415	1	1	0	0	3	17
chr17	18967306	19093426	1	1	0	0	3	21
chr17	18967356	19015734	2	2	0	0	5	26
chr17	18967356	19015737	2	2	0	0	1	19
chr17	18967356	19015854	2	2	0	0	2	12
chr17	18967356	19093343	2	2	0	0	5	26
chr17	18967356	19093463	2	2	0	0	15	29
chr17	18967356	19093468	2	2	0	0	5	32
chr17	18967360	19015743	2	2	0	0	14	25
chr17	18967360	19093352	2	2	0	0	14	25
chr17	18967362	19015743	2	2	0	0	21	21
chr17	18967362	19093352	2	2	0	0	21	21
chr17	18967368	19015737	2	2	0	0	5	23
chr17	18967368	19093346	2	2	0	0	5	23
chr17	18967403	19015903	2	2	0	0	8	12
chr17	18967403	19093512	2	2	0	0	10	19
chr17	19015806	19093415	1	1	0	0	3	17
chr17	19015806	19093426	1	1	0	0	3	21
chr17	19015856	19093343	2	2	0	0	5	26
chr17	19015856	19093463	2	2	0	0	15	29
chr17	19015856	19093468	2	2	0	0	5	32
chr17	19015860	19093352	2	2	0	0	14	25
chr17	19015862	19093352	2	2	0	0	21	21
chr17	19015868	19093346	2	2	0	0	5	23
chr17	19051965	19101953	0	0	0	0	8	30
chr17	19119123	19185291	1	1	1	0	2	6
chr17	19349904	19349904	0	0	1	5	0	14
chr17	19564582	19566645	1	1	1	5	0	14
chr17	19575270	19576519	1	1	1	0	1	3
chr17	19649479	19655797	1	1	0	0	3	19
chr17	19811320	20375310	1	1	0	0	8	29
chr17	19827826	19835117	2	2	1	0	1	2
chr17	19844324	19845138	2	2	1	0	1	1
chr17	20265681	20266234	1	1	1	0	1	25
chr17	20448423	20449135	2	2	1	0	2	7
chr17	20574995	21083161	2	2	0	0	4	28
chr17	20574995	21159653	2	2	0	0	4	28
chr17	20574995	21173418	2	2	0	0	4	28
chr17	20840784	21257451	2	2	0	0	4	28
chr17	20881651	21389680	2	2	0	0	4	26
chr17	20908304	20910208	2	2	1	5	0	16
chr17	20911310	20914463	2	2	1	4	0	16
chr17	20916249	20919064	2	2	1	11	0	17
chr17	21188282	21201724	1	1	1	6	0	14
chr17	21199082	21199397	1	1	1	0	1	2
chr17	21204306	21205454	1	1	1	4	0	20
chr17	21730747	21730975	1	1	1	1	0	4
chr17	21731203	21731429	1	1	1	1	4	26
chr17	25621462	25631805	1	1	1	0	3	4
chr17	25621462	25633807	1	1	1	0	3	4
chr17	25982440	25982852	2	2	1	0	1	5
chr17	26676189	26677463	2	2	1	5	0	16
chr17	26883285	26883844	2	2	1	2	0	18
chr17	26906271	26906382	2	2	1	3	0	12
chr17	26906504	26906768	2	2	1	4	0	8
chr17	26912234	26912336	2	2	1	1	0	16
chr17	26925800	27128192	2	2	0	0	7	29
chr17	26925800	27176820	2	2	0	0	7	29
chr17	26938675	26938785	2	2	1	4	0	23
chr17	26958938	26959066	2	2	1	7	0	16
chr17	26960181	26960300	2	2	1	6	0	5
chr17	26967702	26968906	2	2	1	2	0	22
chr17	26970678	26971075	2	2	1	3	0	18
chr17	26971206	26972006	2	2	1	0	7	1
chr17	26976295	26989063	2	2	1	0	4	3
chr17	27003449	27004732	1	1	1	1	0	4
chr17	27022566	27023861	1	1	1	2	0	32
chr17	27047049	27047724	1	1	1	16	1	32
chr17	27047909	27049740	1	1	1	0	13	27
chr17	27049011	27049443	0	0	0	7	0	31
chr17	27049918	27050588	1	1	1	9	0	29
chr17	27050659	27050884	1	1	1	0	5	4
chr17	27286240	27286351	2	2	1	2	6	3
chr17	27683437	27715391	1	1	0	0	6	16
chr17	27838011	27844470	1	1	1	4	0	13
chr17	27899076	27899159	1	1	1	4	0	29
chr17	27901933	27902096	2	2	1	6	0	26
chr17	27902161	27902305	2	2	1	3	0	16
chr17	27905390	27905748	2	2	1	1	0	14
chr17	27908855	27908944	2	2	1	16	0	8
chr17	27936440	27937702	1	1	1	4	0	18
chr17	28443882	28445097	1	1	1	1	0	26
chr17	28443882	28499559	1	1	1	0	1	1
chr17	28553500	28597299	2	2	0	0	1	25
chr17	28599918	28601059	2	2	1	0	1	2
chr17	28789081	28789387	1	1	1	5	0	24
chr17	28928842	28935447	0	0	1	0	1	1
chr17	29086558	29093520	1	1	1	2	0	22
chr17	29096984	29103314	1	1	1	0	7	12
chr17	29112176	29113339	2	2	1	0	3	13
chr17	29313358	29382604	1	1	0	0	2	25
chr17	29344022	29348927	1	1	1	0	1	1
chr17	29460720	29463276	1	3	1	0	3	3
chr17	29527614	29528054	1	1	1	9	0	5
chr17	29562791	29562935	1	1	1	1	6	6
chr17	29664601	29664836	1	1	1	2	0	5
chr17	30180050	30183817	2	4	1	4	0	6
chr17	30303634	30310017	1	1	1	0	7	12
chr17	30535329	30551634	1	1	1	0	1	3
chr17	30677346	30678804	1	1	1	0	1	3
chr17	30678932	30685521	1	1	1	10	0	31
chr17	30685661	30687616	1	1	1	2	0	17
chr17	30695034	30696313	1	1	1	5	0	20
chr17	30717789	31014259	1	1	0	0	4	32
chr17	30786797	30787186	0	0	0	0	10	31
chr17	30980966	30981494	2	2	1	2	0	11
chr17	32908163	32953145	1	1	1	7	0	18
chr17	32962152	32962211	2	2	0	8	0	20
chr17	33310572	33313006	1	1	1	3	0	5
chr17	33318857	33318976	1	1	1	3	0	21
chr17	33430344	33430472	2	2	1	3	0	8
chr17	33459469	33460189	2	2	1	1	0	8
chr17	33460518	33462267	2	2	1	5	0	23
chr17	33478174	34137499	2	4	0	0	4	12
chr17	33478181	33882922	2	2	0	8	0	13
chr17	33951607	33953639	1	1	1	1	0	29
chr17	33954525	33954649	1	1	1	4	0	27
chr17	33954746	33963359	1	3	1	3	0	24
chr17	33983827	34187318	2	2	0	0	6	30
chr17	34044369	34050643	1	1	1	3	0	16
chr17	34058823	34070328	0	0	0	7	0	32
chr17	34094909	34095248	2	2	1	0	3	5
chr17	34150632	34187318	2	2	0	0	6	30
chr17	34160946	34161569	1	1	1	4	0	19
chr17	34161603	34163135	1	1	1	4	0	2
chr17	34169464	34171080	1	1	1	7	0	27
chr17	34171163	34171283	1	1	1	10	0	2
chr17	34171373	34173909	1	1	0	4	0	26
chr17	34207327	34207732	2	2	1	0	1	1
chr17	34249680	34252518	2	2	1	7	0	27
chr17	34275671	34924271	1	3	0	0	6	31
chr17	34515404	34515798	1	1	1	0	1	4
chr17	34848744	34849769	1	1	1	3	0	32
chr17	34855005	34856669	2	2	1	5	0	12
chr17	34888512	34888986	2	2	1	0	1	2
chr17	34888512	34889779	2	2	1	0	1	2
chr17	35311208	35343915	1	1	1	3	0	20
chr17	35346711	35348072	1	1	1	5	0	13
chr17	35348157	35376303	1	1	1	3	0	8
chr17	35454102	35454764	2	2	1	4	0	21
chr17	35506899	35508225	2	2	1	6	0	9
chr17	35548217	35549030	2	2	1	4	0	8
chr17	35557427	35562678	2	2	1	3	0	15
chr17	35578764	35580432	2	2	1	6	0	18
chr17	35713465	35797630	1	1	0	2	0	12
chr17	35757212	35758928	2	4	0	5	0	25
chr17	35827630	35830503	1	1	1	3	0	17
chr17	36352527	36353600	2	2	1	0	2	19
chr17	36361805	36365110	2	2	1	0	3	22
chr17	36398303	36412904	2	2	1	0	3	15
chr17	36474635	36476501	1	1	1	1	0	22
chr17	36619438	36619568	1	1	1	0	1	4
chr17	36863283	36863738	1	1	1	4	0	19
chr17	36916862	36918663	1	1	1	1	2	24
chr17	36931867	36960814	2	2	0	0	2	26
chr17	36931867	36985555	2	2	0	0	2	26
chr17	36934054	36934586	2	2	1	4	0	23
chr17	36934626	36935635	2	2	1	3	0	3
chr17	36957293	37474775	2	2	0	6	0	29
chr17	36966019	36966720	2	2	1	7	0	8
chr17	37006468	37006614	2	2	1	0	7	16
chr17	37006729	37008856	2	2	1	6	0	14
chr17	37008986	37009274	2	2	1	6	0	32
chr17	37009359	37009950	2	2	1	6	0	31
chr17	37232267	38087330	1	1	0	0	7	15
chr17	37356603	37357465	1	1	1	10	0	32
chr17	37357573	37358569	1	1	1	7	0	21
chr17	37359363	37360329	1	1	1	17	0	16
chr17	37360441	37360777	1	1	1	6	0	32
chr17	37369812	37370485	2	2	1	0	1	1
chr17	37412510	38115054	1	1	0	7	0	20
chr17	37439109	37441730	2	2	1	2	0	13
chr17	37472845	37499432	2	2	0	1	0	21
chr17	37499495	37557613	2	2	1	1	0	23
chr17	37630197	37630685	2	2	0	2	0	24
chr17	37673810	37676208	1	1	1	2	0	1
chr17	37702593	37703377	2	2	0	0	1	24
chr17	37814106	37814225	1	1	1	5	0	17
chr17	37830933	37832866	2	2	1	2	0	25
chr17	37873734	37876039	1	1	1	3	0	17
chr17	37886545	37886659	2	2	1	6	0	6
chr17	37899308	37899432	1	1	1	0	1	7
chr17	38058498	38876828	1	1	0	4	0	28
chr17	38130084	38130525	1	1	1	0	2	3
chr17	38145073	38145991	1	1	1	2	0	5
chr17	38146451	38151206	1	1	1	8	0	8
chr17	38151781	38152435	1	1	1	1	0	3
chr17	38171768	38172485	1	1	1	0	1	7
chr17	38176604	38178207	2	2	0	2	0	13
chr17	38179080	38179383	2	2	1	9	0	14
chr17	38186113	38187411	2	2	1	3	0	12
chr17	38187874	38188295	2	2	1	6	0	5
chr17	38188344	38188901	2	2	1	6	0	12
chr17	38240236	38240862	1	1	1	6	0	31
chr17	38282660	38285497	1	1	1	3	0	11
chr17	38323115	38323750	1	1	1	4	0	8
chr17	38347015	38347567	1	1	1	0	1	7
chr17	38365278	38370413	2	2	0	0	5	25
chr17	38451953	38452954	1	1	0	2	0	28
chr17	38546417	38547757	2	2	1	2	0	32
chr17	38552718	38554809	2	2	1	1	0	23
chr17	38556662	38556780	2	2	1	3	0	20
chr17	38557334	38559157	2	2	1	5	0	30
chr17	38562746	38562835	2	2	1	4	0	6
chr17	38562942	38563083	2	2	1	5	0	8
chr17	38567708	38567896	2	2	1	3	0	7
chr17	38569545	38569731	2	2	1	4	0	9
chr17	38573148	38574022	2	2	1	2	0	32
chr17	38843951	38844900	0	0	1	0	3	1
chr17	39138716	39139297	2	2	1	0	3	2
chr17	39479761	39481660	0	0	1	0	4	3
chr17	39974531	39974633	1	1	1	3	0	16
chr17	39976714	39977198	1	1	1	3	0	5
chr17	39988956	39991321	2	2	1	3	0	20
chr17	40024158	40024961	2	2	1	3	0	22
chr17	40040528	40042364	2	2	1	1	0	12
chr17	40042562	40043851	2	2	1	1	0	10
chr17	40058067	40060981	2	2	1	8	0	16
chr17	40065954	40066474	2	2	1	1	0	1
chr17	40066538	40068672	2	2	1	1	0	1
chr17	40125722	40125837	0	0	0	3	0	32
chr17	40134026	40134272	2	2	1	0	2	5
chr17	40139929	40140749	2	2	1	5	0	9
chr17	40206695	41028515	1	1	0	0	5	32
chr17	40263516	40264130	2	2	1	0	1	6
chr17	40266413	40266507	2	2	1	1	0	29
chr17	40269833	40269924	2	2	1	4	0	19
chr17	40270036	40270314	2	2	1	1	0	2
chr17	40280819	40282354	2	2	1	9	0	21
chr17	40331045	40332887	2	2	1	0	2	2
chr17	40500558	40540296	2	2	1	5	0	12
chr17	40618526	40620027	1	1	1	2	0	28
chr17	40690504	40690687	1	1	1	0	2	3
chr17	40717066	40717244	1	1	1	1	0	9
chr17	40721322	40721524	1	1	1	2	0	10
chr17	40721625	40721999	1	1	1	0	2	2
chr17	40725043	40725124	2	2	1	1	0	8
chr17	40726229	40729230	2	2	1	0	2	1
chr17	40729321	40729478	2	2	1	5	0	17
chr17	40737281	40738070	2	2	1	0	1	7
chr17	40757913	40789144	1	1	0	1	0	15
chr17	40762239	40762440	1	1	1	0	6	6
chr17	40765092	40765664	1	1	1	4	0	12
chr17	40766017	40766277	1	1	1	3	0	21
chr17	40766431	40766513	1	1	1	2	0	17
chr17	40811965	40812166	1	1	1	0	6	6
chr17	40815522	40817493	1	1	1	0	2	2
chr17	40841066	40841538	1	1	1	0	4	5
chr17	40855839	40856619	2	2	1	2	0	31
chr17	40927488	40928262	1	1	1	3	0	16
chr17	40934949	40935954	1	1	1	2	0	21
chr17	40937501	40939295	1	1	1	0	2	2
chr17	40940426	40940698	1	1	1	3	0	12
chr17	41106985	41107174	2	2	1	2	0	20
chr17	41108338	41108420	2	2	1	2	0	12
chr17	41116255	41116418	2	2	1	0	1	5
chr17	41150489	41150765	1	1	1	5	0	20
chr17	41201212	41203079	2	2	1	0	3	3
chr17	41267797	41276033	2	2	1	10	0	15
chr17	41400509	41428149	2	4	0	1	0	14
chr17	41610717	41611226	2	2	1	0	3	1
chr17	41852307	41856167	2	2	1	0	8	2
chr17	41903210	41905118	2	2	1	3	0	28
chr17	42117625	42141168	2	2	1	0	8	4
chr17	42151022	43115638	1	1	0	0	6	29
chr17	42157594	42157768	2	2	1	4	0	11
chr17	42204760	43115638	1	1	0	0	6	29
chr17	42255016	42255179	1	1	0	4	0	16
chr17	42398100	42398425	2	2	1	5	0	5
chr17	42400712	42400845	2	2	1	1	0	8
chr17	42427946	42428058	1	1	1	4	0	19
chr17	42429164	42429382	1	1	1	4	0	4
chr17	42429763	42430097	1	1	0	6	0	21
chr17	42451839	42452026	2	2	1	0	1	5
chr17	42461073	42461261	2	2	1	1	0	9
chr17	42512520	42513845	2	2	1	2	0	11
chr17	42733988	42734494	1	1	1	0	1	3
chr17	42734051	42734494	1	1	1	0	1	3
chr17	42851748	42851859	1	1	1	4	0	6
chr17	42865585	43115638	1	1	0	0	6	29
chr17	42931725	42931923	2	2	1	1	0	19
chr17	42932373	42934442	2	2	1	2	0	21
chr17	42937414	42937799	2	2	1	2	0	21
chr17	42937912	42940080	2	2	1	2	0	24
chr17	42942434	42945174	2	2	1	2	0	26
chr17	43003555	43003781	2	2	1	0	1	2
chr17	43003868	43004356	2	2	1	1	0	27
chr17	43009098	43009423	2	2	1	4	0	15
chr17	43010142	43010279	2	2	1	2	0	12
chr17	43012304	43012626	2	2	1	7	0	5
chr17	43013727	43024995	2	2	1	0	1	1
chr17	43018834	43020059	1	1	0	3	0	19
chr17	43086679	43491394	2	2	0	0	5	24
chr17	43214144	43214385	1	1	1	0	2	1
chr17	43215198	43215279	1	1	1	5	0	30
chr17	43238616	43240116	1	1	1	0	6	2
chr17	43314725	43314912	1	1	1	3	0	13
chr17	43319002	43319213	1	1	1	0	1	1
chr17	43523030	43527983	2	2	1	0	8	3
chr17	43531639	43535534	2	2	1	3	0	2
chr17	43553093	43555265	2	2	1	5	0	29
chr17	43585527	43585632	2	2	1	5	0	30
chr17	43617330	43620129	2	2	1	0	1	28
chr17	44043814	44130034	1	1	0	0	2	19
chr17	44282835	44284662	1	1	0	0	1	26
chr17	44380076	44382874	1	1	1	0	1	28
chr17	44391857	44396767	2	2	0	0	3	26
chr17	44484116	44486399	1	1	1	0	1	6
chr17	44497331	44499842	1	1	1	0	2	8
chr17	44500508	44502892	1	1	1	0	1	4
chr17	44553585	44554137	1	1	1	0	1	22
chr17	44597650	44600449	1	1	1	0	1	28
chr17	44609441	44614622	2	2	0	0	3	26
chr17	44701696	44703978	1	1	1	0	1	6
chr17	44714909	44717419	1	1	1	0	2	8
chr17	44718085	44720469	1	1	1	0	1	4
chr17	44771288	44771840	1	1	1	0	1	22
chr17	45036101	45081369	0	0	0	3	0	32
chr17	45102118	45104922	1	1	1	0	1	28
chr17	45232153	45234278	2	2	1	0	4	15
chr17	45468947	45471390	1	1	1	1	3	3
chr17	45490283	45492213	1	1	1	0	3	2
chr17	45608922	45623274	1	1	1	0	3	15
chr17	45656822	45660107	1	1	1	0	3	22
chr17	45663611	45663730	1	1	1	5	0	20
chr17	45668248	45669321	1	1	1	0	2	19
chr17	45669912	45673718	1	1	1	1	0	9
chr17	45673829	45677041	1	1	1	5	1	17
chr17	45727651	45727751	1	1	1	4	0	13
chr17	45727811	45730059	1	1	1	8	0	26
chr17	45734427	45735873	1	1	1	6	0	1
chr17	45742525	45745551	1	1	1	4	0	32
chr17	45744556	46498735	1	1	0	6	0	29
chr17	45748199	45750383	1	1	1	6	0	20
chr17	45752149	45753774	1	1	1	11	0	14
chr17	45753858	45754385	1	1	1	0	6	1
chr17	46048676	46050884	1	1	1	0	16	2
chr17	46055277	46056194	1	1	1	3	0	11
chr17	46128182	46128478	1	1	1	0	1	7
chr17	46133961	46134393	1	1	1	4	0	25
chr17	46266863	46309188	2	2	1	0	2	3
chr17	46627309	46627701	1	1	1	4	0	28
chr17	46651377	46655768	2	2	1	0	3	6
chr17	46669727	46679440	1	1	1	0	1	3
chr17	46674035	46675097	2	2	1	3	0	26
chr17	46714136	46723966	2	2	1	0	2	2
chr17	46782713	46783420	1	1	1	0	3	1
chr17	46972697	46973016	1	1	1	10	0	18
chr17	47018143	47024425	2	2	0	1	0	12
chr17	47018143	47114290	2	2	0	0	3	12
chr17	47103880	47109271	1	1	1	0	2	2
chr17	47117454	47118739	1	1	1	1	0	32
chr17	47348219	47378895	1	1	0	1	0	32
chr17	47490654	47492196	2	2	1	6	0	6
chr17	47636004	47744752	1	1	0	5	0	25
chr17	47788918	47793526	2	2	1	3	0	24
chr17	47797257	47797687	2	2	1	0	2	4
chr17	48148295	48148674	1	1	1	0	1	7
chr17	48217725	48218633	2	2	1	0	1	5
chr17	48460467	48460510	1	1	0	5	0	31
chr17	48470259	48472289	2	2	1	8	0	22
chr17	48541271	48541578	1	1	1	5	0	30
chr17	48626326	48626403	1	1	1	6	0	8
chr17	48626548	48627345	1	1	1	0	3	4
chr17	48631812	48632592	1	1	1	2	1	6
chr17	48750500	48750829	1	1	1	1	0	4
chr17	48795084	48966188	2	2	0	0	6	24
chr17	48797193	48814320	1	1	1	1	2	20
chr17	48819093	48821066	1	1	1	8	0	29
chr17	48823365	48823902	1	1	1	4	0	20
chr17	48824064	48827861	1	1	1	3	0	22
chr17	49064599	49067037	2	2	1	6	0	8
chr17	49097620	49098518	2	2	1	4	0	7
chr17	49157066	49197714	2	2	1	8	0	5
chr17	49231024	49233011	1	1	1	5	0	23
chr17	49243859	49244187	1	1	1	23	0	28
chr17	49244318	49245602	1	1	1	7	0	3
chr17	49245705	49247297	1	1	1	2	0	13
chr17	49338288	49340634	1	1	1	6	0	7
chr17	49340748	49343542	1	1	1	5	0	26
chr17	53404665	53404936	2	2	1	0	1	5
chr17	53834084	53854625	1	1	0	1	0	12
chr17	54780146	55025080	2	2	0	0	5	15
chr17	54976542	54978779	2	2	1	3	0	5
chr17	55187520	55189158	1	1	1	0	1	2
chr17	55196406	55197610	1	1	1	3	0	13
chr17	55291117	55466453	2	4	0	5	0	23
chr17	55940647	55943834	2	2	1	0	3	1
chr17	55944777	55945510	2	2	1	0	1	2
chr17	55951079	55956971	2	2	1	1	0	32
chr17	56083335	56083703	2	2	1	2	0	9
chr17	56083889	56084304	2	2	1	3	0	7
chr17	56296091	56296511	2	2	1	5	0	12
chr17	56581582	56581663	2	2	1	5	0	4
chr17	56674635	56680301	2	2	0	3	0	14
chr17	57045676	57920324	2	4	0	4	0	19
chr17	57166873	57169630	1	1	0	0	3	32
chr17	57656920	57657057	1	1	1	0	2	11
chr17	57761118	57761235	1	1	1	5	0	25
chr17	57763170	57767996	1	1	1	4	0	19
chr17	57785110	57808781	1	1	1	3	0	22
chr17	57969322	57970057	2	2	1	0	1	3
chr17	58012662	58013575	1	1	1	0	3	17
chr17	58070341	58072980	1	1	1	0	4	3
chr17	58073176	58073313	2	2	1	0	2	11
chr17	58235150	58235349	1	1	1	0	7	5
chr17	58260815	58262820	2	2	1	0	2	25
chr17	58285572	58286014	2	2	1	0	2	3
chr17	58332620	58342772	2	2	1	3	0	14
chr17	58379066	58382267	2	2	1	0	1	7
chr17	59907597	59908061	1	1	0	2	0	32
chr17	59924582	59926489	2	2	1	0	3	2
chr17	59934593	59937156	2	2	1	0	4	1
chr17	59937269	59938807	2	2	1	4	0	2
chr17	60047004	60553061	2	2	0	0	5	26
chr17	60088595	60106901	2	2	1	5	0	21
chr17	60107375	60108804	2	2	1	7	0	13
chr17	60314484	60315369	2	2	1	0	3	17
chr17	60323168	60323595	2	2	0	0	1	17
chr17	60362832	60363274	2	2	1	0	2	3
chr17	60508128	60510669	2	4	0	3	0	23
chr17	60512654	60517977	1	1	1	0	1	26
chr17	60524562	60527225	2	2	0	0	4	25
chr17	60558568	60598133	1	1	1	0	4	30
chr17	60599635	60600494	1	1	1	5	0	1
chr17	60600539	60613530	1	1	1	5	0	18
chr17	61560535	61560820	1	1	1	0	1	3
chr17	61661074	61662572	1	1	1	5	0	7
chr17	61662691	61666361	1	1	1	4	0	22
chr17	61730017	61735153	1	1	1	3	0	32
chr17	61824322	61829299	2	2	1	3	0	17
chr17	61882536	61883894	1	1	1	4	0	26
chr17	61897799	61898198	2	2	1	0	2	6
chr17	61902996	61903415	2	2	1	3	0	24
chr17	61904059	61904195	2	2	1	0	5	4
chr17	61908587	61908686	1	1	1	2	0	26
chr17	61910531	61910657	2	2	1	1	0	5
chr17	62085183	62097882	2	2	1	0	5	3
chr17	62498188	62498279	2	2	1	4	0	19
chr17	62498342	62498556	2	2	1	5	0	8
chr17	62499417	62500390	2	2	1	0	2	5
chr17	62499467	62499547	2	2	1	6	0	28
chr17	62499690	62499920	2	2	1	4	0	4
chr17	62500437	62500794	2	2	1	4	0	18
chr17	62510477	62511840	1	1	1	3	0	18
chr17	62530856	62532719	1	1	1	1	0	7
chr17	62665635	63118441	1	1	0	5	0	32
chr17	62782843	62783365	2	2	1	0	2	4
chr17	62788661	62793381	2	2	1	0	8	3
chr17	62868180	62873346	1	1	0	0	3	26
chr17	62883005	62885798	2	2	1	0	1	28
chr17	62923928	62926358	1	1	1	0	1	5
chr17	64128882	64171161	2	2	1	0	1	4
chr17	64161036	64383505	1	1	0	0	4	17
chr17	64216861	64219815	2	2	1	1	0	4
chr17	64250915	64383505	1	1	0	0	4	17
chr17	64302246	64492318	1	1	1	1	0	6
chr17	64312286	64316422	0	0	0	3	0	31
chr17	64545135	64546664	1	3	0	3	0	31
chr17	64683386	64684419	1	1	1	4	0	30
chr17	64734974	64737776	1	1	1	1	0	9
chr17	65036290	65946693	2	2	0	0	5	27
chr17	65351539	65353418	2	2	1	0	1	3
chr17	65732871	65733186	1	1	1	2	0	9
chr17	65735127	65735631	1	1	1	0	1	1
chr17	65972075	65978367	1	1	1	7	0	24
chr17	66039116	66039215	1	1	1	2	0	6
chr17	66208252	66309142	2	2	0	0	3	13
chr17	66508690	66511127	1	1	1	7	0	4
chr17	66526143	66526417	1	1	1	2	0	11
chr17	67304510	67305402	2	2	1	6	0	12
chr17	71188724	71189411	0	0	0	4	0	32
chr17	71192891	71193038	1	1	1	4	0	5
chr17	71203396	71204452	1	1	1	0	4	3
chr17	71208880	71223303	2	2	1	1	0	14
chr17	71228769	71229358	1	1	1	2	0	5
chr17	71468358	71503576	2	2	1	1	0	7
chr17	72199885	72200056	1	1	1	26	0	24
chr17	72199910	72200056	1	1	1	1	0	18
chr17	72200098	72200268	1	1	1	21	0	8
chr17	72200330	72205325	1	1	1	8	0	28
chr17	72205449	72205942	1	1	1	12	3	30
chr17	72769825	72771760	2	2	1	3	0	11
chr17	73015855	73016407	1	1	1	0	2	1
chr17	73038373	73038623	2	2	1	1	0	11
chr17	73038755	73043019	2	2	1	8	0	24
chr17	73066432	73186497	1	1	0	0	7	30
chr17	73066432	73272123	1	1	0	0	7	30
chr17	73066432	73767202	1	1	0	0	7	30
chr17	73084140	73085208	1	1	1	0	3	4
chr17	73170919	73177151	2	2	1	0	3	32
chr17	73177284	73178908	2	2	1	1	0	10
chr17	73221925	73222145	1	1	1	2	0	15
chr17	73229254	73230731	1	1	1	11	0	18
chr17	73242878	73258362	2	2	1	0	1	6
chr17	73266327	73267023	2	2	1	0	1	5
chr17	73269721	73273433	2	2	1	2	0	6
chr17	73457774	73945225	1	1	0	0	8	17
chr17	73494804	73494992	1	1	1	3	0	32
chr17	73512698	73512826	1	1	1	1	0	2
chr17	73564921	73565058	1	1	1	0	1	4
chr17	73565407	73566043	1	1	1	6	0	16
chr17	73586325	73587252	1	1	1	0	1	4
chr17	73620528	73620622	1	1	1	0	2	5
chr17	73626773	73626858	2	2	1	6	0	10
chr17	73657147	73657685	2	2	1	3	0	17
chr17	73659078	73661130	2	2	1	7	0	14
chr17	73663559	73664595	1	1	1	3	0	20
chr17	73664706	73667895	1	1	1	0	2	1
chr17	73664706	73689519	1	1	1	0	2	1
chr17	73774805	73774890	2	2	1	4	0	24
chr17	73775045	73775127	2	2	1	3	0	30
chr17	73775266	73775622	2	2	1	0	1	2
chr17	73775266	73775737	2	2	1	0	1	2
chr17	73815867	73816000	1	1	1	0	1	3
chr17	73894606	73894638	0	0	0	5	0	32
chr17	73895376	73895596	2	2	1	5	0	14
chr17	74037060	74039909	2	2	1	4	0	15
chr17	74042276	74043986	2	2	1	8	0	26
chr17	74085402	74086409	2	2	1	9	0	16
chr17	74096472	74957621	2	2	0	5	0	16
chr17	74340819	74344609	2	2	1	5	0	12
chr17	74344663	74349614	2	2	1	8	0	18
chr17	74382397	74382473	1	1	1	1	0	5
chr17	74389305	74389433	2	4	0	3	0	26
chr17	74396379	74396521	2	2	1	5	0	23
chr17	74397236	74398144	2	2	1	1	0	6
chr17	74512564	74616056	2	2	0	0	4	27
chr17	74559565	74560054	1	1	1	7	0	2
chr17	74625794	74633681	2	2	1	0	3	2
chr17	74676962	74681153	2	2	1	0	2	2
chr17	74703545	74833930	2	2	0	5	0	25
chr17	74731241	74732235	2	2	1	1	0	2
chr17	74733174	74734363	1	1	1	0	3	5
chr17	74869046	74878232	1	1	1	0	1	4
chr17	75138833	75139648	1	1	1	5	0	21
chr17	75195080	75195379	2	2	1	2	2	6
chr17	75211862	75212313	1	1	0	0	2	16
chr17	75211875	75212004	1	1	0	0	2	29
chr17	75211888	75212040	1	1	0	0	1	23
chr17	75211888	75212183	1	1	0	0	1	23
chr17	75212080	75212313	1	1	0	0	2	16
chr17	75212106	75212183	1	1	0	0	1	23
chr17	75212184	75212313	1	1	0	0	2	16
chr17	75212223	75212313	1	1	0	0	2	16
chr17	75382259	75383514	0	0	0	5	0	30
chr17	76034528	76187537	1	1	0	0	4	21
chr17	76061019	76063837	1	1	1	2	0	23
chr17	76079248	76082583	1	1	1	7	0	14
chr17	76164797	76166897	1	1	1	3	2	12
chr17	76183515	76187050	1	1	1	4	0	4
chr17	76201600	76201683	1	1	1	1	0	1
chr17	76340343	76343437	1	3	1	3	0	32
chr17	76688578	76694349	0	0	1	6	0	19
chr17	76746724	76747237	0	0	0	9	0	31
chr17	76774507	76866284	1	1	0	0	5	30
chr17	76795851	76798405	2	2	1	5	0	23
chr17	76809084	76809854	2	2	1	2	0	5
chr17	76812477	76812843	1	1	0	1	0	19
chr17	76973297	76975905	2	2	1	4	0	26
chr17	77078960	77079101	1	1	1	2	0	18
chr17	77080769	77081315	1	1	1	6	0	17
chr17	77081425	77081701	1	1	1	5	0	9
chr17	77092916	77093373	2	2	1	1	0	5
chr17	77893376	77898924	1	1	1	0	3	4
chr17	77974720	78001284	1	1	0	0	1	19
chr17	78015988	78504406	1	1	0	0	4	19
chr17	78015988	78890983	1	1	0	0	4	19
chr17	78032780	78039283	1	1	1	9	0	8
chr17	78082628	78083743	1	1	1	4	0	10
chr17	78109306	78109802	2	2	1	7	0	12
chr17	78110135	78111184	2	2	1	14	0	4
chr17	78188717	78188794	2	4	0	4	0	28
chr17	78195594	78196453	1	1	1	0	2	4
chr17	78201760	78210726	1	1	1	3	0	15
chr17	78220009	78220307	1	1	1	0	1	5
chr17	78223087	78225127	1	1	1	5	0	11
chr17	78247204	78261613	1	1	1	3	0	12
chr17	78282972	78286811	1	1	1	2	0	13
chr17	78289100	78289309	1	1	0	0	2	13
chr17	78599594	78617527	1	1	1	1	0	4
chr17	78681800	78704359	1	1	1	7	0	16
chr17	78796102	78796878	1	1	1	8	0	11
chr17	79084938	79391236	1	1	0	9	0	15
chr17	79173350	79173518	2	2	1	5	0	31
chr17	79213479	79214786	1	1	1	3	0	26
chr17	79234195	79244717	2	2	1	8	0	13
chr17	79257303	79258649	2	2	1	3	0	20
chr17	79410944	79411406	1	1	1	5	0	24
chr17	79430003	79430636	1	1	1	0	2	1
chr17	79477860	79477952	2	2	1	7	7	32
chr17	79478135	79478213	2	2	1	30	1	19
chr17	79478605	79478952	2	4	1	2	4	3
chr17	79478653	79478928	2	2	1	0	2	5
chr17	79479169	79479257	2	2	1	27	0	31
chr17	79479387	79479759	2	2	1	11	0	31
chr17	79514705	79516231	2	2	1	0	2	2
chr17	79540541	79540567	2	2	0	0	4	25
chr17	79556131	79563141	2	2	1	7	0	20
chr17	79632615	79633175	2	2	1	0	1	2
chr17	79653418	79654032	1	1	1	8	0	13
chr17	79660996	79661844	1	1	1	1	0	8
chr17	79661884	79661953	1	1	1	3	0	21
chr17	79663560	79663636	1	1	1	3	0	15
chr17	79670606	79671273	1	1	1	5	0	11
chr17	79671461	79671662	1	1	1	6	0	5
chr17	79671747	79673935	1	1	1	1	0	5
chr17	79674071	79674153	1	1	1	2	0	6
chr17	79684103	79684428	1	1	1	9	0	4
chr17	79686918	79687005	1	1	1	8	0	2
chr17	79697793	79784868	2	2	0	2	0	19
chr17	79769823	79770058	1	1	1	0	3	5
chr17	79782282	79782374	2	2	1	6	0	12
chr17	79804949	79805118	2	2	1	5	0	20
chr17	79813463	79817056	2	2	1	5	0	23
chr17	79827283	79827417	2	2	1	1	0	14
chr17	79827834	79828511	2	2	1	11	0	21
chr17	79834099	80056055	1	1	0	0	4	18
chr17	79846460	79847057	2	2	1	5	0	14
chr17	79866914	79867389	2	2	1	0	5	2
chr17	79870491	79871649	2	2	1	1	0	31
chr17	79881091	79885403	2	2	1	1	0	1
chr17	79890840	79891182	2	2	1	4	0	1
chr17	79911144	79912131	2	2	1	4	0	16
chr17	79912180	79913272	2	2	1	3	0	1
chr17	79924693	79926018	2	4	0	0	1	12
chr17	79952755	79953867	1	1	1	3	0	9
chr17	79977258	79977516	2	2	1	4	0	11
chr17	79991476	79991574	1	1	1	4	0	16
chr17	79993940	79994066	2	2	1	8	0	25
chr17	79994185	79994289	2	2	1	2	0	5
chr17	80016131	80016216	2	2	1	0	1	5
chr17	80017970	80018576	2	2	1	3	0	24
chr17	80018660	80018740	2	4	1	11	0	28
chr17	80018838	80019084	2	2	1	4	0	26
chr17	80020850	80021343	2	2	1	5	0	31
chr17	80022111	80022698	2	2	1	11	0	17
chr17	80036851	80036885	1	1	0	8	0	13
chr17	80037485	80038015	2	2	1	5	0	31
chr17	80038115	80038245	2	2	1	6	0	21
chr17	80038799	80039039	2	2	1	13	0	32
chr17	80039720	80039884	2	2	1	7	0	17
chr17	80040037	80040198	2	2	1	9	0	13
chr17	80040291	80040402	2	2	1	1	0	18
chr17	80040555	80040789	2	2	1	17	0	19
chr17	80040992	80041077	2	2	1	6	0	21
chr17	80041302	80041392	2	2	1	1	0	25
chr17	80041768	80041850	2	2	1	5	0	15
chr17	80042030	80042109	2	2	1	11	0	28
chr17	80042261	80042388	2	2	1	9	0	15
chr17	80042830	80042910	2	2	1	5	0	10
chr17	80043033	80043113	2	2	1	14	0	17
chr17	80043748	80044129	2	2	1	7	0	28
chr17	80044435	80044925	2	2	1	5	0	2
chr17	80045381	80045560	2	2	1	7	0	32
chr17	80045738	80045829	2	2	1	13	0	19
chr17	80045911	80045991	2	2	1	3	0	18
chr17	80046184	80046265	2	2	1	5	0	6
chr17	80046439	80046636	2	2	1	10	0	32
chr17	80046753	80046844	2	2	1	10	0	29
chr17	80047049	80047125	2	2	1	6	0	32
chr17	80047261	80047507	2	2	1	26	0	24
chr17	80048441	80048757	2	2	1	5	0	2
chr17	80048946	80049097	2	2	1	2	0	11
chr17	80049561	80050330	2	2	1	8	0	16
chr17	80050466	80050572	2	2	1	3	0	23
chr17	80050689	80050772	2	2	1	5	0	21
chr17	80050896	80051094	2	2	1	12	0	25
chr17	80053349	80054194	2	2	1	3	0	14
chr17	80054329	80055996	2	2	1	5	0	3
chr17	80107900	80108061	2	2	0	0	4	13
chr17	80108368	80108601	2	2	0	0	6	25
chr17	80137066	80141649	2	2	1	0	1	1
chr17	80152016	80153138	2	2	1	2	0	7
chr17	80201505	80201721	0	0	0	6	0	31
chr17	80212643	80212867	1	1	0	0	2	23
chr17	80212643	80212931	1	1	0	0	2	23
chr17	80223673	80231181	2	2	1	1	0	3
chr17	80249440	80250398	2	2	1	0	1	4
chr17	80361967	80363199	2	2	1	6	0	11
chr17	80405498	80407045	2	2	1	8	0	11
chr17	80408155	80408575	2	2	1	0	2	4
chr17	80544125	80544174	1	1	0	0	5	29
chr17	80544125	80544369	1	1	0	0	5	29
chr17	80544272	80544369	1	1	0	0	4	29
chr17	80591898	80603907	1	1	0	0	12	30
chr17	80591898	80675505	1	1	0	0	12	30
chr17	80616011	80617455	2	2	1	0	2	4
chr17	80680763	80684355	1	1	1	0	4	1
chr17	80680763	80684924	1	1	1	0	4	1
chr17	80710254	80714040	1	1	1	8	0	14
chr17	80726443	80730327	1	1	1	5	0	19
chr17	80739598	80755632	1	1	1	3	0	5
chr17	80758873	80763750	1	1	1	1	0	27
chr17	80785883	80786291	2	2	0	0	4	31
chr17	80853867	80858526	1	1	1	1	0	2
chr17	80963973	80964009	0	0	0	6	0	32
chr17	81050972	81052000	1	1	1	0	5	5
chr18	80454	84042	2	2	1	0	1	3
chr18	252613	254272	2	2	1	0	3	3
chr18	670868	671379	1	1	1	10	0	1
chr18	686009	688573	2	2	1	6	0	22
chr18	688609	690548	2	2	1	6	0	9
chr18	746052	747919	2	2	1	0	5	30
chr18	2673363	2674013	1	1	1	6	0	15
chr18	3456579	3457362	1	1	1	3	0	18
chr18	4753034	4753134	1	1	0	0	4	18
chr18	6046754	6080879	2	2	1	0	2	4
chr18	6961759	6961943	2	2	1	2	0	17
chr18	7246807	7439787	2	2	0	0	5	29
chr18	8720495	8777830	1	1	1	1	0	22
chr18	9119589	9122510	1	1	1	0	2	23
chr18	9124982	9126828	1	1	1	1	0	16
chr18	9294984	9339736	1	1	0	1	0	27
chr18	9614269	9615016	2	2	1	0	2	2
chr18	11325989	11520162	1	1	0	0	5	18
chr18	11867226	11868541	1	1	1	0	1	7
chr18	11876688	11880987	1	1	1	0	1	2
chr18	11883968	11894867	1	1	0	0	8	24
chr18	11981765	11999052	1	1	1	1	0	25
chr18	12264453	12277121	1	1	1	0	3	7
chr18	12308795	12325065	1	1	1	0	2	2
chr18	12449896	12452253	2	2	1	2	0	9
chr18	13053090	13055778	1	1	1	0	2	6
chr18	13072845	13073007	1	1	1	1	0	4
chr18	13423693	13425930	2	2	1	0	1	6
chr18	13746337	13752324	1	1	1	1	0	2
chr18	18562794	18564311	2	2	1	0	1	7
chr18	18572899	18586311	2	2	1	1	0	13
chr18	18854944	18857137	2	4	0	1	0	32
chr18	18975773	19762406	2	2	0	0	6	14
chr18	18983956	19019481	1	1	1	0	2	4
chr18	19029798	19030983	1	1	1	4	0	5
chr18	19085529	19085770	1	1	1	0	1	7
chr18	19127791	19133379	0	0	0	6	0	32
chr18	19203901	19209022	1	1	1	3	0	30
chr18	19379936	19383867	1	1	1	7	0	22
chr18	19399608	19418325	1	1	1	4	0	8
chr18	19762806	19762900	1	1	1	0	1	3
chr18	20513528	20516716	1	1	1	0	4	3
chr18	20520508	20521285	2	2	0	4	0	13
chr18	20571013	20572710	1	1	1	0	5	2
chr18	20705764	20730392	1	3	0	0	1	30
chr18	20794019	20832923	1	1	1	0	3	3
chr18	20936628	20945597	2	2	1	2	0	9
chr18	20948715	20951385	2	2	1	0	2	4
chr18	20966915	21092425	2	2	0	3	0	21
chr18	21095961	21096283	1	1	1	1	4	8
chr18	21172790	21689755	1	1	0	0	7	28
chr18	21481288	21482972	1	1	1	3	0	14
chr18	21484659	21485485	1	1	1	1	0	3
chr18	21494825	21495252	1	1	1	4	0	5
chr18	21752448	21759701	2	2	1	0	2	5
chr18	21883196	21888965	2	2	0	1	0	30
chr18	22025431	22028056	1	1	1	2	0	13
chr18	24414501	24418412	2	2	0	0	4	27
chr18	25591957	25593646	2	2	1	3	0	28
chr18	25727749	25756926	2	2	1	3	0	8
chr18	27557639	27575327	1	5	0	3	0	17
chr18	28588492	28598036	2	2	1	3	0	11
chr18	28666706	28667631	2	2	1	3	0	32
chr18	29111216	29115232	1	1	1	5	0	29
chr18	29539548	29539828	0	0	0	0	3	31
chr18	29622237	29625604	1	1	1	6	0	26
chr18	32192707	32192743	2	4	0	3	0	27
chr18	32919941	32920194	2	2	1	2	0	17
chr18	33736618	33738797	1	1	1	2	0	18
chr18	33739794	33739920	1	1	1	0	1	4
chr18	33992175	33995319	2	2	0	2	0	27
chr18	34398937	34408645	2	2	1	1	0	10
chr18	34409403	34424170	1	1	1	0	2	4
chr18	39623782	39629494	1	1	1	3	0	5
chr18	43324995	43711210	1	1	0	0	4	32
chr18	43417054	43417477	1	1	1	0	3	6
chr18	43671818	43675018	2	2	1	2	0	9
chr18	44589733	44595590	1	1	1	0	1	6
chr18	44593491	44595590	1	1	1	0	2	7
chr18	46342183	46606486	2	2	0	7	0	13
chr18	46729398	46729447	1	3	0	0	2	14
chr18	46918016	46920014	2	4	1	1	0	7
chr18	46944424	46956624	2	2	1	0	4	8
chr18	47016923	47017162	2	2	1	4	0	32
chr18	47017816	47017901	2	2	1	4	3	30
chr18	47018204	47018827	2	2	1	12	0	27
chr18	47323965	47329056	2	2	1	2	0	9
chr18	47340516	47340625	0	0	0	5	0	30
chr18	47485555	48112788	2	2	0	6	0	12
chr18	47810186	47810263	2	2	1	6	0	15
chr18	50912509	50918084	1	1	1	0	2	3
chr18	51715382	51731367	2	2	1	6	0	31
chr18	52927259	52928696	2	2	1	2	1	3
chr18	53018235	53068231	2	2	1	0	1	8
chr18	53070750	53128249	2	2	1	0	3	6
chr18	54547397	54591152	1	1	1	5	0	14
chr18	55274898	55276588	2	2	1	5	0	17
chr18	57363902	57364473	1	1	1	0	1	6
chr18	59954701	59958775	1	1	1	3	0	22
chr18	60293093	60334113	1	1	0	0	3	25
chr18	60572518	60582145	1	1	1	1	0	10
chr18	61022533	61022730	2	2	1	2	0	16
chr18	61074733	61077522	2	2	1	3	0	24
chr18	61383387	61387246	1	1	1	0	1	5
chr18	61442951	61449588	1	1	1	0	2	7
chr18	61652480	61653491	1	1	1	0	1	5
chr18	67817324	67817843	2	2	1	4	0	23
chr18	67947314	68018383	1	1	0	2	0	13
chr18	71825323	71825405	1	1	1	3	0	3
chr18	71825512	71825610	1	1	1	5	0	29
chr18	72167269	72168563	1	1	1	4	0	11
chr18	72672492	72672671	1	1	0	0	3	27
chr18	72924489	72924617	0	0	0	4	0	32
chr18	74092260	74153200	2	2	1	2	1	26
chr18	74778342	74817166	2	2	1	0	1	5
chr18	77456071	77457859	1	1	1	0	1	2
chr18	77685054	77690227	2	2	1	0	8	3
chr18	77737702	77748239	2	2	1	0	4	2
chr18	77746751	77748239	2	2	1	0	4	2
chr18	77891076	77893494	1	1	1	0	1	3
chr20	390670	398169	1	1	1	1	0	15
chr20	398575	399990	1	1	1	2	0	13
chr20	408137	409134	1	1	1	1	0	20
chr20	476447	478364	2	2	1	0	4	14
chr20	1350847	1350876	0	0	0	9	0	32
chr20	1435778	1436358	2	2	1	1	0	6
chr20	1436365	1438844	2	2	1	1	0	6
chr20	1445072	1447364	2	2	1	5	0	18
chr20	1532685	1558983	2	2	1	0	1	6
chr20	1552684	1558983	2	2	1	0	4	6
chr20	1586591	1592002	2	2	1	0	2	7
chr20	1896102	1902040	1	1	1	0	4	6
chr20	2082822	2083413	1	1	1	5	0	2
chr20	2443408	2443734	2	2	1	1	0	14
chr20	2444546	2446353	2	2	1	1	0	9
chr20	2633310	2633487	1	1	1	3	0	16
chr20	2633578	2633924	1	1	1	15	0	11
chr20	2634040	2635059	1	1	1	0	5	2
chr20	2634955	2635059	1	1	1	0	5	2
chr20	2635222	2635394	1	1	1	3	0	18
chr20	2636393	2636579	1	1	1	10	0	23
chr20	2636681	2637046	1	1	1	0	6	4
chr20	2637196	2637419	1	1	1	1	0	8
chr20	2637542	2637726	1	1	1	3	0	24
chr20	2637865	2638574	1	1	1	2	0	17
chr20	2730400	2730492	1	1	1	5	0	4
chr20	2841510	2841615	1	1	1	1	0	2
chr20	2841739	2841870	1	1	1	7	0	27
chr20	2844934	2845010	1	1	1	5	0	4
chr20	3010429	3802268	2	2	0	0	8	24
chr20	3014671	3093578	2	2	0	0	2	28
chr20	3027166	3027259	1	1	1	6	0	20
chr20	3027384	3028380	1	1	1	0	3	2
chr20	3052422	3052722	1	1	1	0	3	4
chr20	3181101	3183858	2	2	1	3	0	6
chr20	3209075	3209157	2	2	1	0	1	3
chr20	3211705	3211794	2	2	1	0	2	6
chr20	3734806	3735043	2	2	1	0	1	3
chr20	3740834	3748309	2	2	1	0	4	1
chr20	3759454	3759597	2	2	1	0	1	4
chr20	3777379	3778268	1	1	1	8	0	10
chr20	3838457	3841978	1	1	1	4	0	8
chr20	3842152	3842900	1	1	1	5	0	18
chr20	4200067	4244365	2	2	0	0	2	13
chr20	5002270	5118357	1	3	0	0	4	32
chr20	5090092	5093606	2	2	1	0	3	5
chr20	5096219	5098115	2	2	1	1	0	9
chr20	5099513	5100223	2	2	1	3	0	4
chr20	5413019	5413188	2	2	1	0	1	6
chr20	5585087	5591487	2	2	1	1	0	32
chr20	5948672	5953221	1	1	1	0	1	5
chr20	5974342	5974944	1	1	1	5	0	29
chr20	6012017	6012657	1	1	1	0	2	1
chr20	7982189	7990846	2	2	1	6	0	21
chr20	7990963	8000084	2	2	1	8	0	25
chr20	10177586	10349362	2	2	1	0	4	6
chr20	10627752	10628607	2	2	1	0	1	4
chr20	12259506	12264663	2	2	0	2	0	13
chr20	13740501	13747423	2	2	1	1	0	11
chr20	13753262	13755802	2	2	1	2	0	10
chr20	13755917	13756518	2	2	1	3	0	16
chr20	13775588	13779106	1	1	1	5	0	2
chr20	16470246	16541842	1	1	0	0	2	23
chr20	17505554	17511597	2	2	1	2	0	23
chr20	17550857	17581382	1	1	1	1	0	13
chr20	17606248	17607992	2	2	1	1	0	3
chr20	17949101	17949342	2	2	1	1	0	5
chr20	18054326	18081582	1	1	0	1	0	22
chr20	18462455	18464124	1	1	1	2	0	23
chr20	18774448	18774811	2	2	1	0	1	4
chr20	20493929	20501560	2	2	1	1	0	23
chr20	20516448	20517299	2	2	1	4	0	5
chr20	20527477	20539337	2	2	0	4	0	19
chr20	20618146	20620428	2	2	1	1	0	19
chr20	21209754	21213371	1	1	1	4	0	29
chr20	21284112	21306916	1	1	1	4	0	30
chr20	21307240	21309196	1	1	1	6	0	24
chr20	21311178	21311253	1	1	1	1	0	25
chr20	21336816	21337223	1	1	1	4	0	32
chr20	23858256	23860082	2	2	1	0	3	4
chr20	24718997	24759046	1	1	0	1	0	14
chr20	24938096	24939563	1	1	1	0	1	8
chr20	25259786	25260901	1	1	1	4	0	21
chr20	25270567	25271116	1	1	1	0	2	6
chr20	25470655	25470871	2	2	0	6	0	13
chr20	25612577	25614794	0	0	0	5	0	31
chr20	26180160	26189805	2	2	1	0	1	1
chr20	26180953	26189805	2	2	1	0	1	1
chr20	29628332	29631537	1	1	1	0	5	3
chr20	29631630	29632610	1	1	1	0	1	31
chr20	29640249	29640502	1	1	0	0	1	32
chr20	30115386	30125981	1	1	1	4	0	20
chr20	30137925	30142548	1	1	1	2	0	10
chr20	30154099	30156922	1	1	1	6	2	30
chr20	30359486	30363669	1	1	1	5	0	20
chr20	30723977	30729299	1	1	1	2	0	8
chr20	30729469	30729568	1	1	1	3	0	6
chr20	30738679	30742905	1	1	1	4	0	6
chr20	30742990	30745596	1	1	1	4	0	16
chr20	30747915	30749078	1	1	1	9	0	28
chr20	30816259	30818621	1	1	1	2	0	25
chr20	30878586	30884306	1	1	0	0	4	16
chr20	30881311	30884300	1	1	0	0	4	22
chr20	30904453	30904558	1	1	1	4	0	30
chr20	30956927	31015930	1	1	1	2	0	28
chr20	31016226	31017140	1	1	1	3	0	12
chr20	31115717	31172371	2	2	1	1	0	4
chr20	31164642	31164695	1	1	0	2	0	18
chr20	31175359	31189314	1	1	1	0	1	1
chr20	31368272	31369158	1	1	1	3	0	3
chr20	31374434	31375035	1	1	1	4	0	31
chr20	31469234	31525016	2	2	0	0	2	30
chr20	31516274	31525016	2	2	0	0	2	30
chr20	31623479	31624250	1	1	1	2	0	1
chr20	31672803	31673826	1	1	1	0	1	4
chr20	31813054	31814211	1	1	1	3	1	5
chr20	31935782	31937133	1	1	1	0	1	3
chr20	31981873	31982818	2	2	1	2	0	10
chr20	32041632	32064394	2	2	0	0	2	26
chr20	32224515	32228146	1	1	1	4	0	11
chr20	32246641	32247458	2	2	1	1	0	3
chr20	32265347	32266006	2	6	1	6	0	2
chr20	32376781	32377323	1	1	1	0	1	6
chr20	32399465	32436272	1	1	1	2	0	19
chr20	32440010	32441301	1	1	1	8	0	6
chr20	32581938	32619327	1	1	1	0	6	2
chr20	32661673	32663679	1	1	1	3	0	10
chr20	32684612	32685221	2	2	1	12	0	6
chr20	32848341	32850637	1	1	1	0	1	6
chr20	32868114	32868781	0	0	0	3	0	30
chr20	32868972	32873245	2	2	1	7	0	20
chr20	32873441	32878137	2	2	1	1	0	26
chr20	32879338	32880163	2	2	1	11	0	29
chr20	32880314	32881886	2	2	1	1	0	5
chr20	32981688	32996456	1	1	1	3	0	3
chr20	32981688	33000320	1	1	1	1	0	7
chr20	33114149	33122431	1	1	1	1	0	19
chr20	33176412	33203845	2	2	1	1	0	29
chr20	33533902	33539526	2	2	1	7	0	9
chr20	33587710	33588095	1	1	1	0	3	5
chr20	33594379	33595352	2	2	1	5	0	14
chr20	33609160	33622925	2	2	1	7	0	5
chr20	33632516	33637668	2	2	1	5	0	16
chr20	33719587	33722540	2	2	1	0	1	3
chr20	34051457	34053567	1	1	1	6	0	13
chr20	34053651	34053863	1	1	1	4	0	24
chr20	34143901	34143977	1	1	1	7	0	25
chr20	34144881	34144964	1	1	1	4	0	23
chr20	34214304	34214488	2	2	1	4	0	11
chr20	34214304	34214656	2	2	1	0	5	1
chr20	34218957	34219035	2	2	1	0	3	6
chr20	34220619	34220716	2	2	1	4	0	30
chr20	34243267	34246851	2	2	1	4	0	7
chr20	34265918	34293905	2	2	0	0	5	32
chr20	34284383	34285605	2	2	1	2	0	5
chr20	34285723	34286402	2	2	1	1	0	28
chr20	34287374	34287554	1	1	1	1	0	1
chr20	34287686	34288719	1	1	1	9	0	28
chr20	34292504	34292589	2	2	1	4	0	2
chr20	34301780	34302106	2	2	1	3	0	18
chr20	34302312	34304661	2	2	1	0	1	6
chr20	34312645	34312959	2	2	1	1	0	18
chr20	34314105	34316974	0	0	0	6	0	30
chr20	34314200	34314325	0	0	0	4	0	30
chr20	34317288	34317383	2	2	1	4	0	30
chr20	34320058	34326889	2	2	1	5	0	9
chr20	34414109	35310243	1	1	0	0	4	14
chr20	34489227	34502641	2	2	0	2	0	17
chr20	34824705	34827742	1	1	1	0	2	1
chr20	35155011	35155379	2	2	0	2	0	14
chr20	35235714	35295318	2	2	0	0	2	26
chr20	35444711	35445809	2	2	1	0	1	1
chr20	35453624	35614593	1	1	0	0	10	25
chr20	35526363	35526842	2	2	1	5	0	19
chr20	35533907	35539620	2	2	1	3	0	10
chr20	35562686	35563327	0	0	0	4	0	31
chr20	35582565	35586126	2	2	0	0	6	21
chr20	35629285	35629526	0	0	0	4	0	30
chr20	35629343	35629420	1	1	0	0	1	15
chr20	35672654	35675455	2	2	1	6	0	7
chr20	35684060	35684548	2	2	1	4	0	2
chr20	35690674	35693826	2	2	1	0	4	4
chr20	35833305	35835675	1	1	1	5	0	6
chr20	35852373	35854090	1	1	1	6	0	10
chr20	35860795	35862422	1	1	1	8	0	19
chr20	36431451	36468503	1	1	1	2	0	9
chr20	36665937	36668836	1	1	0	6	0	27
chr20	36948677	36952323	1	1	1	0	2	4
chr20	37049548	37049652	2	2	1	9	0	12
chr20	37049746	37050738	2	2	1	8	0	25
chr20	37524354	37529223	1	1	1	0	2	2
chr20	39690131	39704810	1	1	1	2	0	17
chr20	39708821	39709804	1	1	1	4	0	12
chr20	39792120	39792354	1	1	1	1	0	14
chr20	39796570	39797406	1	1	1	3	0	5
chr20	39797511	39797718	1	1	1	6	0	17
chr20	39798167	39798800	1	1	0	4	0	27
chr20	39801286	39801368	1	1	1	1	0	6
chr20	39802652	39802763	1	1	1	4	0	8
chr20	39802952	39803106	1	1	1	10	0	31
chr20	39867437	39868237	2	2	1	0	1	4
chr20	40044279	40045227	2	2	1	1	0	23
chr20	40045990	40049147	2	2	1	2	0	5
chr20	40080666	40117152	0	0	1	0	1	4
chr20	40180000	40246978	2	2	1	1	0	14
chr20	40183887	40184013	2	2	0	0	1	22
chr20	42088536	42088672	1	1	1	1	0	4
chr20	42088882	42089154	1	1	1	0	2	14
chr20	42162734	42162923	1	1	1	0	1	3
chr20	42295944	42302445	1	1	1	2	0	11
chr20	42340242	42341641	1	1	1	3	0	20
chr20	42872297	43194582	0	0	0	0	4	32
chr20	43132637	43133441	2	2	1	1	0	22
chr20	43154717	43163301	1	1	0	3	0	21
chr20	43275964	43551175	2	4	0	4	0	17
chr20	43374835	43378769	1	1	1	0	1	3
chr20	43516384	43530171	1	1	1	2	0	9
chr20	43545513	43547546	1	1	1	4	0	3
chr20	43623899	43625809	1	1	1	3	0	3
chr20	44050224	44052855	1	1	1	7	0	29
chr20	44243361	44259841	2	2	1	0	2	1
chr20	44413168	44565356	1	1	0	0	5	30
chr20	44669254	44669967	1	1	1	0	1	2
chr20	44785547	44922576	2	2	0	0	4	32
chr20	44983818	44985212	2	2	1	0	1	5
chr20	44987403	44993009	2	2	1	2	0	21
chr20	45021783	45022687	2	2	1	0	2	2
chr20	45047041	45323864	1	3	0	4	0	26
chr20	45867883	45874751	2	2	1	1	0	10
chr20	45923524	45927472	2	2	1	0	3	5
chr20	45976671	45985400	2	2	1	3	0	31
chr20	46101339	46357620	2	2	0	5	0	28
chr20	46268567	46268668	1	1	1	2	0	8
chr20	46291957	46292196	2	2	1	1	0	6
chr20	46313326	46318869	2	2	1	3	0	20
chr20	46386208	46414086	2	2	1	0	1	1
chr20	46386208	46414578	2	2	1	0	1	1
chr20	46988894	46993631	1	1	1	0	2	7
chr20	47246477	47363522	2	2	0	0	4	12
chr20	47309329	47317290	2	2	1	1	0	9
chr20	47452598	47460421	2	2	0	0	7	13
chr20	47582561	47585683	1	1	1	0	1	7
chr20	47675086	47679738	1	1	1	12	0	26
chr20	47683818	47685251	1	1	1	5	0	4
chr20	47689235	47691321	1	1	1	2	0	18
chr20	47706284	47707278	1	1	1	4	0	17
chr20	47845426	47846735	1	1	1	1	0	12
chr20	47895254	47895640	1	1	1	6	0	20
chr20	48084307	48433531	0	0	0	6	0	30
chr20	48273240	48330112	2	2	1	0	3	4
chr20	48357076	48692631	1	1	0	0	5	31
chr20	48688903	48774537	1	1	0	3	0	21
chr20	48747485	48760038	2	2	1	2	0	14
chr20	49185016	49191053	1	1	1	9	0	18
chr20	49195867	49196239	1	1	1	5	0	2
chr20	49209084	49209571	2	2	1	0	5	1
chr20	49232618	49236522	2	2	1	0	1	8
chr20	49434820	49446815	1	1	1	3	0	9
chr20	50256044	50273476	2	2	1	4	0	31
chr20	50290853	50292670	2	2	1	0	1	5
chr20	50492076	50495347	2	2	0	0	3	20
chr20	50660433	50759184	1	3	0	4	0	31
chr20	50806060	51113184	1	3	0	4	0	31
chr20	52007920	52026620	1	1	0	0	1	15
chr20	52774125	52774624	2	2	1	0	1	8
chr20	52831980	52835557	1	1	1	1	0	23
chr20	55049828	55052040	1	1	1	4	0	19
chr20	55204649	55206260	1	1	1	0	1	4
chr20	55451817	55457026	1	3	0	0	3	19
chr20	55966875	55967709	1	1	1	0	8	18
chr20	56846562	56847824	2	2	1	3	0	17
chr20	56885069	56886098	1	1	1	5	0	11
chr20	56993420	57009657	1	1	1	5	0	5
chr20	57248768	57251242	1	1	1	4	0	6
chr20	57430389	57466636	1	1	1	0	2	3
chr20	57484272	57484404	1	1	1	8	0	28
chr20	57484479	57484575	1	1	1	9	0	24
chr20	57484635	57484738	1	1	1	6	3	11
chr20	57485457	57485737	1	1	1	10	0	27
chr20	57572809	57576519	2	2	1	3	0	1
chr20	58517365	58517481	1	1	1	6	0	13
chr20	59940046	59940864	0	0	0	4	0	32
chr20	60885368	60885474	2	2	1	5	0	3
chr20	60886364	60886456	2	2	1	3	0	19
chr20	60889497	60889610	2	2	1	6	0	19
chr20	60902023	60902288	2	2	1	2	0	14
chr20	60905671	60905798	2	2	1	3	0	20
chr20	60911502	60911789	2	2	1	0	6	3
chr20	60911843	60911959	2	4	1	0	6	1
chr20	60911843	60912645	2	2	1	0	6	1
chr20	60927136	60927297	2	2	1	2	0	21
chr20	60962193	60962376	1	1	1	5	0	20
chr20	60962445	60962666	1	1	1	2	0	1
chr20	60962731	60962898	1	1	1	4	0	18
chr20	60962971	60963364	1	1	1	11	0	22
chr20	60966168	60966304	2	2	1	5	0	22
chr20	60969322	60969992	2	2	1	0	2	4
chr20	61291886	61292415	1	1	1	1	0	26
chr20	61300431	61303101	1	1	1	3	0	7
chr20	61438958	61439598	1	1	1	2	0	30
chr20	61441016	61441850	1	1	1	4	0	12
chr20	61908004	61909468	1	1	1	0	2	1
chr20	61908658	61909468	1	1	1	0	2	1
chr20	61910348	61912642	1	1	1	1	0	12
chr20	61915233	61916217	1	1	1	0	5	1
chr20	61917066	61917331	1	1	1	0	1	1
chr20	61944287	61944468	1	1	1	0	1	3
chr20	61959498	61959682	1	1	1	0	2	3
chr20	62093638	62093667	2	2	0	0	2	24
chr20	62152248	62152864	1	1	1	3	0	6
chr20	62152717	62152864	1	1	1	3	0	7
chr20	62165669	62166290	2	2	1	0	1	4
chr20	62190724	62191280	2	2	1	0	1	7
chr20	62198981	62199710	2	2	1	0	3	1
chr20	62234446	62236095	2	2	1	3	0	4
chr20	62238828	62239068	2	2	0	0	2	15
chr20	62238828	62240190	2	2	0	0	2	15
chr20	62239240	62240190	2	2	0	0	2	15
chr20	62239269	62239405	2	2	0	0	2	21
chr20	62239269	62239505	2	2	0	0	2	21
chr20	62239269	62239710	2	2	0	0	2	21
chr20	62239545	62240190	2	2	0	0	2	15
chr20	62239574	62239710	2	2	0	0	2	21
chr20	62316951	62317143	1	1	1	5	0	6
chr20	62321002	62321102	1	1	1	1	0	13
chr20	62328545	62328680	1	1	1	4	0	14
chr20	62337792	62338002	2	2	1	0	1	6
chr20	62338445	62339161	2	2	1	1	0	7
chr20	62338445	62339218	2	2	1	9	0	12
chr20	62340517	62364570	1	1	1	0	8	2
chr20	62349885	62350262	2	2	0	0	1	15
chr20	62358625	62358980	2	4	0	1	0	30
chr20	62365092	62366056	1	1	1	6	0	18
chr20	62372833	62373221	1	1	1	4	0	29
chr20	62500795	62505020	1	1	1	1	0	2
chr20	62544209	62544247	2	2	0	5	0	25
chr20	62572397	62572488	2	2	0	1	0	14
chr20	62577076	62577157	2	2	1	1	0	2
chr20	62577997	62587612	2	2	1	2	0	8
chr20	62589263	62590862	0	0	0	5	0	31
chr20	62593358	62593625	2	2	1	5	0	8
chr20	62593728	62593939	2	2	1	2	0	2
chr20	62595745	62595842	2	2	1	3	0	9
chr20	62596174	62596259	2	2	0	0	7	23
chr20	62596174	62596345	2	2	0	0	7	23
chr20	62596174	62596735	2	2	0	0	7	23
chr20	62596174	62597002	2	2	0	0	7	23
chr20	62596174	62597226	2	2	0	0	7	23
chr20	62596521	62596735	2	2	0	0	7	23
chr20	62596521	62597002	2	2	0	0	7	23
chr20	62596521	62597226	2	2	0	0	7	23
chr20	62598135	62598228	2	2	1	9	0	18
chr20	62641672	62642637	1	1	1	4	0	21
chr20	62642857	62648075	1	1	1	2	0	5
chr20	62657412	62658334	1	1	1	3	0	12
chr20	62659090	62659830	1	1	1	7	0	13
chr20	62891626	62895781	1	1	1	4	0	22
chrY	155537	157314	1	1	1	0	10	11
chrY	174548	178085	2	2	1	0	4	26
chrY	253041	253661	2	2	0	0	3	13
chrY	334199	841603	2	2	0	0	5	20
chrY	334206	710449	1	1	0	0	5	27
chrY	518757	1324510	2	2	0	0	4	18
chrY	1414328	1417323	1	1	1	0	2	7
chrY	1458621	1460791	2	2	1	0	1	13
chrY	1485356	1485377	1	3	0	0	3	16
chrY	1663118	1664276	1	1	1	0	2	26
chrY	2480260	2483856	1	1	1	0	1	18
chrY	2594415	2606240	1	1	1	0	11	24
chrY	13815173	13833846	1	1	0	1	0	20
chrY	14821477	14832521	1	1	1	0	1	3
chrY	15057832	15057932	0	0	1	0	3	5
chrY	18403204	18412299	2	2	0	0	3	17
chrY	18820571	18853484	2	2	0	1	0	17
chrY	20442236	20443131	0	0	1	0	3	4
chrY	20630183	20630269	2	2	1	0	3	7
chrY	21013900	21013986	1	1	1	0	3	7
chrY	21629274	21635790	0	0	1	3	0	1
chrY	24330391	24331381	0	0	1	0	2	4
chrY	26066272	26067397	0	0	1	1	1	4
chrY	26234127	26236271	2	2	1	0	3	4
chrY	58983692	58988127	2	2	0	0	6	22
chrY	59354817	59354993	1	1	1	0	4	3
chrY	59355211	59355369	1	1	1	0	2	1
chr19	199033	199174	2	2	1	0	2	12
chr19	471979	627384	2	2	0	0	4	20
chr19	581592	582305	1	1	1	4	0	26
chr19	582331	582513	1	1	1	1	0	20
chr19	582583	582749	1	1	1	6	0	25
chr19	643339	643409	1	1	1	0	2	1
chr19	650297	651610	2	2	1	5	0	17
chr19	734195	736018	1	1	1	0	1	1
chr19	735111	736018	1	1	1	0	1	1
chr19	799444	803560	1	1	1	4	0	17
chr19	807903	808359	1	1	1	13	0	26
chr19	853033	853261	1	1	1	0	1	3
chr19	885009	885769	2	2	1	5	0	12
chr19	990365	990851	1	1	1	6	0	16
chr19	991146	991226	1	1	1	0	6	1
chr19	991146	991233	1	1	1	0	6	1
chr19	991702	991722	2	4	0	2	2	22
chr19	1011663	1011739	2	2	1	7	0	12
chr19	1012188	1012461	2	2	1	5	0	28
chr19	1053531	1053786	1	1	1	4	0	4
chr19	1089551	1089882	2	2	1	3	0	17
chr19	1090145	1090906	2	2	1	2	0	16
chr19	1106459	1106571	1	1	1	0	1	1
chr19	1220505	1220579	1	1	1	1	0	21
chr19	1220717	1221211	1	1	1	3	0	28
chr19	1226663	1227591	1	1	1	2	0	2
chr19	1235342	1235499	2	2	1	9	0	3
chr19	1269410	1270865	1	1	1	6	0	11
chr19	1274440	1274647	1	1	1	3	0	14
chr19	1367220	1369263	1	1	1	2	0	3
chr19	1383637	2061393	1	1	0	6	0	13
chr19	1387847	1388523	1	1	1	5	0	17
chr19	1388593	1388831	1	1	1	1	0	19
chr19	1417540	1418202	1	1	1	5	0	6
chr19	1418370	1418664	1	1	1	2	0	1
chr19	1421258	1422346	1	1	1	10	0	16
chr19	1430344	1430366	1	1	0	2	0	18
chr19	1432690	1434735	1	1	1	1	0	24
chr19	1438428	1438805	1	1	1	3	1	19
chr19	1438892	1440017	1	1	1	8	5	30
chr19	1438892	1440024	1	1	1	0	5	1
chr19	1440253	1440347	1	1	1	0	5	22
chr19	1482475	1483282	2	2	1	0	2	6
chr19	1506308	1506737	2	2	1	0	8	3
chr19	1507405	1507543	2	2	1	1	5	2
chr19	1540079	2119877	1	1	0	4	0	18
chr19	1578158	1578333	2	2	1	9	0	19
chr19	1598215	1599410	2	2	1	3	0	11
chr19	1619234	1619314	2	2	1	6	0	15
chr19	1619853	1620966	2	2	1	5	0	32
chr19	1621046	1621131	2	2	1	3	5	13
chr19	1621191	1621836	2	2	1	6	0	22
chr19	1621970	1622052	2	2	1	13	0	29
chr19	1622223	1622311	2	2	1	14	0	23
chr19	1624000	1625574	2	2	1	5	0	11
chr19	1811884	1812184	2	2	1	1	0	6
chr19	1816813	1817217	2	2	1	4	0	20
chr19	1852450	1853190	1	3	1	0	7	1
chr19	1959303	1968789	1	1	1	0	1	2
chr19	1969959	1978303	1	1	1	1	0	20
chr19	1978750	1978857	1	1	1	1	0	14
chr19	1979835	1979909	1	1	1	2	0	20
chr19	1980017	1980147	1	1	1	4	0	1
chr19	2037366	2088624	2	2	0	3	0	17
chr19	2037829	2040132	2	2	1	4	0	4
chr19	2050947	2051216	2	2	1	1	1	3
chr19	2080607	3049975	2	2	0	0	4	32
chr19	2092560	2096188	0	0	0	5	0	30
chr19	2102268	2108685	2	2	1	0	1	6
chr19	2114821	2115217	2	2	1	3	0	6
chr19	2116278	2116603	2	2	1	2	0	13
chr19	2121092	2121161	2	2	1	8	0	16
chr19	2130537	2132469	2	2	1	6	0	4
chr19	2132578	2137009	2	2	1	3	0	18
chr19	2220222	2221974	1	1	1	2	0	17
chr19	2222559	2223279	1	1	1	7	0	14
chr19	2233397	2233529	2	2	1	0	1	1
chr19	2234061	2234148	2	2	1	4	0	17
chr19	2234061	2235760	2	2	1	0	2	4
chr19	2235990	2236153	2	2	1	11	0	24
chr19	2249744	2250650	1	1	1	0	2	2
chr19	2250479	2250650	1	1	1	0	2	2
chr19	2271954	2272733	1	1	1	4	0	15
chr19	2339208	2339822	1	1	1	5	0	2
chr19	2343291	2343962	1	1	1	2	0	4
chr19	2425492	2425924	1	1	1	7	0	1
chr19	2427323	2427411	2	2	1	5	0	25
chr19	2430951	2431545	2	2	1	6	0	23
chr19	2679191	2903856	1	1	0	0	6	16
chr19	2733484	2737045	2	2	1	2	0	3
chr19	2769090	2783230	2	2	1	2	0	5
chr19	2770078	2782579	2	2	0	4	0	25
chr19	2794911	2796078	1	1	1	5	0	10
chr19	2796187	2799686	1	1	1	5	0	11
chr19	2807807	2808240	1	1	1	12	0	31
chr19	2810661	2813493	1	1	1	0	3	2
chr19	2890605	2897467	2	2	0	0	5	25
chr19	2968794	3198402	1	1	0	0	4	31
chr19	2978283	2980097	1	1	1	0	4	5
chr19	2997761	3019409	2	4	1	0	1	2
chr19	3094786	3110146	1	1	1	8	0	9
chr19	3110332	3113327	1	1	1	2	0	14
chr19	3113483	3114941	1	1	1	5	0	4
chr19	3182926	4096003	2	2	0	1	4	26
chr19	3182940	3379924	2	2	0	0	4	17
chr19	3207468	3207626	1	1	1	11	0	8
chr19	3422005	3484323	1	3	0	0	2	23
chr19	3491810	3492259	2	2	1	5	0	11
chr19	3516321	3516639	1	1	0	4	0	14
chr19	3531815	3531908	1	1	1	3	0	26
chr19	3534512	3534792	1	1	1	0	3	1
chr19	3534521	3534792	1	1	1	0	3	1
chr19	3548266	3550981	2	2	1	0	4	4
chr19	3566904	3742789	2	2	0	0	3	30
chr19	3573799	3574380	1	1	1	4	2	15
chr19	3574585	3575537	1	1	1	3	0	7
chr19	3614588	3618872	2	2	1	1	0	18
chr19	3751552	3752505	2	2	1	4	0	1
chr19	3792655	3815892	1	1	0	1	0	24
chr19	3855558	3856957	2	2	1	0	4	5
chr19	3886254	4774673	2	2	0	0	6	21
chr19	3938668	3938704	1	1	1	0	2	2
chr19	3963668	3963868	2	2	1	3	0	11
chr19	3963918	3964241	2	2	1	3	0	5
chr19	3976299	3978025	2	4	1	0	1	2
chr19	3976746	3977212	2	2	1	3	0	22
chr19	3977609	3977816	2	2	1	8	0	16
chr19	3978171	3979326	2	2	1	13	0	24
chr19	3979435	3979805	2	2	1	40	0	26
chr19	3980065	3980511	2	2	1	3	0	15
chr19	3980708	3980838	2	2	1	4	0	4
chr19	3980978	3981336	2	2	1	21	0	30
chr19	3981451	3981944	2	2	1	4	5	10
chr19	3982051	3982243	2	2	1	18	0	31
chr19	3982423	3982804	2	2	1	3	0	7
chr19	3983017	3983107	2	2	1	7	0	15
chr19	3983290	3984133	2	2	1	7	0	23
chr19	3984349	3985375	2	2	1	11	0	22
chr19	3999852	4070060	2	2	0	0	9	21
chr19	4024119	4028143	1	1	1	2	0	28
chr19	4028186	4028507	1	1	1	7	0	18
chr19	4028599	4028717	1	1	1	2	0	12
chr19	4110654	4117416	2	2	1	0	3	11
chr19	4151214	4843706	1	1	0	8	0	21
chr19	4275434	4312676	2	2	0	0	5	22
chr19	4306067	4306194	1	1	1	1	0	14
chr19	4362383	4362608	2	2	1	1	0	20
chr19	4363876	4364084	2	2	1	2	1	30
chr19	4364118	4365569	2	2	1	0	1	2
chr19	4422793	4423331	1	1	1	1	0	28
chr19	4442339	4442921	1	1	1	9	0	24
chr19	4443898	4444130	2	4	0	7	0	19
chr19	4447623	4448314	2	2	1	0	1	4
chr19	4493860	4493978	1	1	1	4	0	18
chr19	4494473	4496298	1	1	1	1	0	32
chr19	4498913	4499487	1	1	1	6	0	29
chr19	4499602	4501680	1	3	1	0	1	8
chr19	4499717	4501202	1	1	1	7	0	22
chr19	4573533	4574125	2	4	0	3	0	31
chr19	4909668	4910887	1	1	1	0	1	4
chr19	4910259	4910887	1	1	1	1	1	5
chr19	4941641	4941756	1	1	1	0	3	5
chr19	4947224	4950622	1	1	1	0	6	27
chr19	4951009	4954361	1	1	1	0	8	23
chr19	5110830	5119128	1	1	1	3	0	26
chr19	5138571	5326600	1	1	0	0	3	25
chr19	5211780	5211975	2	2	1	3	0	16
chr19	5215424	5215508	2	2	1	2	0	26
chr19	5222232	5222699	2	2	1	0	1	4
chr19	5229696	5231320	2	2	1	2	0	12
chr19	5244494	5245786	2	2	1	1	0	2
chr19	5277542	5305825	2	2	0	1	0	29
chr19	5394358	5458432	1	1	0	0	3	25
chr19	5587992	5590288	2	2	1	4	0	24
chr19	5623406	5626415	1	1	1	8	0	18
chr19	5626501	5641604	1	1	1	7	0	13
chr19	5641670	5641750	1	1	1	4	0	9
chr19	5667462	5667830	1	1	1	2	0	7
chr19	5690339	5690516	1	1	1	12	0	10
chr19	5690612	5691329	1	1	1	2	0	27
chr19	5699217	5700799	2	2	1	7	0	13
chr19	5707155	5707707	2	2	1	3	0	25
chr19	5707838	5708352	2	2	1	4	0	9
chr19	5720820	5724818	1	1	1	0	1	6
chr19	5724323	6337936	2	2	0	0	4	13
chr19	5757557	6337936	2	2	0	0	4	13
chr19	5772440	6166527	1	1	0	4	0	22
chr19	5785523	5785613	2	2	1	0	2	6
chr19	5787373	5787599	2	2	1	1	0	14
chr19	5894866	5896463	2	2	1	2	0	26
chr19	5917992	5918506	2	2	1	2	0	8
chr19	5918650	5921211	2	2	1	0	15	4
chr19	5925749	5927978	2	2	1	1	0	31
chr19	6144258	6337936	2	2	0	0	4	13
chr19	6270771	6279783	2	2	1	1	0	4
chr19	6373036	6374213	1	1	1	0	3	1
chr19	6381207	6381369	2	2	1	2	0	18
chr19	6381490	6381564	2	2	1	2	0	17
chr19	6413561	6415390	2	2	1	0	3	4
chr19	6415171	6452470	1	1	0	1	0	15
chr19	6415746	6415818	2	2	1	1	0	1
chr19	6416419	6416500	2	2	1	1	0	8
chr19	6417853	6417991	2	2	1	1	0	29
chr19	6418593	6418712	2	2	1	7	0	13
chr19	6419272	6420083	2	2	1	7	0	22
chr19	6420483	6421288	2	2	1	18	0	30
chr19	6430173	6430531	2	2	1	0	1	5
chr19	6458336	6459483	2	2	1	2	0	24
chr19	6684846	6684998	2	2	1	1	0	26
chr19	6696671	6697354	2	2	1	3	0	12
chr19	6713521	6714002	2	2	1	2	0	11
chr19	6718176	6718257	2	2	1	6	0	14
chr19	6718424	6719221	2	2	1	3	0	13
chr19	6821871	6822231	1	1	1	0	1	6
chr19	6920485	6930904	2	2	0	0	2	27
chr19	7308339	7628970	1	1	0	0	4	21
chr19	7671458	7671662	1	1	1	0	1	1
chr19	7689332	7690765	2	2	1	5	0	18
chr19	7704694	7705616	1	1	1	0	3	4
chr19	7996347	7997511	2	2	0	4	0	24
chr19	7997637	7997724	2	2	1	5	0	6
chr19	7999124	7999949	2	2	1	6	0	21
chr19	8041827	8557395	2	4	0	0	4	32
chr19	8153064	8154428	2	2	1	0	1	4
chr19	8159450	8160258	2	2	1	1	0	4
chr19	8386976	8387155	1	1	1	2	1	24
chr19	8398693	8398793	2	2	1	3	0	7
chr19	8429436	8429505	1	1	1	0	1	5
chr19	8486901	8491492	1	1	1	0	3	4
chr19	8509996	8520288	1	1	1	3	0	32
chr19	8520459	8527412	1	1	1	2	0	10
chr19	8527466	8528380	1	1	1	2	0	1
chr19	8531273	8532418	1	1	1	8	0	29
chr19	8533719	8536209	1	1	1	7	0	23
chr19	8536312	8538547	1	1	1	2	0	11
chr19	8538593	8539050	1	1	1	16	0	32
chr19	8650193	8650339	2	2	1	5	0	5
chr19	8966817	8968879	2	2	1	2	0	10
chr19	8969428	8971675	2	2	1	0	1	7
chr19	8973617	8982156	2	2	1	0	2	7
chr19	9012536	9012773	2	2	1	6	0	20
chr19	9014705	9015317	2	2	1	0	3	2
chr19	9017519	9018132	2	2	1	0	3	2
chr19	9041457	9992887	1	1	0	0	4	31
chr19	9080556	9082339	2	2	1	4	0	29
chr19	9166030	9175985	1	1	0	0	2	29
chr19	9268071	9269501	1	1	1	0	2	7
chr19	9347138	9386595	1	1	0	1	0	25
chr19	9608892	9609213	2	2	1	0	2	4
chr19	9710609	9919204	2	2	0	0	5	23
chr19	9842053	9842543	1	3	1	1	0	16
chr19	9878617	10222640	1	1	0	6	0	26
chr19	9938661	9939002	1	1	1	5	0	1
chr19	9946079	9948687	1	1	1	0	7	1
chr19	9946079	9949111	1	1	1	0	7	1
chr19	9959872	9960208	1	1	1	3	1	5
chr19	9977221	9978170	1	3	0	4	0	28
chr19	10181055	10181310	1	1	1	0	2	2
chr19	10219691	10220135	1	3	0	4	0	22
chr19	10220923	10220999	1	1	1	2	0	16
chr19	10225806	10226154	2	2	1	2	0	15
chr19	10229633	10229763	2	2	1	1	0	16
chr19	10229848	10230329	2	2	1	2	0	8
chr19	10246964	10247760	2	2	1	1	0	6
chr19	10249282	10250351	2	2	1	1	2	9
chr19	10250494	10250721	2	2	1	1	1	19
chr19	10251866	10252703	2	2	1	3	0	4
chr19	10259694	10260128	2	2	1	1	0	11
chr19	10267186	10270333	2	2	1	2	0	21
chr19	10270444	10270517	2	2	1	5	0	12
chr19	10279041	10283765	2	2	1	3	0	25
chr19	10283851	10284546	2	2	1	5	0	15
chr19	10284582	10286215	2	2	1	5	0	15
chr19	10286295	10287967	2	2	1	2	0	3
chr19	10362987	10363072	1	1	1	4	0	3
chr19	10363140	10363226	1	1	1	2	0	5
chr19	10401993	10402164	1	3	1	0	1	1
chr19	10431936	10432206	2	2	1	4	0	19
chr19	10434243	10439317	2	2	1	4	0	24
chr19	10503834	10503934	2	2	1	2	0	17
chr19	10506880	10514053	2	2	1	18	0	20
chr19	10655807	10657514	1	1	1	7	0	27
chr19	10655807	10659579	1	1	1	0	3	1
chr19	10657930	10659579	1	1	1	0	3	1
chr19	10668359	10668444	2	2	1	1	0	29
chr19	10670385	10670485	2	2	1	8	0	21
chr19	10671942	10672342	2	2	1	1	0	4
chr19	10672393	10672466	2	2	1	1	0	11
chr19	10735192	11345005	0	0	0	0	4	30
chr19	10776515	11083002	2	2	0	0	6	32
chr19	10776515	11173625	2	2	0	0	6	32
chr19	10776515	11268086	2	2	0	0	6	32
chr19	10776515	11330860	2	2	0	0	6	32
chr19	10776515	11370489	2	2	0	0	6	32
chr19	10776586	10776689	0	0	0	7	0	32
chr19	10782212	10787838	1	1	1	10	0	19
chr19	10789381	10789772	1	1	1	5	0	21
chr19	10789869	10790491	1	1	1	8	0	18
chr19	10790604	10791021	1	1	1	15	0	18
chr19	10792006	10792668	1	1	1	4	0	28
chr19	10798385	10799225	1	1	1	4	0	8
chr19	10799355	10799854	1	1	1	4	0	14
chr19	10923054	10930655	1	1	1	5	0	30
chr19	11031425	11031509	1	1	1	0	1	1
chr19	11087513	11988694	2	2	0	0	6	25
chr19	11087513	12073013	2	2	0	0	6	25
chr19	11096082	11096864	1	1	1	0	1	2
chr19	11107221	11107895	1	1	0	1	0	23
chr19	11107221	11113704	1	1	1	8	0	29
chr19	11218191	11221327	1	1	1	8	0	19
chr19	11221448	11222189	1	1	1	8	0	16
chr19	11224126	11224210	1	1	1	5	0	2
chr19	11240347	11241962	1	1	1	0	1	3
chr19	11248092	11258545	2	2	1	0	1	5
chr19	11344043	11346273	2	2	1	4	0	30
chr19	11346436	11347021	2	2	1	6	0	18
chr19	11453797	11455927	2	2	1	5	0	6
chr19	11493659	11493772	2	2	1	1	1	5
chr19	11546528	11546861	1	1	1	1	0	10
chr19	11546532	11546861	1	1	1	0	1	3
chr19	11552173	11553200	1	1	1	2	0	18
chr19	11557166	11557888	1	1	1	0	8	1
chr19	11557976	11558253	1	1	1	9	0	27
chr19	11558413	11558507	1	1	1	1	0	5
chr19	11558605	11559036	1	1	1	1	0	20
chr19	11559991	11560080	1	1	1	5	0	18
chr19	11664626	11664825	2	2	1	0	2	3
chr19	11758469	11886537	1	1	0	0	4	20
chr19	11913892	11963419	1	1	0	0	1	27
chr19	11921179	11963419	1	1	0	0	1	27
chr19	12057974	12057998	2	2	0	2	0	20
chr19	12336095	12337186	2	2	1	1	0	5
chr19	12466718	12484259	1	1	0	0	1	28
chr19	12639511	12652238	2	2	1	0	4	3
chr19	12639511	12661276	2	2	1	0	4	3
chr19	12649213	12652602	1	1	0	1	0	28
chr19	12759217	12759949	2	2	1	1	0	11
chr19	12760829	12760917	2	2	1	4	0	21
chr19	12763275	12766507	2	2	1	0	1	3
chr19	12766694	12767384	2	2	1	5	0	7
chr19	12774650	12775605	2	2	1	2	0	21
chr19	12779432	12779941	2	2	1	7	0	7
chr19	12802269	12805407	2	2	1	4	0	30
chr19	12810582	12810701	1	5	0	4	0	23
chr19	12814616	12816053	2	2	1	6	0	30
chr19	12814968	13642831	1	1	0	0	4	28
chr19	12822428	12825634	2	2	1	3	0	18
chr19	12824748	12918649	1	1	0	0	3	32
chr19	12826554	12829842	2	2	1	6	1	14
chr19	12834180	12834582	2	2	1	3	0	30
chr19	12907705	12907836	1	1	0	6	0	28
chr19	12912085	12912553	2	2	1	2	0	10
chr19	12927318	13222886	2	2	0	5	0	32
chr19	12955903	12965831	1	1	0	0	1	21
chr19	12963210	12969175	1	1	1	3	0	23
chr19	12991695	12991785	2	2	1	5	0	2
chr19	13035341	13035452	2	2	1	3	0	11
chr19	13035622	13035717	2	2	1	1	0	6
chr19	13039272	13039348	2	2	1	2	0	8
chr19	13041156	13041242	2	2	1	3	0	19
chr19	13049585	13049947	1	1	1	10	0	23
chr19	13050446	13050866	1	1	1	4	0	17
chr19	13051702	13054350	1	1	1	4	0	7
chr19	13059367	13059499	1	1	1	5	0	26
chr19	13059974	13060088	1	1	1	8	0	2
chr19	13216421	13218387	2	2	1	0	1	1
chr19	13218465	13218564	2	2	1	1	0	8
chr19	13220281	13220363	2	2	1	0	1	6
chr19	13229269	13246013	1	1	1	6	0	7
chr19	13247220	13248084	1	1	1	4	0	20
chr19	13255301	13255390	2	2	1	0	1	2
chr19	13256210	13260526	2	2	1	0	1	1
chr19	13358277	14115090	1	1	0	0	7	18
chr19	13363916	13365908	2	2	1	0	1	1
chr19	13768407	14107649	2	4	0	0	8	28
chr19	13868661	13869681	1	1	1	1	0	4
chr19	13870087	13873112	1	1	1	1	0	17
chr19	13879863	13882934	1	1	1	1	0	3
chr19	14038844	14038936	1	1	1	2	0	14
chr19	14040256	14040346	1	1	1	4	0	31
chr19	14065474	14066723	1	1	1	3	0	16
chr19	14074559	14074669	2	2	1	1	0	27
chr19	14105223	14106072	0	0	0	4	0	31
chr19	14199595	14199691	2	2	1	1	0	9
chr19	14263035	14263120	2	2	1	0	7	6
chr19	14277843	14281493	2	2	1	0	2	4
chr19	14501892	14502202	1	1	1	1	0	4
chr19	14508748	14508873	1	1	1	0	5	11
chr19	14519765	14519848	2	2	1	1	0	4
chr19	14520458	14520553	2	2	1	4	0	7
chr19	14521147	14521800	2	2	1	3	0	30
chr19	14521985	14522317	2	2	1	6	0	21
chr19	14562836	14574478	1	1	0	2	0	20
chr19	14568953	14569043	1	1	1	8	0	4
chr19	14578606	14578687	1	1	1	4	0	12
chr19	14585150	14586073	2	2	1	0	3	3
chr19	14627859	14628950	2	2	1	1	0	19
chr19	14674716	14674793	1	1	1	2	1	7
chr19	14675671	14675877	1	1	1	4	0	10
chr19	14676103	14676429	1	1	1	0	1	12
chr19	14676476	14676555	1	1	1	1	4	12
chr19	14677078	14677576	2	2	1	0	5	5
chr19	14865940	14867049	2	2	1	0	5	7
chr19	14876210	14876335	2	2	1	0	5	11
chr19	15228784	15229976	2	2	0	2	0	13
chr19	15233616	15236466	2	2	1	0	2	6
chr19	15291068	15291491	2	2	1	0	1	1
chr19	15348497	15348662	1	3	0	2	0	23
chr19	15350076	15350202	2	2	1	2	0	30
chr19	15350633	15350720	2	2	1	6	0	12
chr19	15355412	15355520	2	2	1	3	0	15
chr19	15367985	15374230	2	2	1	1	0	10
chr19	15374360	15375214	2	2	1	2	0	32
chr19	15376455	15378226	2	2	1	8	0	22
chr19	15383945	15443100	2	2	1	6	0	21
chr19	15473063	15479045	2	2	1	4	0	27
chr19	15479134	15480956	2	2	1	3	0	14
chr19	15491424	15507960	2	2	1	3	0	11
chr19	15508437	15508524	2	2	1	4	0	31
chr19	15512415	15514285	2	2	1	0	5	2
chr19	15541994	15543244	2	2	1	5	4	7
chr19	15569467	15571013	2	2	1	0	8	3
chr19	15571933	15572028	2	2	1	1	0	6
chr19	15579564	15580442	2	2	1	0	1	3
chr19	15754862	15757861	1	1	1	3	0	6
chr19	15865814	15917767	2	2	0	0	2	16
chr19	16197351	16198836	1	1	1	5	0	8
chr19	16200864	16231949	2	2	0	0	5	26
chr19	16204409	16204493	1	1	1	3	0	21
chr19	16296328	16296434	1	1	1	1	0	18
chr19	16536128	16539512	2	2	1	7	0	17
chr19	16630164	16630431	2	2	1	5	0	17
chr19	16630527	16630959	2	2	1	1	0	24
chr19	16632466	16633862	2	2	1	1	0	20
chr19	16641486	16641579	2	2	1	6	0	21
chr19	16643561	16643821	2	2	1	1	0	11
chr19	16673803	16675394	1	1	0	0	1	12
chr19	16741371	16757930	2	2	1	0	1	1
chr19	16764937	16766048	2	2	1	0	4	5
chr19	16786300	16786924	2	4	0	4	0	18
chr19	16861223	16870035	1	1	1	0	1	3
chr19	16942459	16952578	1	1	1	3	0	25
chr19	16963970	16964953	1	1	1	3	0	23
chr19	17267849	17270204	1	1	1	5	0	14
chr19	17268523	17278730	2	2	1	0	6	6
chr19	17270295	17273159	1	1	1	4	0	27
chr19	17306283	17308600	1	1	1	1	0	6
chr19	17416767	17416974	1	1	1	4	0	25
chr19	17438155	17438246	2	2	1	0	3	2
chr19	17448079	17448816	1	1	1	0	2	6
chr19	17448474	17448816	1	1	1	1	0	26
chr19	17449836	17449931	1	1	1	3	0	22
chr19	17471642	17476094	2	2	1	0	1	4
chr19	17535894	17536079	2	2	0	3	0	15
chr19	17612229	17615263	1	1	1	10	0	22
chr19	17951151	17952197	2	2	1	6	0	28
chr19	17972132	17972186	2	4	0	0	1	15
chr19	17972282	17972902	1	1	1	4	2	17
chr19	17973033	17973726	1	1	1	1	0	20
chr19	17973837	17973979	1	1	1	5	4	29
chr19	17985541	17986760	1	1	1	0	3	3
chr19	18019419	18038681	2	2	0	0	4	25
chr19	18136793	18136817	1	3	0	1	0	31
chr19	18264105	18266266	1	1	1	1	0	20
chr19	18272306	18272775	1	1	1	0	3	7
chr19	18274199	18276969	1	1	1	1	0	24
chr19	18426876	18433827	2	2	1	4	0	6
chr19	18538793	18541650	1	1	1	0	1	6
chr19	18543694	18543782	1	1	1	1	0	23
chr19	18545928	18546075	2	2	1	1	0	6
chr19	18546732	18546841	2	2	1	4	0	23
chr19	18562459	18569014	2	2	1	0	2	4
chr19	18648584	18649025	2	2	1	4	0	16
chr19	18669577	18672845	1	1	1	0	3	6
chr19	18685783	18685866	1	1	1	20	0	26
chr19	18699888	18700288	1	1	1	0	3	7
chr19	18775254	18778473	1	1	1	0	2	2
chr19	18941840	18948012	2	2	0	0	9	30
chr19	18963881	18964060	1	1	1	3	0	17
chr19	18967830	18968128	1	1	1	2	0	30
chr19	18984279	19086672	1	1	0	0	4	15
chr19	19032558	19032651	1	1	1	5	0	32
chr19	19035118	19035431	1	1	1	4	0	4
chr19	19115456	19119125	2	2	1	4	0	29
chr19	19117742	19120183	0	0	0	6	0	32
chr19	19141892	19144297	2	2	1	0	6	1
chr19	19157239	19943104	2	2	0	0	4	12
chr19	19166206	19166599	1	1	1	4	0	3
chr19	19278096	19294154	1	1	0	0	1	27
chr19	19605193	19606562	1	1	1	8	0	27
chr19	19609532	19611926	1	1	1	5	0	20
chr19	19627142	19636990	1	1	1	1	0	26
chr19	19637070	19638089	1	1	1	4	1	2
chr19	19639112	19639366	0	0	0	7	0	30
chr19	19653782	19654056	1	1	1	0	1	4
chr19	19738977	19739236	2	2	1	0	1	4
chr19	19755586	19943104	2	2	0	0	4	12
chr19	19760750	19762497	2	2	1	2	0	23
chr19	19765510	19765927	2	2	1	6	0	6
chr19	19770601	19770706	2	2	1	10	0	32
chr19	19791364	19791664	1	1	1	0	1	20
chr19	20116105	20129135	2	2	0	0	5	31
chr19	20116105	20176960	2	2	0	0	5	31
chr19	20116105	20255896	2	2	0	0	5	31
chr19	21489744	21492047	2	2	1	3	0	4
chr19	21948589	21950228	2	2	1	6	0	8
chr19	22000789	22001896	2	2	1	0	1	18
chr19	22028309	22034706	2	2	1	2	0	7
chr19	22255738	22256270	1	1	1	0	4	18
chr19	22616431	22623236	2	2	0	0	4	31
chr19	22628701	23438507	2	2	0	5	0	20
chr19	23414164	23414968	2	2	1	0	4	18
chr19	23425513	23433041	2	2	1	0	2	5
chr19	24009924	24010414	1	1	0	0	3	26
chr19	24184111	24360995	2	2	0	7	0	15
chr19	29461175	29461429	1	1	1	0	2	3
chr19	29919718	30016330	2	2	1	0	2	5
chr19	30021198	30054752	1	1	1	0	4	4
chr19	30103086	30104109	1	1	1	0	1	2
chr19	30156413	30164730	1	1	1	2	0	3
chr19	30268029	30282091	2	2	0	0	2	14
chr19	30303945	30308043	1	1	1	3	0	23
chr19	30313259	30313352	1	1	1	3	0	9
chr19	30313511	30314561	1	1	1	2	0	12
chr19	30476209	30477188	1	1	1	4	0	3
chr19	31040422	31201663	1	1	1	0	2	3
chr19	32896816	32899122	1	1	1	0	2	7
chr19	32897209	32899122	1	1	1	1	3	7
chr19	32954395	32954774	1	1	1	5	0	27
chr19	33072234	33073100	1	1	1	3	0	26
chr19	33073139	33075855	1	1	1	1	0	13
chr19	33076814	33077763	1	1	1	1	0	29
chr19	33095331	33096740	2	2	1	0	1	3
chr19	33131292	33132929	2	2	1	3	0	9
chr19	33493907	33498919	2	2	1	1	0	19
chr19	33502710	33503552	2	2	1	1	0	25
chr19	33550348	33587994	1	1	0	0	2	17
chr19	33586727	33587112	1	1	1	2	0	21
chr19	33642217	33647260	1	1	1	0	4	7
chr19	33685765	33687635	1	1	1	6	0	1
chr19	33695759	33696151	1	1	1	7	0	9
chr19	33702235	33702319	2	2	1	0	1	3
chr19	33892776	33902577	2	2	1	0	2	3
chr19	33954969	33968951	2	2	1	3	0	29
chr19	33968997	33980901	2	2	1	3	0	22
chr19	34008388	34041785	2	2	0	0	1	17
chr19	34180298	34262317	1	1	1	0	2	7
chr19	34287893	34289572	1	1	1	17	0	16
chr19	34302458	34303694	1	1	1	9	0	27
chr19	34354905	34400148	1	1	0	1	0	21
chr19	34663669	34685382	1	1	1	11	0	14
chr19	34685547	34687538	1	1	1	4	0	20
chr19	34811022	34818325	1	1	1	4	0	20
chr19	34818772	34818894	1	1	1	4	0	25
chr19	34855925	34856164	1	1	1	3	0	12
chr19	34856294	34857249	1	1	1	2	0	20
chr19	34857341	34857687	1	1	1	1	1	15
chr19	34857757	34859487	1	1	1	7	0	9
chr19	34859608	34868407	1	1	1	5	0	17
chr19	34862511	34863084	2	2	0	4	0	24
chr19	34868492	34868639	1	1	1	1	0	18
chr19	34868787	34869838	1	1	1	5	0	12
chr19	34869911	34870422	1	1	1	8	0	2
chr19	34872425	34884152	1	1	1	7	0	10
chr19	34877139	34877244	1	1	0	0	4	22
chr19	34882198	34882448	1	1	0	0	4	12
chr19	34882198	34882750	1	1	0	0	4	12
chr19	34882198	34882997	1	1	0	0	4	12
chr19	34882198	34883047	1	1	0	0	4	12
chr19	34882198	34883547	1	1	0	0	4	16
chr19	34882898	34882947	1	1	0	3	0	19
chr19	34884214	34884632	1	1	1	4	0	9
chr19	34885882	34933464	1	1	0	0	1	17
chr19	34887336	34887485	1	1	1	6	0	30
chr19	34890691	34890805	1	1	1	2	0	29
chr19	34900416	34904641	1	1	1	4	0	10
chr19	34922837	34924252	1	1	1	6	0	22
chr19	34934817	34935904	1	1	1	1	0	19
chr19	34936027	34941169	1	1	1	5	0	6
chr19	34941270	34942885	1	1	1	5	0	16
chr19	34945259	34945348	1	1	1	4	0	23
chr19	34949830	34951374	1	1	1	2	0	7
chr19	35108399	36066527	1	1	0	5	0	16
chr19	35168739	35169641	1	1	1	0	1	5
chr19	35169009	35169641	1	1	1	1	0	16
chr19	35494871	35507240	2	2	0	0	5	21
chr19	35500348	35500791	1	1	1	3	0	2
chr19	35504273	35504444	1	1	1	4	0	4
chr19	35505957	35515805	2	4	1	0	2	3
chr19	35506004	35553587	1	1	0	9	0	24
chr19	35506872	35510094	1	1	1	3	0	17
chr19	35512510	35512594	1	1	1	12	0	12
chr19	35606864	35607167	1	1	1	0	2	5
chr19	35642959	36076474	2	2	0	4	0	21
chr19	35753956	35796630	1	1	0	0	1	14
chr19	35760067	35760348	1	1	1	12	0	31
chr19	35979388	35979563	2	2	1	0	1	6
chr19	36034176	36036838	2	2	1	0	5	2
chr19	36038143	36038225	1	1	1	2	0	27
chr19	36066546	36066590	0	0	0	5	0	31
chr19	36103795	36104631	1	1	1	1	0	4
chr19	36104695	36104769	1	1	1	6	0	24
chr19	36106050	36106128	1	1	1	5	0	2
chr19	36108096	36108188	1	1	1	5	0	7
chr19	36109368	36109470	1	1	1	3	0	32
chr19	36120184	36120421	1	1	1	1	0	13
chr19	36120576	36122041	1	1	1	4	0	23
chr19	36122308	36123999	1	1	1	5	0	23
chr19	36124155	36124588	1	1	1	3	0	8
chr19	36145574	36149495	1	1	1	3	0	32
chr19	36210444	36210685	1	1	1	14	0	20
chr19	36214909	36215537	1	1	1	6	0	21
chr19	36217255	36218056	1	1	1	6	0	6
chr19	36218887	36218998	1	1	1	1	0	29
chr19	36219073	36219674	1	1	1	2	0	1
chr19	36219978	36220059	1	1	1	4	0	10
chr19	36221364	36221438	1	1	1	2	0	29
chr19	36223037	36223115	1	1	1	8	0	2
chr19	36224588	36224663	1	1	1	4	0	9
chr19	36228165	36228536	1	1	1	3	0	8
chr19	36228645	36228759	1	1	1	9	0	25
chr19	36228844	36228962	1	1	1	8	0	25
chr19	36229093	36229182	1	1	1	3	0	14
chr19	36236602	36236735	1	1	1	4	0	9
chr19	36239660	36243076	1	1	1	3	0	15
chr19	36249128	36250274	1	1	1	0	1	4
chr19	36257857	36257972	1	1	1	3	0	19
chr19	36258968	36259056	1	1	1	0	3	3
chr19	36271975	36272051	1	1	1	7	0	16
chr19	36369855	36369975	1	1	1	5	0	14
chr19	36389725	36391343	2	2	1	0	1	4
chr19	36517168	36517487	2	2	1	3	0	2
chr19	36527427	37167222	2	2	0	0	5	29
chr19	36546051	36549681	1	1	1	1	0	32
chr19	36550388	36550933	0	0	0	4	0	32
chr19	36550933	36556859	1	1	1	3	0	32
chr19	36569095	36569624	1	3	0	2	0	25
chr19	36582368	36583590	1	1	1	5	0	29
chr19	36595578	36595669	1	1	1	6	0	15
chr19	36602336	36603748	1	1	1	0	3	4
chr19	36605315	36605560	2	2	1	5	0	18
chr19	36605616	36605699	2	2	1	6	0	20
chr19	36637215	36640479	1	1	1	4	0	20
chr19	36640539	36640714	1	1	1	7	1	27
chr19	36662326	37299093	1	1	0	0	6	16
chr19	36687881	36694160	2	2	0	0	1	16
chr19	36709098	36716855	1	1	0	4	0	16
chr19	36720667	36723040	1	1	0	1	0	29
chr19	36802291	36802524	1	1	1	0	1	5
chr19	36811663	36812201	2	2	1	0	2	4
chr19	36812933	36821154	2	2	1	1	0	25
chr19	36848908	37299093	1	1	0	0	6	16
chr19	36898916	36900682	2	2	1	4	2	6
chr19	36967519	36980387	2	2	1	3	0	12
chr19	37073582	37961985	1	3	0	0	10	26
chr19	37176918	37177587	2	2	1	0	1	5
chr19	37396435	37976417	1	1	0	0	4	17
chr19	37401845	37426397	1	1	0	0	1	19
chr19	37406154	37406697	2	2	1	0	1	2
chr19	37427775	37428048	1	1	1	2	0	11
chr19	37573994	37588031	2	2	0	0	1	29
chr19	37757886	37758119	2	2	1	0	1	5
chr19	37768351	37770875	1	1	0	0	2	28
chr19	37768351	37773402	1	1	0	0	2	28
chr19	37768351	37775923	1	1	0	0	2	28
chr19	37768351	37780975	1	1	0	0	2	28
chr19	37768351	37783500	1	1	0	0	2	28
chr19	37832372	37832455	1	5	0	0	3	12
chr19	37848942	37849442	1	1	1	0	9	7
chr19	38040058	38060751	1	1	1	0	1	7
chr19	38231096	38262203	2	2	1	0	2	8
chr19	38253484	38254161	0	0	0	5	0	32
chr19	38436988	38437688	1	1	0	1	0	18
chr19	38633351	38643479	1	1	1	0	9	2
chr19	38706900	38706992	2	2	1	7	0	19
chr19	38713105	38713187	2	2	1	2	0	12
chr19	38799421	38800321	1	3	0	4	0	16
chr19	38799698	38799863	2	2	1	0	1	3
chr19	38852502	38852849	1	1	1	0	2	1
chr19	38865602	38866799	1	1	1	0	6	2
chr19	38866150	38866799	1	1	1	0	6	2
chr19	38866873	38866991	1	1	1	3	0	10
chr19	38866873	38869879	1	1	0	3	0	30
chr19	38872869	38873892	1	1	1	9	12	14
chr19	38894127	38894199	1	1	1	7	0	22
chr19	38894335	38895547	1	1	1	5	0	22
chr19	39018416	39018960	2	2	1	1	2	4
chr19	39098811	39100235	2	2	1	0	1	5
chr19	39111076	39114716	1	1	1	5	0	4
chr19	39116743	39123069	1	1	1	6	0	12
chr19	39123319	39125632	1	1	1	8	0	9
chr19	39138548	39191239	1	1	1	3	0	32
chr19	39200117	39200896	1	1	1	0	7	1
chr19	39200117	39201915	1	1	1	0	7	1
chr19	39205202	39207725	1	1	1	1	0	5
chr19	39208715	39212177	1	1	1	2	0	22
chr19	39214363	39214576	1	1	1	1	0	11
chr19	39214718	39214796	1	1	1	6	0	19
chr19	39214980	39215070	1	1	1	1	0	22
chr19	39215206	39216363	1	1	1	0	1	7
chr19	39217744	39218585	1	1	1	4	0	27
chr19	39219795	39219913	1	1	1	4	0	8
chr19	39229289	39230690	2	2	1	0	1	6
chr19	39251253	39394450	2	2	0	0	10	25
chr19	39320049	39455040	0	0	0	3	0	30
chr19	39327421	39328023	2	2	1	1	0	7
chr19	39328292	39329036	2	2	1	9	0	27
chr19	39329726	39331017	0	0	0	8	0	31
chr19	39331017	39331127	2	2	1	1	2	6
chr19	39335580	39844472	2	2	0	0	5	30
chr19	39336731	39337955	2	2	1	7	0	5
chr19	39358816	39373959	2	2	0	0	2	31
chr19	39364629	39366970	2	2	1	2	0	21
chr19	39371377	39371460	2	2	1	5	0	25
chr19	39397950	39398038	1	1	1	2	0	12
chr19	39399966	39401202	2	2	1	2	0	5
chr19	39406390	39406480	2	2	1	3	0	31
chr19	39406547	39406676	2	2	1	6	0	24
chr19	39408649	39408733	2	2	1	4	0	29
chr19	39409454	39410401	2	2	1	2	0	8
chr19	39412719	39412877	2	2	1	0	1	1
chr19	39421984	39422972	1	1	1	3	0	27
chr19	39668450	39669063	1	1	1	3	0	5
chr19	39789619	39909005	1	1	0	0	5	30
chr19	39792007	39909005	1	1	0	0	5	30
chr19	39793525	39985847	2	2	0	0	4	14
chr19	39813245	39893302	2	2	0	0	5	17
chr19	39826172	39832931	2	2	1	0	2	5
chr19	39871754	39873847	1	1	1	2	0	17
chr19	39873932	39874138	1	1	1	4	0	7
chr19	39873932	39874347	1	1	1	0	2	3
chr19	39879656	39879732	2	2	1	7	0	27
chr19	39879839	39879921	2	2	1	7	0	26
chr19	39880024	39880119	2	2	1	1	0	25
chr19	39898122	39898382	1	1	1	0	1	3
chr19	39906080	39906987	1	1	1	4	0	4
chr19	39907238	39907489	1	1	1	1	0	19
chr19	39911754	39911922	1	1	1	1	0	17
chr19	39911940	39912754	1	1	1	1	0	17
chr19	39914294	39914372	1	1	1	5	0	27
chr19	39924059	39924161	2	2	1	9	0	17
chr19	39924210	39924304	2	2	1	14	0	22
chr19	39924402	39926246	2	2	1	15	10	24
chr19	39924402	39926297	2	2	1	0	10	2
chr19	39926349	39926487	2	2	1	5	0	24
chr19	39936278	39936443	1	1	1	3	0	2
chr19	39948381	39948933	1	1	1	5	0	12
chr19	39948946	39949457	1	1	1	5	0	3
chr19	39950601	39955437	1	1	1	7	0	29
chr19	39959502	39959718	1	1	1	3	0	2
chr19	39960039	39960758	1	1	1	7	0	4
chr19	39962371	39963048	1	1	1	5	0	22
chr19	39963755	39963842	1	1	1	5	0	25
chr19	39963971	39964055	1	1	1	0	1	3
chr19	39965043	39965154	1	1	1	4	0	23
chr19	39971602	39972522	1	1	1	6	0	31
chr19	39972674	39973524	1	1	1	2	0	7
chr19	39976448	39976826	1	1	1	0	2	6
chr19	39976932	39977036	1	1	1	3	0	28
chr19	39978858	39979178	1	1	1	2	0	24
chr19	40299639	40300720	2	2	0	0	1	30
chr19	40316927	40317311	2	2	1	8	0	17
chr19	40325203	40325307	2	2	1	1	0	2
chr19	40327309	40328350	2	2	1	7	0	24
chr19	40329846	40330872	2	2	1	7	0	3
chr19	40330968	40331053	2	2	1	2	0	17
chr19	40331150	40331322	2	4	1	0	1	1
chr19	40331150	40331361	2	4	1	0	1	2
chr19	40331156	40331256	2	2	1	19	0	22
chr19	40331156	40331259	2	2	1	3	0	18
chr19	40331323	40331361	2	4	1	0	1	2
chr19	40331428	40336930	2	2	1	1	0	18
chr19	40503065	40503767	1	1	1	6	0	20
chr19	40712065	40715009	1	1	1	7	0	13
chr19	40730551	40730628	2	2	1	0	1	6
chr19	40739859	40740951	2	2	1	2	0	17
chr19	40741055	40741169	2	2	1	3	0	9
chr19	40741258	40741796	2	2	1	13	0	21
chr19	40746018	40747844	2	2	1	5	0	13
chr19	40828284	40829912	2	2	1	4	0	23
chr19	40834458	40839757	2	2	1	4	0	10
chr19	40842315	40854343	2	2	1	0	1	4
chr19	40854676	40872325	1	1	1	4	0	27
chr19	40951529	40980882	2	2	0	0	2	13
chr19	41012294	41015013	1	1	0	1	0	30
chr19	41063310	41066064	1	1	1	6	0	25
chr19	41086563	41086651	1	1	1	1	0	3
chr19	41088373	41089303	1	1	1	7	0	21
chr19	41095085	41096149	1	1	1	0	2	2
chr19	41095085	41096638	1	1	1	0	6	3
chr19	41096760	41096881	1	1	1	3	0	31
chr19	41111559	41111634	1	1	1	2	0	21
chr19	41115568	41115651	1	1	1	2	0	3
chr19	41123131	41125251	1	1	1	0	4	4
chr19	41198943	41201893	2	2	1	5	0	30
chr19	41208599	41209445	2	2	1	10	0	8
chr19	41209761	41211000	2	2	1	3	0	4
chr19	41220303	41220435	2	2	1	0	3	1
chr19	41220303	41221611	2	2	1	0	3	1
chr19	41229619	41255119	2	2	0	0	5	31
chr19	41229619	41808347	2	2	0	0	5	31
chr19	41256883	41257291	1	1	1	0	5	3
chr19	41274079	41274234	1	3	0	1	0	14
chr19	41305874	41306243	1	3	1	0	1	4
chr19	41313180	41313388	1	1	1	0	1	1
chr19	41329641	41343541	2	2	0	0	1	20
chr19	41341143	42070602	2	2	0	4	0	14
chr19	41355886	41356141	2	4	1	1	0	8
chr19	41394883	41406907	1	1	0	0	2	31
chr19	41614165	41676264	1	1	0	0	6	29
chr19	41770598	41774127	1	1	1	3	0	21
chr19	41779961	41782063	1	1	1	2	0	29
chr19	41785082	41787067	1	1	1	3	0	20
chr19	41787181	41798149	1	1	1	3	0	26
chr19	41800592	41807440	1	1	1	6	0	3
chr19	41807610	41808569	1	1	1	3	0	10
chr19	41893509	41895669	2	2	1	3	0	18
chr19	41898886	41903085	2	2	1	1	0	24
chr19	41997027	42070593	2	2	0	2	0	19
chr19	42364360	42364844	1	1	1	3	0	13
chr19	42364916	42365180	1	1	1	1	0	10
chr19	42365282	42373100	1	1	1	13	6	15
chr19	42365630	42373100	1	3	1	0	6	3
chr19	42396445	42396673	1	1	1	1	0	14
chr19	42397375	42398279	1	1	1	1	0	4
chr19	42406809	42406933	1	1	1	2	0	7
chr19	42407558	42407858	1	1	1	4	0	3
chr19	42474461	42474539	2	2	1	2	0	22
chr19	42474695	42479780	2	2	1	1	0	9
chr19	42489576	42490015	2	2	1	4	0	9
chr19	42734732	42736215	0	0	0	6	0	30
chr19	42744295	42746334	2	2	1	1	0	14
chr19	42754718	42758688	2	2	1	0	1	3
chr19	42754718	42759129	2	2	1	0	1	3
chr19	42778730	42790922	1	1	1	3	0	19
chr19	42796360	42796451	1	1	1	0	1	6
chr19	42806656	42813730	1	1	1	0	3	3
chr19	42818499	42818602	1	1	1	2	0	17
chr19	42828232	42828339	0	0	0	3	0	32
chr19	42857280	42857616	1	1	1	5	0	29
chr19	42858873	42859909	1	1	1	4	0	4
chr19	42860158	42860234	1	1	1	5	0	9
chr19	42891629	42893077	2	2	1	0	1	2
chr19	43017536	43916014	1	1	0	0	5	27
chr19	43025674	43026075	2	2	1	0	1	2
chr19	44006024	44006252	2	2	1	3	0	30
chr19	44057665	44057760	2	2	1	3	0	10
chr19	44072170	44189493	1	1	0	0	3	15
chr19	44118587	44123709	2	2	1	2	0	6
chr19	44150701	44156376	2	2	1	0	1	2
chr19	44152387	44167877	1	1	0	8	0	20
chr19	44251692	44251784	2	2	1	4	0	25
chr19	44254900	44258805	2	2	1	3	0	16
chr19	44303987	44324691	2	2	1	0	2	6
chr19	44423852	44426322	2	2	1	1	0	6
chr19	44492711	44495699	1	1	1	1	0	14
chr19	44653051	44654565	1	1	1	1	0	15
chr19	44677106	44679136	1	1	1	0	1	2
chr19	45153378	45157168	1	1	1	3	0	4
chr19	45164591	45165006	1	1	1	4	0	10
chr19	45297539	45303637	1	1	1	0	1	3
chr19	45322984	45323961	1	1	1	2	0	13
chr19	45324080	45324172	1	1	1	0	3	4
chr19	45397139	45397217	1	1	1	2	0	10
chr19	45404362	45404464	1	1	1	5	0	5
chr19	45542367	45543441	1	1	1	1	0	13
chr19	45556151	45556355	1	1	1	6	0	11
chr19	45563886	45565411	1	1	1	2	0	23
chr19	45616303	45616452	0	0	0	3	0	30
chr19	45725965	45740157	1	1	0	0	8	25
chr19	45766425	45766576	1	1	1	4	0	29
chr19	45781928	45823410	2	2	0	0	7	30
chr19	45854980	45855466	2	2	1	3	0	21
chr19	45912367	45912471	1	3	0	1	0	18
chr19	45920156	45922355	2	2	1	0	2	3
chr19	45992812	45997423	2	2	1	0	1	7
chr19	46021093	46021186	1	1	1	4	0	2
chr19	46073739	46391991	0	0	0	0	4	32
chr19	46113047	46116798	2	2	1	3	0	11
chr19	46123428	46123933	0	0	0	7	0	32
chr19	46145611	46148530	2	2	1	0	1	2
chr19	46190986	46191644	2	2	1	6	0	28
chr19	46202159	46205055	1	1	1	1	0	20
chr19	46207147	46821741	1	1	0	0	4	23
chr19	46282618	46282696	2	2	1	4	0	28
chr19	46287549	46288851	2	2	1	5	0	20
chr19	46290130	46294162	2	2	1	1	0	5
chr19	46294346	46295573	2	2	1	20	0	30
chr19	46327134	46328428	2	2	1	6	0	7
chr19	46328590	46329483	2	2	1	1	0	17
chr19	46329632	46330767	2	2	1	3	0	21
chr19	46332464	46333311	2	2	1	8	0	5
chr19	46333463	46334641	2	2	1	4	0	25
chr19	46405084	46405827	2	2	1	2	0	15
chr19	46800360	46807154	1	1	1	0	1	4
chr19	46879832	46887036	1	1	1	0	2	4
chr19	46888167	46890349	1	1	1	0	1	7
chr19	46894516	46895893	1	1	1	1	0	13
chr19	47109115	47111453	1	1	1	7	0	27
chr19	47155578	47314251	1	1	0	0	4	29
chr19	47192956	47193856	2	2	1	0	1	6
chr19	47195243	47197131	2	2	1	0	1	1
chr19	47219478	47220207	2	2	1	1	1	7
chr19	47219517	47220207	2	2	1	0	2	6
chr19	47219793	47220207	2	2	1	0	1	6
chr19	47224029	47225242	2	2	1	4	0	20
chr19	47225330	47225498	2	2	1	5	0	5
chr19	47240159	47241420	2	2	1	5	0	14
chr19	47249348	47251283	1	1	1	0	12	2
chr19	47279005	47280231	2	2	1	7	0	20
chr19	47280367	47280467	2	2	1	4	0	17
chr19	47280663	47281931	2	2	1	3	0	17
chr19	47492933	47502560	1	1	1	4	0	31
chr19	47539388	47542334	1	1	1	0	1	2
chr19	47639957	47640432	1	1	0	2	0	12
chr19	47688755	48192275	1	1	0	0	6	19
chr19	47761661	47761815	1	1	1	5	0	16
chr19	47863328	47865732	1	1	1	7	0	14
chr19	47876181	47876855	1	1	1	3	0	20
chr19	47879818	47880356	1	1	1	1	0	29
chr19	47983665	47984016	2	2	1	0	2	1
chr19	48037897	48892815	1	1	0	8	0	20
chr19	48088074	48689178	1	1	0	0	4	18
chr19	48198338	48198621	1	1	1	3	0	12
chr19	48202040	48202221	1	1	1	0	1	2
chr19	48214891	48689178	1	1	0	0	4	18
chr19	48243768	48730824	1	3	0	8	0	28
chr19	48254848	48255768	1	1	1	7	0	17
chr19	48255802	48258730	1	3	1	1	0	10
chr19	48260002	48260255	1	1	1	5	0	15
chr19	48275786	48689178	1	1	0	0	4	18
chr19	48523135	48525426	1	1	1	0	3	2
chr19	48567181	48568006	1	1	1	0	2	2
chr19	48601905	48775436	1	1	0	0	4	27
chr19	48643401	48646799	2	2	1	3	0	12
chr19	48654594	48657128	2	2	1	2	1	16
chr19	48664765	48665518	2	2	1	2	0	27
chr19	48752891	48753007	2	2	1	4	0	3
chr19	48886585	48887486	2	2	1	7	0	20
chr19	48949450	48949641	1	1	1	0	1	7
chr19	48950101	48953569	1	1	1	2	0	4
chr19	48978207	48981325	1	1	1	4	0	1
chr19	48981403	48981531	1	1	1	3	0	17
chr19	49006254	49012107	2	2	1	5	0	25
chr19	49118705	49119133	2	2	1	12	0	26
chr19	49119204	49119335	2	2	1	10	0	6
chr19	49119460	49119982	2	2	1	5	0	14
chr19	49121135	49122397	2	2	1	3	0	19
chr19	49141402	49141496	2	2	1	0	2	1
chr19	49220001	49222230	2	2	1	3	4	6
chr19	49261819	49268069	1	1	0	0	4	31
chr19	49270817	49286494	1	1	0	1	0	29
chr19	49303096	49303237	2	2	1	1	0	9
chr19	49407712	49409009	1	1	1	3	0	7
chr19	49422380	49422450	1	1	1	4	0	16
chr19	49424582	49425083	1	1	1	7	0	32
chr19	49458857	49458943	1	1	1	6	0	25
chr19	49468867	49469026	1	1	1	3	0	30
chr19	49473113	49473802	2	2	1	6	0	15
chr19	49492736	49494558	2	2	0	5	0	17
chr19	49498191	49502579	1	1	1	0	2	1
chr19	49502631	49506535	1	1	1	3	0	10
chr19	49510626	49513032	1	1	1	1	0	20
chr19	49513869	49514255	1	1	1	6	0	18
chr19	49514568	49517740	1	1	1	4	0	26
chr19	49517861	49518277	1	1	1	5	0	13
chr19	49560454	49561151	2	2	1	0	1	4
chr19	49588894	49589661	1	1	1	10	0	26
chr19	49593611	49593722	1	1	1	6	0	30
chr19	49593778	49601683	1	1	1	3	0	8
chr19	49601962	49604646	1	1	1	3	0	23
chr19	49607993	49610881	1	1	1	2	0	18
chr19	49610970	49611051	1	1	1	6	0	22
chr19	49638173	49639035	1	1	1	7	0	22
chr19	49862757	49865629	2	2	1	2	0	20
chr19	49891739	49894045	1	1	1	0	3	7
chr19	49894184	49894942	1	1	1	1	0	5
chr19	49932437	49964585	2	2	0	0	3	20
chr19	49954197	49954741	2	2	1	2	0	32
chr19	49964406	49964585	2	2	0	0	3	24
chr19	49969541	49971637	1	1	1	3	0	31
chr19	49972702	50898344	2	2	0	8	0	23
chr19	49979456	49979679	1	1	1	2	0	14
chr19	49990902	49993106	1	1	1	6	19	31
chr19	49993180	49993488	1	1	1	27	0	23
chr19	49993555	49993731	1	1	1	3	0	1
chr19	49993834	49994035	1	1	1	10	5	19
chr19	49994357	49994681	1	1	1	2	7	8
chr19	49994805	49994985	1	1	1	4	2	24
chr19	50001304	50002768	1	1	1	5	6	24
chr19	50059683	50059805	2	2	1	6	0	23
chr19	50097873	50097953	1	1	1	8	0	25
chr19	50101271	50102528	1	1	1	6	0	24
chr19	50103196	50104747	1	1	1	3	0	7
chr19	50137605	50138075	1	3	0	6	0	26
chr19	50145500	50148610	1	1	0	7	0	27
chr19	50157689	50157908	1	1	1	7	0	8
chr19	50179697	50183743	1	1	1	0	2	2
chr19	50180574	50183743	1	1	1	0	2	2
chr19	50183511	50183743	1	1	1	0	2	2
chr19	50189501	50189861	1	1	1	4	0	18
chr19	50270458	50285013	1	1	1	1	0	20
chr19	50285083	50285203	1	1	1	3	0	25
chr19	50296350	50298886	1	1	1	4	0	10
chr19	50305147	50305237	1	1	1	0	1	3
chr19	50308834	50308917	1	1	1	3	0	2
chr19	50321874	50322428	1	1	1	0	1	5
chr19	50360388	50360949	1	1	1	5	0	17
chr19	50363594	50363822	1	1	1	2	0	18
chr19	50364953	50365028	2	2	1	3	0	6
chr19	50365139	50365300	2	2	1	1	0	30
chr19	50367018	50367220	2	2	1	2	0	29
chr19	50367661	50368383	2	2	1	5	0	21
chr19	50387627	50387715	1	1	1	1	0	2
chr19	50421879	50430950	2	2	1	0	1	2
chr19	50433123	50433988	1	1	1	0	4	5
chr19	50637068	50642444	2	2	0	5	0	17
chr19	50789952	50792692	1	1	1	0	8	2
chr19	50887648	50902107	1	1	1	2	0	19
chr19	50909775	50910239	1	1	1	4	0	6
chr19	50919786	50919866	1	1	1	0	2	5
chr19	50940779	50940915	1	1	1	0	2	6
chr19	51086829	51238893	2	2	0	0	3	27
chr19	51302615	51305473	2	2	1	3	0	29
chr19	51330014	51330133	2	2	1	0	1	4
chr19	51410343	51411834	2	2	1	0	1	5
chr19	51629386	51630286	1	1	1	0	1	4
chr19	51631297	51631670	1	1	1	0	1	6
chr19	51850313	51853582	2	2	1	0	1	5
chr19	51856545	51857403	2	2	1	4	0	3
chr19	51870831	51871139	2	2	1	0	2	6
chr19	52000231	52000602	2	2	1	0	1	6
chr19	52003555	52004560	2	2	1	0	3	7
chr19	52217356	52219482	2	2	1	0	3	6
chr19	52395151	52399724	2	2	1	3	0	27
chr19	52580338	52588039	2	2	1	3	0	14
chr19	52682809	52693137	2	2	0	1	0	14
chr19	52693428	52705196	1	1	1	4	0	14
chr19	52696918	52711516	1	1	0	0	1	18
chr19	52709317	52714512	1	1	1	4	0	16
chr19	52716364	52719031	1	1	1	1	0	12
chr19	52723118	52723441	1	1	1	7	0	27
chr19	52724387	52725351	1	1	1	3	0	10
chr19	52725495	52728969	1	1	1	2	0	2
chr19	52729062	52729217	1	1	1	6	0	22
chr19	52772885	52785363	1	1	1	1	1	6
chr19	52780795	52785363	1	1	1	0	1	6
chr19	52873231	52876363	1	1	1	0	3	6
chr19	53016394	53285663	2	2	0	0	9	28
chr19	53224857	53434534	1	1	0	0	5	23
chr19	53879150	53957903	1	1	0	0	2	20
chr19	53905445	53957903	1	1	0	0	2	20
chr19	53907801	53954931	1	1	0	0	3	23
chr19	53952893	53957903	1	1	1	0	2	6
chr19	54239552	54320026	2	2	0	0	8	23
chr19	54297839	54305115	1	3	0	0	1	24
chr19	54373093	54376781	1	1	1	2	0	13
chr19	54602893	54603038	2	2	1	1	0	4
chr19	54606197	54606421	1	1	1	2	0	19
chr19	54621836	54621952	1	1	1	3	0	8
chr19	54625786	54625870	2	2	1	0	1	6
chr19	54627298	54627877	1	1	1	8	0	4
chr19	54632746	54634737	1	1	1	4	0	14
chr19	54647871	54647972	1	1	1	3	0	18
chr19	54656063	54656164	1	1	1	2	0	25
chr19	54656737	54657451	1	1	1	0	2	5
chr19	54692366	54693188	2	2	1	3	0	25
chr19	54694302	54695211	1	1	1	7	0	21
chr19	54946865	54947007	1	1	1	0	2	4
chr19	54960485	54962466	1	1	1	4	0	29
chr19	54963445	54963829	1	1	1	0	1	1
chr19	54967425	54967503	1	1	1	3	2	3
chr19	54968101	54968925	1	1	1	7	0	17
chr19	54969028	54969112	1	1	1	7	0	13
chr19	54969412	54969492	1	1	1	4	0	20
chr19	54970700	54970755	1	1	0	0	2	30
chr19	55435241	55438972	2	2	1	0	2	7
chr19	55543765	55543873	2	2	1	0	3	3
chr19	55563787	56025646	2	2	0	0	5	32
chr19	55591916	55593848	1	3	1	0	4	6
chr19	55603278	55603589	2	2	1	5	0	5
chr19	55603913	55603989	2	2	1	19	0	32
chr19	55604031	55604150	2	2	1	17	0	28
chr19	55604234	55604383	2	2	1	5	0	23
chr19	55604602	55605712	2	2	1	9	0	7
chr19	55606969	55607234	2	2	1	2	0	2
chr19	55657835	55658048	2	2	1	7	0	20
chr19	55750871	55750961	2	2	1	6	0	32
chr19	55751052	55751193	2	2	1	7	0	18
chr19	55751669	55752312	2	2	1	5	0	11
chr19	55753857	55756487	2	2	1	2	0	7
chr19	55851326	55853161	1	1	1	0	1	4
chr19	55854220	55855047	1	1	1	5	0	23
chr19	55884749	55884964	1	3	0	0	1	30
chr19	55897334	55897717	1	1	1	15	0	30
chr19	55897807	55897937	1	1	1	1	0	1
chr19	55899417	55899610	1	1	1	2	0	20
chr19	55913131	55915428	2	2	1	0	1	1
chr19	55913131	55915655	2	2	1	0	3	4
chr19	55915847	55918182	2	2	1	2	0	21
chr19	55958088	56067324	1	1	0	0	4	30
chr19	56058297	56058370	2	2	0	0	2	31
chr19	56117099	56124958	1	1	1	8	0	24
chr19	56166520	56170575	1	1	1	8	0	26
chr19	56173985	56174971	1	1	1	11	0	5
chr19	56179953	56180035	1	1	1	5	0	21
chr19	56180159	56180448	1	1	1	1	0	7
chr19	56200361	56200662	1	1	1	3	0	20
chr19	56206350	56206513	1	1	1	5	0	11
chr19	56415155	56809193	2	2	0	0	8	12
chr19	56808313	56809318	2	2	0	0	5	28
chr19	57312446	57738803	1	1	0	0	4	30
chr19	57872189	57940520	1	1	0	0	2	19
chr19	58206361	58251478	2	4	0	0	1	25
chr19	58331314	58367471	1	1	1	0	2	1
chr19	58350518	58367471	1	1	1	0	2	1
chr19	58361440	58367471	1	1	1	0	2	1
chr19	58376288	58379825	2	2	1	0	2	3
chr19	58376288	58379854	2	2	1	0	2	3
chr19	58423558	58426705	2	2	1	0	2	1
chr19	58423558	58426932	2	2	1	0	2	1
chr19	58423558	58427746	2	2	1	0	2	1
chr19	58545530	58547337	1	1	1	0	2	5
chr19	58706473	58776277	1	1	0	0	4	30
chr19	58741598	58741759	1	1	0	3	0	21
chr19	58741829	58755330	1	1	1	6	0	19
chr19	58758161	58788548	1	1	1	0	2	2
chr19	58758161	58797082	1	1	1	0	2	2
chr19	58769835	58769894	1	1	0	0	1	25
chr19	58778479	58778979	1	1	1	0	2	6
chr19	58898707	58899503	1	1	1	4	0	11
chr19	58899613	58904342	1	1	1	4	0	12
chr19	58904855	58905863	1	1	1	4	0	24
chr19	58963072	58965062	1	1	1	5	0	24
chr19	59055929	59056304	1	3	1	0	1	7
chr19	59056905	59057130	1	1	1	0	6	4
chr19	59057264	59058742	1	1	1	6	0	21
chr19	59059081	59059158	1	1	1	1	0	24
chr19	59059548	59059660	1	1	1	1	0	27
chr19	59060278	59060354	1	1	1	3	0	26
chr19	59061018	59061103	1	1	1	2	0	22
chr19	59061228	59061315	1	1	1	2	0	17
chr19	59063553	59063625	2	2	1	6	0	4
chr19	59067747	59068053	2	2	1	4	0	12
chr19	59068525	59069639	2	2	1	4	0	2
chr22	16186947	16187164	2	2	1	0	4	15
chr22	16187279	16189031	2	2	1	0	7	2
chr22	16187303	16189031	2	2	1	0	7	2
chr22	16189144	16189263	2	2	1	0	2	3
chr22	16189412	16190680	2	2	1	0	4	3
chr22	17763062	17961990	1	1	0	0	3	24
chr22	17978582	17979662	1	1	1	3	0	13
chr22	18014613	18605667	1	1	0	6	0	26
chr22	18220996	18222114	2	2	1	5	0	12
chr22	18369999	18370088	2	2	1	5	0	32
chr22	18376671	18378049	2	2	1	5	1	22
chr22	18650102	18650656	1	1	1	0	2	6
chr22	18894239	18897684	1	1	1	0	3	4
chr22	18978438	18979329	1	1	1	0	1	5
chr22	19004596	19090173	2	2	0	0	5	17
chr22	19004596	19665553	2	2	0	0	5	17
chr22	19071287	19071568	0	0	0	0	3	31
chr22	19209617	19210206	2	2	1	2	0	15
chr22	19316854	19381156	1	1	0	0	3	17
chr22	19422418	19423160	1	1	1	3	0	9
chr22	19444158	19444375	2	2	1	11	0	32
chr22	19467543	19467680	1	1	1	5	0	30
chr22	19502572	19504049	1	1	1	2	0	9
chr22	19707762	19707842	1	1	1	1	0	2
chr22	19750866	19751677	1	1	1	1	0	32
chr22	19752637	19753223	1	1	0	5	0	20
chr22	19808899	19841965	2	2	1	9	0	30
chr22	19907123	19918552	2	2	1	2	0	7
chr22	19951823	19956058	1	1	1	3	0	12
chr22	19969615	19978107	2	2	1	10	0	32
chr22	20040108	20043465	1	1	1	0	1	3
chr22	20082319	20093699	1	1	1	9	0	12
chr22	20094222	20094793	1	1	1	7	2	28
chr22	20094922	20096412	1	1	1	8	0	10
chr22	20101031	20101208	2	2	1	4	0	18
chr22	20102971	20103194	2	2	1	0	1	4
chr22	20109945	20112830	1	1	1	16	0	23
chr22	20119575	20126716	1	1	1	3	0	22
chr22	20127159	20128139	1	1	1	0	1	5
chr22	20303743	20307161	2	2	1	0	1	4
chr22	20394649	20397112	2	2	1	0	4	7
chr22	20612998	20613463	1	1	0	0	5	27
chr22	20723866	20724409	2	2	1	0	2	6
chr22	20786134	20786216	2	2	1	3	0	26
chr22	20873283	20891403	1	1	1	4	0	28
chr22	20922919	20937399	1	1	1	0	1	4
chr22	20940114	20940854	1	1	1	6	0	12
chr22	20958351	20958602	2	2	1	0	1	5
chr22	21068817	21068915	2	2	1	0	6	25
chr22	21072067	21072980	2	2	1	3	0	26
chr22	21080830	21081517	2	2	1	0	1	1
chr22	21088842	21096515	2	2	1	4	0	23
chr22	21104283	21105580	2	2	1	11	0	10
chr22	21235423	21237758	1	1	1	2	0	20
chr22	21341873	21342298	1	1	1	0	4	5
chr22	21348044	21348212	1	1	1	6	0	15
chr22	21565179	21565634	2	2	0	0	5	27
chr22	21834119	21834218	2	2	1	0	6	25
chr22	21834292	21837308	2	2	1	8	0	19
chr22	21837380	21838293	2	2	1	5	0	4
chr22	21838424	21841088	2	2	1	0	4	7
chr22	21922061	21947149	1	1	1	0	1	15
chr22	21934975	21982076	1	1	0	0	1	28
chr22	21983077	21983298	2	2	1	6	0	20
chr22	21983077	21983596	2	2	1	1	0	21
chr22	21984051	21984139	2	2	1	2	0	2
chr22	22008457	22012554	1	1	1	0	1	7
chr22	22153418	22160138	2	2	1	5	0	4
chr22	22160329	22161952	2	2	1	1	0	18
chr22	22237871	22238143	2	2	0	0	1	20
chr22	22237969	22238143	2	2	0	0	1	20
chr22	22314822	22316800	2	2	1	5	0	26
chr22	22328861	22330011	2	2	1	7	0	16
chr22	22434226	22434335	1	1	1	0	1	4
chr22	22652577	22657588	1	1	0	3	0	25
chr22	22972607	22973431	0	0	1	0	2	5
chr22	23150732	23185960	1	1	0	0	4	31
chr22	23596168	23603136	1	1	1	6	0	6
chr22	23610703	23613718	1	1	1	7	0	16
chr22	23615321	23615820	1	1	1	1	0	11
chr22	23615962	23626163	1	1	1	3	0	3
chr22	23630360	23631703	1	1	1	1	0	20
chr22	23652621	23653883	1	1	1	0	7	18
chr22	23707038	24101276	1	1	0	0	5	31
chr22	24002188	24025911	2	2	1	1	0	10
chr22	24108214	24108314	2	2	1	1	0	15
chr22	24236770	24236958	1	1	1	13	0	32
chr22	24237132	24237226	1	1	1	3	0	28
chr22	24313813	24315956	2	2	1	6	0	13
chr22	24456605	24458409	1	1	1	6	0	26
chr22	24479343	24480531	1	1	1	0	3	3
chr22	24492046	24493976	1	1	1	5	0	12
chr22	24509716	24515333	1	1	1	1	0	21
chr22	24522753	24594486	1	1	0	0	2	30
chr22	24530383	24560367	1	1	1	2	0	14
chr22	24666952	24698162	1	1	1	5	0	31
chr22	24698353	24709280	1	1	1	1	0	30
chr22	24759313	24761443	1	1	1	0	2	1
chr22	24865780	25430243	2	2	0	0	4	31
chr22	24964145	24967883	1	1	1	1	0	12
chr22	25011095	25016294	1	1	1	3	0	22
chr22	25041713	25042969	1	1	1	0	7	18
chr22	25191754	25194020	1	1	0	0	1	17
chr22	25251398	25251515	1	1	1	9	0	20
chr22	25682610	25718629	2	2	0	0	1	28
chr22	25775197	25790144	1	1	0	0	1	32
chr22	25853369	25855382	1	1	1	2	0	13
chr22	25961121	26000343	1	1	1	0	1	4
chr22	26117365	26118255	1	1	1	0	4	6
chr22	26388460	26399230	1	1	1	0	5	1
chr22	26557846	26560127	1	1	1	0	1	1
chr22	26845499	26853385	1	1	0	0	7	23
chr22	26906669	26907084	2	2	1	0	1	6
chr22	27089800	27113215	1	1	1	0	3	6
chr22	28256227	28269725	2	2	0	3	0	16
chr22	28310336	28315159	2	2	1	4	0	1
chr22	28315534	28331138	1	1	1	0	1	4
chr22	28379757	28388616	1	1	0	5	1	20
chr22	28388652	28389274	2	2	1	0	1	9
chr22	29121356	29137756	2	2	1	0	1	1
chr22	29134027	29137756	2	2	1	0	1	1
chr22	29268708	30062747	2	2	0	0	4	23
chr22	29275404	29417589	2	2	0	0	3	32
chr22	29438558	29439286	1	1	1	4	0	5
chr22	29516030	29516168	1	1	0	0	2	14
chr22	29516030	29516224	1	1	0	0	2	14
chr22	29516030	29516394	1	1	0	0	2	14
chr22	29517470	29521250	1	1	1	5	0	22
chr22	29630339	29639433	1	1	1	5	0	15
chr22	29656603	29656690	2	2	1	1	0	13
chr22	29664339	29668204	1	1	1	4	0	24
chr22	29669854	29674018	1	1	1	0	12	3
chr22	29684776	29687553	1	1	1	1	0	7
chr22	29687589	29688125	1	1	1	1	0	19
chr22	29693940	29694722	1	1	1	3	0	22
chr22	29695322	29695588	1	1	1	5	0	25
chr22	29703144	29704076	1	1	1	5	0	23
chr22	29706725	29706816	1	1	1	2	0	5
chr22	29724885	29726366	2	2	1	7	0	18
chr22	29737750	29738273	2	2	1	2	0	31
chr22	29754961	29755812	2	2	1	1	0	15
chr22	29759096	29763195	2	2	1	0	1	14
chr22	29763260	29784412	2	2	1	7	1	11
chr22	29815250	29819113	2	2	1	0	1	14
chr22	29877135	29879363	1	1	1	0	1	4
chr22	29907286	29908009	2	2	1	2	0	28
chr22	30124732	30125043	1	1	1	0	1	1
chr22	30200820	30202204	2	2	1	1	0	24
chr22	30228332	30234166	2	2	1	1	0	16
chr22	30416874	30418597	1	1	1	7	0	21
chr22	30731528	30731640	2	2	1	0	5	2
chr22	30737875	30738188	2	2	1	6	0	24
chr22	30749062	30752718	2	2	1	1	0	4
chr22	30973117	30974823	2	2	1	4	0	30
chr22	30974986	30975123	2	2	1	1	0	6
chr22	30976166	30976557	2	2	1	2	0	24
chr22	30980442	30980532	2	2	1	3	1	11
chr22	30983383	30984007	2	2	1	6	0	17
chr22	31289230	31289449	1	1	1	0	1	4
chr22	31331149	31331234	2	2	1	1	0	11
chr22	31331310	31332497	2	2	1	1	0	8
chr22	31336825	31337419	2	2	1	1	0	13
chr22	31345829	31346362	2	2	1	3	0	23
chr22	31367766	31368840	1	1	1	3	0	11
chr22	31458074	32412965	2	2	0	0	5	14
chr22	31488517	31491288	1	1	1	0	3	7
chr22	31533980	31534261	2	2	1	0	1	6
chr22	31723296	31731677	2	2	1	4	0	16
chr22	31845518	31846274	2	2	1	4	0	29
chr22	31851302	31851837	2	2	1	5	0	29
chr22	31884732	31885679	2	2	1	6	0	14
chr22	31960535	31961614	1	1	0	4	0	30
chr22	32012864	32014197	1	1	1	0	4	5
chr22	32030935	32037582	2	2	0	1	0	30
chr22	32046765	32058129	2	2	1	6	0	29
chr22	32164850	32174084	1	1	1	0	1	6
chr22	32211199	32215007	1	1	1	0	6	5
chr22	32241224	32242819	1	1	1	4	0	32
chr22	32792237	32793927	2	2	1	2	0	1
chr22	32802749	32804161	2	2	1	1	0	2
chr22	33937886	33938104	0	0	0	5	0	30
chr22	34706478	35444281	1	1	0	6	0	16
chr22	35497279	36315547	2	2	0	6	0	28
chr22	35645162	35646139	2	2	0	2	0	25
chr22	35658415	35659070	1	1	1	5	0	9
chr22	35684401	35688984	1	1	1	1	0	22
chr22	35695128	35695446	2	2	1	0	1	4
chr22	35734782	35741717	1	1	1	0	2	2
chr22	35755001	35770766	1	1	0	0	2	22
chr22	35799327	35799406	1	1	1	7	0	27
chr22	35802719	35804400	1	1	1	4	0	27
chr22	35808675	35809867	1	1	1	4	0	28
chr22	35811966	35812331	1	1	1	5	0	7
chr22	35812398	35812630	1	1	1	5	0	4
chr22	35816006	35817310	1	1	1	3	2	19
chr22	35880492	35953366	1	1	0	0	4	17
chr22	35880492	35993531	1	1	0	0	4	17
chr22	35894023	35920337	2	2	0	3	0	30
chr22	36174126	36177646	2	2	1	7	0	27
chr22	36334946	36424287	2	2	1	2	0	3
chr22	36385999	36400612	1	1	0	0	3	12
chr22	36385999	36492820	1	1	0	0	3	12
chr22	36624327	36627385	2	2	1	5	0	19
chr22	36661135	36853011	1	1	0	0	10	25
chr22	36680312	36680448	2	2	1	6	0	6
chr22	36682000	36682763	2	2	1	4	0	1
chr22	36684986	36685130	2	2	1	5	0	29
chr22	36685344	36688031	2	2	1	1	0	21
chr22	36688281	36689374	2	2	1	5	0	4
chr22	36691764	36692888	2	2	1	5	0	12
chr22	36693061	36694964	2	2	1	3	0	9
chr22	36696311	36696896	2	2	1	4	0	30
chr22	36708268	36710189	2	2	1	1	0	23
chr22	36716409	36716842	2	2	1	3	0	32
chr22	36717867	36718473	2	2	1	3	0	7
chr22	36722707	36723505	2	2	1	3	0	15
chr22	36737572	36744948	2	2	1	2	0	14
chr22	36849866	37613118	1	1	0	0	8	23
chr22	36876885	36877610	2	2	1	3	0	8
chr22	36892256	36894037	2	2	1	3	0	25
chr22	36921757	36922045	2	2	1	2	0	13
chr22	37457670	37458564	1	1	1	4	0	28
chr22	37622080	37622710	2	2	1	0	4	7
chr22	37971124	38012081	2	2	0	0	2	29
chr22	38009199	38010200	1	1	1	0	2	6
chr22	38014554	38015806	1	1	1	3	0	19
chr22	38019475	38019558	1	1	1	2	0	2
chr22	38272019	38273680	1	1	1	2	0	14
chr22	38313803	38315042	1	1	1	2	0	7
chr22	38333202	38333752	1	1	1	1	0	27
chr22	38363178	38363631	1	1	1	6	0	13
chr22	38453497	38453826	1	1	1	0	1	3
chr22	38469100	38469779	1	1	1	6	0	23
chr22	38541661	38565224	2	2	1	0	2	3
chr22	38569934	38724591	2	2	0	0	5	28
chr22	38680959	38812529	1	1	0	0	6	14
chr22	38680959	38989790	1	1	0	0	6	14
chr22	38696071	38696728	2	2	1	3	0	10
chr22	38696958	38698865	2	2	1	2	0	15
chr22	38699015	38699142	2	2	1	2	0	26
chr22	38699254	38710086	2	2	1	1	0	7
chr22	38699426	38710086	2	2	0	2	0	18
chr22	38710175	38713164	2	2	1	4	0	11
chr22	38882446	38883877	2	2	1	3	0	7
chr22	38882446	38883883	2	2	1	1	0	26
chr22	38889777	38890025	2	2	1	2	0	6
chr22	38891052	38891800	2	2	1	4	0	23
chr22	38891943	38894089	2	2	1	3	0	23
chr22	38893362	39318184	2	4	0	4	0	18
chr22	38894156	38894444	2	2	1	1	0	10
chr22	38895505	38897134	2	2	1	2	0	18
chr22	38897286	38901955	2	2	1	13	0	5
chr22	38964295	38966058	2	2	1	0	3	7
chr22	39001354	39003393	2	2	1	3	0	32
chr22	39078101	39078327	1	1	1	5	0	21
chr22	39124167	39125466	1	1	1	3	0	6
chr22	39128176	39128177	0	0	1	1	0	7
chr22	39129385	39129385	0	0	1	0	3	1
chr22	39251241	39282164	2	2	0	0	2	22
chr22	39267951	39268126	2	2	1	3	0	27
chr22	39374130	39374971	2	2	0	1	0	26
chr22	39427479	39469381	1	1	0	0	7	23
chr22	39447863	39469381	1	1	0	0	7	23
chr22	39466178	39469381	1	1	0	0	7	23
chr22	39523786	39525613	1	1	0	0	5	27
chr22	39707506	39766816	1	1	0	4	0	21
chr22	39708990	39709195	2	2	1	6	0	20
chr22	39709316	39709638	2	2	1	7	8	31
chr22	39709735	39710111	2	2	1	3	0	18
chr22	39710214	39710690	2	2	1	6	0	8
chr22	39711561	39712710	2	2	1	4	0	25
chr22	39713027	39713465	2	2	1	8	0	29
chr22	39713635	39714404	2	2	1	11	0	31
chr22	39714598	39715599	2	2	1	13	0	29
chr22	39719447	39719743	1	1	0	0	1	28
chr22	39795841	39811010	1	1	1	4	0	8
chr22	40746040	40749076	1	1	1	4	0	6
chr22	40752429	40753371	2	4	0	1	0	25
chr22	40756497	40757276	1	1	1	1	0	15
chr22	40761061	40762439	1	1	1	7	0	27
chr22	40771930	40771979	0	0	0	6	0	31
chr22	40796818	40798142	1	1	1	1	0	24
chr22	40800669	40801144	1	1	1	3	0	26
chr22	40804702	40804797	1	1	1	1	0	24
chr22	40805023	40805253	1	1	1	0	1	4
chr22	40817105	40819539	2	2	1	2	0	5
chr22	40829329	40829479	0	0	1	0	2	6
chr22	41075739	41076952	1	1	1	2	0	6
chr22	41253250	41265002	1	1	1	4	0	16
chr22	41526008	41527391	1	1	1	1	0	8
chr22	41551118	41553172	1	1	1	3	0	4
chr22	41621946	41622665	1	1	1	7	0	20
chr22	41645822	41647010	2	2	1	0	4	3
chr22	41650499	41652024	2	2	1	0	3	4
chr22	41652295	41652714	2	2	1	0	1	2
chr22	41654111	41657449	2	2	1	1	0	17
chr22	41677087	41678790	2	2	0	3	0	25
chr22	41726108	41728174	1	1	1	3	0	25
chr22	41738633	41739418	1	1	1	1	0	15
chr22	41751867	41751957	1	1	1	5	0	24
chr22	41865513	41903794	1	1	1	0	1	3
chr22	41918992	41919208	1	1	1	0	1	4
chr22	41961571	42002332	2	4	0	0	6	16
chr22	42017350	42017993	1	1	1	4	0	2
chr22	42024235	42032116	1	1	1	2	0	25
chr22	42032256	42032519	1	1	1	6	0	28
chr22	42032775	42033611	1	1	1	5	0	12
chr22	42043087	42046726	1	1	1	12	0	32
chr22	42046896	42049532	1	1	1	0	4	11
chr22	42049695	42052906	1	1	1	2	0	7
chr22	42053037	42054255	1	1	1	8	0	30
chr22	42076369	42084797	2	2	1	4	0	22
chr22	42115414	43032828	2	2	0	0	4	12
chr22	42463941	42464442	2	2	1	1	0	4
chr22	42537249	42546832	2	2	0	0	2	29
chr22	42537407	42537543	2	2	1	0	3	6
chr22	42807743	42828242	2	2	1	0	2	7
chr22	42910311	42910687	2	2	1	0	3	2
chr22	42910786	42911156	2	2	1	6	0	19
chr22	42912143	42914010	2	2	1	3	0	19
chr22	42950049	42951237	1	1	1	0	3	3
chr22	42972133	42972517	2	2	1	0	3	2
chr22	42984202	42997256	2	2	0	0	2	23
chr22	43019895	43023309	2	2	1	1	0	19
chr22	43023695	43024157	2	2	1	4	0	10
chr22	43081837	43178971	2	2	0	0	2	27
chr22	43098592	43238259	2	2	0	0	3	26
chr22	43227643	43236949	2	2	1	3	0	5
chr22	43284805	43286952	2	2	1	3	0	16
chr22	43568561	43569720	2	2	1	4	0	14
chr22	43575759	43575846	2	2	1	4	0	18
chr22	43576007	43576747	2	2	1	3	0	23
chr22	43634961	43654224	2	2	1	0	1	5
chr22	44351479	44358949	1	1	1	0	2	1
chr22	44368882	44369115	1	1	1	4	0	18
chr22	44372702	44373751	1	1	1	3	0	6
chr22	44377342	44379812	1	1	1	4	0	9
chr22	44586547	44587928	1	1	1	0	4	2
chr22	44947602	45025508	2	2	0	0	2	18
chr22	45577249	45579282	1	1	1	2	0	14
chr22	45599867	45601097	2	2	1	1	0	8
chr22	45601794	45607836	2	2	1	1	0	16
chr22	45719309	45723722	1	1	1	5	0	11
chr22	45832241	46552727	2	2	0	0	6	30
chr22	46467138	46755870	1	3	0	4	0	15
chr22	46471815	46471927	0	0	0	4	0	30
chr22	46666833	46667474	2	2	0	3	0	23
chr22	46684486	46685298	1	1	1	3	0	23
chr22	46709911	46711928	1	1	1	3	0	1
chr22	46712310	46719086	1	1	1	0	6	1
chr22	47107047	47108064	2	2	1	2	0	14
chr22	47466130	47466779	2	2	0	0	3	18
chr22	47466492	47466779	2	2	0	0	3	18
chr22	47578648	48436888	1	1	0	7	0	18
chr22	47857748	47869264	2	2	0	0	2	31
chr22	49284750	49284796	1	1	0	3	0	24
chr22	50312079	50312406	1	1	1	0	2	5
chr22	50437932	50438256	2	2	1	0	2	5
chr22	50631523	50632004	1	1	1	9	0	20
chr22	50633470	50635669	1	1	1	2	0	8
chr22	50636425	50636503	1	1	1	5	0	8
chr22	50656257	50656346	2	2	1	8	0	9
chr22	50658221	50658385	2	2	1	1	0	13
chr22	50664373	50664478	2	2	1	3	0	31
chr22	50664619	50664715	2	2	1	1	0	30
chr22	50665272	50665427	2	2	1	5	0	22
chr22	50665507	50666335	2	2	1	3	0	25
chr22	50668007	50671744	2	2	1	1	0	5
chr22	50678797	50682147	2	2	1	1	0	16
chr22	50694124	50694238	2	2	1	5	0	28
chr22	50694311	50694513	2	2	1	4	0	3
chr22	50704735	50704968	2	2	1	0	2	6
chr22	50716701	50716863	2	2	1	2	0	3
chr22	50716949	50717024	2	2	1	5	0	3
chr22	50718501	50718917	2	2	1	4	3	2
chr22	50719403	50719517	2	2	1	4	0	29
chr22	50719929	50719994	2	2	1	4	0	32
chr22	50720172	50720282	2	2	1	3	0	18
chr22	50787501	50788493	1	1	0	1	0	24
chr22	50869812	50870693	1	1	1	2	0	29
chr22	50876728	50877027	1	1	1	3	0	7
chr22	50882547	50882627	1	1	1	10	0	26
chr22	50893374	50893444	2	2	1	1	0	20
chr22	50893572	50893652	2	2	1	1	0	30
chr22	50894012	50894644	2	2	1	3	0	28
chr22	50899142	50899587	2	2	1	8	0	5
chr22	50900148	50900224	2	2	1	0	7	2
chr22	50900299	50900375	2	2	1	5	0	23
chr22	50900549	50900633	2	2	1	0	2	2
chr22	50900903	50900987	2	2	1	2	0	22
chr22	50901147	50901298	2	2	1	7	0	24
chr22	50902871	50902962	2	2	1	16	0	26
chr22	50943157	50943230	2	2	1	0	1	6
chr22	50956239	50956401	1	1	1	5	0	21
chr22	50957750	50959393	1	1	1	5	0	32
chr22	50961596	50961663	1	1	1	3	0	5
chr22	50962854	50963900	2	2	1	5	0	20
chr22	50966147	50967564	2	2	1	0	2	5
chr22	50967768	50967924	2	2	1	0	2	1
chr22	51007851	51008004	2	2	1	1	0	6
chr22	51008098	51008721	2	2	1	4	0	3
chr22	51010552	51010631	2	2	1	4	0	17
chr22	51011490	51011948	2	2	1	1	0	5
chr22	51012849	51012921	2	2	1	2	0	29
chr22	51018701	51018786	2	2	1	2	0	12
chr22	51019090	51019848	2	2	1	1	0	29
chr22	51045420	51048639	1	1	1	6	0	12
chr22	51153476	51154096	1	1	1	2	0	21
chr21	9702487	9827155	2	2	0	0	6	12
chr21	9825486	9825563	0	0	0	42	0	31
chr21	9825501	9825577	2	4	0	5	0	14
chr21	9825510	9825831	2	4	0	0	2	12
chr21	9825529	9825817	0	0	0	8	0	30
chr21	9826064	9826833	2	2	0	0	5	16
chr21	9826186	9826580	0	0	0	85	1	30
chr21	9826336	9826373	2	4	0	0	1	12
chr21	9826401	9826430	2	2	0	0	3	13
chr21	9826728	9826875	0	0	0	3	0	30
chr21	9826944	9826984	2	4	0	0	5	17
chr21	9827135	9827394	2	2	0	0	6	21
chr21	9827140	9827369	2	2	0	0	4	32
chr21	9827140	9827406	2	2	0	0	1	13
chr21	9827146	9827406	2	2	0	0	2	20
chr21	9827155	9827454	2	2	0	0	12	30
chr21	9827155	9827460	2	2	0	0	7	17
chr21	9827166	9827454	2	2	0	0	3	24
chr21	9827186	9827274	0	0	0	5	0	30
chr21	9827355	9827438	1	1	0	0	3	22
chr21	9827362	9827403	2	2	0	0	4	15
chr21	9827369	9827403	2	2	0	0	6	26
chr21	9827369	9827406	2	2	0	0	16	17
chr21	11015545	11020812	2	2	1	0	3	12
chr21	14424211	14432897	0	0	1	0	1	7
chr21	26213043	26217092	1	1	1	0	1	7
chr21	27097662	27101941	2	2	1	5	0	8
chr21	27107382	27113883	1	1	1	1	0	5
chr21	27124546	27130320	1	1	1	0	6	4
chr21	27134677	27136520	1	1	1	0	4	18
chr21	27264181	27269884	2	2	1	1	0	7
chr21	27348342	27354656	2	2	1	9	0	22
chr21	27382229	27394155	2	2	1	1	0	7
chr21	27394359	27423315	2	2	1	2	0	5
chr21	27410866	27420417	1	1	0	0	2	16
chr21	27788981	27843069	1	1	1	0	2	1
chr21	30316919	30318128	2	2	1	1	0	4
chr21	30343767	30353440	2	2	1	5	0	1
chr21	30406870	30512141	1	1	0	0	3	30
chr21	30433739	30433816	2	2	1	5	0	11
chr21	30441824	30442567	2	2	1	4	0	7
chr21	30553669	30564446	2	2	0	0	2	24
chr21	30693836	30698379	1	1	1	4	0	15
chr21	32817557	32818866	0	0	0	3	0	30
chr21	33036200	33038761	1	1	1	5	0	5
chr21	33721793	33723012	2	2	1	4	0	20
chr21	33734331	33735464	2	2	1	4	0	13
chr21	33749534	33749587	0	0	0	9	0	31
chr21	33756774	33757853	2	2	1	6	0	2
chr21	33980027	33982147	2	2	1	1	0	29
chr21	34109720	34110483	2	2	1	4	0	30
chr21	34117225	34117884	2	2	1	3	0	13
chr21	34132306	34133369	2	2	1	8	0	32
chr21	34134629	34136658	2	2	1	4	0	19
chr21	34136836	34142124	2	2	1	4	0	15
chr21	34636395	35289728	2	2	0	0	5	30
chr21	34775923	34787194	1	1	1	8	0	25
chr21	34787328	34793786	1	1	1	9	0	27
chr21	34885002	34887085	2	2	0	1	0	24
chr21	34889916	34892670	2	2	1	7	0	24
chr21	34892870	34893212	2	2	1	4	0	16
chr21	34900642	34900824	2	2	1	3	0	12
chr21	34907060	34907530	2	2	1	1	0	5
chr21	34915476	34918518	1	1	1	4	0	15
chr21	34918686	34921781	1	1	1	3	0	21
chr21	34927698	34929461	1	1	1	7	0	27
chr21	34947974	34948083	1	1	1	3	0	6
chr21	34957075	34958283	2	2	1	9	0	27
chr21	34971555	34974539	2	2	1	2	0	6
chr21	35103250	35286330	2	2	0	0	4	13
chr21	35107510	35122447	1	1	1	7	0	2
chr21	35122628	35124114	1	1	1	4	0	6
chr21	35276326	35279644	2	2	1	1	0	25
chr21	35896009	35986576	2	2	1	7	0	26
chr21	37421757	37421788	1	3	0	0	9	17
chr21	37675655	38305334	2	2	0	0	5	23
chr21	37732557	37734480	1	1	1	3	0	5
chr21	37771904	37775055	1	1	1	3	0	31
chr21	37787688	37788572	1	1	1	2	1	4
chr21	38441925	38444444	2	2	1	4	0	17
chr21	38522471	38523119	1	1	1	4	0	27
chr21	38525578	38528956	1	1	1	4	0	25
chr21	38532048	38533103	1	1	1	1	0	24
chr21	38538918	38539856	1	1	1	5	0	11
chr21	38559447	38560795	1	1	1	0	6	27
chr21	38604947	38605662	2	2	1	2	0	5
chr21	38676316	38732980	1	1	0	0	4	23
chr21	38749853	38762307	2	4	0	0	1	20
chr21	39469604	39471370	2	2	1	1	0	7
chr21	40191691	40193509	1	1	1	1	0	17
chr21	40193629	40194597	1	1	1	0	7	2
chr21	40642360	40646299	2	2	1	5	0	9
chr21	40685028	40685166	2	2	1	5	0	24
chr21	41465802	41496121	2	2	1	0	1	5
chr21	42515343	42517003	2	2	1	0	3	7
chr21	42590399	42591020	2	2	0	1	0	13
chr21	43169364	43171256	2	2	1	5	0	9
chr21	43281861	43282033	2	2	1	0	1	6
chr21	43287487	43291602	2	2	1	0	3	3
chr21	43508591	43519035	1	1	1	0	14	1
chr21	43510549	43519035	1	1	1	0	14	1
chr21	43514135	43519035	1	1	1	0	14	1
chr21	43522389	43523977	1	1	1	0	11	2
chr21	43619960	43621686	1	1	1	0	2	6
chr21	43922528	43938386	1	1	1	0	1	4
chr21	44180543	44180934	1	1	1	6	0	15
chr21	44264850	44264875	1	3	0	5	0	22
chr21	44268524	44268589	2	2	0	0	4	16
chr21	44268524	44268816	2	2	0	0	4	16
chr21	44268528	44268686	2	2	0	0	2	14
chr21	44268528	44268737	2	2	0	0	7	20
chr21	44268528	44268966	2	2	0	0	7	20
chr21	44268528	44269127	2	2	0	0	7	20
chr21	44268559	44268589	2	2	0	0	4	16
chr21	44268559	44268816	2	2	0	0	4	16
chr21	44268656	44268816	2	2	0	0	4	16
chr21	44268687	44268816	2	2	0	0	4	16
chr21	44268747	44269105	2	2	0	5	0	21
chr21	44268747	44269307	2	2	0	0	3	23
chr21	44268782	44268816	2	2	0	0	4	16
chr21	44268786	44268851	2	2	0	0	5	27
chr21	44268786	44268882	2	2	0	0	5	27
chr21	44268786	44268913	2	2	0	0	5	27
chr21	44268786	44268966	2	2	0	0	7	20
chr21	44268786	44269010	2	2	0	0	5	27
chr21	44268786	44269041	2	2	0	0	5	27
chr21	44268786	44269127	2	2	0	0	7	20
chr21	44268949	44269127	2	2	0	0	7	20
chr21	44269077	44269127	2	2	0	0	7	20
chr21	44269137	44269307	2	2	0	0	3	23
chr21	44269203	44269307	2	2	0	0	3	23
chr21	44273863	44274671	2	2	1	4	0	9
chr21	44282505	44283549	2	2	1	2	0	19
chr21	44283707	44293660	2	2	1	2	0	9
chr21	44293802	44296811	2	2	1	1	0	5
chr21	44313492	44317036	1	1	1	6	0	2
chr21	44317158	44328973	1	1	1	5	0	13
chr21	44479079	44479335	2	2	1	5	0	29
chr21	44483189	44484009	2	2	1	3	0	27
chr21	44485632	44485725	2	2	1	5	0	24
chr21	44515647	44515803	2	2	1	7	0	15
chr21	44515854	44520562	2	2	1	2	0	17
chr21	45036602	45037616	2	2	0	0	3	14
chr21	45036602	45103642	2	2	0	0	3	14
chr21	45089848	45092188	1	1	1	1	0	6
chr21	45092247	45093750	1	1	1	1	0	1
chr21	45096796	45103159	1	1	1	4	0	30
chr21	45108122	45110168	1	1	1	0	5	2
chr21	45139263	45153949	1	1	1	5	0	10
chr21	45175646	45175831	1	1	1	5	0	22
chr21	45194212	45194538	2	2	1	3	0	31
chr21	45211314	45212552	1	1	1	7	0	31
chr21	45215132	45217302	1	1	1	1	0	22
chr21	45217577	45217787	1	1	1	3	0	25
chr21	45220496	45220742	1	1	1	1	0	13
chr21	45220763	45222154	1	1	1	4	0	16
chr21	45222269	45223392	1	1	1	0	2	1
chr21	45302403	45303115	0	0	0	3	0	31
chr21	45323901	45379514	1	1	1	3	0	12
chr21	45483667	45494204	1	1	1	1	0	27
chr21	45531685	45588682	1	1	0	0	6	28
chr21	45542208	45545941	0	0	0	4	0	32
chr21	45546001	45546780	1	1	1	0	1	3
chr21	45553743	45553807	1	1	0	1	0	13
chr21	45563244	45564702	1	5	1	0	3	5
chr21	45585922	45735734	1	1	0	5	0	14
chr21	45733027	45733520	1	1	1	7	0	18
chr21	45733546	45742022	1	1	0	7	0	22
chr21	45733566	45733795	1	1	1	1	0	29
chr21	45742933	45743648	1	1	1	3	0	29
chr21	45743802	45744373	1	1	1	2	0	18
chr21	45745944	45746041	1	1	1	10	0	7
chr21	45749115	45749513	2	2	1	8	0	19
chr21	46130313	46190609	1	3	0	2	0	12
chr21	46361519	46361649	0	0	0	3	0	30
chr21	46361618	46361659	0	0	0	3	0	31
chr21	46494709	46548316	1	1	1	0	1	1
chr21	46900773	46901876	1	1	1	0	2	4
chr21	46910261	46910749	1	1	1	7	0	24
chr21	46921928	46921971	2	2	0	0	2	31
chr21	46922884	46923846	2	2	1	0	1	7
chr21	46925193	46925271	1	1	1	0	1	4
chr21	46945873	46950683	2	2	1	2	0	10
chr21	46958288	46958345	1	3	0	7	0	21
chr21	47082438	47644967	2	2	0	0	5	32
chr21	47155344	47269874	1	1	1	6	0	3
chr21	47406600	47406857	1	1	1	12	0	24
chr21	47414144	47417334	1	1	1	4	0	8
chr21	47417398	47417613	1	1	1	5	0	5
chr21	47417677	47418034	1	1	1	1	0	8
chr21	47418086	47418311	1	1	1	1	0	6
chr21	47423064	47423304	1	1	1	2	0	12
chr21	47531506	47531892	1	1	1	6	0	8
chr21	47535968	47536290	1	1	1	6	0	3
chr21	47536318	47536564	1	1	1	6	0	27
chr21	47536592	47536683	1	1	1	5	0	8
chr21	47557249	47558421	2	2	1	5	0	30
chr21	47611874	47614404	2	2	1	2	0	29
chr21	47613089	47613566	2	2	1	0	1	26
chr21	47613148	47613385	1	1	0	0	2	16
chr21	47613148	47613625	1	1	0	0	2	16
chr21	47625856	47626585	2	2	1	6	0	15
chr21	47628216	47629467	2	2	1	8	0	29
chr21	47630659	47632938	2	2	1	3	0	20
chr21	47680821	47681193	2	2	1	4	0	9
chr21	47684132	47685234	2	2	1	1	0	13
chr21	47685438	47685838	2	2	1	7	0	9
chr21	47686081	47686895	2	2	1	4	0	14
chr21	47695240	47697440	2	2	1	2	0	11
chr21	47702504	47703123	1	1	0	4	0	16
chr21	47710208	47711077	2	2	0	3	0	21
chr21	47737263	47737925	2	2	1	6	0	11
chr21	47746504	47754310	1	1	1	5	0	19
chr21	47769735	47771342	1	1	1	3	0	13
chr21	47773983	47775366	1	1	1	1	0	27
chr21	47775542	47776888	1	1	1	4	0	12
chr21	47787055	47801608	1	1	1	1	0	2
chr21	47801756	47805746	1	1	1	7	0	27
chr21	47809347	47810584	1	1	1	1	0	4
chr21	47811292	47817178	1	1	1	3	0	9
chr21	47819711	47821464	1	1	1	4	0	6
chr21	47821636	47822244	1	1	1	1	0	7
chr21	47822398	47831102	1	1	1	0	5	1
chr21	47831982	47832750	1	1	1	5	0	25
chr21	47838221	47841883	1	1	1	2	0	4
chr21	47847710	47848308	1	1	1	1	0	7
chr21	47848505	47849923	1	1	1	2	0	4
chr21	47852130	47855816	1	1	1	4	0	6
chr21	47860998	47862409	1	1	1	7	0	27
chr21	47864735	47865196	1	1	1	2	0	8
chr21	47917021	47918494	1	1	1	1	4	12
chr21	48056460	48056807	1	1	1	4	0	30
chr21	48087474	48087593	1	1	0	1	0	23
chr6_ssto_hap7	1312623	1327909	1	1	0	0	8	30
chr6_ssto_hap7	1867955	1875206	2	2	0	0	7	28
chr6_ssto_hap7	2023591	2024041	0	0	0	0	8	32
chr6_ssto_hap7	4912269	4923254	1	1	0	0	1	16
chr6_mcf_hap5	1917531	1924782	2	2	0	0	7	28
chr6_mcf_hap5	2073167	2073617	0	0	0	0	8	32
chr6_mcf_hap5	3091632	3091665	2	4	0	0	7	17
chr6_cox_hap2	2047728	2054979	2	2	0	0	7	28
chr6_cox_hap2	2203352	2203802	0	0	0	0	8	32
chr6_cox_hap2	3221546	3221579	2	4	0	0	7	17
chr6_mann_hap4	1883749	1891000	2	2	0	0	7	28
chr6_mann_hap4	2039378	2039828	0	0	0	0	8	32
chr6_mann_hap4	3054826	3054859	2	4	0	0	7	17
chr6_apd_hap1	2002926	2003376	0	0	0	0	8	32
chr6_qbl_hap6	1828583	1835834	2	2	0	0	7	28
chr6_qbl_hap6	1984215	1984665	0	0	0	0	8	32
chr6_qbl_hap6	3005591	3005624	2	4	0	0	7	17
chr6_dbb_hap3	1829312	1836563	2	2	0	0	7	28
chr6_dbb_hap3	1984942	1985392	0	0	0	0	8	32
chr6_dbb_hap3	2997530	2997563	2	4	0	0	7	17
chr17_ctg5_hap1	216115	221295	1	1	0	0	3	26
chr17_ctg5_hap1	413004	1229866	2	4	0	0	6	32
chr17_ctg5_hap1	434032	439230	1	1	0	0	3	26
chr17_ctg5_hap1	498682	1492486	1	3	0	0	6	32
chr17_ctg5_hap1	581647	583478	2	2	0	0	1	26
chr17_ctg5_hap1	737938	823886	2	2	0	0	2	19
chr17_ctg5_hap1	1310244	1312077	2	2	0	0	1	26
chr17_ctg5_hap1	1466303	1471461	2	2	0	0	3	26
chr17_ctg5_hap1	1492478	1646901	1	1	0	0	3	13
chr17_ctg5_hap1	1565545	1646901	1	1	0	0	3	13
chrUn_gl000225	118823	140761	2	2	0	0	6	23
chrUn_gl000225	126345	140761	2	2	0	0	6	23
chrUn_gl000223	68204	68300	0	0	0	0	5	31
chrUn_gl000219	78953	79936	2	2	0	0	1	31
chrUn_gl000220	54116	109647	2	2	0	0	63	13
chrUn_gl000220	54116	153619	2	2	0	0	63	13
chrUn_gl000220	65450	114672	2	2	0	0	3	16
chrUn_gl000220	65450	158644	2	2	0	0	3	16
chrUn_gl000220	67935	68187	1	3	0	4	0	20
chrUn_gl000220	70151	116155	1	1	0	1	0	13
chrUn_gl000220	95790	118035	2	2	0	0	3	23
chrUn_gl000220	95798	114982	2	2	0	0	3	17
chrUn_gl000220	95798	158954	2	2	0	0	3	17
chrUn_gl000220	95800	110530	2	2	0	0	2	23
chrUn_gl000220	95800	113495	2	2	0	0	4	22
chrUn_gl000220	95800	116181	2	2	0	0	1	24
chrUn_gl000220	95800	154502	2	2	0	0	2	23
chrUn_gl000220	95800	157467	2	2	0	0	4	22
chrUn_gl000220	96924	107914	2	2	0	0	1	14
chrUn_gl000220	100290	110777	2	2	0	0	1	13
chrUn_gl000220	104245	114454	2	2	0	0	5	12
chrUn_gl000220	104245	158426	2	2	0	0	5	12
chrUn_gl000220	104312	117959	2	2	0	0	1	12
chrUn_gl000220	104490	117401	2	2	0	0	1	22
chrUn_gl000220	104759	111618	1	1	0	0	1	16
chrUn_gl000220	104963	115891	1	1	0	0	2	13
chrUn_gl000220	104963	159863	1	1	0	0	2	13
chrUn_gl000220	104985	112695	1	1	0	0	5	13
chrUn_gl000220	104985	156667	1	1	0	0	5	13
chrUn_gl000220	105561	114280	1	1	0	0	3	28
chrUn_gl000220	105561	158252	1	1	0	0	3	28
chrUn_gl000220	105641	106059	0	0	0	6	0	32
chrUn_gl000220	105658	115256	1	1	0	0	4	16
chrUn_gl000220	105658	159228	1	1	0	0	4	16
chrUn_gl000220	105724	118049	1	1	0	5	0	13
chrUn_gl000220	105790	109375	1	1	0	0	1	18
chrUn_gl000220	105790	153347	1	1	0	0	1	18
chrUn_gl000220	105918	110757	1	1	0	0	4	20
chrUn_gl000220	105918	154729	1	1	0	0	4	20
chrUn_gl000220	105922	117251	1	1	0	0	6	13
chrUn_gl000220	105922	161223	1	1	0	0	6	13
chrUn_gl000220	106123	150095	1	1	0	9	6	26
chrUn_gl000220	106171	112697	1	1	0	0	5	16
chrUn_gl000220	106171	156669	1	1	0	0	5	16
chrUn_gl000220	106197	110658	2	2	0	0	6	14
chrUn_gl000220	106197	154630	2	2	0	0	6	14
chrUn_gl000220	106300	106815	1	1	0	0	5	31
chrUn_gl000220	106320	110331	2	2	0	0	1	13
chrUn_gl000220	106320	154303	2	2	0	0	1	13
chrUn_gl000220	106323	112284	2	2	0	0	2	12
chrUn_gl000220	106323	156256	2	2	0	0	2	12
chrUn_gl000220	106340	106760	1	1	0	0	5	22
chrUn_gl000220	106340	114312	1	1	0	0	6	22
chrUn_gl000220	106340	158284	1	1	0	0	6	22
chrUn_gl000220	106350	109998	1	1	0	0	1	17
chrUn_gl000220	106350	153970	1	1	0	0	1	17
chrUn_gl000220	106366	114283	2	2	0	0	3	28
chrUn_gl000220	106366	158255	2	2	0	0	3	28
chrUn_gl000220	106396	106722	1	1	0	0	5	25
chrUn_gl000220	106519	106638	0	0	0	0	9	32
chrUn_gl000220	106529	138843	1	1	0	3	0	12
chrUn_gl000220	106581	113560	1	1	0	0	9	23
chrUn_gl000220	106581	157532	1	1	0	0	9	23
chrUn_gl000220	106588	115292	1	1	0	0	1	17
chrUn_gl000220	106588	116243	1	1	0	0	2	22
chrUn_gl000220	106588	160215	1	1	0	0	2	22
chrUn_gl000220	106650	117446	1	1	0	0	11	14
chrUn_gl000220	106650	161418	1	1	0	0	2	14
chrUn_gl000220	106690	150532	2	4	0	7	0	20
chrUn_gl000220	106709	116243	1	1	0	0	2	28
chrUn_gl000220	106709	160215	1	1	0	0	2	28
chrUn_gl000220	106723	117947	1	1	0	1	0	14
chrUn_gl000220	106725	150382	1	1	0	1	0	13
chrUn_gl000220	106799	117398	2	2	0	0	1	23
chrUn_gl000220	106817	150713	1	1	0	2	0	26
chrUn_gl000220	106907	117398	2	2	0	0	1	19
chrUn_gl000220	106911	109071	2	2	0	0	6	31
chrUn_gl000220	106911	153043	2	2	0	0	6	31
chrUn_gl000220	106942	107191	0	0	0	4	0	32
chrUn_gl000220	106959	106995	2	4	0	0	8	19
chrUn_gl000220	107018	111168	1	1	0	0	1	21
chrUn_gl000220	107018	155140	1	1	0	0	1	21
chrUn_gl000220	107048	107099	0	0	0	3	0	30
chrUn_gl000220	107072	151044	1	1	0	0	6	18
chrUn_gl000220	107145	112380	1	1	0	0	1	13
chrUn_gl000220	107147	117446	1	1	0	0	1	12
chrUn_gl000220	107161	114283	2	2	0	0	9	14
chrUn_gl000220	107161	158255	2	2	0	0	9	14
chrUn_gl000220	107165	115292	1	1	0	0	2	26
chrUn_gl000220	107165	116103	1	1	0	0	9	17
chrUn_gl000220	107165	159264	1	1	0	0	2	26
chrUn_gl000220	107165	160075	1	1	0	0	9	17
chrUn_gl000220	107288	117996	1	1	0	5	0	13
chrUn_gl000220	107296	114532	1	1	0	0	1	17
chrUn_gl000220	107310	114618	1	1	0	0	1	13
chrUn_gl000220	107312	109467	2	2	0	0	3	15
chrUn_gl000220	107312	153439	2	2	0	0	3	15
chrUn_gl000220	107361	117996	1	1	0	1	0	15
chrUn_gl000220	107553	107597	2	4	0	3	0	20
chrUn_gl000220	107580	117225	2	2	0	0	5	18
chrUn_gl000220	107580	118814	2	2	0	0	1	16
chrUn_gl000220	107580	161197	2	2	0	0	5	18
chrUn_gl000220	107587	107908	2	4	0	0	2	12
chrUn_gl000220	107664	117271	2	2	0	0	1	12
chrUn_gl000220	107735	107800	0	0	0	0	8	31
chrUn_gl000220	107762	151734	2	2	0	30	6	32
chrUn_gl000220	107798	151706	2	2	0	8	0	27
chrUn_gl000220	108141	108909	2	2	0	0	5	16
chrUn_gl000220	108172	114312	1	1	0	0	3	13
chrUn_gl000220	108172	114603	1	1	0	0	7	13
chrUn_gl000220	108172	158284	1	1	0	0	3	13
chrUn_gl000220	108172	158575	1	1	0	0	7	13
chrUn_gl000220	108178	116696	2	2	0	0	6	22
chrUn_gl000220	108178	151266	2	2	0	5	0	16
chrUn_gl000220	108178	160668	2	2	0	0	6	22
chrUn_gl000220	108219	114095	1	1	0	0	4	31
chrUn_gl000220	108219	158067	1	1	0	0	4	31
chrUn_gl000220	108336	114280	1	1	0	0	5	16
chrUn_gl000220	108336	158252	1	1	0	0	5	16
chrUn_gl000220	108391	152367	0	0	0	6	0	30
chrUn_gl000220	108413	108450	2	4	0	0	1	12
chrUn_gl000220	108478	108507	2	2	0	0	3	13
chrUn_gl000220	108609	152292	2	2	0	5	0	15
chrUn_gl000220	108658	114603	1	1	0	0	2	23
chrUn_gl000220	108658	115875	1	1	0	0	1	22
chrUn_gl000220	108658	158575	1	1	0	0	2	23
chrUn_gl000220	108739	118259	1	1	0	1	0	26
chrUn_gl000220	108749	115498	1	1	0	0	1	23
chrUn_gl000220	108787	151095	2	2	0	1	0	15
chrUn_gl000220	108851	115443	1	1	0	0	1	29
chrUn_gl000220	108870	113583	1	1	0	0	1	14
chrUn_gl000220	108870	157555	1	1	0	0	1	14
chrUn_gl000220	108883	115216	1	1	0	0	6	26
chrUn_gl000220	108883	159188	1	1	0	0	6	26
chrUn_gl000220	108945	112104	2	2	0	0	4	29
chrUn_gl000220	108945	156076	2	2	0	0	4	29
chrUn_gl000220	108977	151428	1	1	0	0	6	18
chrUn_gl000220	108984	116243	1	1	0	0	6	14
chrUn_gl000220	108984	160215	1	1	0	0	6	14
chrUn_gl000220	108987	151095	2	2	0	0	6	13
chrUn_gl000220	109016	151018	2	2	0	7	0	20
chrUn_gl000220	109039	109986	1	1	0	0	3	18
chrUn_gl000220	109039	116243	1	1	0	0	11	20
chrUn_gl000220	109039	117291	1	1	0	0	3	24
chrUn_gl000220	109039	160215	1	1	0	0	11	20
chrUn_gl000220	109039	161263	1	1	0	0	3	24
chrUn_gl000220	109068	153048	2	2	0	7	0	17
chrUn_gl000220	109072	112027	2	2	0	0	3	32
chrUn_gl000220	109072	153048	2	2	0	6	0	32
chrUn_gl000220	109072	155999	2	2	0	0	3	32
chrUn_gl000220	109077	153052	2	2	0	4	0	28
chrUn_gl000220	109091	117425	2	2	0	0	1	17
chrUn_gl000220	109157	113758	1	1	0	0	4	19
chrUn_gl000220	109157	157730	1	1	0	0	4	19
chrUn_gl000220	109173	112017	2	2	0	0	3	19
chrUn_gl000220	109173	155989	2	2	0	0	3	19
chrUn_gl000220	109185	153157	1	1	0	0	10	29
chrUn_gl000220	109208	109467	2	2	0	0	6	21
chrUn_gl000220	109211	114586	2	2	0	0	9	31
chrUn_gl000220	109211	158558	2	2	0	0	9	31
chrUn_gl000220	109213	109442	2	2	0	0	4	32
chrUn_gl000220	109213	109479	2	2	0	0	1	13
chrUn_gl000220	109213	114586	2	2	0	0	6	29
chrUn_gl000220	109213	114882	2	2	0	0	6	24
chrUn_gl000220	109213	115136	2	2	0	0	6	15
chrUn_gl000220	109213	115724	2	2	0	0	2	14
chrUn_gl000220	109213	153191	2	2	0	3	0	31
chrUn_gl000220	109213	158558	2	2	0	0	6	29
chrUn_gl000220	109213	158854	2	2	0	0	6	24
chrUn_gl000220	109213	159108	2	2	0	0	6	15
chrUn_gl000220	109216	110268	2	2	0	0	3	29
chrUn_gl000220	109216	114586	2	2	0	0	3	14
chrUn_gl000220	109216	153191	2	2	0	3	0	29
chrUn_gl000220	109216	154240	2	2	0	0	3	29
chrUn_gl000220	109216	158558	2	2	0	0	3	14
chrUn_gl000220	109219	109479	2	2	0	0	2	20
chrUn_gl000220	109219	112027	2	2	0	0	1	15
chrUn_gl000220	109219	153191	2	2	0	0	3	26
chrUn_gl000220	109219	155999	2	2	0	0	1	15
chrUn_gl000220	109228	109527	2	2	0	0	12	30
chrUn_gl000220	109228	109533	2	2	0	0	7	17
chrUn_gl000220	109228	110295	2	2	0	0	3	17
chrUn_gl000220	109228	110846	2	2	0	0	4	28
chrUn_gl000220	109228	112024	2	2	0	0	9	22
chrUn_gl000220	109228	113575	2	2	0	0	1	32
chrUn_gl000220	109228	115136	2	2	0	0	7	14
chrUn_gl000220	109228	115616	2	2	0	0	9	30
chrUn_gl000220	109228	153200	2	2	0	0	13	19
chrUn_gl000220	109228	154267	2	2	0	0	3	17
chrUn_gl000220	109228	154818	2	2	0	0	4	28
chrUn_gl000220	109228	155996	2	2	0	0	9	22
chrUn_gl000220	109228	157547	2	2	0	0	1	32
chrUn_gl000220	109228	159108	2	2	0	0	7	14
chrUn_gl000220	109228	159588	2	2	0	0	9	30
chrUn_gl000220	109230	110729	1	1	0	0	6	32
chrUn_gl000220	109230	113442	1	1	0	0	1	30
chrUn_gl000220	109230	113744	1	1	0	0	1	13
chrUn_gl000220	109230	115441	1	1	0	0	2	19
chrUn_gl000220	109230	115875	1	1	0	0	5	22
chrUn_gl000220	109230	117673	1	1	0	0	3	32
chrUn_gl000220	109230	154701	1	1	0	0	6	32
chrUn_gl000220	109230	157414	1	1	0	0	1	30
chrUn_gl000220	109230	157716	1	1	0	0	1	13
chrUn_gl000220	109230	159413	1	1	0	0	2	19
chrUn_gl000220	109230	159847	1	1	0	0	5	22
chrUn_gl000220	109230	161645	1	1	0	0	3	32
chrUn_gl000220	109233	110558	1	1	0	0	3	20
chrUn_gl000220	109233	113750	1	1	0	0	1	18
chrUn_gl000220	109233	114570	1	1	0	0	2	17
chrUn_gl000220	109233	154530	1	1	0	0	3	20
chrUn_gl000220	109233	157722	1	1	0	0	1	18
chrUn_gl000220	109233	158542	1	1	0	0	2	17
chrUn_gl000220	109239	109527	2	2	0	0	3	24
chrUn_gl000220	109239	110292	2	2	0	0	5	23
chrUn_gl000220	109239	115724	2	2	0	0	4	20
chrUn_gl000220	109239	154264	2	2	0	0	5	23
chrUn_gl000220	109239	159696	2	2	0	0	4	20
chrUn_gl000220	109290	114308	1	1	0	0	8	25
chrUn_gl000220	109290	158280	1	1	0	0	8	25
chrUn_gl000220	109366	116493	1	1	0	0	3	19
chrUn_gl000220	109366	153274	1	1	0	4	0	28
chrUn_gl000220	109366	160465	1	1	0	0	3	19
chrUn_gl000220	109381	153342	2	2	0	1	0	19
chrUn_gl000220	109404	109998	1	1	0	0	3	28
chrUn_gl000220	109404	110228	1	1	0	0	5	23
chrUn_gl000220	109404	115656	1	1	0	0	2	21
chrUn_gl000220	109404	115727	1	1	0	0	3	25
chrUn_gl000220	109404	117825	1	1	0	1	0	23
chrUn_gl000220	109404	117996	1	1	0	1	0	27
chrUn_gl000220	109404	159628	1	1	0	0	2	21
chrUn_gl000220	109404	159699	1	1	0	0	3	25
chrUn_gl000220	109428	109511	1	1	0	0	3	22
chrUn_gl000220	109428	115752	1	1	0	0	8	23
chrUn_gl000220	109428	115990	1	1	0	0	7	21
chrUn_gl000220	109428	159724	1	1	0	0	8	23
chrUn_gl000220	109428	159962	1	1	0	0	7	21
chrUn_gl000220	109430	112027	2	2	0	0	6	25
chrUn_gl000220	109430	155999	2	2	0	0	6	25
chrUn_gl000220	109435	109476	2	2	0	0	4	15
chrUn_gl000220	109435	153414	2	2	0	9	0	16
chrUn_gl000220	109442	109476	2	2	0	0	6	26
chrUn_gl000220	109442	109479	2	2	0	0	16	17
chrUn_gl000220	109442	116696	2	2	0	0	3	24
chrUn_gl000220	109442	117271	2	2	0	0	3	16
chrUn_gl000220	109442	153342	2	2	0	4	0	29
chrUn_gl000220	109442	153414	2	2	0	1	215	32
chrUn_gl000220	109442	160668	2	2	0	0	3	24
chrUn_gl000220	109442	161243	2	2	0	0	3	16
chrUn_gl000220	109464	153448	2	2	0	8	0	24
chrUn_gl000220	109498	115768	1	1	0	0	3	12
chrUn_gl000220	109498	115875	1	1	0	0	1	32
chrUn_gl000220	109498	159740	1	1	0	0	3	12
chrUn_gl000220	109519	153052	2	2	0	3	0	16
chrUn_gl000220	109587	114304	1	1	0	0	3	13
chrUn_gl000220	109587	115443	1	1	0	0	11	30
chrUn_gl000220	109587	158276	1	1	0	0	3	13
chrUn_gl000220	109587	159415	1	1	0	0	11	30
chrUn_gl000220	109590	113511	1	1	0	0	2	16
chrUn_gl000220	109590	157483	1	1	0	0	2	16
chrUn_gl000220	109683	115001	1	1	0	0	1	32
chrUn_gl000220	109683	153157	1	1	0	5	0	23
chrUn_gl000220	109683	158973	1	1	0	0	1	32
chrUn_gl000220	109685	110565	2	2	0	0	3	13
chrUn_gl000220	109685	113768	2	2	0	0	1	21
chrUn_gl000220	109685	157740	2	2	0	0	1	21
chrUn_gl000220	109688	117254	1	1	0	0	6	16
chrUn_gl000220	109688	161226	1	1	0	0	6	16
chrUn_gl000220	109703	110584	1	1	0	0	9	31
chrUn_gl000220	109703	115627	1	1	0	0	6	16
chrUn_gl000220	109703	116243	1	1	0	0	6	31
chrUn_gl000220	109703	159599	1	1	0	0	6	16
chrUn_gl000220	109703	160215	1	1	0	0	6	31
chrUn_gl000220	109713	114040	2	2	0	0	25	24
chrUn_gl000220	109713	158012	2	2	0	0	25	24
chrUn_gl000220	109733	110483	1	1	0	0	3	12
chrUn_gl000220	109733	113442	1	1	0	0	1	12
chrUn_gl000220	109733	114998	1	1	0	0	5	12
chrUn_gl000220	109733	153705	1	1	0	0	10	12
chrUn_gl000220	109733	157414	1	1	0	0	1	12
chrUn_gl000220	109733	158970	1	1	0	0	5	12
chrUn_gl000220	109737	115115	2	2	0	0	6	16
chrUn_gl000220	109737	159087	2	2	0	0	6	16
chrUn_gl000220	109742	115695	1	1	0	0	2	18
chrUn_gl000220	109742	153714	1	1	0	0	6	21
chrUn_gl000220	109742	159667	1	1	0	0	2	18
chrUn_gl000220	109751	110466	2	2	0	0	4	30
chrUn_gl000220	109751	113418	2	2	0	0	4	30
chrUn_gl000220	109751	157390	2	2	0	0	4	30
chrUn_gl000220	109757	110248	1	1	0	0	4	29
chrUn_gl000220	109757	153729	1	1	0	1	12	29
chrUn_gl000220	109764	110457	2	2	0	0	3	22
chrUn_gl000220	109771	109793	1	3	0	8	0	13
chrUn_gl000220	109782	153765	1	1	0	2	0	20
chrUn_gl000220	109818	110200	2	2	0	0	1	17
chrUn_gl000220	109836	149419	2	2	0	1	0	32
chrUn_gl000220	109843	116588	2	2	0	0	1	17
chrUn_gl000220	109845	116997	2	2	0	0	4	19
chrUn_gl000220	109845	160969	2	2	0	0	4	19
chrUn_gl000220	109850	110846	2	2	0	0	1	31
chrUn_gl000220	109850	116997	2	2	0	0	2	23
chrUn_gl000220	109850	154818	2	2	0	0	1	31
chrUn_gl000220	109850	160969	2	2	0	0	2	23
chrUn_gl000220	109875	109905	1	1	0	0	3	16
chrUn_gl000220	109875	115216	1	1	0	0	5	16
chrUn_gl000220	109875	153729	1	1	0	4	0	25
chrUn_gl000220	109875	153821	1	1	0	6	0	20
chrUn_gl000220	109875	159188	1	1	0	0	5	16
chrUn_gl000220	109880	113667	2	2	0	0	5	28
chrUn_gl000220	109880	153852	2	2	0	0	8	23
chrUn_gl000220	109880	157639	2	2	0	0	5	28
chrUn_gl000220	109920	117733	2	2	0	0	2	18
chrUn_gl000220	109920	118040	2	2	0	1	0	20
chrUn_gl000220	109920	161705	2	2	0	0	2	18
chrUn_gl000220	109933	117553	2	2	0	0	5	32
chrUn_gl000220	109933	117562	2	2	0	0	9	32
chrUn_gl000220	109933	117568	2	2	0	0	6	32
chrUn_gl000220	109933	153191	2	2	0	1	0	25
chrUn_gl000220	109933	153508	2	2	0	3	0	32
chrUn_gl000220	109933	161525	2	2	0	0	5	32
chrUn_gl000220	109933	161534	2	2	0	0	9	32
chrUn_gl000220	109933	161540	2	2	0	0	6	32
chrUn_gl000220	109958	115017	1	1	0	0	5	13
chrUn_gl000220	109958	158989	1	1	0	0	5	13
chrUn_gl000220	109961	115611	2	2	0	0	5	12
chrUn_gl000220	109961	159583	2	2	0	0	5	12
chrUn_gl000220	109968	114980	1	1	0	0	2	28
chrUn_gl000220	109968	158952	1	1	0	0	2	28
chrUn_gl000220	110019	114265	1	1	0	0	9	19
chrUn_gl000220	110019	115899	1	1	0	0	3	21
chrUn_gl000220	110019	153274	1	1	0	1	0	22
chrUn_gl000220	110019	158237	1	1	0	0	9	19
chrUn_gl000220	110019	159871	1	1	0	0	3	21
chrUn_gl000220	110030	110171	2	2	0	0	3	20
chrUn_gl000220	110030	110360	2	2	0	0	3	12
chrUn_gl000220	110030	110457	2	2	0	0	4	27
chrUn_gl000220	110030	110565	2	2	0	0	6	12
chrUn_gl000220	110030	110609	2	2	0	0	1	32
chrUn_gl000220	110036	110106	1	1	0	0	1	26
chrUn_gl000220	110036	114721	1	1	0	0	1	26
chrUn_gl000220	110036	115173	1	1	0	0	6	22
chrUn_gl000220	110036	158693	1	1	0	0	1	26
chrUn_gl000220	110036	159145	1	1	0	0	6	22
chrUn_gl000220	110044	112017	2	2	0	0	1	32
chrUn_gl000220	110044	115136	2	2	0	0	1	19
chrUn_gl000220	110044	155989	2	2	0	0	1	32
chrUn_gl000220	110044	159108	2	2	0	0	1	19
chrUn_gl000220	110121	117738	1	1	0	0	1	15
chrUn_gl000220	110142	115661	1	1	0	0	1	16
chrUn_gl000220	110142	159633	1	1	0	0	1	16
chrUn_gl000220	110187	110742	1	1	0	0	3	26
chrUn_gl000220	110187	153877	1	1	0	3	0	29
chrUn_gl000220	110187	153970	1	1	0	2	0	25
chrUn_gl000220	110212	110712	2	2	0	0	3	20
chrUn_gl000220	110212	110775	2	2	0	0	4	12
chrUn_gl000220	110212	154195	2	2	0	6	0	22
chrUn_gl000220	110228	110584	1	1	0	0	4	24
chrUn_gl000220	110228	110715	1	1	0	0	27	31
chrUn_gl000220	110228	115875	1	1	0	0	7	21
chrUn_gl000220	110228	115891	1	1	0	0	12	31
chrUn_gl000220	110228	115969	1	1	0	0	1	31
chrUn_gl000220	110228	117601	1	1	0	0	3	13
chrUn_gl000220	110228	118359	1	1	0	4	0	22
chrUn_gl000220	110228	154200	1	1	0	8	106	32
chrUn_gl000220	110228	159847	1	1	0	0	7	21
chrUn_gl000220	110228	159863	1	1	0	0	12	31
chrUn_gl000220	110228	159941	1	1	0	0	1	31
chrUn_gl000220	110228	161573	1	1	0	0	3	13
chrUn_gl000220	110230	110773	2	2	0	0	7	23
chrUn_gl000220	110230	116181	2	2	0	0	2	30
chrUn_gl000220	110230	117605	2	2	0	0	4	12
chrUn_gl000220	110230	160153	2	2	0	0	2	30
chrUn_gl000220	110230	161577	2	2	0	0	4	12
chrUn_gl000220	110236	151861	1	1	0	1	0	25
chrUn_gl000220	110236	153157	1	1	0	3	0	24
chrUn_gl000220	110248	110725	1	1	0	0	5	13
chrUn_gl000220	110248	112401	1	1	0	0	5	18
chrUn_gl000220	110248	112452	1	1	0	0	1	12
chrUn_gl000220	110248	113591	1	1	0	0	1	28
chrUn_gl000220	110248	114081	1	1	0	0	6	13
chrUn_gl000220	110248	114781	1	1	0	0	2	16
chrUn_gl000220	110248	115441	1	1	0	0	7	18
chrUn_gl000220	110248	115443	1	1	0	0	12	12
chrUn_gl000220	110248	115453	1	1	0	0	1	18
chrUn_gl000220	110248	115875	1	1	0	0	29	18
chrUn_gl000220	110248	117011	1	1	0	0	6	13
chrUn_gl000220	110248	117251	1	1	0	0	3	21
chrUn_gl000220	110248	117254	1	1	0	0	6	28
chrUn_gl000220	110248	117276	1	1	0	0	1	13
chrUn_gl000220	110248	118259	1	1	0	3	0	17
chrUn_gl000220	110248	138843	1	1	0	15	0	12
chrUn_gl000220	110248	153274	1	1	0	6	0	17
chrUn_gl000220	110248	153714	1	1	0	4	0	17
chrUn_gl000220	110248	153729	1	1	0	11	0	21
chrUn_gl000220	110248	154183	1	1	0	1	0	22
chrUn_gl000220	110248	154220	1	1	0	80	62	30
chrUn_gl000220	110248	156373	1	1	0	0	5	18
chrUn_gl000220	110248	156424	1	1	0	0	1	12
chrUn_gl000220	110248	157563	1	1	0	0	1	28
chrUn_gl000220	110248	158053	1	1	0	0	6	13
chrUn_gl000220	110248	158753	1	1	0	0	2	16
chrUn_gl000220	110248	159413	1	1	0	0	7	18
chrUn_gl000220	110248	159415	1	1	0	0	12	12
chrUn_gl000220	110248	159425	1	1	0	0	1	18
chrUn_gl000220	110248	159847	1	1	0	0	29	18
chrUn_gl000220	110248	160983	1	1	0	0	6	13
chrUn_gl000220	110248	161223	1	1	0	0	3	21
chrUn_gl000220	110248	161226	1	1	0	0	6	28
chrUn_gl000220	110253	110715	1	1	0	0	3	22
chrUn_gl000220	110253	113591	1	1	0	0	6	24
chrUn_gl000220	110253	115292	1	1	0	0	1	19
chrUn_gl000220	110253	115875	1	1	0	0	14	23
chrUn_gl000220	110253	117601	1	1	0	0	8	23
chrUn_gl000220	110253	117881	1	1	0	5	0	23
chrUn_gl000220	110253	153515	1	1	0	5	0	24
chrUn_gl000220	110253	157563	1	1	0	0	6	24
chrUn_gl000220	110253	159264	1	1	0	0	1	19
chrUn_gl000220	110253	159847	1	1	0	0	14	23
chrUn_gl000220	110253	161573	1	1	0	0	8	23
chrUn_gl000220	110262	110329	2	2	0	0	3	26
chrUn_gl000220	110262	110331	2	2	0	0	4	27
chrUn_gl000220	110262	113414	2	2	0	0	9	32
chrUn_gl000220	110262	113418	2	2	0	0	1	25
chrUn_gl000220	110262	114314	2	2	0	0	3	19
chrUn_gl000220	110262	114982	2	2	0	0	3	31
chrUn_gl000220	110262	115310	2	2	0	0	3	21
chrUn_gl000220	110262	118040	2	2	0	9	0	19
chrUn_gl000220	110262	154112	2	2	0	1	0	17
chrUn_gl000220	110262	157386	2	2	0	0	9	32
chrUn_gl000220	110262	157390	2	2	0	0	1	25
chrUn_gl000220	110262	158286	2	2	0	0	3	19
chrUn_gl000220	110262	158954	2	2	0	0	3	31
chrUn_gl000220	110262	159282	2	2	0	0	3	21
chrUn_gl000220	110268	110667	2	2	0	0	4	28
chrUn_gl000220	110268	115611	2	2	0	0	2	24
chrUn_gl000220	110268	154240	2	2	0	1	6	27
chrUn_gl000220	110268	159583	2	2	0	0	2	24
chrUn_gl000220	110301	154273	1	1	0	0	3	30
chrUn_gl000220	110314	117950	2	2	0	7	0	12
chrUn_gl000220	110324	154296	2	2	0	0	36	30
chrUn_gl000220	110339	114678	2	2	0	0	3	13
chrUn_gl000220	110339	158650	2	2	0	0	3	13
chrUn_gl000220	110380	110565	2	2	0	0	16	17
chrUn_gl000220	110380	110790	2	2	0	0	1	21
chrUn_gl000220	110380	153499	2	2	0	3	0	16
chrUn_gl000220	110395	110524	1	1	0	0	8	17
chrUn_gl000220	110395	117861	1	1	0	3	0	20
chrUn_gl000220	110399	114312	1	1	0	0	7	21
chrUn_gl000220	110399	158284	1	1	0	0	7	21
chrUn_gl000220	110402	114095	1	1	0	0	3	16
chrUn_gl000220	110402	117276	1	1	0	0	4	23
chrUn_gl000220	110402	154351	1	1	0	0	4	24
chrUn_gl000220	110402	158067	1	1	0	0	3	16
chrUn_gl000220	110402	161248	1	1	0	0	4	23
chrUn_gl000220	110405	114304	1	1	0	0	3	20
chrUn_gl000220	110405	114570	1	1	0	0	6	27
chrUn_gl000220	110405	116863	1	1	0	0	1	24
chrUn_gl000220	110405	117526	1	1	0	0	3	22
chrUn_gl000220	110405	158276	1	1	0	0	3	20
chrUn_gl000220	110405	158542	1	1	0	0	6	27
chrUn_gl000220	110405	161498	1	1	0	0	3	22
chrUn_gl000220	110415	110742	1	1	0	0	2	28
chrUn_gl000220	110415	110757	1	1	0	0	21	29
chrUn_gl000220	110415	112399	1	1	0	0	2	19
chrUn_gl000220	110415	113777	1	1	0	0	1	15
chrUn_gl000220	110415	115799	1	1	0	0	9	13
chrUn_gl000220	110415	117176	1	1	0	0	4	28
chrUn_gl000220	110415	156371	1	1	0	0	2	19
chrUn_gl000220	110415	157749	1	1	0	0	1	15
chrUn_gl000220	110415	159771	1	1	0	0	9	13
chrUn_gl000220	110415	161148	1	1	0	0	4	28
chrUn_gl000220	110418	110492	2	2	0	0	5	29
chrUn_gl000220	110418	110565	2	2	0	0	6	25
chrUn_gl000220	110418	110948	2	2	0	0	2	23
chrUn_gl000220	110418	113737	2	2	0	0	4	32
chrUn_gl000220	110418	114672	2	2	0	0	5	31
chrUn_gl000220	110418	116181	2	2	0	0	9	32
chrUn_gl000220	110418	117193	2	2	0	0	3	26
chrUn_gl000220	110418	154240	2	2	0	3	0	32
chrUn_gl000220	110418	154254	2	2	0	9	0	25
chrUn_gl000220	110418	154303	2	2	0	7	0	25
chrUn_gl000220	110418	157709	2	2	0	0	4	32
chrUn_gl000220	110418	158644	2	2	0	0	5	31
chrUn_gl000220	110418	160153	2	2	0	0	9	32
chrUn_gl000220	110418	161165	2	2	0	0	3	26
chrUn_gl000220	110422	114603	1	1	0	0	3	21
chrUn_gl000220	110422	114791	1	1	0	0	8	21
chrUn_gl000220	110422	115308	1	1	0	0	1	20
chrUn_gl000220	110422	153970	1	1	0	49	0	29
chrUn_gl000220	110422	154246	1	1	0	16	0	28
chrUn_gl000220	110422	154394	1	1	0	1	8	20
chrUn_gl000220	110422	158575	1	1	0	0	3	21
chrUn_gl000220	110422	158763	1	1	0	0	8	21
chrUn_gl000220	110422	159280	1	1	0	0	1	20
chrUn_gl000220	110426	110584	1	1	0	0	4	28
chrUn_gl000220	110426	116854	1	1	0	0	4	25
chrUn_gl000220	110426	153072	1	1	0	2	0	15
chrUn_gl000220	110426	153970	1	1	0	4	0	17
chrUn_gl000220	110426	154233	1	1	0	1	0	25
chrUn_gl000220	110426	154246	1	1	0	3	0	23
chrUn_gl000220	110426	160826	1	1	0	0	4	25
chrUn_gl000220	110438	116243	1	1	0	0	8	23
chrUn_gl000220	110438	160215	1	1	0	0	8	23
chrUn_gl000220	110483	117964	1	1	0	4	0	23
chrUn_gl000220	110508	153972	1	1	0	1	0	26
chrUn_gl000220	110517	154134	2	2	0	4	0	22
chrUn_gl000220	110517	154433	2	2	0	6	0	15
chrUn_gl000220	110517	154489	2	2	0	8	0	29
chrUn_gl000220	110520	114848	2	2	0	0	4	20
chrUn_gl000220	110520	115448	2	2	0	0	3	23
chrUn_gl000220	110520	116563	2	2	0	0	3	20
chrUn_gl000220	110520	154127	2	2	0	1	0	20
chrUn_gl000220	110520	154429	2	2	0	4	0	18
chrUn_gl000220	110520	158820	2	2	0	0	4	20
chrUn_gl000220	110520	159420	2	2	0	0	3	23
chrUn_gl000220	110520	160535	2	2	0	0	3	20
chrUn_gl000220	110568	113421	1	1	0	0	1	28
chrUn_gl000220	110568	154343	1	1	0	2	0	26
chrUn_gl000220	110568	154351	1	1	0	4	0	16
chrUn_gl000220	110568	157393	1	1	0	0	1	28
chrUn_gl000220	110595	123175	2	2	0	0	1	12
chrUn_gl000220	110595	154301	2	2	0	1	0	29
chrUn_gl000220	110606	154310	2	2	0	0	4	23
chrUn_gl000220	110606	154537	2	2	0	3	0	28
chrUn_gl000220	110611	115724	2	2	0	0	4	17
chrUn_gl000220	110611	116181	2	2	0	0	7	25
chrUn_gl000220	110611	117295	2	2	0	0	5	17
chrUn_gl000220	110611	118077	2	2	0	4	0	29
chrUn_gl000220	110611	159696	2	2	0	0	4	17
chrUn_gl000220	110611	160153	2	2	0	0	7	25
chrUn_gl000220	110611	161267	2	2	0	0	5	17
chrUn_gl000220	110615	110775	2	2	0	0	4	31
chrUn_gl000220	110615	154301	2	2	0	1	0	16
chrUn_gl000220	110619	110712	2	2	0	0	1	20
chrUn_gl000220	110619	114008	2	2	0	0	3	18
chrUn_gl000220	110619	115222	2	2	0	0	1	32
chrUn_gl000220	110619	115310	2	2	0	0	2	32
chrUn_gl000220	110619	115777	2	2	0	0	4	32
chrUn_gl000220	110619	116181	2	2	0	0	3	31
chrUn_gl000220	110619	116563	2	2	0	0	2	28
chrUn_gl000220	110619	117295	2	2	0	0	2	29
chrUn_gl000220	110619	154240	2	2	0	2	0	20
chrUn_gl000220	110619	154254	2	2	0	8	0	31
chrUn_gl000220	110619	157980	2	2	0	0	3	18
chrUn_gl000220	110619	159194	2	2	0	0	1	32
chrUn_gl000220	110619	159282	2	2	0	0	2	32
chrUn_gl000220	110619	159749	2	2	0	0	4	32
chrUn_gl000220	110619	160153	2	2	0	0	3	31
chrUn_gl000220	110619	160535	2	2	0	0	2	28
chrUn_gl000220	110619	161267	2	2	0	0	2	29
chrUn_gl000220	110625	116243	1	1	0	0	8	29
chrUn_gl000220	110625	160215	1	1	0	0	8	29
chrUn_gl000220	110627	110715	1	1	0	0	3	23
chrUn_gl000220	110627	154343	1	1	0	5	0	23
chrUn_gl000220	110631	154606	2	2	0	2	0	19
chrUn_gl000220	110654	154455	1	1	0	1	0	24
chrUn_gl000220	110661	114605	1	1	0	0	1	26
chrUn_gl000220	110661	116103	1	1	0	0	4	15
chrUn_gl000220	110661	153157	1	1	0	5	0	15
chrUn_gl000220	110661	158577	1	1	0	0	1	26
chrUn_gl000220	110661	160075	1	1	0	0	4	15
chrUn_gl000220	110675	114603	1	1	0	0	2	12
chrUn_gl000220	110675	154100	1	1	0	1	0	13
chrUn_gl000220	110675	158575	1	1	0	0	2	12
chrUn_gl000220	110725	154697	1	1	0	2	0	14
chrUn_gl000220	110729	113442	1	1	0	0	3	31
chrUn_gl000220	110729	154200	1	1	0	3	0	24
chrUn_gl000220	110729	154701	1	1	0	0	8	21
chrUn_gl000220	110729	157414	1	1	0	0	3	31
chrUn_gl000220	110743	114283	2	2	0	0	1	19
chrUn_gl000220	110757	153868	1	1	0	4	0	16
chrUn_gl000220	110757	154729	1	1	0	0	19	28
chrUn_gl000220	110770	117582	1	1	0	0	6	15
chrUn_gl000220	110770	161554	1	1	0	0	6	15
chrUn_gl000220	110783	153523	1	1	0	0	2	28
chrUn_gl000220	110783	154200	1	1	0	5	0	12
chrUn_gl000220	110787	110929	2	2	0	0	4	13
chrUn_gl000220	110790	114263	2	2	0	0	5	14
chrUn_gl000220	110790	115616	2	2	0	0	8	30
chrUn_gl000220	110790	116696	2	2	0	0	2	15
chrUn_gl000220	110790	153439	2	2	0	9	0	30
chrUn_gl000220	110790	154134	2	2	0	6	0	29
chrUn_gl000220	110790	154762	2	2	0	4	5	30
chrUn_gl000220	110790	154765	2	2	0	1	0	31
chrUn_gl000220	110790	158235	2	2	0	0	5	14
chrUn_gl000220	110790	159588	2	2	0	0	8	30
chrUn_gl000220	110790	160668	2	2	0	0	2	15
chrUn_gl000220	110804	143818	1	1	0	0	1	18
chrUn_gl000220	110809	116863	1	1	0	0	1	27
chrUn_gl000220	110817	110846	2	2	0	0	2	19
chrUn_gl000220	110851	114678	2	2	0	0	3	21
chrUn_gl000220	110851	154818	2	2	0	0	4	25
chrUn_gl000220	110851	158650	2	2	0	0	3	21
chrUn_gl000220	110879	154851	2	2	0	0	4	19
chrUn_gl000220	110884	112024	2	2	0	0	4	26
chrUn_gl000220	110884	154745	2	2	0	7	0	26
chrUn_gl000220	110884	154765	2	2	0	18	0	26
chrUn_gl000220	110884	155996	2	2	0	0	4	26
chrUn_gl000220	110888	117655	2	2	0	0	13	24
chrUn_gl000220	110888	154684	2	2	0	3	0	24
chrUn_gl000220	110888	154765	2	2	0	13	0	22
chrUn_gl000220	110888	161627	2	2	0	0	13	24
chrUn_gl000220	110897	115695	1	1	0	0	1	13
chrUn_gl000220	110897	117220	1	1	0	0	2	13
chrUn_gl000220	110897	117622	1	1	0	0	1	28
chrUn_gl000220	110897	153216	1	1	0	4	0	14
chrUn_gl000220	110897	153274	1	1	0	9	0	15
chrUn_gl000220	110897	159667	1	1	0	0	1	13
chrUn_gl000220	110897	161192	1	1	0	0	2	13
chrUn_gl000220	110903	113442	1	1	0	0	7	30
chrUn_gl000220	110903	114605	1	1	0	0	4	21
chrUn_gl000220	110903	115875	1	1	0	0	1	21
chrUn_gl000220	110903	116105	1	1	0	0	1	21
chrUn_gl000220	110903	154687	1	1	0	1	0	13
chrUn_gl000220	110903	157414	1	1	0	0	7	30
chrUn_gl000220	110903	158577	1	1	0	0	4	21
chrUn_gl000220	110903	159847	1	1	0	0	1	21
chrUn_gl000220	110903	160077	1	1	0	0	1	21
chrUn_gl000220	110906	114095	1	1	0	0	3	16
chrUn_gl000220	110906	115695	1	1	0	0	4	20
chrUn_gl000220	110906	154108	1	1	0	3	0	29
chrUn_gl000220	110906	158067	1	1	0	0	3	16
chrUn_gl000220	110906	159667	1	1	0	0	4	20
chrUn_gl000220	110914	114312	1	1	0	0	4	19
chrUn_gl000220	110914	114685	1	1	0	0	2	22
chrUn_gl000220	110914	115627	1	1	0	0	1	32
chrUn_gl000220	110914	154455	1	1	0	5	0	26
chrUn_gl000220	110914	158284	1	1	0	0	4	19
chrUn_gl000220	110914	158657	1	1	0	0	2	22
chrUn_gl000220	110914	159599	1	1	0	0	1	32
chrUn_gl000220	110920	117663	1	1	0	0	1	24
chrUn_gl000220	111035	115216	1	1	0	0	5	22
chrUn_gl000220	111035	159188	1	1	0	0	5	22
chrUn_gl000220	111060	111618	1	1	0	0	4	15
chrUn_gl000220	111080	115173	1	1	0	0	2	19
chrUn_gl000220	111191	114312	1	1	0	0	2	19
chrUn_gl000220	111191	115891	1	1	0	0	3	23
chrUn_gl000220	111191	158284	1	1	0	0	2	19
chrUn_gl000220	111191	159863	1	1	0	0	3	23
chrUn_gl000220	111220	113758	1	1	0	0	3	19
chrUn_gl000220	111220	157730	1	1	0	0	3	19
chrUn_gl000220	111269	114570	1	1	0	0	1	14
chrUn_gl000220	111269	158542	1	1	0	0	1	14
chrUn_gl000220	111293	116563	2	2	0	0	2	20
chrUn_gl000220	111293	160535	2	2	0	0	2	20
chrUn_gl000220	111301	113346	1	1	0	0	1	26
chrUn_gl000220	111301	157318	1	1	0	0	1	26
chrUn_gl000220	111303	112024	2	2	0	0	8	32
chrUn_gl000220	111483	155137	1	1	0	1	0	29
chrUn_gl000220	111518	116479	1	1	0	0	2	24
chrUn_gl000220	111524	111556	1	1	0	0	2	14
chrUn_gl000220	111585	115441	1	1	0	0	2	21
chrUn_gl000220	111585	159413	1	1	0	0	2	21
chrUn_gl000220	111604	111636	0	0	0	3	0	31
chrUn_gl000220	111618	155590	1	1	0	0	1	25
chrUn_gl000220	111715	116243	1	1	0	0	1	12
chrUn_gl000220	111715	160215	1	1	0	0	1	12
chrUn_gl000220	111737	114304	1	1	0	0	4	12
chrUn_gl000220	111737	158276	1	1	0	0	4	12
chrUn_gl000220	111746	114982	2	2	0	0	2	12
chrUn_gl000220	111746	158954	2	2	0	0	2	12
chrUn_gl000220	111830	115727	1	1	0	0	4	24
chrUn_gl000220	111830	153129	1	1	0	3	0	19
chrUn_gl000220	111830	159699	1	1	0	0	4	24
chrUn_gl000220	111875	117256	2	2	0	0	4	22
chrUn_gl000220	111875	161228	2	2	0	0	4	22
chrUn_gl000220	111892	115875	1	1	0	0	3	27
chrUn_gl000220	111892	155080	1	1	0	4	0	24
chrUn_gl000220	111892	159847	1	1	0	0	3	27
chrUn_gl000220	111904	115441	1	1	0	0	5	25
chrUn_gl000220	111904	159413	1	1	0	0	5	25
chrUn_gl000220	111935	114283	2	2	0	0	8	30
chrUn_gl000220	111935	158255	2	2	0	0	8	30
chrUn_gl000220	112044	152292	2	2	0	0	1	13
chrUn_gl000220	112044	156016	2	2	0	5	1	20
chrUn_gl000220	112049	115310	2	2	0	0	3	20
chrUn_gl000220	112049	159282	2	2	0	0	3	20
chrUn_gl000220	112052	113744	1	1	0	0	10	30
chrUn_gl000220	112052	113748	1	1	0	0	1	26
chrUn_gl000220	112052	113750	1	1	0	0	1	27
chrUn_gl000220	112052	113756	1	1	0	0	17	32
chrUn_gl000220	112052	114308	1	1	0	0	3	23
chrUn_gl000220	112052	153274	1	1	0	3	0	32
chrUn_gl000220	112052	157716	1	1	0	0	10	30
chrUn_gl000220	112052	157720	1	1	0	0	1	26
chrUn_gl000220	112052	157722	1	1	0	0	1	27
chrUn_gl000220	112052	157728	1	1	0	0	17	32
chrUn_gl000220	112052	158280	1	1	0	0	3	23
chrUn_gl000220	112056	113442	1	1	0	0	1	31
chrUn_gl000220	112056	113677	1	1	0	0	3	32
chrUn_gl000220	112056	113744	1	1	0	0	18	29
chrUn_gl000220	112056	113750	1	1	0	0	3	27
chrUn_gl000220	112056	113756	1	1	0	0	14	30
chrUn_gl000220	112056	114277	1	1	0	0	3	19
chrUn_gl000220	112056	114280	1	1	0	0	1	30
chrUn_gl000220	112056	114570	1	1	0	0	4	29
chrUn_gl000220	112056	115216	1	1	0	0	4	18
chrUn_gl000220	112056	115656	1	1	0	0	4	23
chrUn_gl000220	112056	115727	1	1	0	0	3	21
chrUn_gl000220	112056	115786	1	1	0	0	9	30
chrUn_gl000220	112056	115875	1	1	0	0	9	14
chrUn_gl000220	112056	116243	1	1	0	0	2	32
chrUn_gl000220	112056	116944	1	1	0	0	7	31
chrUn_gl000220	112056	117901	1	1	0	1	0	18
chrUn_gl000220	112056	125273	1	1	0	0	1	20
chrUn_gl000220	112056	153722	1	1	0	2	0	24
chrUn_gl000220	112056	157414	1	1	0	0	1	31
chrUn_gl000220	112056	157649	1	1	0	0	3	32
chrUn_gl000220	112056	157716	1	1	0	0	18	29
chrUn_gl000220	112056	157722	1	1	0	0	3	27
chrUn_gl000220	112056	157728	1	1	0	0	14	30
chrUn_gl000220	112056	158249	1	1	0	0	3	19
chrUn_gl000220	112056	158252	1	1	0	0	1	30
chrUn_gl000220	112056	158542	1	1	0	0	4	29
chrUn_gl000220	112056	159188	1	1	0	0	4	18
chrUn_gl000220	112056	159628	1	1	0	0	4	23
chrUn_gl000220	112056	159699	1	1	0	0	3	21
chrUn_gl000220	112056	159758	1	1	0	0	9	30
chrUn_gl000220	112056	159847	1	1	0	0	9	14
chrUn_gl000220	112056	160215	1	1	0	0	2	32
chrUn_gl000220	112056	160916	1	1	0	0	7	31
chrUn_gl000220	112073	112119	2	2	0	0	3	15
chrUn_gl000220	112073	113418	2	2	0	0	2	16
chrUn_gl000220	112073	113686	2	2	0	0	2	12
chrUn_gl000220	112073	114008	2	2	0	0	1	13
chrUn_gl000220	112073	153118	2	2	0	10	0	16
chrUn_gl000220	112073	157390	2	2	0	0	2	16
chrUn_gl000220	112073	157658	2	2	0	0	2	12
chrUn_gl000220	112073	157980	2	2	0	0	1	13
chrUn_gl000220	112077	155989	2	2	0	5	0	19
chrUn_gl000220	112091	115017	1	1	0	0	7	30
chrUn_gl000220	112091	158989	1	1	0	0	7	30
chrUn_gl000220	112121	156100	2	2	0	0	6	19
chrUn_gl000220	112132	155996	2	2	0	9	0	17
chrUn_gl000220	112132	156016	2	2	0	4	0	31
chrUn_gl000220	112132	156104	2	2	0	8	33	31
chrUn_gl000220	112145	114570	1	1	0	0	7	28
chrUn_gl000220	112145	115630	1	1	0	0	1	23
chrUn_gl000220	112145	115891	1	1	0	0	5	19
chrUn_gl000220	112145	158542	1	1	0	0	7	28
chrUn_gl000220	112145	159602	1	1	0	0	1	23
chrUn_gl000220	112145	159863	1	1	0	0	5	19
chrUn_gl000220	112149	113667	2	2	0	0	1	15
chrUn_gl000220	112149	117562	2	2	0	0	2	24
chrUn_gl000220	112149	157639	2	2	0	0	1	15
chrUn_gl000220	112149	161534	2	2	0	0	2	24
chrUn_gl000220	112168	114856	2	2	0	0	1	17
chrUn_gl000220	112168	158828	2	2	0	0	1	17
chrUn_gl000220	112174	115661	1	1	0	0	5	19
chrUn_gl000220	112174	159633	1	1	0	0	5	19
chrUn_gl000220	112178	113348	2	2	0	0	31	31
chrUn_gl000220	112178	153127	2	2	0	5	0	16
chrUn_gl000220	112178	153505	2	2	0	1	0	23
chrUn_gl000220	112178	154240	2	2	0	3	0	29
chrUn_gl000220	112178	154452	2	2	0	8	0	29
chrUn_gl000220	112178	155989	2	2	0	5	0	29
chrUn_gl000220	112178	156078	2	2	0	2	0	29
chrUn_gl000220	112178	157320	2	2	0	0	31	31
chrUn_gl000220	112206	118072	2	2	0	1	0	25
chrUn_gl000220	112241	113418	2	2	0	0	2	14
chrUn_gl000220	112241	157390	2	2	0	0	2	14
chrUn_gl000220	112269	112297	0	0	0	5	0	30
chrUn_gl000220	112293	145749	1	1	0	1	18	12
chrUn_gl000220	112300	143884	2	2	0	1	0	12
chrUn_gl000220	112303	154464	2	2	0	3	0	17
chrUn_gl000220	112305	112405	2	2	0	0	19	28
chrUn_gl000220	112305	115724	2	2	0	0	1	16
chrUn_gl000220	112305	156256	2	2	0	3	0	13
chrUn_gl000220	112305	159696	2	2	0	0	1	16
chrUn_gl000220	112324	148131	2	2	0	1	0	13
chrUn_gl000220	112331	142118	2	2	0	1	0	13
chrUn_gl000220	112350	114280	1	1	0	0	5	23
chrUn_gl000220	112350	158252	1	1	0	0	5	23
chrUn_gl000220	112353	115443	1	1	0	0	1	23
chrUn_gl000220	112353	159415	1	1	0	0	1	23
chrUn_gl000220	112395	156377	2	2	0	2	0	20
chrUn_gl000220	112471	114308	1	1	0	0	5	25
chrUn_gl000220	112471	156443	1	1	0	0	4	23
chrUn_gl000220	112471	158280	1	1	0	0	5	25
chrUn_gl000220	112520	113997	2	2	0	0	1	12
chrUn_gl000220	112520	114314	2	2	0	0	9	31
chrUn_gl000220	112520	114991	2	2	0	0	1	17
chrUn_gl000220	112520	158286	2	2	0	0	9	31
chrUn_gl000220	112520	158963	2	2	0	0	1	17
chrUn_gl000220	112549	115443	1	1	0	0	2	27
chrUn_gl000220	112549	115875	1	1	0	0	4	19
chrUn_gl000220	112549	159415	1	1	0	0	2	27
chrUn_gl000220	112549	159847	1	1	0	0	4	19
chrUn_gl000220	112553	114277	1	1	0	0	1	20
chrUn_gl000220	112553	115875	1	1	0	0	7	32
chrUn_gl000220	112553	158249	1	1	0	0	1	20
chrUn_gl000220	112553	159847	1	1	0	0	7	32
chrUn_gl000220	112568	114603	1	1	0	0	6	23
chrUn_gl000220	112568	158575	1	1	0	0	6	23
chrUn_gl000220	112575	112661	1	1	0	0	4	15
chrUn_gl000220	112575	115633	1	1	0	0	1	12
chrUn_gl000220	112575	118082	1	1	0	3	0	30
chrUn_gl000220	112575	159605	1	1	0	0	1	12
chrUn_gl000220	112586	153729	1	1	0	10	0	32
chrUn_gl000220	112598	114308	1	1	0	0	5	21
chrUn_gl000220	112598	117433	1	1	0	0	5	17
chrUn_gl000220	112598	158280	1	1	0	0	5	21
chrUn_gl000220	112598	161405	1	1	0	0	5	17
chrUn_gl000220	112611	115441	1	1	0	0	1	18
chrUn_gl000220	112611	159413	1	1	0	0	1	18
chrUn_gl000220	112638	156626	1	1	0	0	7	22
chrUn_gl000220	112643	114304	1	1	0	0	1	21
chrUn_gl000220	112643	158276	1	1	0	0	1	21
chrUn_gl000220	112682	156669	1	1	0	11	0	28
chrUn_gl000220	112714	115727	1	1	0	0	2	24
chrUn_gl000220	112714	116243	1	1	0	0	3	24
chrUn_gl000220	112714	118092	1	1	0	0	1	23
chrUn_gl000220	112714	153970	1	1	0	4	0	17
chrUn_gl000220	112714	159699	1	1	0	0	2	24
chrUn_gl000220	112714	160215	1	1	0	0	3	24
chrUn_gl000220	112787	112850	2	2	0	0	9	26
chrUn_gl000220	112787	134642	2	2	0	1	0	16
chrUn_gl000220	112793	142112	2	2	0	0	2	18
chrUn_gl000220	112806	156742	2	2	0	0	1	31
chrUn_gl000220	112809	156742	2	2	0	0	3	28
chrUn_gl000220	112837	116536	2	2	0	0	1	13
chrUn_gl000220	112931	115949	1	1	0	0	7	23
chrUn_gl000220	112931	156546	1	1	0	7	0	22
chrUn_gl000220	112931	159921	1	1	0	0	7	23
chrUn_gl000220	112948	113777	1	1	0	0	8	17
chrUn_gl000220	112948	137536	1	1	0	9	0	12
chrUn_gl000220	113088	113135	0	0	0	6	0	30
chrUn_gl000220	113114	154818	2	2	0	4	0	21
chrUn_gl000220	113152	113260	0	0	0	4	0	31
chrUn_gl000220	113239	156408	1	1	0	4	0	26
chrUn_gl000220	113264	117276	1	1	0	0	2	19
chrUn_gl000220	113264	156254	1	1	0	1	1	22
chrUn_gl000220	113264	161248	1	1	0	0	2	19
chrUn_gl000220	113279	117881	1	1	0	3	0	23
chrUn_gl000220	113310	116272	1	1	0	0	1	21
chrUn_gl000220	113377	113495	2	2	0	0	20	29
chrUn_gl000220	113414	157386	2	2	0	0	1	31
chrUn_gl000220	113414	157390	2	2	0	5	0	21
chrUn_gl000220	113432	157404	1	1	0	0	1	29
chrUn_gl000220	113442	114280	1	1	0	0	2	21
chrUn_gl000220	113442	117276	1	1	0	0	4	27
chrUn_gl000220	113442	157414	1	1	0	0	1	22
chrUn_gl000220	113442	157421	1	1	0	4	0	18
chrUn_gl000220	113442	161248	1	1	0	0	4	27
chrUn_gl000220	113498	115292	1	1	0	0	6	28
chrUn_gl000220	113498	116163	1	1	0	0	1	32
chrUn_gl000220	113498	117276	1	1	0	0	2	13
chrUn_gl000220	113498	159264	1	1	0	0	6	28
chrUn_gl000220	113498	160135	1	1	0	0	1	32
chrUn_gl000220	113498	161248	1	1	0	0	2	13
chrUn_gl000220	113517	116790	2	2	0	0	2	12
chrUn_gl000220	113517	160762	2	2	0	0	2	12
chrUn_gl000220	113530	113575	2	2	0	0	8	32
chrUn_gl000220	113530	114247	2	2	0	0	1	13
chrUn_gl000220	113530	115724	2	2	0	0	2	14
chrUn_gl000220	113530	153550	2	2	0	3	0	18
chrUn_gl000220	113530	153976	2	2	0	6	0	22
chrUn_gl000220	113530	159696	2	2	0	0	2	14
chrUn_gl000220	113533	113591	1	1	0	0	5	28
chrUn_gl000220	113533	114603	1	1	0	0	5	13
chrUn_gl000220	113533	114791	1	1	0	0	2	31
chrUn_gl000220	113533	115601	1	1	0	0	1	20
chrUn_gl000220	113533	116243	1	1	0	0	5	16
chrUn_gl000220	113533	158575	1	1	0	0	5	13
chrUn_gl000220	113533	158763	1	1	0	0	2	31
chrUn_gl000220	113533	159573	1	1	0	0	1	20
chrUn_gl000220	113533	160215	1	1	0	0	5	16
chrUn_gl000220	113546	113583	1	1	0	0	12	25
chrUn_gl000220	113546	113591	1	1	0	0	89	24
chrUn_gl000220	113546	118013	1	1	0	4	0	17
chrUn_gl000220	113546	157414	1	1	0	11	0	32
chrUn_gl000220	113549	151266	2	2	0	0	1	15
chrUn_gl000220	113549	154303	2	2	0	1	0	28
chrUn_gl000220	113549	154818	2	2	0	10	0	32
chrUn_gl000220	113552	114283	2	2	0	0	2	17
chrUn_gl000220	113552	115136	2	2	0	0	5	18
chrUn_gl000220	113552	159108	2	2	0	0	5	18
chrUn_gl000220	113570	117616	1	1	0	0	7	30
chrUn_gl000220	113570	161588	1	1	0	0	7	30
chrUn_gl000220	113577	115443	1	1	0	0	3	24
chrUn_gl000220	113577	116230	1	1	0	0	7	18
chrUn_gl000220	113577	159415	1	1	0	0	3	24
chrUn_gl000220	113577	160202	1	1	0	0	7	18
chrUn_gl000220	113588	115799	1	1	0	0	4	20
chrUn_gl000220	113588	157393	1	1	0	5	0	20
chrUn_gl000220	113588	157563	1	1	0	24	0	23
chrUn_gl000220	113588	159771	1	1	0	0	4	20
chrUn_gl000220	113618	149592	2	2	0	0	1	14
chrUn_gl000220	113627	153216	1	1	0	1	0	26
chrUn_gl000220	113627	156371	1	1	0	3	0	18
chrUn_gl000220	113627	157414	1	1	0	13	0	31
chrUn_gl000220	113627	157433	1	1	0	9	0	29
chrUn_gl000220	113627	157599	1	1	0	0	1	18
chrUn_gl000220	113632	117892	1	1	0	1	0	27
chrUn_gl000220	113632	157414	1	1	0	4	0	25
chrUn_gl000220	113636	113686	2	2	0	0	7	14
chrUn_gl000220	113636	153135	2	2	0	5	0	12
chrUn_gl000220	113636	157386	2	2	0	6	0	20
chrUn_gl000220	113636	157419	2	2	0	8	0	12
chrUn_gl000220	113636	157467	2	2	0	5	0	20
chrUn_gl000220	113662	157393	1	1	0	3	0	17
chrUn_gl000220	113667	154745	2	2	0	5	0	25
chrUn_gl000220	113667	154747	2	2	0	6	0	25
chrUn_gl000220	113667	156093	2	2	0	13	0	22
chrUn_gl000220	113667	157639	2	2	0	0	16	24
chrUn_gl000220	113673	114651	2	2	0	0	9	29
chrUn_gl000220	113673	153451	2	2	0	0	3	24
chrUn_gl000220	113673	157478	2	2	0	4	0	21
chrUn_gl000220	113673	158623	2	2	0	0	9	29
chrUn_gl000220	113703	113750	1	1	0	0	3	16
chrUn_gl000220	113703	113756	1	1	0	0	11	27
chrUn_gl000220	113703	113758	1	1	0	0	14	28
chrUn_gl000220	113703	116243	1	1	0	0	1	27
chrUn_gl000220	113703	117254	1	1	0	0	10	17
chrUn_gl000220	113703	118112	1	1	0	3	0	16
chrUn_gl000220	113703	157393	1	1	0	2	0	13
chrUn_gl000220	113703	160215	1	1	0	0	1	27
chrUn_gl000220	113703	161226	1	1	0	0	10	17
chrUn_gl000220	113711	157414	1	1	0	5	0	17
chrUn_gl000220	113711	157683	1	1	0	11	20	29
chrUn_gl000220	113716	157692	1	1	0	4	0	21
chrUn_gl000220	113726	157698	1	1	0	0	8	18
chrUn_gl000220	113737	117256	2	2	0	0	1	25
chrUn_gl000220	113737	117295	2	2	0	0	5	19
chrUn_gl000220	113737	157709	2	2	0	0	15	30
chrUn_gl000220	113737	161228	2	2	0	0	1	25
chrUn_gl000220	113737	161267	2	2	0	0	5	19
chrUn_gl000220	113778	114873	1	1	0	0	1	16
chrUn_gl000220	113778	115287	1	1	0	0	3	19
chrUn_gl000220	113778	115308	1	1	0	0	7	24
chrUn_gl000220	113778	115875	1	1	0	0	1	16
chrUn_gl000220	113778	115891	1	1	0	0	3	16
chrUn_gl000220	113778	118065	1	1	0	5	0	22
chrUn_gl000220	113778	157318	1	1	0	4	0	25
chrUn_gl000220	113778	157359	1	1	0	1	0	30
chrUn_gl000220	113778	157379	1	1	0	12	0	23
chrUn_gl000220	113778	157563	1	1	0	5	0	21
chrUn_gl000220	113778	157747	1	1	0	0	5	16
chrUn_gl000220	113778	158845	1	1	0	0	1	16
chrUn_gl000220	113778	159259	1	1	0	0	3	19
chrUn_gl000220	113778	159280	1	1	0	0	7	24
chrUn_gl000220	113778	159847	1	1	0	0	1	16
chrUn_gl000220	113778	159863	1	1	0	0	3	16
chrUn_gl000220	113786	156005	1	1	0	0	7	26
chrUn_gl000220	113791	114304	1	1	0	0	12	29
chrUn_gl000220	113791	114312	1	1	0	0	1	29
chrUn_gl000220	113791	115027	1	1	0	0	2	29
chrUn_gl000220	113791	117596	1	1	0	0	1	29
chrUn_gl000220	113791	156005	1	1	0	0	1	29
chrUn_gl000220	113791	158999	1	1	0	0	2	29
chrUn_gl000220	113791	161568	1	1	0	0	1	29
chrUn_gl000220	113800	114312	1	1	0	0	25	27
chrUn_gl000220	113800	114845	1	1	0	0	1	27
chrUn_gl000220	113800	116854	1	1	0	0	8	22
chrUn_gl000220	113800	153637	1	1	0	1	0	27
chrUn_gl000220	113800	157414	1	1	0	7	0	18
chrUn_gl000220	113800	157772	1	1	0	8	15	30
chrUn_gl000220	113800	158817	1	1	0	0	1	27
chrUn_gl000220	113800	160826	1	1	0	0	8	22
chrUn_gl000220	113830	114570	1	1	0	0	9	21
chrUn_gl000220	113830	114682	1	1	0	0	6	25
chrUn_gl000220	113830	116243	1	1	0	0	2	14
chrUn_gl000220	113830	148562	1	1	0	2	0	12
chrUn_gl000220	113830	153347	1	1	0	4	0	16
chrUn_gl000220	113830	157555	1	1	0	4	0	20
chrUn_gl000220	113830	157720	1	1	0	1	0	13
chrUn_gl000220	113830	160215	1	1	0	0	2	14
chrUn_gl000220	113838	116243	1	1	0	0	13	20
chrUn_gl000220	113838	160215	1	1	0	0	13	20
chrUn_gl000220	113840	156373	1	1	0	12	0	26
chrUn_gl000220	113858	116588	2	2	0	0	43	18
chrUn_gl000220	113858	153118	2	2	0	0	1	27
chrUn_gl000220	113858	160560	2	2	0	0	24	17
chrUn_gl000220	113876	114314	2	2	0	0	2	15
chrUn_gl000220	113876	116997	2	2	0	0	4	21
chrUn_gl000220	113876	117271	2	2	0	0	1	16
chrUn_gl000220	113876	160969	2	2	0	0	4	21
chrUn_gl000220	113876	161243	2	2	0	0	1	16
chrUn_gl000220	113886	115724	2	2	0	0	4	13
chrUn_gl000220	113886	117184	2	2	0	0	5	26
chrUn_gl000220	113886	159696	2	2	0	0	4	13
chrUn_gl000220	113886	161156	2	2	0	0	5	26
chrUn_gl000220	113985	117901	1	1	0	5	0	18
chrUn_gl000220	113999	154343	1	1	0	1	0	12
chrUn_gl000220	113999	154595	1	1	0	5	0	12
chrUn_gl000220	114048	115630	1	1	0	0	4	16
chrUn_gl000220	114048	159602	1	1	0	0	4	16
chrUn_gl000220	114074	114283	2	2	0	0	22	26
chrUn_gl000220	114074	114848	2	2	0	0	4	23
chrUn_gl000220	114074	117225	2	2	0	0	2	24
chrUn_gl000220	114074	155989	2	2	0	3	0	26
chrUn_gl000220	114074	157408	2	2	0	6	1	25
chrUn_gl000220	114074	161197	2	2	0	0	2	24
chrUn_gl000220	114096	114265	1	1	0	0	6	17
chrUn_gl000220	114096	114277	1	1	0	0	72	29
chrUn_gl000220	114096	114280	1	1	0	0	11	20
chrUn_gl000220	114096	114312	1	1	0	0	8	15
chrUn_gl000220	114096	114605	1	1	0	0	6	17
chrUn_gl000220	114096	115436	1	1	0	0	3	15
chrUn_gl000220	114096	115875	1	1	0	0	17	28
chrUn_gl000220	114096	116105	1	1	0	0	3	17
chrUn_gl000220	114096	117476	1	1	0	0	6	13
chrUn_gl000220	114096	156375	1	1	0	1	0	20
chrUn_gl000220	114096	159408	1	1	0	0	3	15
chrUn_gl000220	114096	159847	1	1	0	0	17	28
chrUn_gl000220	114096	160077	1	1	0	0	3	17
chrUn_gl000220	114096	161448	1	1	0	0	6	13
chrUn_gl000220	114100	114263	2	2	0	0	1	22
chrUn_gl000220	114113	115312	1	1	0	0	3	29
chrUn_gl000220	114113	159284	1	1	0	0	3	29
chrUn_gl000220	114121	114308	1	1	0	0	2	29
chrUn_gl000220	114121	114791	1	1	0	0	7	22
chrUn_gl000220	114121	115436	1	1	0	0	8	22
chrUn_gl000220	114121	157532	1	1	0	1	0	15
chrUn_gl000220	114121	159408	1	1	0	0	8	22
chrUn_gl000220	114125	115498	1	1	0	0	5	21
chrUn_gl000220	114125	159470	1	1	0	0	5	21
chrUn_gl000220	114129	154714	1	1	0	0	1	18
chrUn_gl000220	114135	116790	2	2	0	0	1	24
chrUn_gl000220	114138	149469	2	2	0	0	1	24
chrUn_gl000220	114173	156256	2	2	0	1	0	17
chrUn_gl000220	114173	157085	2	2	0	0	1	22
chrUn_gl000220	114214	114312	1	1	0	0	5	15
chrUn_gl000220	114214	115498	1	1	0	0	2	23
chrUn_gl000220	114214	116303	1	1	0	0	4	14
chrUn_gl000220	114214	153770	1	1	0	9	0	20
chrUn_gl000220	114214	159470	1	1	0	0	2	23
chrUn_gl000220	114214	160275	1	1	0	0	4	14
chrUn_gl000220	114257	158067	1	1	0	18	0	29
chrUn_gl000220	114259	154200	1	1	0	2	0	20
chrUn_gl000220	114259	158067	1	1	0	10	0	27
chrUn_gl000220	114283	158255	2	2	0	0	4	25
chrUn_gl000220	114317	157393	1	1	0	3	0	28
chrUn_gl000220	114326	114426	2	2	0	0	1	19
chrUn_gl000220	114326	114454	2	2	0	0	1	13
chrUn_gl000220	114326	114586	2	2	0	0	21	30
chrUn_gl000220	114326	114627	2	2	0	0	4	31
chrUn_gl000220	114328	114586	2	2	0	0	3	15
chrUn_gl000220	114328	115624	2	2	0	0	2	21
chrUn_gl000220	114328	115777	2	2	0	0	3	26
chrUn_gl000220	114328	134642	2	2	0	1	0	18
chrUn_gl000220	114328	159596	2	2	0	0	2	21
chrUn_gl000220	114328	159749	2	2	0	0	3	26
chrUn_gl000220	114335	114454	2	2	0	0	21	24
chrUn_gl000220	114335	117562	2	2	0	0	4	24
chrUn_gl000220	114335	161534	2	2	0	0	4	24
chrUn_gl000220	114376	116303	1	1	0	0	60	15
chrUn_gl000220	114376	160275	1	1	0	0	60	15
chrUn_gl000220	114378	114611	2	2	0	0	5	21
chrUn_gl000220	114401	114603	1	1	0	0	369	32
chrUn_gl000220	114401	114605	1	1	0	0	3	31
chrUn_gl000220	114401	114618	1	1	0	0	17	32
chrUn_gl000220	114401	114622	1	1	0	0	12	32
chrUn_gl000220	114401	115861	1	1	0	0	2	21
chrUn_gl000220	114401	115891	1	1	0	0	1	21
chrUn_gl000220	114401	116243	1	1	0	0	7	22
chrUn_gl000220	114401	118257	1	1	0	7	0	21
chrUn_gl000220	114401	156669	1	1	0	0	1	21
chrUn_gl000220	114401	157716	1	1	0	1	0	21
chrUn_gl000220	114401	157718	1	1	0	2	0	13
chrUn_gl000220	114401	158280	1	1	0	2	0	31
chrUn_gl000220	114401	159833	1	1	0	0	2	21
chrUn_gl000220	114401	159863	1	1	0	0	1	21
chrUn_gl000220	114401	160215	1	1	0	0	7	22
chrUn_gl000220	114403	114611	2	2	0	0	2	31
chrUn_gl000220	114403	114848	2	2	0	0	4	25
chrUn_gl000220	114403	117271	2	2	0	0	3	23
chrUn_gl000220	114403	157755	2	2	0	13	0	30
chrUn_gl000220	114403	161243	2	2	0	0	3	23
chrUn_gl000220	114406	154818	2	2	0	6	0	29
chrUn_gl000220	114406	155996	2	2	0	7	0	25
chrUn_gl000220	114409	158276	1	1	0	6	0	17
chrUn_gl000220	114429	117425	2	2	0	0	3	22
chrUn_gl000220	114429	158255	2	2	0	12	0	27
chrUn_gl000220	114429	161397	2	2	0	0	3	22
chrUn_gl000220	114446	115448	2	2	0	0	3	27
chrUn_gl000220	114446	116696	2	2	0	0	6	19
chrUn_gl000220	114446	118040	2	2	0	3	0	19
chrUn_gl000220	114446	154745	2	2	0	3	0	29
chrUn_gl000220	114446	154747	2	2	0	1	0	28
chrUn_gl000220	114446	154762	2	2	0	4	0	30
chrUn_gl000220	114446	155996	2	2	0	4	0	23
chrUn_gl000220	114446	156076	2	2	0	4	0	21
chrUn_gl000220	114446	158235	2	2	0	1	0	27
chrUn_gl000220	114446	158255	2	2	0	4	0	17
chrUn_gl000220	114446	158426	2	2	0	4	0	30
chrUn_gl000220	114446	159420	2	2	0	0	3	27
chrUn_gl000220	114446	160668	2	2	0	0	6	19
chrUn_gl000220	114448	114586	2	2	0	0	1	14
chrUn_gl000220	114448	114848	2	2	0	0	3	22
chrUn_gl000220	114448	117256	2	2	0	0	1	25
chrUn_gl000220	114448	142112	2	2	0	0	3	18
chrUn_gl000220	114448	158426	2	2	0	41	3	27
chrUn_gl000220	114448	161228	2	2	0	0	1	25
chrUn_gl000220	114457	142118	2	2	0	3	0	12
chrUn_gl000220	114492	138843	1	1	0	0	1	12
chrUn_gl000220	114492	158152	1	1	0	2	2	13
chrUn_gl000220	114523	138839	2	2	0	0	3	16
chrUn_gl000220	114525	117265	1	1	0	0	11	29
chrUn_gl000220	114525	153714	1	1	0	3	0	29
chrUn_gl000220	114525	153722	1	1	0	1	0	29
chrUn_gl000220	114525	153908	1	1	0	4	0	29
chrUn_gl000220	114525	158067	1	1	0	5	0	29
chrUn_gl000220	114525	161237	1	1	0	0	11	29
chrUn_gl000220	114532	114839	1	1	0	0	2	23
chrUn_gl000220	114532	116243	1	1	0	0	1	24
chrUn_gl000220	114532	134565	1	1	0	0	1	12
chrUn_gl000220	114532	157393	1	1	0	1	0	15
chrUn_gl000220	114532	158504	1	1	0	0	2	29
chrUn_gl000220	114532	160215	1	1	0	0	1	24
chrUn_gl000220	114547	114605	1	1	0	0	6	18
chrUn_gl000220	114555	158067	1	1	0	8	0	25
chrUn_gl000220	114571	114603	1	1	0	0	7	26
chrUn_gl000220	114571	114605	1	1	0	0	1	24
chrUn_gl000220	114571	114791	1	1	0	0	6	16
chrUn_gl000220	114571	116243	1	1	0	0	10	24
chrUn_gl000220	114571	116659	1	1	0	0	5	26
chrUn_gl000220	114571	153274	1	1	0	2	0	20
chrUn_gl000220	114571	154455	1	1	0	1	0	22
chrUn_gl000220	114571	154556	1	1	0	0	3	22
chrUn_gl000220	114571	157620	1	1	0	0	4	24
chrUn_gl000220	114571	158053	1	1	0	1	0	22
chrUn_gl000220	114571	158280	1	1	0	1	0	23
chrUn_gl000220	114571	160215	1	1	0	0	10	24
chrUn_gl000220	114571	160631	1	1	0	0	5	26
chrUn_gl000220	114574	115555	2	2	0	0	1	29
chrUn_gl000220	114574	155989	2	2	0	1	0	16
chrUn_gl000220	114574	156377	2	2	0	3	0	23
chrUn_gl000220	114574	158558	2	2	0	8	0	12
chrUn_gl000220	114574	159527	2	2	0	0	1	29
chrUn_gl000220	114576	158235	2	2	0	1	0	14
chrUn_gl000220	114631	117251	1	1	0	0	4	27
chrUn_gl000220	114631	158276	1	1	0	21	0	27
chrUn_gl000220	114631	158280	1	1	0	10	0	28
chrUn_gl000220	114631	158504	1	1	0	0	2	12
chrUn_gl000220	114631	161223	1	1	0	0	4	27
chrUn_gl000220	114643	115441	1	1	0	0	3	23
chrUn_gl000220	114643	115891	1	1	0	0	7	25
chrUn_gl000220	114643	116243	1	1	0	0	24	28
chrUn_gl000220	114643	118053	1	1	0	3	0	12
chrUn_gl000220	114643	118065	1	1	0	2	0	25
chrUn_gl000220	114643	157433	1	1	0	2	0	18
chrUn_gl000220	114643	157772	1	1	0	89	0	26
chrUn_gl000220	114643	158252	1	1	0	11	0	26
chrUn_gl000220	114643	158276	1	1	0	4	0	24
chrUn_gl000220	114643	158280	1	1	0	75	0	26
chrUn_gl000220	114643	158284	1	1	0	242	0	32
chrUn_gl000220	114643	158343	1	1	0	6	0	25
chrUn_gl000220	114643	159863	1	1	0	0	7	25
chrUn_gl000220	114643	160215	1	1	0	0	24	28
chrUn_gl000220	114648	158012	2	2	0	9	2	19
chrUn_gl000220	114648	158286	2	2	0	0	9	17
chrUn_gl000220	114663	157747	1	1	0	4	0	14
chrUn_gl000220	114663	157749	1	1	0	94	5	32
chrUn_gl000220	114663	158067	1	1	0	2	0	31
chrUn_gl000220	114663	158343	1	1	0	11	0	13
chrUn_gl000220	114663	158504	1	1	0	0	13	13
chrUn_gl000220	114663	158594	1	1	0	2	0	21
chrUn_gl000220	114665	115136	2	2	0	0	2	27
chrUn_gl000220	114665	115766	2	2	0	0	7	13
chrUn_gl000220	114665	117225	2	2	0	2	0	21
chrUn_gl000220	114665	155989	2	2	0	34	0	31
chrUn_gl000220	114665	155996	2	2	0	29	0	30
chrUn_gl000220	114665	157755	2	2	0	110	0	32
chrUn_gl000220	114665	158255	2	2	0	7	0	27
chrUn_gl000220	114665	159738	2	2	0	0	7	13
chrUn_gl000220	114685	114980	1	1	0	0	2	15
chrUn_gl000220	114685	115292	1	1	0	0	4	15
chrUn_gl000220	114685	157718	1	1	0	5	0	15
chrUn_gl000220	114685	157720	1	1	0	0	3	14
chrUn_gl000220	114685	157730	1	1	0	5	0	15
chrUn_gl000220	114685	157749	1	1	0	5	3	15
chrUn_gl000220	114685	158504	1	1	0	0	1	15
chrUn_gl000220	114687	114882	2	2	0	0	5	17
chrUn_gl000220	114687	155996	2	2	0	3	0	17
chrUn_gl000220	114687	158255	2	2	0	1	0	17
chrUn_gl000220	114694	117896	1	1	0	2	0	24
chrUn_gl000220	114694	154005	1	1	0	1	0	23
chrUn_gl000220	114694	156005	1	1	0	0	4	24
chrUn_gl000220	114702	114791	1	1	0	0	4	32
chrUn_gl000220	114702	114800	1	1	0	0	6	32
chrUn_gl000220	114702	114839	1	1	0	0	144	32
chrUn_gl000220	114702	114845	1	1	0	0	182	32
chrUn_gl000220	114702	114873	1	1	0	0	4	21
chrUn_gl000220	114702	115001	1	1	0	0	2	32
chrUn_gl000220	114702	115436	1	1	0	0	6	32
chrUn_gl000220	114702	115875	1	1	0	0	2	16
chrUn_gl000220	114702	117276	1	1	0	0	12	26
chrUn_gl000220	114702	118053	1	1	0	4	0	20
chrUn_gl000220	114702	157367	1	1	0	5	0	20
chrUn_gl000220	114702	157718	1	1	0	7	0	32
chrUn_gl000220	114702	157722	1	1	0	4	0	32
chrUn_gl000220	114702	157728	1	1	0	10	0	32
chrUn_gl000220	114702	157730	1	1	0	3	0	32
chrUn_gl000220	114702	158280	1	1	0	2	0	32
chrUn_gl000220	114702	158284	1	1	0	8	0	32
chrUn_gl000220	114702	158674	1	1	0	0	12	32
chrUn_gl000220	114702	159847	1	1	0	0	2	16
chrUn_gl000220	114702	161248	1	1	0	0	12	26
chrUn_gl000220	114710	114807	2	2	0	0	2	25
chrUn_gl000220	114710	114848	2	2	0	0	24	25
chrUn_gl000220	114710	114856	2	2	0	0	7	21
chrUn_gl000220	114710	116181	2	2	0	0	4	25
chrUn_gl000220	114710	118072	2	2	0	7	0	25
chrUn_gl000220	114710	118205	2	2	0	6	0	25
chrUn_gl000220	114710	155989	2	2	0	4	0	25
chrUn_gl000220	114710	155996	2	2	0	3	0	25
chrUn_gl000220	114710	160153	2	2	0	0	4	25
chrUn_gl000220	114741	115216	1	1	0	0	7	26
chrUn_gl000220	114741	115865	1	1	0	0	1	21
chrUn_gl000220	114741	118082	1	1	0	13	0	15
chrUn_gl000220	114741	154273	1	1	0	3	0	26
chrUn_gl000220	114741	159837	1	1	0	0	1	21
chrUn_gl000220	114756	117655	2	2	0	0	6	26
chrUn_gl000220	114756	117661	2	2	0	0	5	26
chrUn_gl000220	114756	154429	2	2	0	7	0	30
chrUn_gl000220	114756	155996	2	2	0	5	0	21
chrUn_gl000220	114756	158255	2	2	0	1	0	28
chrUn_gl000220	114756	161627	2	2	0	0	6	26
chrUn_gl000220	114756	161633	2	2	0	0	5	26
chrUn_gl000220	114769	115443	1	1	0	0	4	12
chrUn_gl000220	114769	153274	1	1	0	1	0	13
chrUn_gl000220	114769	157433	1	1	0	1	0	24
chrUn_gl000220	114784	114807	2	2	0	0	3	29
chrUn_gl000220	114784	114810	2	2	0	0	2	17
chrUn_gl000220	114784	114848	2	2	0	0	3	22
chrUn_gl000220	114784	115222	2	2	0	0	2	26
chrUn_gl000220	114784	115724	2	2	0	0	11	26
chrUn_gl000220	114784	116563	2	2	0	0	3	28
chrUn_gl000220	114784	117173	2	2	0	0	2	27
chrUn_gl000220	114784	117661	2	2	0	2	0	14
chrUn_gl000220	114784	117733	2	2	0	0	4	26
chrUn_gl000220	114784	118077	2	2	0	8	0	26
chrUn_gl000220	114784	153048	2	2	0	2	0	26
chrUn_gl000220	114784	153439	2	2	0	1	0	26
chrUn_gl000220	114784	154301	2	2	0	1	0	27
chrUn_gl000220	114784	156951	2	2	0	4	0	27
chrUn_gl000220	114784	158012	2	2	0	7	0	29
chrUn_gl000220	114784	158255	2	2	0	8	0	26
chrUn_gl000220	114784	158644	2	2	0	6	0	27
chrUn_gl000220	114784	160535	2	2	0	0	3	28
chrUn_gl000220	114784	161145	2	2	0	0	2	27
chrUn_gl000220	114784	161705	2	2	0	0	4	26
chrUn_gl000220	114786	114848	2	2	0	0	9	23
chrUn_gl000220	114786	115310	2	2	0	0	3	29
chrUn_gl000220	114786	115448	2	2	0	0	4	24
chrUn_gl000220	114786	115724	2	2	0	0	5	31
chrUn_gl000220	114786	116181	2	2	0	0	10	24
chrUn_gl000220	114786	116219	2	2	0	0	6	19
chrUn_gl000220	114786	117562	2	2	0	0	2	24
chrUn_gl000220	114786	117655	2	2	0	0	1	20
chrUn_gl000220	114786	117661	2	2	0	0	6	24
chrUn_gl000220	114786	117665	2	2	0	0	4	24
chrUn_gl000220	114786	117736	2	2	0	0	20	24
chrUn_gl000220	114786	118017	2	2	0	3	0	24
chrUn_gl000220	114786	154301	2	2	0	6	0	29
chrUn_gl000220	114786	155996	2	2	0	1	0	24
chrUn_gl000220	114786	157320	2	2	0	6	0	24
chrUn_gl000220	114786	157547	2	2	0	2	0	29
chrUn_gl000220	114786	157639	2	2	0	2	0	24
chrUn_gl000220	114786	158644	2	2	0	4	0	24
chrUn_gl000220	114786	158646	2	2	0	8	0	24
chrUn_gl000220	114786	160153	2	2	0	0	10	24
chrUn_gl000220	114786	160191	2	2	0	0	6	19
chrUn_gl000220	114786	161534	2	2	0	0	2	24
chrUn_gl000220	114786	161627	2	2	0	0	1	20
chrUn_gl000220	114786	161633	2	2	0	0	6	24
chrUn_gl000220	114786	161637	2	2	0	0	4	24
chrUn_gl000220	114786	161708	2	2	0	0	20	24
chrUn_gl000220	114791	115219	1	1	0	0	6	16
chrUn_gl000220	114791	117652	1	1	0	0	5	19
chrUn_gl000220	114791	151861	1	1	0	0	1	19
chrUn_gl000220	114791	153274	1	1	0	3	0	19
chrUn_gl000220	114791	157367	1	1	0	1	0	18
chrUn_gl000220	114791	157371	1	1	0	9	0	14
chrUn_gl000220	114791	157382	1	1	0	9	0	27
chrUn_gl000220	114791	157421	1	1	0	6	0	19
chrUn_gl000220	114791	158763	1	1	0	14	4	31
chrUn_gl000220	114791	161624	1	1	0	0	5	19
chrUn_gl000220	114817	116243	1	1	0	0	1	32
chrUn_gl000220	114817	158575	1	1	0	1	0	30
chrUn_gl000220	114817	160215	1	1	0	0	1	32
chrUn_gl000220	114840	115027	1	1	0	0	4	12
chrUn_gl000220	114840	115219	1	1	0	0	1	18
chrUn_gl000220	114840	115630	1	1	0	0	1	15
chrUn_gl000220	114840	115861	1	1	0	0	4	12
chrUn_gl000220	114840	116854	1	1	0	0	6	15
chrUn_gl000220	114840	117276	1	1	0	0	3	14
chrUn_gl000220	114840	150732	1	1	0	4	0	19
chrUn_gl000220	114840	154005	1	1	0	1	0	14
chrUn_gl000220	114840	158657	1	1	0	1	0	18
chrUn_gl000220	114840	159833	1	1	0	0	4	12
chrUn_gl000220	114840	160826	1	1	0	0	6	15
chrUn_gl000220	114840	161248	1	1	0	0	3	14
chrUn_gl000220	114857	158835	1	1	0	2	0	27
chrUn_gl000220	114859	158654	1	1	0	1	0	23
chrUn_gl000220	114877	154108	1	1	0	3	0	26
chrUn_gl000220	114877	157718	1	1	0	4	0	18
chrUn_gl000220	114877	157749	1	1	0	30	0	27
chrUn_gl000220	114877	158654	1	1	0	15	0	24
chrUn_gl000220	114877	158657	1	1	0	61	0	30
chrUn_gl000220	114882	155996	2	2	0	5	0	30
chrUn_gl000220	114882	155999	2	2	0	13	0	16
chrUn_gl000220	114882	157639	2	2	0	2	0	19
chrUn_gl000220	114882	157740	2	2	0	3	0	16
chrUn_gl000220	114882	157755	2	2	0	25	0	32
chrUn_gl000220	114882	158644	2	2	0	3	0	19
chrUn_gl000220	114882	158646	2	2	0	30	0	32
chrUn_gl000220	114882	158650	2	2	0	6	0	31
chrUn_gl000220	114882	158854	2	2	0	0	10	24
chrUn_gl000220	114888	118017	2	2	0	2	0	19
chrUn_gl000220	114888	158650	2	2	0	3	0	19
chrUn_gl000220	114913	115365	2	2	0	0	4	26
chrUn_gl000220	114913	115724	2	2	0	0	13	32
chrUn_gl000220	114913	116161	2	2	0	0	6	30
chrUn_gl000220	114913	153352	2	2	0	1	0	17
chrUn_gl000220	114913	155999	2	2	0	2	0	31
chrUn_gl000220	114913	158885	2	2	0	0	4	16
chrUn_gl000220	114913	160133	2	2	0	0	6	30
chrUn_gl000220	114924	115216	1	1	0	0	3	17
chrUn_gl000220	114924	117996	1	1	0	3	0	24
chrUn_gl000220	114924	158249	1	1	0	3	0	13
chrUn_gl000220	114924	158823	1	1	0	1	0	28
chrUn_gl000220	114928	115821	1	1	0	0	3	18
chrUn_gl000220	114928	158249	1	1	0	2	0	18
chrUn_gl000220	114934	115001	1	1	0	0	7	14
chrUn_gl000220	114934	157318	1	1	0	4	0	12
chrUn_gl000220	114934	157728	1	1	0	7	0	13
chrUn_gl000220	114934	157730	1	1	0	2	0	12
chrUn_gl000220	114934	157749	1	1	0	11	0	25
chrUn_gl000220	114937	115611	2	2	0	0	6	31
chrUn_gl000220	114937	115624	2	2	0	0	2	18
chrUn_gl000220	114937	118040	2	2	0	2	0	12
chrUn_gl000220	114937	155989	2	2	0	4	0	24
chrUn_gl000220	114937	155996	2	2	0	2	0	27
chrUn_gl000220	114937	156377	2	2	0	2	0	15
chrUn_gl000220	114937	158644	2	2	0	2	0	15
chrUn_gl000220	114937	158646	2	2	0	0	1	18
chrUn_gl000220	114942	115216	1	1	0	0	5	24
chrUn_gl000220	114942	115441	1	1	0	0	1	32
chrUn_gl000220	114942	115627	1	1	0	0	22	23
chrUn_gl000220	114942	153972	1	1	0	4	0	18
chrUn_gl000220	114942	154005	1	1	0	14	0	32
chrUn_gl000220	114942	157730	1	1	0	3	0	17
chrUn_gl000220	114952	157730	1	1	0	1	0	29
chrUn_gl000220	114982	158644	2	2	0	7	0	28
chrUn_gl000220	114982	158650	2	2	0	3	0	15
chrUn_gl000220	114982	158954	2	2	0	0	2	29
chrUn_gl000220	114982	158963	2	2	0	0	3	25
chrUn_gl000220	114995	158650	2	2	0	15	0	22
chrUn_gl000220	114998	115032	1	1	0	0	5	28
chrUn_gl000220	114998	115405	1	1	0	0	2	13
chrUn_gl000220	114998	115771	1	1	0	0	1	13
chrUn_gl000220	114998	153468	1	1	0	8	0	14
chrUn_gl000220	114998	158817	1	1	0	1	0	13
chrUn_gl000220	114998	158970	1	1	0	0	4	13
chrUn_gl000220	115002	158255	2	2	0	2	0	15
chrUn_gl000220	115002	158838	2	2	0	9	0	17
chrUn_gl000220	115005	153157	1	1	0	3	0	22
chrUn_gl000220	115005	158845	1	1	0	0	1	20
chrUn_gl000220	115010	155996	2	2	0	3	0	25
chrUn_gl000220	115017	115436	1	1	0	0	1	20
chrUn_gl000220	115017	157367	1	1	0	7	0	12
chrUn_gl000220	115017	158989	1	1	0	0	25	32
chrUn_gl000220	115023	115240	2	2	0	0	8	24
chrUn_gl000220	115023	115616	2	2	0	0	1	26
chrUn_gl000220	115023	115624	2	2	0	0	1	18
chrUn_gl000220	115023	118291	2	2	0	3	0	23
chrUn_gl000220	115033	115611	2	2	0	0	4	24
chrUn_gl000220	115033	115624	2	2	0	0	4	17
chrUn_gl000220	115033	117256	2	2	0	0	2	16
chrUn_gl000220	115033	157386	2	2	0	5	0	29
chrUn_gl000220	115033	158286	2	2	0	5	0	30
chrUn_gl000220	115033	161228	2	2	0	0	2	16
chrUn_gl000220	115041	115240	2	2	0	0	4	22
chrUn_gl000220	115041	115245	2	2	0	0	28	28
chrUn_gl000220	115071	115443	1	1	0	0	2	26
chrUn_gl000220	115071	115630	1	1	0	0	1	26
chrUn_gl000220	115071	115861	1	1	0	0	30	29
chrUn_gl000220	115071	115875	1	1	0	0	8	31
chrUn_gl000220	115071	116600	1	1	0	0	6	28
chrUn_gl000220	115071	157367	1	1	0	1	0	25
chrUn_gl000220	115071	158053	1	1	0	1	0	30
chrUn_gl000220	115071	158252	1	1	0	9	0	25
chrUn_gl000220	115071	158284	1	1	0	3	0	22
chrUn_gl000220	115071	158577	1	1	0	1	0	20
chrUn_gl000220	115071	158823	1	1	0	13	0	25
chrUn_gl000220	115071	159043	1	1	0	0	3	21
chrUn_gl000220	115071	160572	1	1	0	0	6	28
chrUn_gl000220	115081	153129	1	1	0	2	0	17
chrUn_gl000220	115081	154687	1	1	0	3	0	15
chrUn_gl000220	115081	157318	1	1	0	4	0	20
chrUn_gl000220	115100	117251	1	1	0	0	3	18
chrUn_gl000220	115100	117265	1	1	0	0	5	28
chrUn_gl000220	115100	153111	1	1	0	3	0	21
chrUn_gl000220	115100	161223	1	1	0	0	3	18
chrUn_gl000220	115100	161237	1	1	0	0	5	28
chrUn_gl000220	115102	158644	2	2	0	3	0	30
chrUn_gl000220	115119	115448	2	2	0	0	1	14
chrUn_gl000220	115136	159108	2	2	0	0	7	32
chrUn_gl000220	115168	115891	1	1	0	0	1	13
chrUn_gl000220	115168	115990	1	1	0	0	10	16
chrUn_gl000220	115168	156375	1	1	0	12	0	17
chrUn_gl000220	115168	159145	1	1	0	0	13	17
chrUn_gl000220	115191	159163	1	1	0	0	1	18
chrUn_gl000220	115195	116595	2	2	0	0	1	20
chrUn_gl000220	115195	157390	2	2	0	6	0	27
chrUn_gl000220	115195	160567	2	2	0	0	1	20
chrUn_gl000220	115198	115630	1	1	0	0	4	30
chrUn_gl000220	115198	153970	1	1	0	4	0	16
chrUn_gl000220	115198	158249	1	1	0	2	0	30
chrUn_gl000220	115198	158973	1	1	0	5	0	25
chrUn_gl000220	115198	159004	1	1	0	3	0	18
chrUn_gl000220	115206	115730	2	2	0	0	3	21
chrUn_gl000220	115206	117173	2	2	0	0	3	24
chrUn_gl000220	115206	117562	2	2	0	0	2	29
chrUn_gl000220	115206	159108	2	2	0	2	0	26
chrUn_gl000220	115206	159178	2	2	0	0	16	26
chrUn_gl000220	115206	161145	2	2	0	0	3	24
chrUn_gl000220	115206	161534	2	2	0	0	2	29
chrUn_gl000220	115212	117220	1	1	0	0	6	17
chrUn_gl000220	115212	117861	1	1	0	6	0	15
chrUn_gl000220	115212	153157	1	1	0	4	0	24
chrUn_gl000220	115212	158989	1	1	0	3	0	27
chrUn_gl000220	115212	159004	1	1	0	7	0	24
chrUn_gl000220	115212	161192	1	1	0	0	6	17
chrUn_gl000220	115222	115624	2	2	0	0	6	23
chrUn_gl000220	115222	159194	2	2	0	0	2	24
chrUn_gl000220	115273	116181	2	2	0	0	3	28
chrUn_gl000220	115273	117184	2	2	0	0	5	20
chrUn_gl000220	115273	154747	2	2	0	3	0	14
chrUn_gl000220	115273	157419	2	2	0	9	0	14
chrUn_gl000220	115273	158820	2	2	0	4	0	28
chrUn_gl000220	115273	161156	2	2	0	0	5	20
chrUn_gl000220	115293	117953	1	1	0	1	0	29
chrUn_gl000220	115293	117999	1	1	0	2	0	17
chrUn_gl000220	115293	158284	1	1	0	4	0	24
chrUn_gl000220	115332	116243	1	1	0	0	4	19
chrUn_gl000220	115332	159304	1	1	0	2	0	30
chrUn_gl000220	115350	159322	1	1	0	5	4	29
chrUn_gl000220	115354	154524	1	1	0	7	0	14
chrUn_gl000220	115378	159108	2	2	0	1	0	17
chrUn_gl000220	115400	157245	2	2	0	5	0	12
chrUn_gl000220	115426	115875	1	1	0	0	7	31
chrUn_gl000220	115426	154343	1	1	0	2	0	31
chrUn_gl000220	115426	158575	1	1	0	4	0	31
chrUn_gl000220	115426	159043	1	1	0	2	0	23
chrUn_gl000220	115436	115875	1	1	0	0	5	26
chrUn_gl000220	115436	116243	1	1	0	0	9	25
chrUn_gl000220	115436	117534	1	1	0	0	5	23
chrUn_gl000220	115436	117729	1	1	0	0	2	22
chrUn_gl000220	115436	153821	1	1	0	2	0	32
chrUn_gl000220	115436	153970	1	1	0	11	0	15
chrUn_gl000220	115436	154040	1	1	0	5	0	17
chrUn_gl000220	115436	154714	1	1	0	3	0	30
chrUn_gl000220	115436	158280	1	1	0	31	0	24
chrUn_gl000220	115436	158284	1	1	0	19	0	32
chrUn_gl000220	115436	158952	1	1	0	2	0	26
chrUn_gl000220	115436	158970	1	1	0	7	0	16
chrUn_gl000220	115436	158999	1	1	0	2	0	23
chrUn_gl000220	115436	159188	1	1	0	4	0	31
chrUn_gl000220	115436	159191	1	1	0	3	0	23
chrUn_gl000220	115436	159280	1	1	0	3	0	23
chrUn_gl000220	115436	159408	1	1	0	35	11	32
chrUn_gl000220	115436	159413	1	1	0	122	0	32
chrUn_gl000220	115436	159415	1	1	0	8	0	25
chrUn_gl000220	115436	161506	1	1	0	0	5	23
chrUn_gl000220	115436	161701	1	1	0	0	2	22
chrUn_gl000220	115443	115627	1	1	0	0	5	18
chrUn_gl000220	115443	117996	1	1	0	5	0	14
chrUn_gl000220	115443	154334	1	1	0	2	0	12
chrUn_gl000220	115443	158999	1	1	0	3	0	26
chrUn_gl000220	115443	159122	1	1	0	2	0	30
chrUn_gl000220	115443	159188	1	1	0	5	0	13
chrUn_gl000220	115443	159191	1	1	0	1	0	19
chrUn_gl000220	115443	159415	1	1	0	0	92	31
chrUn_gl000220	115481	116230	1	1	0	0	2	27
chrUn_gl000220	115481	149981	1	1	0	1	1	12
chrUn_gl000220	115483	117067	1	1	0	0	1	29
chrUn_gl000220	115483	161039	1	1	0	0	1	29
chrUn_gl000220	115486	158542	1	1	0	1	0	20
chrUn_gl000220	115486	158575	1	1	0	7	0	20
chrUn_gl000220	115486	158577	1	1	0	1	0	20
chrUn_gl000220	115486	158772	1	1	0	1	0	16
chrUn_gl000220	115488	148954	1	1	0	0	1	16
chrUn_gl000220	115488	154530	1	1	0	5	0	22
chrUn_gl000220	115488	156375	1	1	0	0	18	15
chrUn_gl000220	115488	159470	1	1	0	0	2	22
chrUn_gl000220	115492	116956	1	1	0	0	6	24
chrUn_gl000220	115492	153129	1	1	0	3	0	25
chrUn_gl000220	115492	157393	1	1	0	1	0	23
chrUn_gl000220	115492	157426	1	1	0	3	0	15
chrUn_gl000220	115492	157718	1	1	0	1	0	15
chrUn_gl000220	115492	158575	1	1	0	10	0	28
chrUn_gl000220	115492	158654	1	1	0	5	0	26
chrUn_gl000220	115492	159470	1	1	0	9	15	22
chrUn_gl000220	115492	160928	1	1	0	0	6	24
chrUn_gl000220	115524	117215	1	1	0	0	6	12
chrUn_gl000220	115524	159280	1	1	0	9	0	12
chrUn_gl000220	115524	161187	1	1	0	0	6	12
chrUn_gl000220	115526	159415	1	1	0	2	0	16
chrUn_gl000220	115531	138843	1	1	0	5	0	12
chrUn_gl000220	115531	153722	1	1	0	5	0	13
chrUn_gl000220	115531	157730	1	1	0	1	2	22
chrUn_gl000220	115534	115724	2	2	0	0	3	12
chrUn_gl000220	115534	116181	2	2	0	0	7	24
chrUn_gl000220	115534	117173	2	2	0	0	3	24
chrUn_gl000220	115534	154134	2	2	0	4	0	25
chrUn_gl000220	115534	154332	2	2	0	4	0	24
chrUn_gl000220	115534	154341	2	2	0	4	0	25
chrUn_gl000220	115534	156091	2	2	0	4	0	29
chrUn_gl000220	115534	157320	2	2	0	1	0	21
chrUn_gl000220	115534	157386	2	2	0	4	0	27
chrUn_gl000220	115534	158213	2	2	0	0	2	22
chrUn_gl000220	115534	158255	2	2	0	5	0	21
chrUn_gl000220	115534	159420	2	2	0	3	0	16
chrUn_gl000220	115534	161145	2	2	0	0	3	24
chrUn_gl000220	115561	115616	2	2	0	0	5	26
chrUn_gl000220	115613	117210	2	2	0	0	6	21
chrUn_gl000220	115613	118286	2	2	0	3	0	14
chrUn_gl000220	115613	159588	2	2	0	0	1	27
chrUn_gl000220	115613	161182	2	2	0	0	6	21
chrUn_gl000220	115627	116243	1	1	0	0	1	24
chrUn_gl000220	115627	159413	1	1	0	7	4	25
chrUn_gl000220	115627	159599	1	1	0	9	3	29
chrUn_gl000220	115639	158954	2	2	0	7	0	18
chrUn_gl000220	115639	159217	2	2	0	0	1	29
chrUn_gl000220	115644	117711	1	1	0	0	2	16
chrUn_gl000220	115644	158880	1	1	0	5	0	21
chrUn_gl000220	115644	158952	1	1	0	0	1	23
chrUn_gl000220	115644	158970	1	1	0	3	0	26
chrUn_gl000220	115644	158973	1	1	0	3	0	22
chrUn_gl000220	115644	159413	1	1	0	2	0	22
chrUn_gl000220	115644	161683	1	1	0	0	2	16
chrUn_gl000220	115650	117173	2	2	0	0	3	16
chrUn_gl000220	115650	118158	2	2	0	3	0	21
chrUn_gl000220	115650	154747	2	2	0	6	0	28
chrUn_gl000220	115650	156377	2	2	0	5	0	21
chrUn_gl000220	115650	158255	2	2	0	6	0	21
chrUn_gl000220	115650	158954	2	2	0	11	0	25
chrUn_gl000220	115650	158963	2	2	0	19	0	32
chrUn_gl000220	115650	159420	2	2	0	1	0	16
chrUn_gl000220	115650	161145	2	2	0	0	3	16
chrUn_gl000220	115675	159287	1	1	0	0	2	23
chrUn_gl000220	115690	117251	1	1	0	0	6	14
chrUn_gl000220	115690	117265	1	1	0	0	6	21
chrUn_gl000220	115690	118257	1	1	0	6	0	26
chrUn_gl000220	115690	153129	1	1	0	2	0	26
chrUn_gl000220	115690	157563	1	1	0	1	0	26
chrUn_gl000220	115690	158970	1	1	0	70	0	29
chrUn_gl000220	115690	158973	1	1	0	90	0	32
chrUn_gl000220	115690	159599	1	1	0	11	0	22
chrUn_gl000220	115690	159602	1	1	0	42	0	22
chrUn_gl000220	115690	159667	1	1	0	8	0	22
chrUn_gl000220	115690	161223	1	1	0	0	6	14
chrUn_gl000220	115690	161237	1	1	0	0	6	21
chrUn_gl000220	115698	117256	2	2	0	0	2	29
chrUn_gl000220	115698	159420	2	2	0	0	9	19
chrUn_gl000220	115698	161228	2	2	0	0	2	29
chrUn_gl000220	115702	158772	1	1	0	0	6	22
chrUn_gl000220	115702	158973	1	1	0	10	0	15
chrUn_gl000220	115705	158970	1	1	0	7	0	22
chrUn_gl000220	115708	117724	1	1	0	0	6	31
chrUn_gl000220	115708	154343	1	1	0	2	0	30
chrUn_gl000220	115708	154515	1	1	0	4	0	32
chrUn_gl000220	115708	159259	1	1	0	1	0	21
chrUn_gl000220	115708	159415	1	1	0	3	0	12
chrUn_gl000220	115708	159680	1	1	0	0	1	18
chrUn_gl000220	115708	161696	1	1	0	0	6	31
chrUn_gl000220	115730	159702	2	2	0	0	16	30
chrUn_gl000220	115744	158249	1	1	0	7	0	25
chrUn_gl000220	115744	159716	1	1	0	0	2	17
chrUn_gl000220	115744	159724	1	1	0	5	0	20
chrUn_gl000220	115754	117215	1	1	0	0	1	27
chrUn_gl000220	115754	161187	1	1	0	0	1	27
chrUn_gl000220	115761	115861	1	1	0	0	1	30
chrUn_gl000220	115761	115875	1	1	0	0	5	14
chrUn_gl000220	115761	115891	1	1	0	0	11	32
chrUn_gl000220	115761	115913	1	1	0	0	3	29
chrUn_gl000220	115761	156073	1	1	0	1	0	27
chrUn_gl000220	115761	158053	1	1	0	1	0	12
chrUn_gl000220	115761	159743	1	1	0	3	0	32
chrUn_gl000220	115771	115875	1	1	0	0	4	14
chrUn_gl000220	115782	153722	1	1	0	2	0	32
chrUn_gl000220	115782	154729	1	1	0	0	2	15
chrUn_gl000220	115786	115875	1	1	0	0	6	14
chrUn_gl000220	115786	116105	1	1	0	0	3	21
chrUn_gl000220	115786	117254	1	1	0	0	11	12
chrUn_gl000220	115786	153972	1	1	0	1	0	14
chrUn_gl000220	115786	161226	1	1	0	0	11	12
chrUn_gl000220	115813	117151	1	1	0	0	4	29
chrUn_gl000220	115813	157563	1	1	0	3	0	25
chrUn_gl000220	115813	158973	1	1	0	3	0	28
chrUn_gl000220	115813	161123	1	1	0	0	4	29
chrUn_gl000220	115840	117996	1	1	0	2	0	24
chrUn_gl000220	115840	158542	1	1	0	4	0	21
chrUn_gl000220	115865	117302	1	1	0	0	1	21
chrUn_gl000220	115865	161274	1	1	0	0	1	21
chrUn_gl000220	115870	116105	1	1	0	0	4	31
chrUn_gl000220	115870	116155	1	1	0	0	1	29
chrUn_gl000220	115870	117622	1	1	0	0	7	13
chrUn_gl000220	115870	138843	1	1	0	4	0	12
chrUn_gl000220	115870	157426	1	1	0	4	0	12
chrUn_gl000220	115870	157722	1	1	0	0	3	12
chrUn_gl000220	115870	157749	1	1	0	12	0	32
chrUn_gl000220	115870	158999	1	1	0	1	0	29
chrUn_gl000220	115870	161594	1	1	0	0	7	13
chrUn_gl000220	115891	159863	1	1	0	48	604	32
chrUn_gl000220	115916	158895	1	1	0	1	0	12
chrUn_gl000220	115916	159885	1	1	0	0	7	23
chrUn_gl000220	115921	159893	1	1	0	18	42	29
chrUn_gl000220	115971	115990	1	1	0	0	24	31
chrUn_gl000220	115971	116045	1	1	0	0	43	25
chrUn_gl000220	115971	117265	1	1	0	0	2	14
chrUn_gl000220	115971	138843	1	1	0	3	0	12
chrUn_gl000220	115971	153274	1	1	0	5	0	26
chrUn_gl000220	115971	157414	1	1	0	4	0	28
chrUn_gl000220	115971	158693	1	1	0	10	0	14
chrUn_gl000220	115971	158952	1	1	0	3	0	13
chrUn_gl000220	115971	159413	1	1	0	3	0	31
chrUn_gl000220	115971	159628	1	1	0	3	0	26
chrUn_gl000220	115971	159699	1	1	0	4	0	14
chrUn_gl000220	115971	159847	1	1	0	3	0	23
chrUn_gl000220	115971	159941	1	1	0	0	3	32
chrUn_gl000220	115971	159943	1	1	0	0	12	26
chrUn_gl000220	115971	161237	1	1	0	0	2	14
chrUn_gl000220	115974	117518	2	2	0	0	3	20
chrUn_gl000220	115974	154143	2	2	0	0	5	26
chrUn_gl000220	115974	154581	2	2	0	4	0	27
chrUn_gl000220	115974	156377	2	2	0	8	0	18
chrUn_gl000220	115974	158954	2	2	0	4	0	22
chrUn_gl000220	115974	159021	2	2	0	4	0	17
chrUn_gl000220	115974	159108	2	2	0	1	0	18
chrUn_gl000220	115974	161490	2	2	0	0	3	20
chrUn_gl000220	115976	155989	2	2	0	3	0	28
chrUn_gl000220	115976	159217	2	2	0	2	0	22
chrUn_gl000220	115981	117907	2	2	0	2	0	20
chrUn_gl000220	115981	154747	2	2	0	5	1	16
chrUn_gl000220	115985	116022	1	1	0	0	2	15
chrUn_gl000220	115985	117254	1	1	0	0	1	22
chrUn_gl000220	115985	153526	1	1	0	2	0	12
chrUn_gl000220	115985	157414	1	1	0	1	0	18
chrUn_gl000220	115985	158252	1	1	0	4	0	27
chrUn_gl000220	115985	161226	1	1	0	0	1	22
chrUn_gl000220	116011	159998	1	1	0	6	0	31
chrUn_gl000220	116037	117197	2	2	0	0	1	13
chrUn_gl000220	116037	117562	2	2	0	0	4	17
chrUn_gl000220	116037	161169	2	2	0	0	1	13
chrUn_gl000220	116037	161534	2	2	0	0	4	17
chrUn_gl000220	116047	160017	1	1	0	0	7	27
chrUn_gl000220	116053	116493	1	1	0	0	2	12
chrUn_gl000220	116053	153904	1	1	0	4	0	23
chrUn_gl000220	116053	157382	1	1	0	1	0	30
chrUn_gl000220	116053	158252	1	1	0	4	0	21
chrUn_gl000220	116053	159863	1	1	0	8	0	31
chrUn_gl000220	116053	159893	1	1	0	5	0	24
chrUn_gl000220	116074	149840	2	2	0	0	1	29
chrUn_gl000220	116086	116181	2	2	0	0	9	30
chrUn_gl000220	116086	116595	2	2	0	0	1	20
chrUn_gl000220	116086	117096	2	2	0	0	2	23
chrUn_gl000220	116086	117225	2	2	0	0	8	14
chrUn_gl000220	116086	117398	2	2	0	0	1	29
chrUn_gl000220	116086	117518	2	2	0	0	2	28
chrUn_gl000220	116086	118355	2	2	0	2	0	12
chrUn_gl000220	116086	154332	2	2	0	1	0	30
chrUn_gl000220	116086	154341	2	2	0	8	0	30
chrUn_gl000220	116086	155989	2	2	0	2	0	27
chrUn_gl000220	116086	155996	2	2	0	5	0	29
chrUn_gl000220	116086	156104	2	2	0	7	0	28
chrUn_gl000220	116086	157390	2	2	0	6	0	28
chrUn_gl000220	116086	158031	2	2	0	3	0	29
chrUn_gl000220	116086	158255	2	2	0	6	0	29
chrUn_gl000220	116086	158838	2	2	0	4	0	28
chrUn_gl000220	116086	159108	2	2	0	3	0	26
chrUn_gl000220	116086	159420	2	2	0	4	0	26
chrUn_gl000220	116086	159907	2	2	0	4	0	23
chrUn_gl000220	116086	161068	2	2	0	0	2	23
chrUn_gl000220	116086	161197	2	2	0	0	8	14
chrUn_gl000220	116086	161370	2	2	0	0	1	29
chrUn_gl000220	116086	161490	2	2	0	0	2	28
chrUn_gl000220	116107	158973	1	1	0	4	0	14
chrUn_gl000220	116107	158999	1	1	0	4	0	16
chrUn_gl000220	116107	159847	1	1	0	19	0	15
chrUn_gl000220	116107	159962	1	1	0	8	0	24
chrUn_gl000220	116109	156408	1	1	0	5	0	13
chrUn_gl000220	116109	158973	1	1	0	6	0	19
chrUn_gl000220	116109	159847	1	1	0	1	0	16
chrUn_gl000220	116109	159871	1	1	0	1	0	13
chrUn_gl000220	116109	159967	1	1	0	0	1	21
chrUn_gl000220	116115	155996	2	2	0	5	0	27
chrUn_gl000220	116115	158954	2	2	0	3	0	24
chrUn_gl000220	116115	159108	2	2	0	6	0	12
chrUn_gl000220	116128	116243	1	1	0	0	10	27
chrUn_gl000220	116128	116627	1	1	0	0	1	18
chrUn_gl000220	116128	117276	1	1	0	0	5	17
chrUn_gl000220	116128	153770	1	1	0	4	0	19
chrUn_gl000220	116128	153904	1	1	0	3	0	15
chrUn_gl000220	116128	157555	1	1	0	2	0	17
chrUn_gl000220	116128	157749	1	1	0	3	0	30
chrUn_gl000220	116128	158249	1	1	0	12	0	30
chrUn_gl000220	116128	158252	1	1	0	13	0	30
chrUn_gl000220	116128	158999	1	1	0	6	0	30
chrUn_gl000220	116128	159004	1	1	0	6	0	29
chrUn_gl000220	116128	159771	1	1	0	5	0	30
chrUn_gl000220	116128	159833	1	1	0	7	0	27
chrUn_gl000220	116128	159847	1	1	0	3	0	28
chrUn_gl000220	116128	159863	1	1	0	1	0	19
chrUn_gl000220	116128	161248	1	1	0	0	5	17
chrUn_gl000220	116147	117738	1	1	0	0	4	15
chrUn_gl000220	116147	117901	1	1	0	4	0	14
chrUn_gl000220	116147	117996	1	1	0	1	0	29
chrUn_gl000220	116147	118049	1	1	0	5	0	27
chrUn_gl000220	116147	118082	1	1	0	10	0	32
chrUn_gl000220	116147	153743	1	1	0	9	0	26
chrUn_gl000220	116147	153970	1	1	0	5	0	26
chrUn_gl000220	116147	153972	1	1	0	4	0	15
chrUn_gl000220	116147	154246	1	1	0	2	0	22
chrUn_gl000220	116147	157367	1	1	0	9	0	28
chrUn_gl000220	116147	157730	1	1	0	4	0	28
chrUn_gl000220	116147	158284	1	1	0	1	0	26
chrUn_gl000220	116147	158823	1	1	0	4	0	20
chrUn_gl000220	116147	158973	1	1	0	9	0	31
chrUn_gl000220	116147	159191	1	1	0	6	0	28
chrUn_gl000220	116147	159602	1	1	0	1	0	18
chrUn_gl000220	116147	159605	1	1	0	3	0	12
chrUn_gl000220	116147	159709	1	1	0	2	0	32
chrUn_gl000220	116147	159716	1	1	0	15	0	23
chrUn_gl000220	116147	159758	1	1	0	6	0	28
chrUn_gl000220	116147	159833	1	1	0	26	0	28
chrUn_gl000220	116147	159837	1	1	0	6	0	22
chrUn_gl000220	116147	159847	1	1	0	7	0	27
chrUn_gl000220	116147	159863	1	1	0	35	0	30
chrUn_gl000220	116147	159962	1	1	0	1	0	20
chrUn_gl000220	116147	160135	1	1	0	1	0	23
chrUn_gl000220	116147	161710	1	1	0	0	4	15
chrUn_gl000220	116149	158963	2	2	0	8	0	13
chrUn_gl000220	116156	118325	1	1	0	2	0	20
chrUn_gl000220	116156	150600	1	1	0	4	0	13
chrUn_gl000220	116156	153908	1	1	0	4	0	31
chrUn_gl000220	116156	154270	1	1	0	4	0	15
chrUn_gl000220	116156	154701	1	1	0	2	0	20
chrUn_gl000220	116156	157749	1	1	0	2	0	22
chrUn_gl000220	116156	158252	1	1	0	5	0	29
chrUn_gl000220	116156	158280	1	1	0	3	0	27
chrUn_gl000220	116156	158542	1	1	0	5	0	21
chrUn_gl000220	116156	159599	1	1	0	7	0	22
chrUn_gl000220	116156	159602	1	1	0	10	0	25
chrUn_gl000220	116156	159661	1	1	0	2	0	19
chrUn_gl000220	116156	159699	1	1	0	33	0	25
chrUn_gl000220	116156	159709	1	1	0	7	0	30
chrUn_gl000220	116156	159743	1	1	0	3	0	19
chrUn_gl000220	116156	159847	1	1	0	4	0	20
chrUn_gl000220	116156	159863	1	1	0	4	0	22
chrUn_gl000220	116156	160115	1	1	0	7	0	17
chrUn_gl000220	116165	159696	2	2	0	9	0	31
chrUn_gl000220	116165	159702	2	2	0	424	2	31
chrUn_gl000220	116174	159188	1	1	0	3	0	13
chrUn_gl000220	116174	159699	1	1	0	7	0	14
chrUn_gl000220	116174	159962	1	1	0	7	0	25
chrUn_gl000220	116185	154343	1	1	0	5	0	26
chrUn_gl000220	116185	154515	1	1	0	6	0	27
chrUn_gl000220	116185	157367	1	1	0	1	0	27
chrUn_gl000220	116185	158577	1	1	0	5	0	14
chrUn_gl000220	116185	159264	1	1	0	7	0	14
chrUn_gl000220	116185	159699	1	1	0	20	0	29
chrUn_gl000220	116189	159699	1	1	0	1	0	20
chrUn_gl000220	116198	117176	1	1	0	0	14	30
chrUn_gl000220	116198	153904	1	1	0	2	0	16
chrUn_gl000220	116198	160170	1	1	0	0	6	27
chrUn_gl000220	116198	161148	1	1	0	0	14	30
chrUn_gl000220	116215	116243	1	1	0	0	1	19
chrUn_gl000220	116219	117173	2	2	0	0	2	29
chrUn_gl000220	116219	117193	2	2	0	0	2	27
chrUn_gl000220	116219	160191	2	2	0	0	47	29
chrUn_gl000220	116219	161165	2	2	0	0	2	27
chrUn_gl000220	116237	155989	2	2	0	6	0	15
chrUn_gl000220	116237	159254	2	2	0	1	0	28
chrUn_gl000220	116239	116959	2	2	0	0	3	22
chrUn_gl000220	116239	116969	2	2	0	0	1	23
chrUn_gl000220	116239	117173	2	2	0	0	70	30
chrUn_gl000220	116239	117184	2	2	0	0	5	30
chrUn_gl000220	116239	159212	2	2	0	1	0	29
chrUn_gl000220	116239	159696	2	2	0	2	0	24
chrUn_gl000220	116246	117284	2	2	0	0	4	20
chrUn_gl000220	116246	153499	2	2	0	5	0	22
chrUn_gl000220	116246	161256	2	2	0	0	4	20
chrUn_gl000220	116250	116944	1	1	0	0	3	14
chrUn_gl000220	116278	116563	2	2	0	0	2	30
chrUn_gl000220	116278	116588	2	2	0	0	2	29
chrUn_gl000220	116278	157419	2	2	0	1	0	31
chrUn_gl000220	116278	158255	2	2	0	9	0	12
chrUn_gl000220	116295	116536	2	2	0	0	1	12
chrUn_gl000220	116295	154993	2	2	0	0	4	13
chrUn_gl000220	116295	158012	2	2	0	1	0	16
chrUn_gl000220	116295	159391	2	2	0	1	0	12
chrUn_gl000220	116347	116536	2	2	0	0	569	28
chrUn_gl000220	116347	117421	2	2	0	0	3	15
chrUn_gl000220	116347	117518	2	2	0	0	4	18
chrUn_gl000220	116347	151210	2	2	0	6	0	15
chrUn_gl000220	116347	154172	2	2	0	6	0	19
chrUn_gl000220	116347	155996	2	2	0	7	0	27
chrUn_gl000220	116347	157320	2	2	0	4	0	27
chrUn_gl000220	116347	158255	2	2	0	6	0	17
chrUn_gl000220	116347	158599	2	2	0	1	0	19
chrUn_gl000220	116347	158644	2	2	0	6	0	15
chrUn_gl000220	116347	158954	2	2	0	2	0	18
chrUn_gl000220	116347	159178	2	2	0	5	0	29
chrUn_gl000220	116347	161393	2	2	0	0	3	15
chrUn_gl000220	116347	161490	2	2	0	0	4	18
chrUn_gl000220	116374	159212	2	2	0	3	0	23
chrUn_gl000220	116378	153899	2	2	0	0	1	17
chrUn_gl000220	116378	158558	2	2	0	4	0	30
chrUn_gl000220	116382	159749	2	2	0	2	0	30
chrUn_gl000220	116400	117518	2	2	0	0	5	20
chrUn_gl000220	116400	161490	2	2	0	0	5	20
chrUn_gl000220	116406	157709	2	2	0	3	0	24
chrUn_gl000220	116406	159551	2	2	0	1	0	13
chrUn_gl000220	116408	134642	2	2	0	0	1	14
chrUn_gl000220	116408	159420	2	2	0	2	0	28
chrUn_gl000220	116408	159551	2	2	0	2	0	13
chrUn_gl000220	116408	159749	2	2	0	6	0	19
chrUn_gl000220	116410	142118	2	2	0	0	1	12
chrUn_gl000220	116410	159551	2	2	0	6	2	12
chrUn_gl000220	116412	159551	2	2	0	33	17	13
chrUn_gl000220	116426	117011	1	1	0	0	7	15
chrUn_gl000220	116429	116997	2	2	0	0	2	19
chrUn_gl000220	116429	117271	2	2	0	0	3	25
chrUn_gl000220	116429	158456	2	2	0	4	0	19
chrUn_gl000220	116436	153448	2	2	0	4	0	14
chrUn_gl000220	116455	158237	1	1	0	2	0	13
chrUn_gl000220	116455	158657	1	1	0	0	5	18
chrUn_gl000220	116481	160215	1	1	0	2	0	28
chrUn_gl000220	116538	156646	1	1	0	1	0	16
chrUn_gl000220	116538	159413	1	1	0	6	0	29
chrUn_gl000220	116588	160560	2	2	0	0	13	16
chrUn_gl000220	116590	117425	2	2	0	0	1	16
chrUn_gl000220	116614	158067	1	1	0	3	0	23
chrUn_gl000220	116614	159470	1	1	0	0	2	24
chrUn_gl000220	116628	154134	2	2	0	21	0	16
chrUn_gl000220	116639	117320	1	1	0	0	1	15
chrUn_gl000220	116697	118409	1	1	0	0	1	14
chrUn_gl000220	116697	148641	1	1	0	0	1	14
chrUn_gl000220	116697	157730	1	1	0	1	0	22
chrUn_gl000220	116699	157987	2	2	0	0	1	18
chrUn_gl000220	116713	118259	1	1	0	1	0	16
chrUn_gl000220	116713	154200	1	1	0	1	0	19
chrUn_gl000220	116713	159699	1	1	0	2	0	25
chrUn_gl000220	116713	159847	1	1	0	3	0	15
chrUn_gl000220	116718	154341	2	2	0	4	0	17
chrUn_gl000220	116718	155996	2	2	0	4	0	20
chrUn_gl000220	116718	158235	2	2	0	6	0	17
chrUn_gl000220	116718	158255	2	2	0	3	0	18
chrUn_gl000220	116748	116863	1	1	0	0	18	12
chrUn_gl000220	116748	116956	1	1	0	0	3	28
chrUn_gl000220	116772	138843	1	1	0	0	2	12
chrUn_gl000220	116776	117151	1	1	0	0	4	12
chrUn_gl000220	116825	160668	2	2	0	4	0	17
chrUn_gl000220	116877	129527	1	1	0	0	9	16
chrUn_gl000220	116877	133892	1	1	0	0	8	16
chrUn_gl000220	116891	123723	1	1	0	0	1	16
chrUn_gl000220	116891	160215	1	1	0	18	0	23
chrUn_gl000220	116910	158276	1	1	0	0	2	12
chrUn_gl000220	116924	160900	2	4	0	3	0	16
chrUn_gl000220	116941	117184	2	2	0	0	4	21
chrUn_gl000220	116941	117210	2	2	0	0	12	27
chrUn_gl000220	116941	117568	2	2	0	0	4	15
chrUn_gl000220	116941	117907	2	2	0	11	0	27
chrUn_gl000220	116941	154134	2	2	0	2	0	27
chrUn_gl000220	116941	154310	2	2	0	8	0	26
chrUn_gl000220	116941	154747	2	2	0	2	0	29
chrUn_gl000220	116941	155999	2	2	0	4	0	18
chrUn_gl000220	116941	158255	2	2	0	3	0	27
chrUn_gl000220	116941	159212	2	2	0	1	0	26
chrUn_gl000220	116941	159282	2	2	0	6	0	26
chrUn_gl000220	116941	159583	2	2	0	7	0	26
chrUn_gl000220	116941	160133	2	2	0	5	0	26
chrUn_gl000220	116941	160508	2	2	0	12	0	26
chrUn_gl000220	116952	117184	2	2	0	0	7	29
chrUn_gl000220	116959	158286	2	2	0	2	0	28
chrUn_gl000220	116959	160941	2	2	0	3	0	28
chrUn_gl000220	116962	118259	1	1	0	6	0	25
chrUn_gl000220	116962	153970	1	1	0	4	0	28
chrUn_gl000220	116983	117155	2	2	0	0	5	19
chrUn_gl000220	116983	117173	2	2	0	0	30	29
chrUn_gl000220	116985	157379	1	1	0	4	0	22
chrUn_gl000220	116985	158811	1	1	0	3	0	22
chrUn_gl000220	116985	158952	1	1	0	8	0	19
chrUn_gl000220	117023	117151	1	1	0	0	1	20
chrUn_gl000220	117023	156646	1	1	0	3	0	30
chrUn_gl000220	117023	157393	1	1	0	1	0	25
chrUn_gl000220	117023	159599	1	1	0	3	0	30
chrUn_gl000220	117023	159847	1	1	0	1	0	26
chrUn_gl000220	117025	158542	1	1	0	4	0	30
chrUn_gl000220	117043	117562	2	2	0	0	7	27
chrUn_gl000220	117043	160969	2	2	0	1	0	20
chrUn_gl000220	117050	157414	1	1	0	1	0	24
chrUn_gl000220	117050	159847	1	1	0	11	0	32
chrUn_gl000220	117053	156377	2	2	0	7	0	32
chrUn_gl000220	117053	157709	2	2	0	3	0	12
chrUn_gl000220	117053	160941	2	2	0	4	0	26
chrUn_gl000220	117055	117155	2	2	0	0	4	27
chrUn_gl000220	117055	158854	2	2	0	7	0	26
chrUn_gl000220	117061	117251	1	1	0	0	1	12
chrUn_gl000220	117061	117964	1	1	0	7	0	16
chrUn_gl000220	117067	117953	1	1	0	5	0	25
chrUn_gl000220	117067	117955	1	1	0	3	0	22
chrUn_gl000220	117067	117964	1	1	0	16	0	31
chrUn_gl000220	117067	154343	1	1	0	2	0	28
chrUn_gl000220	117067	157716	1	1	0	2	0	16
chrUn_gl000220	117067	158280	1	1	0	1	0	18
chrUn_gl000220	117067	158575	1	1	0	6	0	25
chrUn_gl000220	117067	159680	1	1	0	3	0	25
chrUn_gl000220	117067	161039	1	1	0	3	11	27
chrUn_gl000220	117104	117251	1	1	0	0	4	12
chrUn_gl000220	117108	117696	2	2	0	0	1	29
chrUn_gl000220	117108	118035	2	2	0	0	1	24
chrUn_gl000220	117108	156104	2	2	0	4	0	17
chrUn_gl000220	117108	160508	2	2	0	0	1	30
chrUn_gl000220	117118	157709	2	2	0	4	0	25
chrUn_gl000220	117124	117276	1	1	0	0	4	31
chrUn_gl000220	117124	117711	1	1	0	0	7	31
chrUn_gl000220	117124	118049	1	1	0	3	0	22
chrUn_gl000220	117124	153347	1	1	0	5	0	24
chrUn_gl000220	117124	153972	1	1	0	5	0	31
chrUn_gl000220	117124	157675	1	1	0	6	0	31
chrUn_gl000220	117124	157718	1	1	0	6	0	31
chrUn_gl000220	117136	153499	2	2	0	1	0	22
chrUn_gl000220	117144	153414	2	2	0	2	0	13
chrUn_gl000220	117144	154240	2	2	0	6	0	31
chrUn_gl000220	117144	154429	2	2	0	5	0	13
chrUn_gl000220	117144	157390	2	2	0	2	0	13
chrUn_gl000220	117144	157478	2	2	0	2	0	20
chrUn_gl000220	117184	161156	2	2	0	2	3	30
chrUn_gl000220	117186	159847	1	1	0	8	1	20
chrUn_gl000220	117186	160928	1	1	0	2	0	26
chrUn_gl000220	117197	161169	2	2	0	0	7	25
chrUn_gl000220	117229	159702	2	2	0	0	3	22
chrUn_gl000220	117260	117729	1	1	0	0	4	18
chrUn_gl000220	117260	154714	1	1	0	5	0	29
chrUn_gl000220	117260	158594	1	1	0	9	0	24
chrUn_gl000220	117266	155989	2	2	0	5	0	30
chrUn_gl000220	117266	159696	2	2	0	1	0	21
chrUn_gl000220	117266	159749	2	2	0	3	0	13
chrUn_gl000220	117271	117883	2	2	0	7	0	21
chrUn_gl000220	117271	155996	2	2	0	6	0	30
chrUn_gl000220	117271	161243	2	2	0	2	2	17
chrUn_gl000220	117273	117605	2	2	0	0	2	29
chrUn_gl000220	117273	155996	2	2	0	4	0	28
chrUn_gl000220	117273	157709	2	2	0	1	0	23
chrUn_gl000220	117276	157720	1	1	0	4	0	28
chrUn_gl000220	117303	117616	1	1	0	0	3	32
chrUn_gl000220	117303	155854	1	1	0	1	0	15
chrUn_gl000220	117303	160077	1	1	0	3	0	27
chrUn_gl000220	117303	161280	1	1	0	2	0	32
chrUn_gl000220	117305	138843	1	1	0	1	0	12
chrUn_gl000220	117305	161274	1	1	0	2	0	29
chrUn_gl000220	117305	161280	1	1	0	9	0	28
chrUn_gl000220	117314	159259	1	1	0	5	0	21
chrUn_gl000220	117314	159847	1	1	0	2	0	23
chrUn_gl000220	117314	161286	1	1	0	0	4	20
chrUn_gl000220	117339	159264	1	1	0	5	0	23
chrUn_gl000220	117339	159847	1	1	0	6	0	22
chrUn_gl000220	117341	154200	1	1	0	7	0	15
chrUn_gl000220	117341	158542	1	1	0	1	0	25
chrUn_gl000220	117341	159847	1	1	0	20	0	32
chrUn_gl000220	117366	117663	1	1	0	0	2	15
chrUn_gl000220	117366	117892	1	1	0	3	0	15
chrUn_gl000220	117366	153972	1	1	0	6	0	17
chrUn_gl000220	117366	156373	1	1	0	1	0	24
chrUn_gl000220	117366	157393	1	1	0	1	0	18
chrUn_gl000220	117366	157649	1	1	0	14	0	16
chrUn_gl000220	117366	158590	1	1	0	2	0	23
chrUn_gl000220	117366	158740	1	1	0	8	0	16
chrUn_gl000220	117366	158763	1	1	0	6	0	16
chrUn_gl000220	117366	158811	1	1	0	3	0	20
chrUn_gl000220	117366	158817	1	1	0	11	0	24
chrUn_gl000220	117366	158989	1	1	0	4	0	18
chrUn_gl000220	117366	159943	1	1	0	5	0	16
chrUn_gl000220	117366	160075	1	1	0	2	0	17
chrUn_gl000220	117377	161145	2	2	0	5	0	30
chrUn_gl000220	117390	160275	1	1	0	1	0	12
chrUn_gl000220	117401	161373	2	2	0	0	1	23
chrUn_gl000220	117404	161267	2	2	0	5	0	25
chrUn_gl000220	117404	161373	2	2	0	3	0	24
chrUn_gl000220	117404	161376	2	2	0	0	3	25
chrUn_gl000220	117412	160215	1	1	0	2	0	31
chrUn_gl000220	117421	117518	2	2	0	0	2	17
chrUn_gl000220	117421	159588	2	2	0	1	0	23
chrUn_gl000220	117421	161393	2	2	0	0	4	24
chrUn_gl000220	117429	117520	1	1	0	3	0	13
chrUn_gl000220	117429	118257	1	1	0	3	0	15
chrUn_gl000220	117429	125352	1	1	0	0	1	16
chrUn_gl000220	117429	129782	1	1	0	0	1	16
chrUn_gl000220	117429	153347	1	1	0	5	0	15
chrUn_gl000220	117429	158542	1	1	0	2	0	16
chrUn_gl000220	117429	159847	1	1	0	2	0	16
chrUn_gl000220	117429	160215	1	1	0	6	0	13
chrUn_gl000220	117429	161223	1	1	0	5	0	15
chrUn_gl000220	117429	161226	1	1	0	5	0	16
chrUn_gl000220	117429	161237	1	1	0	15	0	26
chrUn_gl000220	117429	161248	1	1	0	5	0	15
chrUn_gl000220	117429	161405	1	1	0	3	0	22
chrUn_gl000220	117457	154747	2	2	0	5	0	30
chrUn_gl000220	117457	155989	2	2	0	3	0	25
chrUn_gl000220	117457	156078	2	2	0	7	0	32
chrUn_gl000220	117457	157390	2	2	0	11	0	25
chrUn_gl000220	117457	159021	2	2	0	1	0	16
chrUn_gl000220	117457	160535	2	2	0	2	0	24
chrUn_gl000220	117459	157390	2	2	0	4	0	26
chrUn_gl000220	117459	157547	2	2	0	5	0	27
chrUn_gl000220	117459	157969	2	2	0	2	0	24
chrUn_gl000220	117459	158782	2	2	0	4	0	26
chrUn_gl000220	117459	158820	2	2	0	7	0	19
chrUn_gl000220	117459	159026	2	2	0	3	0	12
chrUn_gl000220	117459	160668	2	2	0	3	0	27
chrUn_gl000220	117459	161228	2	2	0	6	0	24
chrUn_gl000220	117463	118158	2	2	0	3	0	17
chrUn_gl000220	117463	159026	2	2	0	2	0	31
chrUn_gl000220	117463	159527	2	2	0	4	0	17
chrUn_gl000220	117463	160133	2	2	0	1	0	18
chrUn_gl000220	117463	161228	2	2	0	2	0	19
chrUn_gl000220	117466	118040	2	2	0	5	0	32
chrUn_gl000220	117466	154328	2	2	0	1	0	19
chrUn_gl000220	117466	159030	2	2	0	8	0	13
chrUn_gl000220	117509	117665	2	2	0	0	2	21
chrUn_gl000220	117509	154172	2	2	0	1	0	20
chrUn_gl000220	117509	161397	2	2	0	3	0	17
chrUn_gl000220	117520	158577	1	1	0	6	0	25
chrUn_gl000220	117520	158952	1	1	0	3	0	14
chrUn_gl000220	117520	159833	1	1	0	9	0	30
chrUn_gl000220	117520	159847	1	1	0	6	0	28
chrUn_gl000220	117520	159962	1	1	0	8	0	31
chrUn_gl000220	117520	161192	1	1	0	0	1	31
chrUn_gl000220	117520	161226	1	1	0	2	0	12
chrUn_gl000220	117520	161248	1	1	0	11	0	30
chrUn_gl000220	117520	161405	1	1	0	4	0	30
chrUn_gl000220	117520	161492	1	1	0	2	4	22
chrUn_gl000220	117527	157747	1	1	0	1	0	28
chrUn_gl000220	117527	158575	1	1	0	5	0	28
chrUn_gl000220	117527	159408	1	1	0	2	0	19
chrUn_gl000220	117527	161223	1	1	0	5	0	17
chrUn_gl000220	117527	161237	1	1	0	11	1	30
chrUn_gl000220	117527	161248	1	1	0	1	0	26
chrUn_gl000220	117534	117724	1	1	0	0	6	28
chrUn_gl000220	117534	118049	1	1	0	2	0	32
chrUn_gl000220	117534	159602	1	1	0	5	0	17
chrUn_gl000220	117534	159847	1	1	0	12	0	22
chrUn_gl000220	117534	160202	1	1	0	2	0	21
chrUn_gl000220	117534	160215	1	1	0	2	0	17
chrUn_gl000220	117534	161223	1	1	0	2	0	16
chrUn_gl000220	117534	161226	1	1	0	6	0	22
chrUn_gl000220	117534	161237	1	1	0	21	0	32
chrUn_gl000220	117534	161248	1	1	0	3	0	23
chrUn_gl000220	117534	161506	1	1	0	0	52	32
chrUn_gl000220	117540	117684	2	2	0	0	3	14
chrUn_gl000220	117540	157320	2	2	0	2	0	24
chrUn_gl000220	117540	158558	2	2	0	2	0	15
chrUn_gl000220	117540	161228	2	2	0	1	0	13
chrUn_gl000220	117540	161243	2	2	0	9	0	12
chrUn_gl000220	117540	161512	2	2	0	0	2	18
chrUn_gl000220	117548	153274	1	1	0	3	0	29
chrUn_gl000220	117548	157718	1	1	0	2	0	16
chrUn_gl000220	117548	158237	1	1	0	1	0	29
chrUn_gl000220	117548	158284	1	1	0	3	0	15
chrUn_gl000220	117548	158989	1	1	0	1	0	15
chrUn_gl000220	117548	159408	1	1	0	3	0	31
chrUn_gl000220	117548	159413	1	1	0	3	0	29
chrUn_gl000220	117548	159847	1	1	0	9	0	19
chrUn_gl000220	117548	160215	1	1	0	1	0	20
chrUn_gl000220	117548	160465	1	1	0	5	0	14
chrUn_gl000220	117548	160826	1	1	0	1	0	32
chrUn_gl000220	117548	161223	1	1	0	17	0	31
chrUn_gl000220	117548	161226	1	1	0	22	0	28
chrUn_gl000220	117554	117665	2	2	0	0	3	18
chrUn_gl000220	117554	117907	2	2	0	1	0	25
chrUn_gl000220	117554	118040	2	2	0	1	0	21
chrUn_gl000220	117554	154745	2	2	0	10	0	30
chrUn_gl000220	117554	154747	2	2	0	1	0	30
chrUn_gl000220	117554	154749	2	2	0	7	0	14
chrUn_gl000220	117554	154818	2	2	0	8	0	16
chrUn_gl000220	117554	157085	2	2	0	6	0	26
chrUn_gl000220	117554	157390	2	2	0	5	0	21
chrUn_gl000220	117554	158012	2	2	0	3	0	23
chrUn_gl000220	117554	158779	2	2	0	4	0	16
chrUn_gl000220	117554	159420	2	2	0	1	0	25
chrUn_gl000220	117554	159702	2	2	0	5	0	31
chrUn_gl000220	117554	161228	2	2	0	12	0	32
chrUn_gl000220	117556	117711	1	1	0	0	13	32
chrUn_gl000220	117556	117970	1	1	0	2	0	16
chrUn_gl000220	117556	118257	1	1	0	4	0	27
chrUn_gl000220	117556	153274	1	1	0	3	0	19
chrUn_gl000220	117556	154246	1	1	0	6	0	26
chrUn_gl000220	117556	154524	1	1	0	5	0	25
chrUn_gl000220	117556	157675	1	1	0	2	0	22
chrUn_gl000220	117556	160115	1	1	0	6	0	21
chrUn_gl000220	117556	161223	1	1	0	18	0	30
chrUn_gl000220	117556	161237	1	1	0	8	0	24
chrUn_gl000220	117556	161248	1	1	0	3	0	25
chrUn_gl000220	117564	156646	1	1	0	1	0	31
chrUn_gl000220	117564	159264	1	1	0	4	0	28
chrUn_gl000220	117564	159998	1	1	0	2	0	21
chrUn_gl000220	117564	161223	1	1	0	5	0	19
chrUn_gl000220	117564	161226	1	1	0	14	0	20
chrUn_gl000220	117564	161265	1	1	0	1	0	14
chrUn_gl000220	117564	161544	1	1	0	0	1	21
chrUn_gl000220	117641	154296	2	2	0	1	0	25
chrUn_gl000220	117652	157718	1	1	0	1	0	12
chrUn_gl000220	117652	161635	1	1	0	3	0	28
chrUn_gl000220	117680	161656	2	2	0	2	0	26
chrUn_gl000220	117689	118286	2	2	0	3	0	28
chrUn_gl000220	117689	161370	2	2	0	5	0	32
chrUn_gl000220	117692	150850	2	2	0	5	0	23
chrUn_gl000220	117692	155989	2	2	0	4	0	17
chrUn_gl000220	117692	157547	2	2	0	1	0	17
chrUn_gl000220	117692	159282	2	2	0	3	0	21
chrUn_gl000220	117697	117883	2	2	0	5	0	26
chrUn_gl000220	117697	118077	2	2	0	3	0	15
chrUn_gl000220	117697	154429	2	2	0	9	0	20
chrUn_gl000220	117697	154765	2	2	0	3	0	18
chrUn_gl000220	117697	157320	2	2	0	3	0	29
chrUn_gl000220	117697	158558	2	2	0	2	0	19
chrUn_gl000220	117704	159667	1	1	0	3	0	25
chrUn_gl000220	117718	117896	1	1	0	2	0	16
chrUn_gl000220	117729	161701	1	1	0	0	1	14
chrUn_gl000220	117745	153191	2	2	0	6	0	22
chrUn_gl000220	117745	161228	2	2	0	14	0	27
chrUn_gl000220	117745	161534	2	2	0	6	0	21
chrUn_gl000220	117749	153191	2	2	0	4	0	22
chrUn_gl000220	117765	117881	1	1	0	7	0	22
chrUn_gl000220	117765	159833	1	1	0	6	0	19
chrUn_gl000220	117781	161080	2	2	0	8	0	26
chrUn_gl000220	117781	161705	2	2	0	4	0	18
chrUn_gl000220	117791	157467	2	2	0	5	0	32
chrUn_gl000220	117791	158650	2	2	0	3	0	22
chrUn_gl000220	117798	156005	1	1	0	3	0	14
chrUn_gl000220	117803	154301	2	2	0	3	0	31
chrUn_gl000220	117809	157419	2	2	0	7	0	13
chrUn_gl000220	117817	157414	1	1	0	10	0	26
chrUn_gl000220	117872	118286	2	2	0	3	0	13
chrUn_gl000220	117876	159943	1	1	0	5	0	16
chrUn_gl000220	117876	161696	1	1	0	4	0	20
chrUn_gl000220	117897	118259	1	1	0	3	0	14
chrUn_gl000220	117897	157749	1	1	0	3	0	17
chrUn_gl000220	117897	158999	1	1	0	2	0	17
chrUn_gl000220	117897	159004	1	1	0	2	0	15
chrUn_gl000220	117897	161223	1	1	0	2	0	19
chrUn_gl000220	117901	161223	1	1	0	2	0	24
chrUn_gl000220	117901	161226	1	1	0	4	0	21
chrUn_gl000220	117912	161705	2	2	0	4	0	32
chrUn_gl000220	117920	117953	1	1	0	7	0	22
chrUn_gl000220	117920	117999	1	1	0	3	0	14
chrUn_gl000220	117920	159470	1	1	0	1	0	16
chrUn_gl000220	117920	160077	1	1	0	6	0	26
chrUn_gl000220	117920	161187	1	1	0	5	0	24
chrUn_gl000220	117920	161248	1	1	0	6	0	17
chrUn_gl000220	117920	161696	1	1	0	6	0	16
chrUn_gl000220	117922	157359	1	1	0	6	0	19
chrUn_gl000220	117922	159605	1	1	0	0	6	19
chrUn_gl000220	117922	161148	1	1	0	0	2	20
chrUn_gl000220	117925	158811	1	1	0	0	1	18
chrUn_gl000220	117934	158237	1	1	0	1	0	28
chrUn_gl000220	117940	118077	2	2	0	2	0	17
chrUn_gl000220	117943	160103	2	2	0	5	0	25
chrUn_gl000220	117947	153274	1	1	0	1	0	29
chrUn_gl000220	117947	159264	1	1	0	11	0	23
chrUn_gl000220	117947	159280	1	1	0	15	0	29
chrUn_gl000220	117947	159716	1	1	0	14	0	31
chrUn_gl000220	117965	157749	1	1	0	2	0	22
chrUn_gl000220	117965	158973	1	1	0	3	0	24
chrUn_gl000220	117965	161544	1	1	0	7	0	12
chrUn_gl000220	117978	158952	1	1	0	5	0	30
chrUn_gl000220	117984	154351	1	1	0	2	0	27
chrUn_gl000220	117987	155996	2	2	0	3	0	18
chrUn_gl000220	117992	118282	2	2	0	1	0	15
chrUn_gl000220	117992	156078	2	2	0	3	0	15
chrUn_gl000220	118014	159696	2	2	0	3	0	28
chrUn_gl000220	118014	161182	2	2	0	1	0	28
chrUn_gl000220	118021	153052	2	2	0	5	0	21
chrUn_gl000220	118021	153414	2	2	0	5	0	21
chrUn_gl000220	118021	155989	2	2	0	3	0	21
chrUn_gl000220	118023	157371	1	1	0	0	4	25
chrUn_gl000220	118023	159264	1	1	0	2	0	29
chrUn_gl000220	118023	159605	1	1	0	2	0	16
chrUn_gl000220	118035	154341	2	2	0	8	0	30
chrUn_gl000220	118043	158954	2	2	0	0	3	17
chrUn_gl000220	118045	154502	2	2	0	0	2	23
chrUn_gl000220	118045	157467	2	2	0	0	4	22
chrUn_gl000220	118045	160153	2	2	0	7	1	24
chrUn_gl000220	118045	161668	2	2	0	2	0	25
chrUn_gl000220	118045	161717	2	2	0	2	0	23
chrUn_gl000220	118049	157318	1	1	0	3	0	20
chrUn_gl000220	118049	161683	1	1	0	4	0	23
chrUn_gl000220	118094	118286	2	2	0	3	0	13
chrUn_gl000220	118094	118291	2	2	0	9	0	18
chrUn_gl000220	118094	118304	2	2	0	4	0	16
chrUn_gl000220	118094	149683	2	2	0	2	0	18
chrUn_gl000220	118094	158954	2	2	0	3	0	20
chrUn_gl000220	118098	157716	1	1	0	2	0	27
chrUn_gl000220	118098	158542	1	1	0	5	0	28
chrUn_gl000220	118098	159408	1	1	0	10	0	25
chrUn_gl000220	118098	159415	1	1	0	6	0	19
chrUn_gl000220	118098	160202	1	1	0	4	0	18
chrUn_gl000220	118098	161192	1	1	0	4	0	14
chrUn_gl000220	118098	161223	1	1	0	2	0	22
chrUn_gl000220	118098	161248	1	1	0	9	0	17
chrUn_gl000220	118098	161689	1	1	0	4	0	14
chrUn_gl000220	118098	161710	1	1	0	5	0	20
chrUn_gl000220	118104	154134	2	2	0	6	0	24
chrUn_gl000220	118104	158286	2	2	0	3	0	15
chrUn_gl000220	118104	159696	2	2	0	4	0	16
chrUn_gl000220	118125	118205	2	2	0	6	0	30
chrUn_gl000220	118125	118286	2	2	0	7	0	27
chrUn_gl000220	118125	118291	2	2	0	4	0	17
chrUn_gl000220	118125	153439	2	2	0	3	0	15
chrUn_gl000220	118125	155699	2	2	0	3	0	26
chrUn_gl000220	118125	155996	2	2	0	3	0	21
chrUn_gl000220	118125	159108	2	2	0	6	0	22
chrUn_gl000220	118125	159330	2	2	0	7	0	20
chrUn_gl000220	118125	161633	2	2	0	4	0	16
chrUn_gl000220	118127	153294	1	1	0	3	0	24
chrUn_gl000220	118127	153972	1	1	0	7	0	14
chrUn_gl000220	118127	154108	1	1	0	3	0	32
chrUn_gl000220	118127	158249	1	1	0	3	0	16
chrUn_gl000220	118127	158577	1	1	0	3	0	26
chrUn_gl000220	118127	158712	1	1	0	11	0	15
chrUn_gl000220	118127	159191	1	1	0	1	0	28
chrUn_gl000220	118127	159847	1	1	0	2	0	17
chrUn_gl000220	118127	160077	1	1	0	1	0	29
chrUn_gl000220	118127	161044	1	1	0	2	0	24
chrUn_gl000220	118127	161405	1	1	0	5	0	28
chrUn_gl000220	118153	153954	2	2	0	3	0	27
chrUn_gl000220	118153	159217	2	2	0	0	5	28
chrUn_gl000220	118222	159415	1	1	0	5	0	15
chrUn_gl000220	118222	160077	1	1	0	2	0	22
chrUn_gl000220	118222	161559	1	1	0	5	0	22
chrUn_gl000220	118227	154134	2	2	0	4	0	27
chrUn_gl000220	118227	155212	2	2	0	0	3	26
chrUn_gl000220	118231	158989	1	1	0	1	0	18
chrUn_gl000220	118231	159716	1	1	0	1	0	13
chrUn_gl000220	118234	159217	2	2	0	4	0	32
chrUn_gl000220	118234	159696	2	2	0	3	0	31
chrUn_gl000220	118234	161571	2	2	0	1	0	26
chrUn_gl000220	118278	153970	1	1	0	2	0	17
chrUn_gl000220	118292	154246	1	1	0	4	0	30
chrUn_gl000220	118292	159004	1	1	0	2	0	32
chrUn_gl000220	118292	159264	1	1	0	4	0	13
chrUn_gl000220	118292	159771	1	1	0	3	0	32
chrUn_gl000220	118292	159863	1	1	0	1	0	32
chrUn_gl000220	118292	160826	1	1	0	1	0	32
chrUn_gl000220	118296	158952	1	1	0	6	0	29
chrUn_gl000220	118296	159188	1	1	0	3	0	30
chrUn_gl000220	118296	159863	1	1	0	1	0	29
chrUn_gl000220	118296	159885	1	1	0	3	0	22
chrUn_gl000220	118305	161397	2	2	0	1	0	19
chrUn_gl000220	118311	155989	2	2	0	12	0	12
chrUn_gl000220	118311	157390	2	2	0	9	0	15
chrUn_gl000220	118322	160077	1	1	0	6	0	26
chrUn_gl000220	118331	118404	2	2	0	2	0	13
chrUn_gl000220	118331	153135	2	2	0	1	0	28
chrUn_gl000220	118334	155989	2	2	0	1	0	13
chrUn_gl000220	118334	159749	2	2	0	3	0	21
chrUn_gl000220	118334	161534	2	2	0	8	0	21
chrUn_gl000220	118337	159738	2	2	0	4	0	26
chrUn_gl000220	118341	157718	1	1	0	7	0	22
chrUn_gl000220	118341	158952	1	1	0	1	0	15
chrUn_gl000220	118352	157393	1	1	0	1	0	15
chrUn_gl000220	118352	158053	1	1	0	4	0	18
chrUn_gl000220	118352	159847	1	1	0	13	0	22
chrUn_gl000220	118356	153129	1	1	0	3	0	16
chrUn_gl000220	118356	158276	1	1	0	1	0	25
chrUn_gl000220	118356	158654	1	1	0	1	0	23
chrUn_gl000220	118356	159847	1	1	0	6	0	31
chrUn_gl000220	118368	157390	2	2	0	3	0	29
chrUn_gl000220	118372	154303	2	2	0	2	0	26
chrUn_gl000220	118383	155989	2	2	0	44	0	32
chrUn_gl000220	118383	156104	2	2	0	11	0	20
chrUn_gl000220	118383	157390	2	2	0	9	0	25
chrUn_gl000220	118383	158031	2	2	0	1	0	15
chrUn_gl000220	118383	160535	2	2	0	4	0	12
chrUn_gl000220	118383	160931	2	2	0	8	0	20
chrUn_gl000220	118383	161633	2	2	0	3	0	17
chrUn_gl000220	118392	153495	1	1	0	7	0	19
chrUn_gl000220	118411	154539	1	1	0	3	0	26
chrUn_gl000220	118415	161506	1	1	0	6	0	28
chrUn_gl000220	118415	161568	1	1	0	3	0	22
chrUn_gl000220	118460	156626	1	1	0	1	0	16
chrUn_gl000220	118530	160215	1	1	0	1	0	22
chrUn_gl000220	118530	161248	1	1	0	5	0	32
chrUn_gl000220	122051	157980	2	2	0	0	1	15
chrUn_gl000220	123145	158398	2	2	0	0	1	23
chrUn_gl000220	123527	161243	2	2	0	0	5	14
chrUn_gl000220	125193	161418	1	1	0	0	1	16
chrUn_gl000220	125214	154341	2	2	0	0	1	16
chrUn_gl000220	131598	160392	2	4	0	0	1	15
chrUn_gl000220	137585	153274	1	1	0	6	0	12
chrUn_gl000220	138862	153722	1	1	0	0	5	15
chrUn_gl000220	148221	158426	2	2	0	0	5	12
chrUn_gl000220	148462	161373	2	2	0	0	1	22
chrUn_gl000220	148731	155590	1	1	0	0	1	16
chrUn_gl000220	148935	159863	1	1	0	0	2	13
chrUn_gl000220	148957	156667	1	1	0	0	5	13
chrUn_gl000220	149533	158252	1	1	0	0	3	28
chrUn_gl000220	149630	159228	1	1	0	0	4	16
chrUn_gl000220	149762	153347	1	1	0	0	1	18
chrUn_gl000220	149890	154729	1	1	0	0	4	20
chrUn_gl000220	149894	161223	1	1	0	0	6	13
chrUn_gl000220	150143	156669	1	1	0	0	5	16
chrUn_gl000220	150169	154630	2	2	0	0	6	14
chrUn_gl000220	150272	150787	1	1	0	0	5	31
chrUn_gl000220	150292	154303	2	2	0	0	1	13
chrUn_gl000220	150295	156256	2	2	0	0	2	12
chrUn_gl000220	150312	150732	1	1	0	0	5	22
chrUn_gl000220	150312	158284	1	1	0	0	6	22
chrUn_gl000220	150322	153970	1	1	0	0	1	17
chrUn_gl000220	150338	158255	2	2	0	0	3	28
chrUn_gl000220	150368	150694	1	1	0	0	5	25
chrUn_gl000220	150491	150610	0	0	0	0	9	32
chrUn_gl000220	150553	157532	1	1	0	0	9	23
chrUn_gl000220	150560	159264	1	1	0	0	1	17
chrUn_gl000220	150560	160215	1	1	0	0	2	22
chrUn_gl000220	150622	161418	1	1	0	0	11	14
chrUn_gl000220	150681	160215	1	1	0	0	2	28
chrUn_gl000220	150771	161370	2	2	0	0	1	23
chrUn_gl000220	150879	161370	2	2	0	0	1	19
chrUn_gl000220	150883	153043	2	2	0	0	6	31
chrUn_gl000220	150931	150967	2	4	0	0	8	19
chrUn_gl000220	150990	155140	1	1	0	0	1	21
chrUn_gl000220	151117	156352	1	1	0	0	1	13
chrUn_gl000220	151119	161418	1	1	0	0	1	12
chrUn_gl000220	151133	158255	2	2	0	0	9	14
chrUn_gl000220	151137	159264	1	1	0	0	2	26
chrUn_gl000220	151137	160075	1	1	0	0	9	17
chrUn_gl000220	151268	158504	1	1	0	0	1	17
chrUn_gl000220	151282	158590	1	1	0	0	1	13
chrUn_gl000220	151284	153439	2	2	0	0	3	15
chrUn_gl000220	151331	152076	0	0	0	19	0	32
chrUn_gl000220	151552	161197	2	2	0	0	5	18
chrUn_gl000220	151559	151880	2	4	0	0	2	12
chrUn_gl000220	151636	161243	2	2	0	0	1	12
chrUn_gl000220	151707	151772	0	0	0	0	8	31
chrUn_gl000220	152113	152881	2	2	0	0	5	16
chrUn_gl000220	152144	158284	1	1	0	0	3	13
chrUn_gl000220	152144	158575	1	1	0	0	7	13
chrUn_gl000220	152150	160668	2	2	0	0	6	22
chrUn_gl000220	152191	158067	1	1	0	0	4	31
chrUn_gl000220	152308	158252	1	1	0	0	5	16
chrUn_gl000220	152385	152422	2	4	0	0	1	12
chrUn_gl000220	152450	152479	2	2	0	0	3	13
chrUn_gl000220	152630	158575	1	1	0	0	2	23
chrUn_gl000220	152630	159847	1	1	0	0	1	22
chrUn_gl000220	152721	159470	1	1	0	0	1	23
chrUn_gl000220	152823	159415	1	1	0	0	1	29
chrUn_gl000220	152842	157555	1	1	0	0	1	14
chrUn_gl000220	152855	159188	1	1	0	0	6	26
chrUn_gl000220	152917	156076	2	2	0	0	4	29
chrUn_gl000220	152956	160215	1	1	0	0	6	14
chrUn_gl000220	152988	153028	2	4	0	3	5	18
chrUn_gl000220	153011	153958	1	1	0	0	3	18
chrUn_gl000220	153011	160215	1	1	0	0	11	20
chrUn_gl000220	153011	161263	1	1	0	0	3	24
chrUn_gl000220	153044	155999	2	2	0	0	3	32
chrUn_gl000220	153063	161397	2	2	0	0	1	17
chrUn_gl000220	153129	157730	1	1	0	0	4	19
chrUn_gl000220	153145	155989	2	2	0	0	3	19
chrUn_gl000220	153180	153439	2	2	0	0	6	21
chrUn_gl000220	153183	158558	2	2	0	0	9	31
chrUn_gl000220	153185	153414	2	2	0	0	4	32
chrUn_gl000220	153185	153451	2	2	0	0	1	13
chrUn_gl000220	153185	158558	2	2	0	0	6	29
chrUn_gl000220	153185	158854	2	2	0	0	6	24
chrUn_gl000220	153185	159108	2	2	0	0	6	15
chrUn_gl000220	153185	159696	2	2	0	0	2	14
chrUn_gl000220	153188	154240	2	2	0	0	3	29
chrUn_gl000220	153188	158558	2	2	0	0	3	14
chrUn_gl000220	153191	153451	2	2	0	0	2	20
chrUn_gl000220	153191	155999	2	2	0	0	1	15
chrUn_gl000220	153200	153499	2	2	0	0	12	30
chrUn_gl000220	153200	153505	2	2	0	0	7	17
chrUn_gl000220	153200	154267	2	2	0	0	3	17
chrUn_gl000220	153200	154818	2	2	0	0	4	28
chrUn_gl000220	153200	155996	2	2	0	0	9	22
chrUn_gl000220	153200	157547	2	2	0	0	1	32
chrUn_gl000220	153200	159108	2	2	0	0	7	14
chrUn_gl000220	153200	159588	2	2	0	0	9	30
chrUn_gl000220	153202	154701	1	1	0	0	6	32
chrUn_gl000220	153202	157414	1	1	0	0	1	30
chrUn_gl000220	153202	157716	1	1	0	0	1	13
chrUn_gl000220	153202	159413	1	1	0	0	2	19
chrUn_gl000220	153202	159847	1	1	0	0	5	22
chrUn_gl000220	153202	161645	1	1	0	0	3	32
chrUn_gl000220	153205	154530	1	1	0	0	3	20
chrUn_gl000220	153205	157722	1	1	0	0	1	18
chrUn_gl000220	153205	158542	1	1	0	0	2	17
chrUn_gl000220	153211	153499	2	2	0	0	3	24
chrUn_gl000220	153211	154264	2	2	0	0	5	23
chrUn_gl000220	153211	159696	2	2	0	0	4	20
chrUn_gl000220	153262	158280	1	1	0	0	8	25
chrUn_gl000220	153338	160465	1	1	0	0	3	19
chrUn_gl000220	153376	153970	1	1	0	0	3	28
chrUn_gl000220	153376	154200	1	1	0	0	5	23
chrUn_gl000220	153376	159628	1	1	0	0	2	21
chrUn_gl000220	153376	159699	1	1	0	0	3	25
chrUn_gl000220	153400	153483	1	1	0	0	3	22
chrUn_gl000220	153400	159724	1	1	0	0	8	23
chrUn_gl000220	153400	159962	1	1	0	0	7	21
chrUn_gl000220	153402	155999	2	2	0	0	6	25
chrUn_gl000220	153407	153448	2	2	0	0	4	15
chrUn_gl000220	153414	153448	2	2	0	0	6	26
chrUn_gl000220	153414	153451	2	2	0	0	16	17
chrUn_gl000220	153414	160668	2	2	0	0	3	24
chrUn_gl000220	153414	161243	2	2	0	0	3	16
chrUn_gl000220	153436	153550	2	2	0	2	0	18
chrUn_gl000220	153470	159740	1	1	0	0	3	12
chrUn_gl000220	153470	159847	1	1	0	0	1	32
chrUn_gl000220	153559	158276	1	1	0	0	3	13
chrUn_gl000220	153559	159415	1	1	0	0	11	30
chrUn_gl000220	153562	157483	1	1	0	0	2	16
chrUn_gl000220	153655	158973	1	1	0	0	1	32
chrUn_gl000220	153657	154537	2	2	0	0	3	13
chrUn_gl000220	153657	157740	2	2	0	0	1	21
chrUn_gl000220	153660	161226	1	1	0	0	6	16
chrUn_gl000220	153675	154556	1	1	0	0	9	31
chrUn_gl000220	153675	159599	1	1	0	0	6	16
chrUn_gl000220	153675	160215	1	1	0	0	6	31
chrUn_gl000220	153685	158012	2	2	0	0	25	24
chrUn_gl000220	153705	154455	1	1	0	0	3	12
chrUn_gl000220	153705	157414	1	1	0	0	1	12
chrUn_gl000220	153705	158970	1	1	0	0	5	12
chrUn_gl000220	153709	159087	2	2	0	0	6	16
chrUn_gl000220	153714	159667	1	1	0	0	2	18
chrUn_gl000220	153723	154438	2	2	0	0	4	30
chrUn_gl000220	153723	157390	2	2	0	0	4	30
chrUn_gl000220	153729	154220	1	1	0	0	4	29
chrUn_gl000220	153736	154429	2	2	0	0	3	22
chrUn_gl000220	153790	154172	2	2	0	0	1	17
chrUn_gl000220	153815	160560	2	2	0	0	1	17
chrUn_gl000220	153817	160969	2	2	0	0	4	19
chrUn_gl000220	153822	154818	2	2	0	0	1	31
chrUn_gl000220	153822	160969	2	2	0	0	2	23
chrUn_gl000220	153847	153877	1	1	0	0	3	16
chrUn_gl000220	153847	159188	1	1	0	0	5	16
chrUn_gl000220	153852	157639	2	2	0	0	5	28
chrUn_gl000220	153892	161705	2	2	0	0	2	18
chrUn_gl000220	153905	161525	2	2	0	0	5	32
chrUn_gl000220	153905	161534	2	2	0	0	9	32
chrUn_gl000220	153905	161540	2	2	0	0	6	32
chrUn_gl000220	153930	158989	1	1	0	0	5	13
chrUn_gl000220	153933	159583	2	2	0	0	5	12
chrUn_gl000220	153940	158952	1	1	0	0	2	28
chrUn_gl000220	153991	158237	1	1	0	0	9	19
chrUn_gl000220	153991	159871	1	1	0	0	3	21
chrUn_gl000220	154002	154143	2	2	0	0	3	20
chrUn_gl000220	154002	154332	2	2	0	0	3	12
chrUn_gl000220	154002	154429	2	2	0	0	4	27
chrUn_gl000220	154002	154537	2	2	0	0	6	12
chrUn_gl000220	154002	154581	2	2	0	0	1	32
chrUn_gl000220	154008	154078	1	1	0	0	1	26
chrUn_gl000220	154008	158693	1	1	0	0	1	26
chrUn_gl000220	154008	159145	1	1	0	0	6	22
chrUn_gl000220	154016	155989	2	2	0	0	1	32
chrUn_gl000220	154016	159108	2	2	0	0	1	19
chrUn_gl000220	154093	161710	1	1	0	0	1	15
chrUn_gl000220	154114	159633	1	1	0	0	1	16
chrUn_gl000220	154159	154714	1	1	0	0	3	26
chrUn_gl000220	154184	154684	2	2	0	0	3	20
chrUn_gl000220	154184	154747	2	2	0	0	4	12
chrUn_gl000220	154200	154556	1	1	0	0	4	24
chrUn_gl000220	154200	154687	1	1	0	0	27	31
chrUn_gl000220	154200	159847	1	1	0	0	7	21
chrUn_gl000220	154200	159863	1	1	0	0	12	31
chrUn_gl000220	154200	159941	1	1	0	0	1	31
chrUn_gl000220	154200	161573	1	1	0	0	3	13
chrUn_gl000220	154202	154745	2	2	0	0	7	23
chrUn_gl000220	154202	160153	2	2	0	0	2	30
chrUn_gl000220	154202	161577	2	2	0	0	4	12
chrUn_gl000220	154208	160572	1	1	0	1	0	21
chrUn_gl000220	154220	154697	1	1	0	0	5	13
chrUn_gl000220	154220	156373	1	1	0	0	5	18
chrUn_gl000220	154220	156424	1	1	0	0	1	12
chrUn_gl000220	154220	157563	1	1	0	0	1	28
chrUn_gl000220	154220	158053	1	1	0	0	6	13
chrUn_gl000220	154220	158753	1	1	0	0	2	16
chrUn_gl000220	154220	159413	1	1	0	0	7	18
chrUn_gl000220	154220	159415	1	1	0	0	12	12
chrUn_gl000220	154220	159425	1	1	0	0	1	18
chrUn_gl000220	154220	159847	1	1	0	0	29	18
chrUn_gl000220	154220	160983	1	1	0	0	6	13
chrUn_gl000220	154220	161223	1	1	0	0	3	21
chrUn_gl000220	154220	161226	1	1	0	0	6	28
chrUn_gl000220	154220	161248	1	1	0	0	1	13
chrUn_gl000220	154225	154687	1	1	0	0	3	22
chrUn_gl000220	154225	157563	1	1	0	0	6	24
chrUn_gl000220	154225	159264	1	1	0	0	1	19
chrUn_gl000220	154225	159847	1	1	0	0	14	23
chrUn_gl000220	154225	161573	1	1	0	0	8	23
chrUn_gl000220	154234	154301	2	2	0	0	3	26
chrUn_gl000220	154234	154303	2	2	0	0	4	27
chrUn_gl000220	154234	157386	2	2	0	0	9	32
chrUn_gl000220	154234	157390	2	2	0	0	1	25
chrUn_gl000220	154234	158286	2	2	0	0	3	19
chrUn_gl000220	154234	158954	2	2	0	0	3	31
chrUn_gl000220	154234	159282	2	2	0	0	3	21
chrUn_gl000220	154240	154639	2	2	0	0	4	28
chrUn_gl000220	154240	159583	2	2	0	0	2	24
chrUn_gl000220	154311	158650	2	2	0	0	3	13
chrUn_gl000220	154352	154537	2	2	0	0	16	17
chrUn_gl000220	154352	154762	2	2	0	0	1	21
chrUn_gl000220	154367	154496	1	1	0	0	8	17
chrUn_gl000220	154371	158284	1	1	0	0	7	21
chrUn_gl000220	154374	158067	1	1	0	0	3	16
chrUn_gl000220	154374	161248	1	1	0	0	4	23
chrUn_gl000220	154377	158276	1	1	0	0	3	20
chrUn_gl000220	154377	158542	1	1	0	0	6	27
chrUn_gl000220	154377	160835	1	1	0	0	1	24
chrUn_gl000220	154377	161498	1	1	0	0	3	22
chrUn_gl000220	154387	154714	1	1	0	0	2	28
chrUn_gl000220	154387	154729	1	1	0	0	21	29
chrUn_gl000220	154387	156371	1	1	0	0	2	19
chrUn_gl000220	154387	157749	1	1	0	0	1	15
chrUn_gl000220	154387	159771	1	1	0	0	9	13
chrUn_gl000220	154387	161148	1	1	0	0	4	28
chrUn_gl000220	154390	154464	2	2	0	0	5	29
chrUn_gl000220	154390	154537	2	2	0	0	6	25
chrUn_gl000220	154390	154920	2	2	0	0	2	23
chrUn_gl000220	154390	157709	2	2	0	0	4	32
chrUn_gl000220	154390	158644	2	2	0	0	5	31
chrUn_gl000220	154390	160153	2	2	0	0	9	32
chrUn_gl000220	154390	161165	2	2	0	0	3	26
chrUn_gl000220	154394	158575	1	1	0	0	3	21
chrUn_gl000220	154394	158763	1	1	0	0	8	21
chrUn_gl000220	154394	159280	1	1	0	0	1	20
chrUn_gl000220	154398	154556	1	1	0	0	4	28
chrUn_gl000220	154398	160826	1	1	0	0	4	25
chrUn_gl000220	154410	160215	1	1	0	0	8	23
chrUn_gl000220	154492	158820	2	2	0	0	4	20
chrUn_gl000220	154492	159420	2	2	0	0	3	23
chrUn_gl000220	154492	160535	2	2	0	0	3	20
chrUn_gl000220	154540	157393	1	1	0	0	1	28
chrUn_gl000220	154583	159696	2	2	0	0	4	17
chrUn_gl000220	154583	160153	2	2	0	0	7	25
chrUn_gl000220	154583	161267	2	2	0	0	5	17
chrUn_gl000220	154587	154747	2	2	0	0	4	31
chrUn_gl000220	154591	154684	2	2	0	0	1	20
chrUn_gl000220	154591	157980	2	2	0	0	3	18
chrUn_gl000220	154591	159194	2	2	0	0	1	32
chrUn_gl000220	154591	159282	2	2	0	0	2	32
chrUn_gl000220	154591	159749	2	2	0	0	4	32
chrUn_gl000220	154591	160153	2	2	0	0	3	31
chrUn_gl000220	154591	160535	2	2	0	0	2	28
chrUn_gl000220	154591	161267	2	2	0	0	2	29
chrUn_gl000220	154597	160215	1	1	0	0	8	29
chrUn_gl000220	154599	154687	1	1	0	0	3	23
chrUn_gl000220	154633	158577	1	1	0	0	1	26
chrUn_gl000220	154633	160075	1	1	0	0	4	15
chrUn_gl000220	154647	158575	1	1	0	0	2	12
chrUn_gl000220	154701	157414	1	1	0	0	3	31
chrUn_gl000220	154715	158255	2	2	0	0	1	19
chrUn_gl000220	154742	161554	1	1	0	0	6	15
chrUn_gl000220	154759	154901	2	2	0	0	4	13
chrUn_gl000220	154762	158235	2	2	0	0	5	14
chrUn_gl000220	154762	159588	2	2	0	0	8	30
chrUn_gl000220	154762	160668	2	2	0	0	2	15
chrUn_gl000220	154781	160835	1	1	0	0	1	27
chrUn_gl000220	154789	154818	2	2	0	0	2	19
chrUn_gl000220	154823	158650	2	2	0	0	3	21
chrUn_gl000220	154856	155996	2	2	0	0	4	26
chrUn_gl000220	154860	161627	2	2	0	0	13	24
chrUn_gl000220	154869	159667	1	1	0	0	1	13
chrUn_gl000220	154869	161192	1	1	0	0	2	13
chrUn_gl000220	154869	161594	1	1	0	0	1	28
chrUn_gl000220	154875	157414	1	1	0	0	7	30
chrUn_gl000220	154875	158577	1	1	0	0	4	21
chrUn_gl000220	154875	159847	1	1	0	0	1	21
chrUn_gl000220	154875	160077	1	1	0	0	1	21
chrUn_gl000220	154878	158067	1	1	0	0	3	16
chrUn_gl000220	154878	159667	1	1	0	0	4	20
chrUn_gl000220	154886	158284	1	1	0	0	4	19
chrUn_gl000220	154886	158657	1	1	0	0	2	22
chrUn_gl000220	154886	159599	1	1	0	0	1	32
chrUn_gl000220	154892	161635	1	1	0	0	1	24
chrUn_gl000220	155007	159188	1	1	0	0	5	22
chrUn_gl000220	155032	155590	1	1	0	0	4	15
chrUn_gl000220	155052	159145	1	1	0	0	2	19
chrUn_gl000220	155163	158284	1	1	0	0	2	19
chrUn_gl000220	155163	159863	1	1	0	0	3	23
chrUn_gl000220	155192	157730	1	1	0	0	3	19
chrUn_gl000220	155241	158542	1	1	0	0	1	14
chrUn_gl000220	155265	160535	2	2	0	0	2	20
chrUn_gl000220	155273	157318	1	1	0	0	1	26
chrUn_gl000220	155275	155996	2	2	0	0	8	32
chrUn_gl000220	155490	160451	1	1	0	0	2	24
chrUn_gl000220	155496	155528	1	1	0	0	2	14
chrUn_gl000220	155557	159413	1	1	0	0	2	21
chrUn_gl000220	155687	160215	1	1	0	0	1	12
chrUn_gl000220	155709	158276	1	1	0	0	4	12
chrUn_gl000220	155718	158954	2	2	0	0	2	12
chrUn_gl000220	155802	159699	1	1	0	0	4	24
chrUn_gl000220	155847	161228	2	2	0	0	4	22
chrUn_gl000220	155864	159847	1	1	0	0	3	27
chrUn_gl000220	155876	159413	1	1	0	0	5	25
chrUn_gl000220	155907	158255	2	2	0	0	8	30
chrUn_gl000220	156021	157658	2	2	0	4	0	23
chrUn_gl000220	156021	159282	2	2	0	0	3	20
chrUn_gl000220	156024	157716	1	1	0	0	10	30
chrUn_gl000220	156024	157720	1	1	0	0	1	26
chrUn_gl000220	156024	157722	1	1	0	0	1	27
chrUn_gl000220	156024	157728	1	1	0	0	17	32
chrUn_gl000220	156024	158280	1	1	0	0	3	23
chrUn_gl000220	156028	157414	1	1	0	0	1	31
chrUn_gl000220	156028	157649	1	1	0	0	3	32
chrUn_gl000220	156028	157716	1	1	0	0	18	29
chrUn_gl000220	156028	157722	1	1	0	0	3	27
chrUn_gl000220	156028	157728	1	1	0	0	14	30
chrUn_gl000220	156028	158249	1	1	0	0	3	19
chrUn_gl000220	156028	158252	1	1	0	0	1	30
chrUn_gl000220	156028	158542	1	1	0	0	4	29
chrUn_gl000220	156028	159188	1	1	0	0	4	18
chrUn_gl000220	156028	159628	1	1	0	0	4	23
chrUn_gl000220	156028	159699	1	1	0	0	3	21
chrUn_gl000220	156028	159758	1	1	0	0	9	30
chrUn_gl000220	156028	159847	1	1	0	0	9	14
chrUn_gl000220	156028	160215	1	1	0	0	2	32
chrUn_gl000220	156028	160916	1	1	0	0	7	31
chrUn_gl000220	156045	156091	2	2	0	0	3	15
chrUn_gl000220	156045	157390	2	2	0	0	2	16
chrUn_gl000220	156045	157658	2	2	0	0	2	12
chrUn_gl000220	156045	157980	2	2	0	0	1	13
chrUn_gl000220	156063	158989	1	1	0	0	7	30
chrUn_gl000220	156117	158542	1	1	0	0	7	28
chrUn_gl000220	156117	159602	1	1	0	0	1	23
chrUn_gl000220	156117	159863	1	1	0	0	5	19
chrUn_gl000220	156121	157639	2	2	0	0	1	15
chrUn_gl000220	156121	161534	2	2	0	0	2	24
chrUn_gl000220	156140	158828	2	2	0	0	1	17
chrUn_gl000220	156146	159633	1	1	0	0	5	19
chrUn_gl000220	156150	157320	2	2	0	0	31	31
chrUn_gl000220	156213	157390	2	2	0	0	2	14
chrUn_gl000220	156277	156377	2	2	0	0	19	28
chrUn_gl000220	156277	159696	2	2	0	0	1	16
chrUn_gl000220	156322	158252	1	1	0	0	5	23
chrUn_gl000220	156325	159415	1	1	0	0	1	23
chrUn_gl000220	156443	158280	1	1	0	0	5	25
chrUn_gl000220	156492	157969	2	2	0	0	1	12
chrUn_gl000220	156492	158286	2	2	0	0	9	31
chrUn_gl000220	156492	158963	2	2	0	0	1	17
chrUn_gl000220	156521	159415	1	1	0	0	2	27
chrUn_gl000220	156521	159847	1	1	0	0	4	19
chrUn_gl000220	156525	158249	1	1	0	0	1	20
chrUn_gl000220	156525	159847	1	1	0	0	7	32
chrUn_gl000220	156540	158575	1	1	0	0	6	23
chrUn_gl000220	156547	156633	1	1	0	0	4	15
chrUn_gl000220	156547	159605	1	1	0	0	1	12
chrUn_gl000220	156570	158280	1	1	0	0	5	21
chrUn_gl000220	156570	161405	1	1	0	0	5	17
chrUn_gl000220	156583	159413	1	1	0	0	1	18
chrUn_gl000220	156615	158276	1	1	0	0	1	21
chrUn_gl000220	156686	159699	1	1	0	0	2	24
chrUn_gl000220	156686	160215	1	1	0	0	3	24
chrUn_gl000220	156759	156822	2	2	0	0	9	26
chrUn_gl000220	156809	160508	2	2	0	0	1	13
chrUn_gl000220	156903	159921	1	1	0	0	7	23
chrUn_gl000220	156920	157749	1	1	0	0	8	17
chrUn_gl000220	157236	161248	1	1	0	0	2	19
chrUn_gl000220	157282	160244	1	1	0	0	1	21
chrUn_gl000220	157349	157467	2	2	0	0	20	29
chrUn_gl000220	157414	158252	1	1	0	0	2	21
chrUn_gl000220	157414	161248	1	1	0	0	4	27
chrUn_gl000220	157470	159264	1	1	0	0	6	28
chrUn_gl000220	157470	160135	1	1	0	0	1	32
chrUn_gl000220	157470	161248	1	1	0	0	2	13
chrUn_gl000220	157489	160762	2	2	0	0	2	12
chrUn_gl000220	157502	157547	2	2	0	0	8	32
chrUn_gl000220	157502	158219	2	2	0	0	1	13
chrUn_gl000220	157502	159696	2	2	0	0	2	14
chrUn_gl000220	157505	157563	1	1	0	0	5	28
chrUn_gl000220	157505	158575	1	1	0	0	5	13
chrUn_gl000220	157505	158763	1	1	0	0	2	31
chrUn_gl000220	157505	159573	1	1	0	0	1	20
chrUn_gl000220	157505	160215	1	1	0	0	5	16
chrUn_gl000220	157518	157555	1	1	0	0	12	25
chrUn_gl000220	157518	157563	1	1	0	0	89	24
chrUn_gl000220	157524	158255	2	2	0	0	2	17
chrUn_gl000220	157524	159108	2	2	0	0	5	18
chrUn_gl000220	157542	161588	1	1	0	0	7	30
chrUn_gl000220	157549	159415	1	1	0	0	3	24
chrUn_gl000220	157549	160202	1	1	0	0	7	18
chrUn_gl000220	157560	159771	1	1	0	0	4	20
chrUn_gl000220	157608	157658	2	2	0	0	7	14
chrUn_gl000220	157631	157749	1	1	0	3	0	14
chrUn_gl000220	157645	158623	2	2	0	0	9	29
chrUn_gl000220	157675	157722	1	1	0	0	3	16
chrUn_gl000220	157675	157728	1	1	0	0	11	27
chrUn_gl000220	157675	157730	1	1	0	0	14	28
chrUn_gl000220	157675	160215	1	1	0	0	1	27
chrUn_gl000220	157675	161226	1	1	0	0	10	17
chrUn_gl000220	157709	161228	2	2	0	0	1	25
chrUn_gl000220	157709	161267	2	2	0	0	5	19
chrUn_gl000220	157750	158845	1	1	0	0	1	16
chrUn_gl000220	157750	159259	1	1	0	0	3	19
chrUn_gl000220	157750	159280	1	1	0	0	7	24
chrUn_gl000220	157750	159847	1	1	0	0	1	16
chrUn_gl000220	157750	159863	1	1	0	0	3	16
chrUn_gl000220	157763	158276	1	1	0	0	12	29
chrUn_gl000220	157763	158284	1	1	0	0	1	29
chrUn_gl000220	157763	158999	1	1	0	0	2	29
chrUn_gl000220	157763	161568	1	1	0	0	1	29
chrUn_gl000220	157772	158284	1	1	0	0	25	27
chrUn_gl000220	157772	158817	1	1	0	0	1	27
chrUn_gl000220	157772	160826	1	1	0	0	8	22
chrUn_gl000220	157802	158542	1	1	0	0	9	21
chrUn_gl000220	157802	158654	1	1	0	0	6	25
chrUn_gl000220	157802	160215	1	1	0	0	2	14
chrUn_gl000220	157810	160215	1	1	0	0	13	20
chrUn_gl000220	157830	160560	2	2	0	0	43	18
chrUn_gl000220	157848	158286	2	2	0	0	2	15
chrUn_gl000220	157848	160969	2	2	0	0	4	21
chrUn_gl000220	157848	161243	2	2	0	0	1	16
chrUn_gl000220	157858	159696	2	2	0	0	4	13
chrUn_gl000220	157858	161156	2	2	0	0	5	26
chrUn_gl000220	158020	159602	1	1	0	0	4	16
chrUn_gl000220	158046	158255	2	2	0	0	22	26
chrUn_gl000220	158046	158820	2	2	0	0	4	23
chrUn_gl000220	158046	161197	2	2	0	0	2	24
chrUn_gl000220	158068	158237	1	1	0	0	6	17
chrUn_gl000220	158068	158249	1	1	0	0	72	29
chrUn_gl000220	158068	158252	1	1	0	0	11	20
chrUn_gl000220	158068	158284	1	1	0	0	8	15
chrUn_gl000220	158068	158577	1	1	0	0	6	17
chrUn_gl000220	158068	159408	1	1	0	0	3	15
chrUn_gl000220	158068	159847	1	1	0	0	17	28
chrUn_gl000220	158068	160077	1	1	0	0	3	17
chrUn_gl000220	158068	161448	1	1	0	0	6	13
chrUn_gl000220	158072	158235	2	2	0	0	1	22
chrUn_gl000220	158085	159284	1	1	0	0	3	29
chrUn_gl000220	158093	158280	1	1	0	0	2	29
chrUn_gl000220	158093	158763	1	1	0	0	7	22
chrUn_gl000220	158093	159408	1	1	0	0	8	22
chrUn_gl000220	158097	159470	1	1	0	0	5	21
chrUn_gl000220	158107	160762	2	2	0	0	1	24
chrUn_gl000220	158117	160275	1	1	0	1	0	12
chrUn_gl000220	158186	158284	1	1	0	0	5	15
chrUn_gl000220	158186	159470	1	1	0	0	2	23
chrUn_gl000220	158186	160275	1	1	0	0	4	14
chrUn_gl000220	158298	158398	2	2	0	0	1	19
chrUn_gl000220	158298	158426	2	2	0	0	1	13
chrUn_gl000220	158298	158558	2	2	0	0	21	30
chrUn_gl000220	158298	158599	2	2	0	0	4	31
chrUn_gl000220	158300	158558	2	2	0	0	3	15
chrUn_gl000220	158300	159596	2	2	0	0	2	21
chrUn_gl000220	158300	159749	2	2	0	0	3	26
chrUn_gl000220	158307	158426	2	2	0	0	21	24
chrUn_gl000220	158307	161534	2	2	0	0	4	24
chrUn_gl000220	158348	160275	1	1	0	0	60	15
chrUn_gl000220	158350	158583	2	2	0	0	5	21
chrUn_gl000220	158373	158575	1	1	0	0	369	32
chrUn_gl000220	158373	158577	1	1	0	0	3	31
chrUn_gl000220	158373	158590	1	1	0	0	17	32
chrUn_gl000220	158373	158594	1	1	0	0	12	32
chrUn_gl000220	158373	159833	1	1	0	0	2	21
chrUn_gl000220	158373	159863	1	1	0	0	1	21
chrUn_gl000220	158373	160215	1	1	0	0	7	22
chrUn_gl000220	158375	158583	2	2	0	0	2	31
chrUn_gl000220	158375	158820	2	2	0	0	4	25
chrUn_gl000220	158375	161243	2	2	0	0	3	23
chrUn_gl000220	158401	161397	2	2	0	0	3	22
chrUn_gl000220	158418	159420	2	2	0	0	3	27
chrUn_gl000220	158418	160668	2	2	0	0	6	19
chrUn_gl000220	158420	158558	2	2	0	0	1	14
chrUn_gl000220	158420	158820	2	2	0	0	3	22
chrUn_gl000220	158420	161228	2	2	0	0	1	25
chrUn_gl000220	158497	161237	1	1	0	0	11	29
chrUn_gl000220	158504	158811	1	1	0	0	2	23
chrUn_gl000220	158504	160215	1	1	0	0	1	24
chrUn_gl000220	158519	158577	1	1	0	0	6	18
chrUn_gl000220	158543	158575	1	1	0	0	7	26
chrUn_gl000220	158543	158577	1	1	0	0	1	24
chrUn_gl000220	158543	158763	1	1	0	0	6	16
chrUn_gl000220	158543	160215	1	1	0	0	10	24
chrUn_gl000220	158543	160631	1	1	0	0	5	26
chrUn_gl000220	158546	159527	2	2	0	0	1	29
chrUn_gl000220	158603	161223	1	1	0	0	4	27
chrUn_gl000220	158615	159413	1	1	0	0	3	23
chrUn_gl000220	158615	159863	1	1	0	0	7	25
chrUn_gl000220	158615	160215	1	1	0	0	24	28
chrUn_gl000220	158637	159108	2	2	0	0	2	27
chrUn_gl000220	158637	159738	2	2	0	0	7	13
chrUn_gl000220	158657	158952	1	1	0	0	2	15
chrUn_gl000220	158657	159264	1	1	0	0	4	15
chrUn_gl000220	158659	158854	2	2	0	0	5	17
chrUn_gl000220	158674	158763	1	1	0	0	4	32
chrUn_gl000220	158674	158772	1	1	0	0	6	32
chrUn_gl000220	158674	158811	1	1	0	0	144	32
chrUn_gl000220	158674	158817	1	1	0	0	182	32
chrUn_gl000220	158674	158845	1	1	0	0	4	21
chrUn_gl000220	158674	158973	1	1	0	0	2	32
chrUn_gl000220	158674	159408	1	1	0	0	6	32
chrUn_gl000220	158674	159847	1	1	0	0	2	16
chrUn_gl000220	158674	161248	1	1	0	0	12	26
chrUn_gl000220	158682	158779	2	2	0	0	2	25
chrUn_gl000220	158682	158820	2	2	0	0	24	25
chrUn_gl000220	158682	158828	2	2	0	0	7	21
chrUn_gl000220	158682	160153	2	2	0	0	4	25
chrUn_gl000220	158713	159188	1	1	0	0	7	26
chrUn_gl000220	158713	159837	1	1	0	0	1	21
chrUn_gl000220	158728	161627	2	2	0	0	6	26
chrUn_gl000220	158728	161633	2	2	0	0	5	26
chrUn_gl000220	158741	159415	1	1	0	0	4	12
chrUn_gl000220	158756	158779	2	2	0	0	3	29
chrUn_gl000220	158756	158782	2	2	0	0	2	17
chrUn_gl000220	158756	158820	2	2	0	0	3	22
chrUn_gl000220	158756	159194	2	2	0	0	2	26
chrUn_gl000220	158756	159696	2	2	0	0	11	26
chrUn_gl000220	158756	160535	2	2	0	0	3	28
chrUn_gl000220	158756	161145	2	2	0	0	2	27
chrUn_gl000220	158756	161705	2	2	0	0	4	26
chrUn_gl000220	158758	158820	2	2	0	0	9	23
chrUn_gl000220	158758	159282	2	2	0	0	3	29
chrUn_gl000220	158758	159420	2	2	0	0	4	24
chrUn_gl000220	158758	159696	2	2	0	0	5	31
chrUn_gl000220	158758	160153	2	2	0	0	10	24
chrUn_gl000220	158758	160191	2	2	0	0	6	19
chrUn_gl000220	158758	161534	2	2	0	0	2	24
chrUn_gl000220	158758	161627	2	2	0	0	1	20
chrUn_gl000220	158758	161633	2	2	0	0	6	24
chrUn_gl000220	158758	161637	2	2	0	0	4	24
chrUn_gl000220	158758	161708	2	2	0	0	20	24
chrUn_gl000220	158763	159191	1	1	0	0	6	16
chrUn_gl000220	158763	161624	1	1	0	0	5	19
chrUn_gl000220	158789	160215	1	1	0	0	1	32
chrUn_gl000220	158812	158999	1	1	0	0	4	12
chrUn_gl000220	158812	159191	1	1	0	0	1	18
chrUn_gl000220	158812	159602	1	1	0	0	1	15
chrUn_gl000220	158812	159833	1	1	0	0	4	12
chrUn_gl000220	158812	160826	1	1	0	0	6	15
chrUn_gl000220	158812	161248	1	1	0	0	3	14
chrUn_gl000220	158885	159337	2	2	0	0	4	26
chrUn_gl000220	158885	159696	2	2	0	0	13	32
chrUn_gl000220	158885	160133	2	2	0	0	6	30
chrUn_gl000220	158896	159188	1	1	0	0	3	17
chrUn_gl000220	158900	159793	1	1	0	0	3	18
chrUn_gl000220	158906	158973	1	1	0	0	7	14
chrUn_gl000220	158909	159583	2	2	0	0	6	31
chrUn_gl000220	158909	159596	2	2	0	0	2	18
chrUn_gl000220	158914	159188	1	1	0	0	5	24
chrUn_gl000220	158914	159413	1	1	0	0	1	32
chrUn_gl000220	158914	159599	1	1	0	0	22	23
chrUn_gl000220	158970	159004	1	1	0	0	5	28
chrUn_gl000220	158970	159377	1	1	0	0	2	13
chrUn_gl000220	158970	159743	1	1	0	0	1	13
chrUn_gl000220	158989	159408	1	1	0	0	1	20
chrUn_gl000220	158995	159212	2	2	0	0	8	24
chrUn_gl000220	158995	159588	2	2	0	0	1	26
chrUn_gl000220	158995	159596	2	2	0	0	1	18
chrUn_gl000220	159005	159583	2	2	0	0	4	24
chrUn_gl000220	159005	159596	2	2	0	0	4	17
chrUn_gl000220	159005	161228	2	2	0	0	2	16
chrUn_gl000220	159013	159212	2	2	0	0	4	22
chrUn_gl000220	159013	159217	2	2	0	0	28	28
chrUn_gl000220	159043	159415	1	1	0	0	2	26
chrUn_gl000220	159043	159602	1	1	0	0	1	26
chrUn_gl000220	159043	159833	1	1	0	0	30	29
chrUn_gl000220	159043	159847	1	1	0	0	8	31
chrUn_gl000220	159043	160572	1	1	0	0	6	28
chrUn_gl000220	159072	161223	1	1	0	0	3	18
chrUn_gl000220	159072	161237	1	1	0	0	5	28
chrUn_gl000220	159091	159420	2	2	0	0	1	14
chrUn_gl000220	159140	159863	1	1	0	0	1	13
chrUn_gl000220	159140	159962	1	1	0	0	10	16
chrUn_gl000220	159167	160567	2	2	0	0	1	20
chrUn_gl000220	159170	159602	1	1	0	0	4	30
chrUn_gl000220	159178	159702	2	2	0	0	3	21
chrUn_gl000220	159178	161145	2	2	0	0	3	24
chrUn_gl000220	159178	161534	2	2	0	0	2	29
chrUn_gl000220	159184	161192	1	1	0	0	6	17
chrUn_gl000220	159194	159596	2	2	0	0	6	23
chrUn_gl000220	159245	160153	2	2	0	0	3	28
chrUn_gl000220	159245	161156	2	2	0	0	5	20
chrUn_gl000220	159304	160215	1	1	0	0	4	19
chrUn_gl000220	159398	159847	1	1	0	0	7	31
chrUn_gl000220	159408	159847	1	1	0	0	5	26
chrUn_gl000220	159408	160215	1	1	0	0	9	25
chrUn_gl000220	159408	161506	1	1	0	0	5	23
chrUn_gl000220	159408	161701	1	1	0	0	2	22
chrUn_gl000220	159415	159599	1	1	0	0	5	18
chrUn_gl000220	159453	160202	1	1	0	0	2	27
chrUn_gl000220	159455	161039	1	1	0	0	1	29
chrUn_gl000220	159464	160928	1	1	0	0	6	24
chrUn_gl000220	159496	161187	1	1	0	0	6	12
chrUn_gl000220	159506	159696	2	2	0	0	3	12
chrUn_gl000220	159506	160153	2	2	0	0	7	24
chrUn_gl000220	159506	161145	2	2	0	0	3	24
chrUn_gl000220	159533	159588	2	2	0	0	5	26
chrUn_gl000220	159585	161182	2	2	0	0	6	21
chrUn_gl000220	159599	160215	1	1	0	0	1	24
chrUn_gl000220	159616	161683	1	1	0	0	2	16
chrUn_gl000220	159622	161145	2	2	0	0	3	16
chrUn_gl000220	159662	161223	1	1	0	0	6	14
chrUn_gl000220	159662	161237	1	1	0	0	6	21
chrUn_gl000220	159670	161228	2	2	0	0	2	29
chrUn_gl000220	159680	161696	1	1	0	0	6	31
chrUn_gl000220	159726	161187	1	1	0	0	1	27
chrUn_gl000220	159733	159833	1	1	0	0	1	30
chrUn_gl000220	159733	159847	1	1	0	0	5	14
chrUn_gl000220	159733	159863	1	1	0	0	11	32
chrUn_gl000220	159733	159885	1	1	0	0	3	29
chrUn_gl000220	159743	159847	1	1	0	0	4	14
chrUn_gl000220	159758	159847	1	1	0	0	6	14
chrUn_gl000220	159758	160077	1	1	0	0	3	21
chrUn_gl000220	159758	161226	1	1	0	0	11	12
chrUn_gl000220	159785	161123	1	1	0	0	4	29
chrUn_gl000220	159837	161274	1	1	0	0	1	21
chrUn_gl000220	159842	160077	1	1	0	0	4	31
chrUn_gl000220	159842	160127	1	1	0	0	1	29
chrUn_gl000220	159842	161594	1	1	0	0	7	13
chrUn_gl000220	159943	159962	1	1	0	0	24	31
chrUn_gl000220	159943	160017	1	1	0	0	43	25
chrUn_gl000220	159943	161237	1	1	0	0	2	14
chrUn_gl000220	159946	161490	2	2	0	0	3	20
chrUn_gl000220	159957	159994	1	1	0	0	2	15
chrUn_gl000220	159957	161226	1	1	0	0	1	22
chrUn_gl000220	160009	161169	2	2	0	0	1	13
chrUn_gl000220	160009	161534	2	2	0	0	4	17
chrUn_gl000220	160025	160465	1	1	0	0	2	12
chrUn_gl000220	160058	160153	2	2	0	0	9	30
chrUn_gl000220	160058	160567	2	2	0	0	1	20
chrUn_gl000220	160058	161068	2	2	0	0	2	23
chrUn_gl000220	160058	161197	2	2	0	0	8	14
chrUn_gl000220	160058	161370	2	2	0	0	1	29
chrUn_gl000220	160058	161490	2	2	0	0	2	28
chrUn_gl000220	160100	160215	1	1	0	0	10	27
chrUn_gl000220	160100	160599	1	1	0	0	1	18
chrUn_gl000220	160100	161248	1	1	0	0	5	17
chrUn_gl000220	160119	161710	1	1	0	0	4	15
chrUn_gl000220	160170	161148	1	1	0	0	14	30
chrUn_gl000220	160187	160215	1	1	0	0	1	19
chrUn_gl000220	160191	161145	2	2	0	0	2	29
chrUn_gl000220	160191	161165	2	2	0	0	2	27
chrUn_gl000220	160211	160931	2	2	0	0	3	22
chrUn_gl000220	160211	160941	2	2	0	0	1	23
chrUn_gl000220	160211	161145	2	2	0	0	70	30
chrUn_gl000220	160211	161156	2	2	0	0	5	30
chrUn_gl000220	160218	161256	2	2	0	0	4	20
chrUn_gl000220	160222	160916	1	1	0	0	3	14
chrUn_gl000220	160250	160535	2	2	0	0	2	30
chrUn_gl000220	160250	160560	2	2	0	0	2	29
chrUn_gl000220	160267	160508	2	2	0	0	1	12
chrUn_gl000220	160319	160508	2	2	0	0	569	28
chrUn_gl000220	160319	161393	2	2	0	0	3	15
chrUn_gl000220	160319	161490	2	2	0	0	4	18
chrUn_gl000220	160372	161490	2	2	0	0	5	20
chrUn_gl000220	160398	160983	1	1	0	0	7	15
chrUn_gl000220	160401	160969	2	2	0	0	2	19
chrUn_gl000220	160401	161243	2	2	0	0	3	25
chrUn_gl000220	160562	161397	2	2	0	0	1	16
chrUn_gl000220	160611	161292	1	1	0	0	1	15
chrUn_gl000220	160720	160835	1	1	0	0	18	12
chrUn_gl000220	160720	160928	1	1	0	0	3	28
chrUn_gl000220	160748	161123	1	1	0	0	4	12
chrUn_gl000220	160913	161156	2	2	0	0	4	21
chrUn_gl000220	160913	161182	2	2	0	0	12	27
chrUn_gl000220	160913	161540	2	2	0	0	4	15
chrUn_gl000220	160924	161156	2	2	0	0	7	29
chrUn_gl000220	160955	161127	2	2	0	0	5	19
chrUn_gl000220	160955	161145	2	2	0	0	30	29
chrUn_gl000220	160995	161123	1	1	0	0	1	20
chrUn_gl000220	161015	161534	2	2	0	0	7	27
chrUn_gl000220	161027	161127	2	2	0	0	4	27
chrUn_gl000220	161033	161223	1	1	0	0	1	12
chrUn_gl000220	161076	161223	1	1	0	0	4	12
chrUn_gl000220	161080	161668	2	2	0	0	1	29
chrUn_gl000220	161096	161248	1	1	0	0	4	31
chrUn_gl000220	161096	161683	1	1	0	0	7	31
chrUn_gl000220	161232	161701	1	1	0	0	4	18
chrUn_gl000220	161245	161577	2	2	0	0	2	29
chrUn_gl000220	161275	161588	1	1	0	0	3	32
chrUn_gl000220	161338	161635	1	1	0	0	2	15
chrUn_gl000220	161393	161490	2	2	0	0	2	17
chrUn_gl000220	161481	161637	2	2	0	0	2	21
chrUn_gl000220	161506	161696	1	1	0	0	6	28
chrUn_gl000220	161512	161656	2	2	0	0	3	14
chrUn_gl000220	161526	161637	2	2	0	0	3	18
chrUn_gl000220	161528	161683	1	1	0	0	13	32
chr19_gl000208_random	39520	54160	1	1	0	0	1	20
chrUn_gl000229	16236	19090	1	1	0	0	1	17
chrUn_gl000229	18338	19011	2	4	0	0	3	16
chrUn_gl000229	19263	19586	2	2	0	1	0	24
chrM	1291	1447	1	3	0	4	0	18
chrM	1388	2630	0	0	0	3	0	30
chrM	1444	14320	0	0	0	3	0	30
chrM	1925	3127	2	2	0	3	0	16
chrM	1935	2359	2	2	0	1	0	31
chrM	1957	2294	1	1	0	0	3	31
chrM	2072	2226	2	2	0	2	0	32
chrM	2081	2223	2	2	0	1	0	24
chrM	2116	2249	2	2	0	7	0	32
chrM	7905	7971	0	0	0	8	0	30
chrM	10351	13027	2	2	0	0	1	22
